State,Year,commodity,status,existing_total_production,bulk_total_production,difference,pct_difference
ARIZONA,1930,Milk,added,,194000000.0,,
CALIFORNIA,1930,Milk,added,,4002000000.0,,
CONNECTICUT,1930,Milk,added,,594000000.0,,
DELAWARE,1930,Milk,added,,124000000.0,,
FLORIDA,1930,Milk,added,,241000000.0,,
GEORGIA,1930,Milk,added,,1066000000.0,,
ILLINOIS,1930,Milk,added,,4650000000.0,,
IOWA,1930,Milk,added,,5927000000.0,,
LOUISIANA,1930,Milk,added,,533000000.0,,
MAINE,1930,Milk,added,,661000000.0,,
MARYLAND,1930,Milk,added,,752000000.0,,
MASSACHUSETTS,1930,Milk,added,,767000000.0,,
MINNESOTA,1930,Milk,added,,7590000000.0,,
MISSISSIPPI,1930,Milk,added,,1212000000.0,,
MISSOURI,1930,Milk,added,,3471000000.0,,
MONTANA,1930,Milk,added,,793000000.0,,
NEBRASKA,1930,Milk,added,,2806000000.0,,
NEVADA,1930,Milk,added,,116000000.0,,
NEW HAMPSHIRE,1930,Milk,added,,382000000.0,,
NEW JERSEY,1930,Milk,added,,730000000.0,,
NEW MEXICO,1930,Milk,added,,221000000.0,,
NORTH DAKOTA,1930,Milk,added,,2136000000.0,,
OREGON,1930,Milk,added,,1265000000.0,,
RHODE ISLAND,1930,Milk,added,,133000000.0,,
SOUTH CAROLINA,1930,Milk,added,,496000000.0,,
SOUTH DAKOTA,1930,Milk,added,,2197000000.0,,
VERMONT,1930,Milk,added,,1291000000.0,,
WASHINGTON,1930,Milk,added,,1663000000.0,,
WEST VIRGINIA,1930,Milk,added,,731000000.0,,
WISCONSIN,1930,Milk,added,,11207000000.0,,
ARIZONA,1931,Milk,added,,200000000.0,,
CALIFORNIA,1931,Milk,added,,4052000000.0,,
CONNECTICUT,1931,Milk,added,,619000000.0,,
DELAWARE,1931,Milk,added,,126000000.0,,
FLORIDA,1931,Milk,added,,251000000.0,,
GEORGIA,1931,Milk,added,,1068000000.0,,
IOWA,1931,Milk,added,,5948000000.0,,
LOUISIANA,1931,Milk,added,,552000000.0,,
MAINE,1931,Milk,added,,663000000.0,,
MARYLAND,1931,Milk,added,,770000000.0,,
MASSACHUSETTS,1931,Milk,added,,755000000.0,,
MINNESOTA,1931,Milk,added,,7727000000.0,,
MISSISSIPPI,1931,Milk,added,,1287000000.0,,
MISSOURI,1931,Milk,added,,3627000000.0,,
MONTANA,1931,Milk,added,,743000000.0,,
NEBRASKA,1931,Milk,added,,2864000000.0,,
NEVADA,1931,Milk,added,,108000000.0,,
NEW HAMPSHIRE,1931,Milk,added,,379000000.0,,
NEW MEXICO,1931,Milk,added,,228000000.0,,
NORTH DAKOTA,1931,Milk,added,,2268000000.0,,
OREGON,1931,Milk,added,,1307000000.0,,
RHODE ISLAND,1931,Milk,added,,132000000.0,,
SOUTH CAROLINA,1931,Milk,added,,526000000.0,,
SOUTH DAKOTA,1931,Milk,added,,2180000000.0,,
VERMONT,1931,Milk,added,,1336000000.0,,
WASHINGTON,1931,Milk,added,,1711000000.0,,
WEST VIRGINIA,1931,Milk,added,,793000000.0,,
WISCONSIN,1931,Milk,added,,11305000000.0,,
ARIZONA,1932,Milk,added,,200000000.0,,
CALIFORNIA,1932,Milk,added,,4118000000.0,,
CONNECTICUT,1932,Milk,added,,645000000.0,,
DELAWARE,1932,Milk,added,,126000000.0,,
FLORIDA,1932,Milk,added,,255000000.0,,
GEORGIA,1932,Milk,added,,1095000000.0,,
IOWA,1932,Milk,added,,6046000000.0,,
LOUISIANA,1932,Milk,added,,571000000.0,,
MAINE,1932,Milk,added,,665000000.0,,
MARYLAND,1932,Milk,added,,765000000.0,,
MASSACHUSETTS,1932,Milk,added,,742000000.0,,
MISSISSIPPI,1932,Milk,added,,1337000000.0,,
MISSOURI,1932,Milk,added,,3650000000.0,,
NEBRASKA,1932,Milk,added,,2890000000.0,,
NEVADA,1932,Milk,added,,106000000.0,,
NEW HAMPSHIRE,1932,Milk,added,,387000000.0,,
NEW MEXICO,1932,Milk,added,,231000000.0,,
NORTH DAKOTA,1932,Milk,added,,2258000000.0,,
RHODE ISLAND,1932,Milk,added,,132000000.0,,
SOUTH CAROLINA,1932,Milk,added,,547000000.0,,
SOUTH DAKOTA,1932,Milk,added,,2051000000.0,,
VERMONT,1932,Milk,added,,1339000000.0,,
WEST VIRGINIA,1932,Milk,added,,814000000.0,,
WISCONSIN,1932,Milk,added,,10992000000.0,,
ARIZONA,1933,Milk,added,,216000000.0,,
CALIFORNIA,1933,Milk,added,,4076000000.0,,
CONNECTICUT,1933,Milk,added,,632000000.0,,
DELAWARE,1933,Milk,added,,129000000.0,,
FLORIDA,1933,Milk,added,,263000000.0,,
GEORGIA,1933,Milk,added,,1116000000.0,,
IOWA,1933,Milk,added,,6287000000.0,,
LOUISIANA,1933,Milk,added,,582000000.0,,
MAINE,1933,Milk,added,,639000000.0,,
MARYLAND,1933,Milk,added,,770000000.0,,
MASSACHUSETTS,1933,Milk,added,,742000000.0,,
MISSISSIPPI,1933,Milk,added,,1321000000.0,,
MISSOURI,1933,Milk,added,,3578000000.0,,
NEBRASKA,1933,Milk,added,,3163000000.0,,
NEVADA,1933,Milk,added,,105000000.0,,
NEW HAMPSHIRE,1933,Milk,added,,383000000.0,,
NEW MEXICO,1933,Milk,added,,230000000.0,,
NORTH DAKOTA,1933,Milk,added,,2278000000.0,,
RHODE ISLAND,1933,Milk,added,,132000000.0,,
SOUTH CAROLINA,1933,Milk,added,,558000000.0,,
SOUTH DAKOTA,1933,Milk,added,,2118000000.0,,
VERMONT,1933,Milk,added,,1305000000.0,,
WEST VIRGINIA,1933,Milk,added,,804000000.0,,
ARIZONA,1934,Milk,added,,225000000.0,,
ARKANSAS,1934,Milk,changed,1239000000.0,1236000000.0,-3000000.0,-0.002421307506053269
CALIFORNIA,1934,Milk,added,,4118000000.0,,
CONNECTICUT,1934,Milk,added,,616000000.0,,
DELAWARE,1934,Milk,added,,125000000.0,,
FLORIDA,1934,Milk,added,,274000000.0,,
GEORGIA,1934,Milk,added,,1109000000.0,,
IOWA,1934,Milk,added,,6150000000.0,,
LOUISIANA,1934,Milk,added,,594000000.0,,
MAINE,1934,Milk,added,,635000000.0,,
MARYLAND,1934,Milk,added,,769000000.0,,
MASSACHUSETTS,1934,Milk,added,,747000000.0,,
MISSISSIPPI,1934,Milk,added,,1308000000.0,,
MISSOURI,1934,Milk,added,,3371000000.0,,
NEBRASKA,1934,Milk,added,,2929000000.0,,
NEVADA,1934,Milk,added,,103000000.0,,
NEW HAMPSHIRE,1934,Milk,added,,380000000.0,,
NEW MEXICO,1934,Milk,added,,219000000.0,,
NORTH DAKOTA,1934,Milk,added,,1968000000.0,,
RHODE ISLAND,1934,Milk,added,,128000000.0,,
SOUTH CAROLINA,1934,Milk,added,,542000000.0,,
SOUTH DAKOTA,1934,Milk,added,,1668000000.0,,
VERMONT,1934,Milk,added,,1284000000.0,,
WEST VIRGINIA,1934,Milk,added,,806000000.0,,
ARIZONA,1935,Milk,added,,224000000.0,,
CONNECTICUT,1935,Milk,added,,618000000.0,,
DELAWARE,1935,Milk,added,,126000000.0,,
FLORIDA,1935,Milk,added,,290000000.0,,
GEORGIA,1935,Milk,added,,1071000000.0,,
IOWA,1935,Milk,added,,6009000000.0,,
LOUISIANA,1935,Milk,added,,578000000.0,,
MAINE,1935,Milk,added,,632000000.0,,
MARYLAND,1935,Milk,added,,772000000.0,,
MASSACHUSETTS,1935,Milk,added,,767000000.0,,
MISSISSIPPI,1935,Milk,added,,1299000000.0,,
MISSOURI,1935,Milk,added,,3363000000.0,,
NEBRASKA,1935,Milk,added,,2689000000.0,,
NEVADA,1935,Milk,added,,106000000.0,,
NEW HAMPSHIRE,1935,Milk,added,,378000000.0,,
NEW MEXICO,1935,Milk,added,,231000000.0,,
NORTH DAKOTA,1935,Milk,added,,1951000000.0,,
RHODE ISLAND,1935,Milk,added,,132000000.0,,
SOUTH DAKOTA,1935,Milk,added,,1603000000.0,,
VERMONT,1935,Milk,added,,1341000000.0,,
WEST VIRGINIA,1935,Milk,added,,838000000.0,,
ARIZONA,1936,Milk,added,,228000000.0,,
CONNECTICUT,1936,Milk,added,,625000000.0,,
DELAWARE,1936,Milk,added,,130000000.0,,
FLORIDA,1936,Milk,added,,321000000.0,,
GEORGIA,1936,Milk,added,,1054000000.0,,
IOWA,1936,Milk,added,,6052000000.0,,
LOUISIANA,1936,Milk,added,,588000000.0,,
MAINE,1936,Milk,added,,626000000.0,,
MARYLAND,1936,Milk,added,,784000000.0,,
MASSACHUSETTS,1936,Milk,added,,770000000.0,,
MISSISSIPPI,1936,Milk,added,,1303000000.0,,
MISSOURI,1936,Milk,added,,3014000000.0,,
NEBRASKA,1936,Milk,added,,2623000000.0,,
NEVADA,1936,Milk,added,,108000000.0,,
NEW HAMPSHIRE,1936,Milk,added,,372000000.0,,
NEW MEXICO,1936,Milk,added,,244000000.0,,
NORTH DAKOTA,1936,Milk,added,,1919000000.0,,
RHODE ISLAND,1936,Milk,added,,129000000.0,,
SOUTH DAKOTA,1936,Milk,added,,1640000000.0,,
VERMONT,1936,Milk,added,,1362000000.0,,
WEST VIRGINIA,1936,Milk,added,,814000000.0,,
ARIZONA,1937,Milk,added,,214000000.0,,
CONNECTICUT,1937,Milk,added,,650000000.0,,
DELAWARE,1937,Milk,added,,127000000.0,,
FLORIDA,1937,Milk,added,,323000000.0,,
IOWA,1937,Milk,added,,5919000000.0,,
LOUISIANA,1937,Milk,added,,598000000.0,,
MAINE,1937,Milk,added,,630000000.0,,
MARYLAND,1937,Milk,added,,790000000.0,,
MASSACHUSETTS,1937,Milk,added,,783000000.0,,
MISSISSIPPI,1937,Milk,added,,1312000000.0,,
MISSOURI,1937,Milk,added,,3053000000.0,,
NEBRASKA,1937,Milk,added,,2356000000.0,,
NEVADA,1937,Milk,added,,104000000.0,,
NEW HAMPSHIRE,1937,Milk,added,,357000000.0,,
NEW MEXICO,1937,Milk,added,,245000000.0,,
NORTH DAKOTA,1937,Milk,added,,1796000000.0,,
RHODE ISLAND,1937,Milk,added,,131000000.0,,
SOUTH DAKOTA,1937,Milk,added,,1472000000.0,,
VERMONT,1937,Milk,added,,1354000000.0,,
WEST VIRGINIA,1937,Milk,added,,794000000.0,,
ARIZONA,1938,Milk,added,,219000000.0,,
CONNECTICUT,1938,Milk,added,,667000000.0,,
DELAWARE,1938,Milk,added,,132000000.0,,
FLORIDA,1938,Milk,added,,322000000.0,,
IOWA,1938,Milk,added,,6365000000.0,,
LOUISIANA,1938,Milk,added,,647000000.0,,
MAINE,1938,Milk,added,,638000000.0,,
MARYLAND,1938,Milk,added,,831000000.0,,
MASSACHUSETTS,1938,Milk,added,,784000000.0,,
MISSOURI,1938,Milk,added,,3270000000.0,,
NEBRASKA,1938,Milk,added,,2479000000.0,,
NEVADA,1938,Milk,added,,107000000.0,,
NEW HAMPSHIRE,1938,Milk,added,,353000000.0,,
NEW MEXICO,1938,Milk,added,,257000000.0,,
NORTH DAKOTA,1938,Milk,added,,1821000000.0,,
RHODE ISLAND,1938,Milk,added,,131000000.0,,
SOUTH DAKOTA,1938,Milk,added,,1570000000.0,,
VERMONT,1938,Milk,added,,1343000000.0,,
WEST VIRGINIA,1938,Milk,added,,807000000.0,,
ARIZONA,1939,Milk,added,,235000000.0,,
CONNECTICUT,1939,Milk,added,,673000000.0,,
DELAWARE,1939,Milk,added,,139000000.0,,
FLORIDA,1939,Milk,added,,330000000.0,,
IOWA,1939,Milk,added,,6379000000.0,,
LOUISIANA,1939,Milk,added,,664000000.0,,
MAINE,1939,Milk,added,,619000000.0,,
MARYLAND,1939,Milk,added,,898000000.0,,
MASSACHUSETTS,1939,Milk,added,,791000000.0,,
MISSOURI,1939,Milk,added,,3271000000.0,,
NEBRASKA,1939,Milk,added,,2618000000.0,,
NEVADA,1939,Milk,added,,109000000.0,,
NEW HAMPSHIRE,1939,Milk,added,,354000000.0,,
NEW MEXICO,1939,Milk,added,,269000000.0,,
NORTH DAKOTA,1939,Milk,added,,1906000000.0,,
RHODE ISLAND,1939,Milk,added,,134000000.0,,
SOUTH DAKOTA,1939,Milk,added,,1642000000.0,,
VERMONT,1939,Milk,added,,1348000000.0,,
ARIZONA,1940,Milk,added,,232000000.0,,
CONNECTICUT,1940,Milk,added,,670000000.0,,
DELAWARE,1940,Milk,added,,144000000.0,,
FLORIDA,1940,Milk,added,,343000000.0,,
IOWA,1940,Milk,added,,6611000000.0,,
LOUISIANA,1940,Milk,added,,628000000.0,,
MAINE,1940,Milk,added,,628000000.0,,
MARYLAND,1940,Milk,added,,922000000.0,,
MASSACHUSETTS,1940,Milk,added,,810000000.0,,
MISSOURI,1940,Milk,added,,3386000000.0,,
NEBRASKA,1940,Milk,added,,2589000000.0,,
NEVADA,1940,Milk,added,,106000000.0,,
NEW HAMPSHIRE,1940,Milk,added,,361000000.0,,
NEW MEXICO,1940,Milk,added,,287000000.0,,
NORTH DAKOTA,1940,Milk,added,,2081000000.0,,
RHODE ISLAND,1940,Milk,added,,136000000.0,,
SOUTH DAKOTA,1940,Milk,added,,1746000000.0,,
VERMONT,1940,Milk,added,,1423000000.0,,
ARIZONA,1941,Milk,added,,241000000.0,,
CONNECTICUT,1941,Milk,added,,684000000.0,,
DELAWARE,1941,Milk,added,,154000000.0,,
FLORIDA,1941,Milk,added,,374000000.0,,
IOWA,1941,Milk,added,,6891000000.0,,
LOUISIANA,1941,Milk,added,,644000000.0,,
MAINE,1941,Milk,added,,626000000.0,,
MARYLAND,1941,Milk,added,,960000000.0,,
MASSACHUSETTS,1941,Milk,added,,818000000.0,,
MISSOURI,1941,Milk,added,,3562000000.0,,
NEBRASKA,1941,Milk,added,,2752000000.0,,
NEVADA,1941,Milk,added,,115000000.0,,
NEW HAMPSHIRE,1941,Milk,added,,351000000.0,,
NEW MEXICO,1941,Milk,added,,299000000.0,,
NORTH DAKOTA,1941,Milk,added,,2238000000.0,,
RHODE ISLAND,1941,Milk,added,,136000000.0,,
SOUTH DAKOTA,1941,Milk,added,,1827000000.0,,
VERMONT,1941,Milk,added,,1451000000.0,,
ALABAMA,1942,Milk,changed,1300000000.0,1297000000.0,-3000000.0,-0.002307692307692308
ARIZONA,1942,Milk,added,,253000000.0,,
CONNECTICUT,1942,Milk,added,,711000000.0,,
DELAWARE,1942,Milk,added,,157000000.0,,
FLORIDA,1942,Milk,added,,385000000.0,,
IOWA,1942,Milk,added,,6864000000.0,,
LOUISIANA,1942,Milk,added,,667000000.0,,
MAINE,1942,Milk,added,,616000000.0,,
MARYLAND,1942,Milk,added,,984000000.0,,
MASSACHUSETTS,1942,Milk,added,,811000000.0,,
MISSOURI,1942,Milk,added,,3715000000.0,,
NEBRASKA,1942,Milk,added,,2928000000.0,,
NEVADA,1942,Milk,added,,115000000.0,,
NEW HAMPSHIRE,1942,Milk,added,,348000000.0,,
NEW MEXICO,1942,Milk,added,,306000000.0,,
NORTH DAKOTA,1942,Milk,added,,2277000000.0,,
RHODE ISLAND,1942,Milk,added,,135000000.0,,
SOUTH DAKOTA,1942,Milk,added,,1867000000.0,,
VERMONT,1942,Milk,added,,1466000000.0,,
ARIZONA,1943,Milk,added,,257000000.0,,
CONNECTICUT,1943,Milk,added,,688000000.0,,
DELAWARE,1943,Milk,added,,160000000.0,,
FLORIDA,1943,Milk,added,,420000000.0,,
IOWA,1943,Milk,added,,6979000000.0,,
KANSAS,1943,Milk,changed,3160000000.0,3260000000.0,100000000.0,0.03164556962025317
LOUISIANA,1943,Milk,added,,686000000.0,,
MAINE,1943,Milk,added,,608000000.0,,
MARYLAND,1943,Milk,added,,955000000.0,,
MASSACHUSETTS,1943,Milk,added,,780000000.0,,
MISSOURI,1943,Milk,added,,3751000000.0,,
NEBRASKA,1943,Milk,added,,2974000000.0,,
NEVADA,1943,Milk,added,,107000000.0,,
NEW HAMPSHIRE,1943,Milk,added,,338000000.0,,
NEW MEXICO,1943,Milk,added,,300000000.0,,
NORTH DAKOTA,1943,Milk,added,,2198000000.0,,
RHODE ISLAND,1943,Milk,added,,128000000.0,,
SOUTH DAKOTA,1943,Milk,added,,1804000000.0,,
VERMONT,1943,Milk,added,,1463000000.0,,
ARIZONA,1944,Milk,added,,254000000.0,,
CONNECTICUT,1944,Milk,added,,694000000.0,,
DELAWARE,1944,Milk,added,,163000000.0,,
FLORIDA,1944,Milk,added,,441000000.0,,
IOWA,1944,Milk,added,,6655000000.0,,
LOUISIANA,1944,Milk,added,,696000000.0,,
MAINE,1944,Milk,added,,654000000.0,,
MARYLAND,1944,Milk,added,,986000000.0,,
MASSACHUSETTS,1944,Milk,added,,807000000.0,,
MISSOURI,1944,Milk,added,,3994000000.0,,
NEBRASKA,1944,Milk,added,,2625000000.0,,
NEVADA,1944,Milk,added,,103000000.0,,
NEW HAMPSHIRE,1944,Milk,added,,343000000.0,,
NEW MEXICO,1944,Milk,added,,266000000.0,,
NORTH DAKOTA,1944,Milk,added,,2099000000.0,,
PENNSYLVANIA,1944,Milk,changed,5067000000.0,5072000000.0,5000000.0,0.0009867771857114663
RHODE ISLAND,1944,Milk,added,,132000000.0,,
SOUTH DAKOTA,1944,Milk,added,,1710000000.0,,
VERMONT,1944,Milk,added,,1505000000.0,,
ARIZONA,1945,Milk,added,,258000000.0,,
CONNECTICUT,1945,Milk,added,,679000000.0,,
DELAWARE,1945,Milk,added,,179000000.0,,
FLORIDA,1945,Milk,added,,468000000.0,,
IOWA,1945,Milk,added,,6702000000.0,,
LOUISIANA,1945,Milk,added,,693000000.0,,
MAINE,1945,Milk,added,,645000000.0,,
MARYLAND,1945,Milk,added,,1081000000.0,,
MASSACHUSETTS,1945,Milk,added,,799000000.0,,
MISSOURI,1945,Milk,added,,4100000000.0,,
NEBRASKA,1945,Milk,added,,2501000000.0,,
NEVADA,1945,Milk,added,,97000000.0,,
NEW HAMPSHIRE,1945,Milk,added,,352000000.0,,
NEW MEXICO,1945,Milk,added,,251000000.0,,
NORTH DAKOTA,1945,Milk,added,,1970000000.0,,
RHODE ISLAND,1945,Milk,added,,133000000.0,,
SOUTH DAKOTA,1945,Milk,added,,1650000000.0,,
VERMONT,1945,Milk,added,,1534000000.0,,
HAWAII,1946,Coffee,removed,8625000.0,,,
ARIZONA,1946,Milk,added,,244000000.0,,
CONNECTICUT,1946,Milk,added,,652000000.0,,
DELAWARE,1946,Milk,added,,176000000.0,,
FLORIDA,1946,Milk,added,,485000000.0,,
IOWA,1946,Milk,added,,6687000000.0,,
LOUISIANA,1946,Milk,added,,667000000.0,,
MAINE,1946,Milk,added,,620000000.0,,
MARYLAND,1946,Milk,added,,1115000000.0,,
MASSACHUSETTS,1946,Milk,added,,769000000.0,,
MISSOURI,1946,Milk,added,,4026000000.0,,
NEBRASKA,1946,Milk,added,,2484000000.0,,
NEVADA,1946,Milk,added,,97000000.0,,
NEW HAMPSHIRE,1946,Milk,added,,333000000.0,,
NEW MEXICO,1946,Milk,added,,248000000.0,,
NORTH DAKOTA,1946,Milk,added,,1949000000.0,,
RHODE ISLAND,1946,Milk,added,,128000000.0,,
SOUTH DAKOTA,1946,Milk,added,,1600000000.0,,
VERMONT,1946,Milk,added,,1451000000.0,,
HAWAII,1947,Coffee,removed,8738000.0,,,
ARIZONA,1947,Milk,added,,260000000.0,,
CONNECTICUT,1947,Milk,added,,666000000.0,,
DELAWARE,1947,Milk,added,,178000000.0,,
FLORIDA,1947,Milk,added,,502000000.0,,
IOWA,1947,Milk,added,,6520000000.0,,
LOUISIANA,1947,Milk,added,,679000000.0,,
MAINE,1947,Milk,added,,628000000.0,,
MASSACHUSETTS,1947,Milk,added,,777000000.0,,
MISSOURI,1947,Milk,added,,3952000000.0,,
NEBRASKA,1947,Milk,added,,2404000000.0,,
NEVADA,1947,Milk,added,,100000000.0,,
NEW HAMPSHIRE,1947,Milk,added,,341000000.0,,
NEW MEXICO,1947,Milk,added,,235000000.0,,
NORTH DAKOTA,1947,Milk,added,,1905000000.0,,
RHODE ISLAND,1947,Milk,added,,130000000.0,,
SOUTH DAKOTA,1947,Milk,added,,1489000000.0,,
VERMONT,1947,Milk,added,,1490000000.0,,
HAWAII,1948,Coffee,removed,7375000.0,,,
ARIZONA,1948,Milk,added,,252000000.0,,
CONNECTICUT,1948,Milk,added,,639000000.0,,
DELAWARE,1948,Milk,added,,176000000.0,,
FLORIDA,1948,Milk,added,,523000000.0,,
IOWA,1948,Milk,added,,6076000000.0,,
LOUISIANA,1948,Milk,added,,695000000.0,,
MAINE,1948,Milk,added,,576000000.0,,
MASSACHUSETTS,1948,Milk,added,,754000000.0,,
MISSOURI,1948,Milk,added,,3939000000.0,,
NEBRASKA,1948,Milk,added,,2275000000.0,,
NEVADA,1948,Milk,added,,95000000.0,,
NEW HAMPSHIRE,1948,Milk,added,,330000000.0,,
NEW MEXICO,1948,Milk,added,,219000000.0,,
NORTH DAKOTA,1948,Milk,added,,1725000000.0,,
RHODE ISLAND,1948,Milk,added,,129000000.0,,
SOUTH DAKOTA,1948,Milk,added,,1417000000.0,,
VERMONT,1948,Milk,added,,1442000000.0,,
HAWAII,1949,Coffee,removed,5375000.0,,,
ARIZONA,1949,Milk,added,,266000000.0,,
CONNECTICUT,1949,Milk,added,,691000000.0,,
DELAWARE,1949,Milk,added,,181000000.0,,
FLORIDA,1949,Milk,added,,580000000.0,,
IOWA,1949,Milk,added,,6097000000.0,,
LOUISIANA,1949,Milk,added,,720000000.0,,
MAINE,1949,Milk,added,,610000000.0,,
MASSACHUSETTS,1949,Milk,added,,762000000.0,,
MISSOURI,1949,Milk,added,,4048000000.0,,
NEBRASKA,1949,Milk,added,,2223000000.0,,
NEVADA,1949,Milk,added,,90000000.0,,
NEW HAMPSHIRE,1949,Milk,added,,339000000.0,,
NEW MEXICO,1949,Milk,added,,221000000.0,,
NORTH DAKOTA,1949,Milk,added,,1678000000.0,,
RHODE ISLAND,1949,Milk,added,,139000000.0,,
SOUTH DAKOTA,1949,Milk,added,,1369000000.0,,
VERMONT,1949,Milk,added,,1537000000.0,,
HAWAII,1950,Coffee,removed,9375000.0,,,
ARIZONA,1950,Milk,added,,271000000.0,,
CONNECTICUT,1950,Milk,added,,697000000.0,,
DELAWARE,1950,Milk,added,,186000000.0,,
FLORIDA,1950,Milk,added,,598000000.0,,
IOWA,1950,Milk,added,,6171000000.0,,
LOUISIANA,1950,Milk,added,,719000000.0,,
MAINE,1950,Milk,added,,620000000.0,,
MASSACHUSETTS,1950,Milk,added,,780000000.0,,
MISSOURI,1950,Milk,added,,4132000000.0,,
NEBRASKA,1950,Milk,added,,2250000000.0,,
NEVADA,1950,Milk,added,,91000000.0,,
NEW HAMPSHIRE,1950,Milk,added,,344000000.0,,
NEW MEXICO,1950,Milk,added,,215000000.0,,
NORTH DAKOTA,1950,Milk,added,,1699000000.0,,
RHODE ISLAND,1950,Milk,added,,137000000.0,,
SOUTH DAKOTA,1950,Milk,added,,1402000000.0,,
VERMONT,1950,Milk,added,,1516000000.0,,
HAWAII,1951,Coffee,removed,9625000.0,,,
ARIZONA,1951,Milk,added,,276000000.0,,
CONNECTICUT,1951,Milk,added,,693000000.0,,
DELAWARE,1951,Milk,added,,189000000.0,,
FLORIDA,1951,Milk,added,,631000000.0,,
IOWA,1951,Milk,added,,5930000000.0,,
LOUISIANA,1951,Milk,added,,731000000.0,,
MAINE,1951,Milk,added,,616000000.0,,
MASSACHUSETTS,1951,Milk,added,,779000000.0,,
MISSOURI,1951,Milk,added,,4040000000.0,,
NEBRASKA,1951,Milk,added,,2149000000.0,,
NEVADA,1951,Milk,added,,85000000.0,,
NEW HAMPSHIRE,1951,Milk,added,,336000000.0,,
NEW MEXICO,1951,Milk,added,,210000000.0,,
NORTH DAKOTA,1951,Milk,added,,1700000000.0,,
RHODE ISLAND,1951,Milk,added,,138000000.0,,
SOUTH DAKOTA,1951,Milk,added,,1389000000.0,,
VERMONT,1951,Milk,added,,1495000000.0,,
HAWAII,1952,Coffee,removed,10288000.0,,,
ARIZONA,1952,Milk,added,,291000000.0,,
CONNECTICUT,1952,Milk,added,,697000000.0,,
DELAWARE,1952,Milk,added,,198000000.0,,
FLORIDA,1952,Milk,added,,681000000.0,,
IOWA,1952,Milk,added,,5676000000.0,,
LOUISIANA,1952,Milk,added,,760000000.0,,
MAINE,1952,Milk,added,,622000000.0,,
MASSACHUSETTS,1952,Milk,added,,783000000.0,,
MISSOURI,1952,Milk,added,,3817000000.0,,
NEBRASKA,1952,Milk,added,,2103000000.0,,
NEVADA,1952,Milk,added,,81000000.0,,
NEW HAMPSHIRE,1952,Milk,added,,345000000.0,,
NEW MEXICO,1952,Milk,added,,210000000.0,,
NORTH DAKOTA,1952,Milk,added,,1723000000.0,,
RHODE ISLAND,1952,Milk,added,,135000000.0,,
SOUTH DAKOTA,1952,Milk,added,,1297000000.0,,
VERMONT,1952,Milk,added,,1522000000.0,,
HAWAII,1953,Coffee,removed,10330000.0,,,
ARIZONA,1953,Milk,added,,310000000.0,,
CONNECTICUT,1953,Milk,added,,721000000.0,,
DELAWARE,1953,Milk,added,,202000000.0,,
FLORIDA,1953,Milk,added,,768000000.0,,
IOWA,1953,Milk,added,,5993000000.0,,
LOUISIANA,1953,Milk,added,,782000000.0,,
MAINE,1953,Milk,added,,675000000.0,,
MASSACHUSETTS,1953,Milk,added,,817000000.0,,
MISSOURI,1953,Milk,added,,3969000000.0,,
NEBRASKA,1953,Milk,added,,2256000000.0,,
NEVADA,1953,Milk,added,,86000000.0,,
NEW HAMPSHIRE,1953,Milk,added,,372000000.0,,
NEW MEXICO,1953,Milk,added,,218000000.0,,
NORTH DAKOTA,1953,Milk,added,,1759000000.0,,
RHODE ISLAND,1953,Milk,added,,142000000.0,,
SOUTH DAKOTA,1953,Milk,added,,1369000000.0,,
VERMONT,1953,Milk,added,,1646000000.0,,
HAWAII,1954,Coffee,removed,12425000.0,,,
ARIZONA,1954,Milk,added,,348000000.0,,
CONNECTICUT,1954,Milk,added,,736000000.0,,
DELAWARE,1954,Milk,added,,202000000.0,,
FLORIDA,1954,Milk,added,,800000000.0,,
IOWA,1954,Milk,added,,6003000000.0,,
LOUISIANA,1954,Milk,added,,806000000.0,,
MAINE,1954,Milk,added,,684000000.0,,
MASSACHUSETTS,1954,Milk,added,,813000000.0,,
MISSOURI,1954,Milk,added,,4122000000.0,,
NEBRASKA,1954,Milk,added,,2313000000.0,,
NEVADA,1954,Milk,added,,87000000.0,,
NEW HAMPSHIRE,1954,Milk,added,,379000000.0,,
NEW MEXICO,1954,Milk,added,,218000000.0,,
NORTH DAKOTA,1954,Milk,added,,1786000000.0,,
RHODE ISLAND,1954,Milk,added,,145000000.0,,
SOUTH DAKOTA,1954,Milk,added,,1360000000.0,,
VERMONT,1954,Milk,added,,1674000000.0,,
HAWAII,1955,Coffee,removed,10872000.0,,,
ARIZONA,1955,Milk,added,,352000000.0,,
CONNECTICUT,1955,Milk,added,,748000000.0,,
DELAWARE,1955,Milk,added,,200000000.0,,
FLORIDA,1955,Milk,added,,884000000.0,,
IOWA,1955,Milk,added,,5958000000.0,,
LOUISIANA,1955,Milk,added,,803000000.0,,
MAINE,1955,Milk,added,,682000000.0,,
MASSACHUSETTS,1955,Milk,added,,817000000.0,,
MISSOURI,1955,Milk,added,,4120000000.0,,
NEBRASKA,1955,Milk,added,,2298000000.0,,
NEVADA,1955,Milk,added,,87000000.0,,
NEW HAMPSHIRE,1955,Milk,added,,391000000.0,,
NEW MEXICO,1955,Milk,added,,216000000.0,,
NORTH DAKOTA,1955,Milk,added,,1785000000.0,,
RHODE ISLAND,1955,Milk,added,,138000000.0,,
SOUTH DAKOTA,1955,Milk,added,,1368000000.0,,
VERMONT,1955,Milk,added,,1726000000.0,,
HAWAII,1956,Coffee,removed,11136000.0,,,
ARIZONA,1956,Milk,added,,370000000.0,,
CONNECTICUT,1956,Milk,added,,751000000.0,,
DELAWARE,1956,Milk,added,,198000000.0,,
FLORIDA,1956,Milk,added,,1002000000.0,,
IOWA,1956,Milk,added,,6305000000.0,,
LOUISIANA,1956,Milk,added,,829000000.0,,
MAINE,1956,Milk,added,,713000000.0,,
MASSACHUSETTS,1956,Milk,added,,798000000.0,,
MISSOURI,1956,Milk,added,,4127000000.0,,
NEBRASKA,1956,Milk,added,,2291000000.0,,
NEVADA,1956,Milk,added,,90000000.0,,
NEW HAMPSHIRE,1956,Milk,added,,387000000.0,,
NEW MEXICO,1956,Milk,added,,225000000.0,,
NORTH DAKOTA,1956,Milk,added,,1791000000.0,,
RHODE ISLAND,1956,Milk,added,,132000000.0,,
SOUTH DAKOTA,1956,Milk,added,,1411000000.0,,
VERMONT,1956,Milk,added,,1762000000.0,,
HAWAII,1957,Coffee,removed,18496000.0,,,
ARIZONA,1957,Milk,added,,394000000.0,,
CONNECTICUT,1957,Milk,added,,736000000.0,,
DELAWARE,1957,Milk,added,,195000000.0,,
FLORIDA,1957,Milk,added,,1088000000.0,,
IOWA,1957,Milk,added,,6370000000.0,,
LOUISIANA,1957,Milk,added,,846000000.0,,
MAINE,1957,Milk,added,,724000000.0,,
MASSACHUSETTS,1957,Milk,added,,779000000.0,,
MISSOURI,1957,Milk,added,,3961000000.0,,
NEBRASKA,1957,Milk,added,,2237000000.0,,
NEVADA,1957,Milk,added,,92000000.0,,
NEW HAMPSHIRE,1957,Milk,added,,388000000.0,,
NEW MEXICO,1957,Milk,added,,227000000.0,,
NORTH DAKOTA,1957,Milk,added,,1762000000.0,,
RHODE ISLAND,1957,Milk,added,,129000000.0,,
SOUTH DAKOTA,1957,Milk,added,,1436000000.0,,
VERMONT,1957,Milk,added,,1802000000.0,,
HAWAII,1958,Coffee,removed,10634000.0,,,
ARIZONA,1958,Milk,added,,421000000.0,,
CONNECTICUT,1958,Milk,added,,745000000.0,,
DELAWARE,1958,Milk,added,,195000000.0,,
FLORIDA,1958,Milk,added,,1117000000.0,,
IOWA,1958,Milk,added,,6270000000.0,,
LOUISIANA,1958,Milk,added,,822000000.0,,
MAINE,1958,Milk,added,,713000000.0,,
MASSACHUSETTS,1958,Milk,added,,766000000.0,,
MISSOURI,1958,Milk,added,,3790000000.0,,
NEBRASKA,1958,Milk,added,,2091000000.0,,
NEVADA,1958,Milk,added,,96000000.0,,
NEW HAMPSHIRE,1958,Milk,added,,384000000.0,,
NEW MEXICO,1958,Milk,added,,236000000.0,,
NORTH DAKOTA,1958,Milk,added,,1773000000.0,,
RHODE ISLAND,1958,Milk,added,,130000000.0,,
SOUTH DAKOTA,1958,Milk,added,,1427000000.0,,
VERMONT,1958,Milk,added,,1894000000.0,,
HAWAII,1959,Coffee,removed,12999000.0,,,
ARIZONA,1959,Milk,added,,461000000.0,,
CALIFORNIA,1959,Milk,changed,7952000000.0,7943000000.0,-9000000.0,-0.0011317907444668008
CONNECTICUT,1959,Milk,added,,740000000.0,,
DELAWARE,1959,Milk,added,,195000000.0,,
FLORIDA,1959,Milk,added,,1240000000.0,,
IOWA,1959,Milk,added,,5940000000.0,,
LOUISIANA,1959,Milk,added,,818000000.0,,
MAINE,1959,Milk,added,,701000000.0,,
MASSACHUSETTS,1959,Milk,added,,750000000.0,,
MICHIGAN,1959,Milk,changed,5120000000.0,5090000000.0,-30000000.0,-0.005859375
MISSOURI,1959,Milk,added,,3698000000.0,,
NEBRASKA,1959,Milk,added,,2023000000.0,,
NEVADA,1959,Milk,added,,110000000.0,,
NEW HAMPSHIRE,1959,Milk,added,,377000000.0,,
NEW MEXICO,1959,Milk,added,,242000000.0,,
NORTH DAKOTA,1959,Milk,added,,1757000000.0,,
RHODE ISLAND,1959,Milk,added,,127000000.0,,
SOUTH DAKOTA,1959,Milk,added,,1453000000.0,,
VERMONT,1959,Milk,added,,1858000000.0,,
HAWAII,1960,Coffee,removed,13272000.0,,,
OKLAHOMA,1960,Milk,changed,1430000000.0,1421000000.0,-9000000.0,-0.006293706293706294
HAWAII,1961,Coffee,removed,8432000.0,,,
HAWAII,1962,Coffee,removed,13392000.0,,,
HAWAII,1963,Coffee,removed,6651000.0,,,
HAWAII,1964,Coffee,removed,9947000.0,,,
OHIO,1964,Milk,changed,5369000000.0,5396000000.0,27000000.0,0.005028869435649097
HAWAII,1965,Coffee,removed,7500000.0,,,
LOUISIANA,1965,Milk,changed,999000000.0,1002000000.0,3000000.0,0.003003003003003003
HAWAII,1966,Coffee,removed,8040000.0,,,
INDIANA,1966,Milk,changed,2694000000.0,2721000000.0,27000000.0,0.01002227171492205
VERMONT,1966,Milk,changed,1900000000.0,1899000000.0,-1000000.0,-0.0005263157894736842
HAWAII,1967,Coffee,removed,5440000.0,,,
HAWAII,1968,Coffee,removed,5700000.0,,,
HAWAII,1969,Coffee,removed,4130000.0,,,
HAWAII,1969,Milk,changed,132700000.0,133000000.0,300000.0,0.002260738507912585
ALABAMA,1970,Cheese,added,,4019000.0,,
ARKANSAS,1970,Cheese,added,,14777000.0,,
CALIFORNIA,1970,Cheese,added,,17460000.0,,
CONNECTICUT,1970,Cheese,added,,2036000.0,,
IDAHO,1970,Cheese,added,,58141000.0,,
ILLINOIS,1970,Cheese,added,,86186000.0,,
INDIANA,1970,Cheese,added,,23326000.0,,
IOWA,1970,Cheese,added,,103516000.0,,
KANSAS,1970,Cheese,added,,27856000.0,,
KENTUCKY,1970,Cheese,added,,64963000.0,,
LOUISIANA,1970,Cheese,added,,4381000.0,,
MASSACHUSETTS,1970,Cheese,added,,6430000.0,,
MICHIGAN,1970,Cheese,added,,28818000.0,,
MINNESOTA,1970,Cheese,added,,161539000.0,,
MISSISSIPPI,1970,Cheese,added,,8435000.0,,
MISSOURI,1970,Cheese,added,,98562000.0,,
MONTANA,1970,Cheese,added,,4214000.0,,
NEBRASKA,1970,Cheese,added,,35575000.0,,
NEW JERSEY,1970,Cheese,added,,6609000.0,,
NEW YORK,1970,Cheese,added,,158317000.0,,
NORTH DAKOTA,1970,Cheese,added,,34197000.0,,
OHIO,1970,Cheese,added,,43525000.0,,
OREGON,1970,Cheese,added,,16428000.0,,
PENNSYLVANIA,1970,Cheese,added,,24684000.0,,
RHODE ISLAND,1970,Cheese,added,,789000.0,,
SOUTH DAKOTA,1970,Cheese,added,,50343000.0,,
TENNESSEE,1970,Cheese,added,,48918000.0,,
TEXAS,1970,Cheese,added,,11124000.0,,
UTAH,1970,Cheese,added,,32966000.0,,
VERMONT,1970,Cheese,added,,32730000.0,,
WASHINGTON,1970,Cheese,added,,20126000.0,,
WISCONSIN,1970,Cheese,added,,947591000.0,,
HAWAII,1970,Coffee,removed,4300000.0,,,
ALABAMA,1971,Cheese,added,,3177000.0,,
ARKANSAS,1971,Cheese,added,,14902000.0,,
CALIFORNIA,1971,Cheese,added,,21788000.0,,
CONNECTICUT,1971,Cheese,added,,2287000.0,,
IDAHO,1971,Cheese,added,,59792000.0,,
ILLINOIS,1971,Cheese,added,,92597000.0,,
INDIANA,1971,Cheese,added,,24237000.0,,
IOWA,1971,Cheese,added,,118205000.0,,
KANSAS,1971,Cheese,added,,30628000.0,,
KENTUCKY,1971,Cheese,added,,63375000.0,,
LOUISIANA,1971,Cheese,added,,3594000.0,,
MASSACHUSETTS,1971,Cheese,added,,7268000.0,,
MICHIGAN,1971,Cheese,added,,30476000.0,,
MINNESOTA,1971,Cheese,added,,202348000.0,,
MISSOURI,1971,Cheese,added,,104754000.0,,
MONTANA,1971,Cheese,added,,4938000.0,,
NEBRASKA,1971,Cheese,added,,49113000.0,,
NEW JERSEY,1971,Cheese,added,,8744000.0,,
NEW YORK,1971,Cheese,added,,176483000.0,,
NORTH DAKOTA,1971,Cheese,added,,37334000.0,,
OHIO,1971,Cheese,added,,48718000.0,,
OREGON,1971,Cheese,added,,18820000.0,,
PENNSYLVANIA,1971,Cheese,added,,29962000.0,,
RHODE ISLAND,1971,Cheese,added,,872000.0,,
SOUTH DAKOTA,1971,Cheese,added,,51748000.0,,
TENNESSEE,1971,Cheese,added,,48913000.0,,
TEXAS,1971,Cheese,added,,13522000.0,,
UTAH,1971,Cheese,added,,38982000.0,,
VERMONT,1971,Cheese,added,,35143000.0,,
WASHINGTON,1971,Cheese,added,,14566000.0,,
WISCONSIN,1971,Cheese,added,,986369000.0,,
HAWAII,1971,Coffee,removed,2930000.0,,,
VIRGINIA,1971,Milk,changed,1760000000.0,1751000000.0,-9000000.0,-0.005113636363636364
ALABAMA,1972,Cheese,added,,3802000.0,,
ARKANSAS,1972,Cheese,added,,15013000.0,,
CALIFORNIA,1972,Cheese,added,,26604000.0,,
CONNECTICUT,1972,Cheese,added,,3674000.0,,
IDAHO,1972,Cheese,added,,67230000.0,,
ILLINOIS,1972,Cheese,added,,92448000.0,,
INDIANA,1972,Cheese,added,,25372000.0,,
IOWA,1972,Cheese,added,,147321000.0,,
KANSAS,1972,Cheese,added,,39883000.0,,
KENTUCKY,1972,Cheese,added,,60883000.0,,
LOUISIANA,1972,Cheese,added,,7893000.0,,
MASSACHUSETTS,1972,Cheese,added,,6416000.0,,
MICHIGAN,1972,Cheese,added,,31846000.0,,
MINNESOTA,1972,Cheese,added,,234620000.0,,
MISSOURI,1972,Cheese,added,,108363000.0,,
MONTANA,1972,Cheese,added,,4789000.0,,
NEBRASKA,1972,Cheese,added,,66548000.0,,
NEW JERSEY,1972,Cheese,added,,10948000.0,,
NEW YORK,1972,Cheese,added,,198365000.0,,
NORTH DAKOTA,1972,Cheese,added,,38965000.0,,
OHIO,1972,Cheese,added,,54602000.0,,
OREGON,1972,Cheese,added,,19652000.0,,
PENNSYLVANIA,1972,Cheese,added,,34827000.0,,
RHODE ISLAND,1972,Cheese,added,,956000.0,,
SOUTH DAKOTA,1972,Cheese,added,,55581000.0,,
TENNESSEE,1972,Cheese,added,,45447000.0,,
UTAH,1972,Cheese,added,,47770000.0,,
VERMONT,1972,Cheese,added,,33496000.0,,
WASHINGTON,1972,Cheese,added,,16756000.0,,
WISCONSIN,1972,Cheese,added,,1063712000.0,,
HAWAII,1972,Coffee,removed,3640000.0,,,
ALASKA,1972,Milk,added,,17600000.0,,
ARIZONA,1972,Milk,added,,640000000.0,,
CONNECTICUT,1972,Milk,added,,643000000.0,,
DELAWARE,1972,Milk,added,,132000000.0,,
HAWAII,1972,Milk,added,,136200000.0,,
MAINE,1972,Milk,added,,638000000.0,,
MASSACHUSETTS,1972,Milk,added,,629000000.0,,
MONTANA,1972,Milk,added,,334000000.0,,
NEVADA,1972,Milk,added,,143000000.0,,
NEW HAMPSHIRE,1972,Milk,added,,353000000.0,,
NEW JERSEY,1972,Milk,added,,645000000.0,,
NEW MEXICO,1972,Milk,added,,326000000.0,,
OREGON,1972,Milk,changed,1008000000.0,1005000000.0,-3000000.0,-0.002976190476190476
RHODE ISLAND,1972,Milk,added,,69000000.0,,
SOUTH CAROLINA,1972,Milk,added,,518000000.0,,
WEST VIRGINIA,1972,Milk,added,,345000000.0,,
WYOMING,1972,Milk,added,,135000000.0,,
ALABAMA,1973,Cheese,added,,2118000.0,,
ARKANSAS,1973,Cheese,added,,13121000.0,,
CALIFORNIA,1973,Cheese,added,,45588000.0,,
CONNECTICUT,1973,Cheese,added,,3597000.0,,
IDAHO,1973,Cheese,added,,72949000.0,,
ILLINOIS,1973,Cheese,added,,90915000.0,,
INDIANA,1973,Cheese,added,,22701000.0,,
IOWA,1973,Cheese,added,,162644000.0,,
KANSAS,1973,Cheese,added,,34603000.0,,
KENTUCKY,1973,Cheese,added,,53663000.0,,
LOUISIANA,1973,Cheese,added,,7070000.0,,
MASSACHUSETTS,1973,Cheese,added,,5976000.0,,
MICHIGAN,1973,Cheese,added,,24708000.0,,
MINNESOTA,1973,Cheese,added,,287160000.0,,
MISSOURI,1973,Cheese,added,,93494000.0,,
MONTANA,1973,Cheese,added,,4191000.0,,
NEBRASKA,1973,Cheese,added,,66062000.0,,
NEW JERSEY,1973,Cheese,added,,12361000.0,,
NEW YORK,1973,Cheese,added,,203939000.0,,
NORTH DAKOTA,1973,Cheese,added,,50115000.0,,
OHIO,1973,Cheese,added,,53257000.0,,
OREGON,1973,Cheese,added,,21009000.0,,
PENNSYLVANIA,1973,Cheese,added,,35624000.0,,
RHODE ISLAND,1973,Cheese,added,,1085000.0,,
SOUTH DAKOTA,1973,Cheese,added,,64056000.0,,
TENNESSEE,1973,Cheese,added,,37585000.0,,
TEXAS,1973,Cheese,added,,7408000.0,,
UTAH,1973,Cheese,added,,53252000.0,,
VERMONT,1973,Cheese,added,,33259000.0,,
WASHINGTON,1973,Cheese,added,,22941000.0,,
WISCONSIN,1973,Cheese,added,,1071041000.0,,
HAWAII,1973,Coffee,removed,3040000.0,,,
ALASKA,1973,Milk,added,,18100000.0,,
ARIZONA,1973,Milk,added,,737000000.0,,
CONNECTICUT,1973,Milk,added,,614000000.0,,
DELAWARE,1973,Milk,added,,128000000.0,,
HAWAII,1973,Milk,added,,138000000.0,,
MAINE,1973,Milk,added,,614000000.0,,
MASSACHUSETTS,1973,Milk,added,,595000000.0,,
MONTANA,1973,Milk,added,,312000000.0,,
NEVADA,1973,Milk,added,,144000000.0,,
NEW HAMPSHIRE,1973,Milk,added,,337000000.0,,
NEW JERSEY,1973,Milk,added,,575000000.0,,
NEW MEXICO,1973,Milk,added,,318000000.0,,
NORTH CAROLINA,1973,Milk,changed,1520000000.0,1490000000.0,-30000000.0,-0.019736842105263157
RHODE ISLAND,1973,Milk,added,,64000000.0,,
SOUTH CAROLINA,1973,Milk,added,,497000000.0,,
WEST VIRGINIA,1973,Milk,added,,333000000.0,,
WYOMING,1973,Milk,added,,130000000.0,,
ARKANSAS,1974,Cheese,added,,14500000.0,,
CALIFORNIA,1974,Cheese,added,,69051000.0,,
CONNECTICUT,1974,Cheese,added,,3746000.0,,
IDAHO,1974,Cheese,added,,82385000.0,,
ILLINOIS,1974,Cheese,added,,89988000.0,,
INDIANA,1974,Cheese,added,,28760000.0,,
IOWA,1974,Cheese,added,,177460000.0,,
KANSAS,1974,Cheese,added,,39221000.0,,
KENTUCKY,1974,Cheese,added,,58356000.0,,
LOUISIANA,1974,Cheese,added,,7181000.0,,
MASSACHUSETTS,1974,Cheese,added,,5412000.0,,
MICHIGAN,1974,Cheese,added,,28025000.0,,
MINNESOTA,1974,Cheese,added,,315924000.0,,
MISSOURI,1974,Cheese,added,,101335000.0,,
MONTANA,1974,Cheese,added,,3509000.0,,
NEBRASKA,1974,Cheese,added,,66765000.0,,
NEW JERSEY,1974,Cheese,added,,13266000.0,,
NEW YORK,1974,Cheese,added,,218404000.0,,
NORTH DAKOTA,1974,Cheese,added,,51843000.0,,
OHIO,1974,Cheese,added,,62774000.0,,
OKLAHOMA,1974,Cheese,added,,6547000.0,,
OREGON,1974,Cheese,added,,24911000.0,,
PENNSYLVANIA,1974,Cheese,added,,68955000.0,,
RHODE ISLAND,1974,Cheese,added,,989000.0,,
SOUTH DAKOTA,1974,Cheese,added,,69623000.0,,
TENNESSEE,1974,Cheese,added,,40111000.0,,
TEXAS,1974,Cheese,added,,10061000.0,,
UTAH,1974,Cheese,added,,62886000.0,,
VERMONT,1974,Cheese,added,,30999000.0,,
WASHINGTON,1974,Cheese,added,,21736000.0,,
WISCONSIN,1974,Cheese,added,,1129037000.0,,
HAWAII,1974,Coffee,removed,1540000.0,,,
ALASKA,1974,Milk,added,,18100000.0,,
ARIZONA,1974,Milk,added,,810000000.0,,
CONNECTICUT,1974,Milk,added,,613000000.0,,
DELAWARE,1974,Milk,added,,128000000.0,,
HAWAII,1974,Milk,added,,139000000.0,,
MAINE,1974,Milk,added,,611000000.0,,
MASSACHUSETTS,1974,Milk,added,,593000000.0,,
MONTANA,1974,Milk,added,,294000000.0,,
NEVADA,1974,Milk,added,,167000000.0,,
NEW HAMPSHIRE,1974,Milk,added,,329000000.0,,
NEW JERSEY,1974,Milk,added,,551000000.0,,
NEW MEXICO,1974,Milk,added,,338000000.0,,
RHODE ISLAND,1974,Milk,added,,63000000.0,,
SOUTH CAROLINA,1974,Milk,added,,515000000.0,,
WEST VIRGINIA,1974,Milk,added,,350000000.0,,
WYOMING,1974,Milk,added,,123000000.0,,
ARKANSAS,1975,Cheese,added,,12233000.0,,
CALIFORNIA,1975,Cheese,added,,92877000.0,,
CONNECTICUT,1975,Cheese,added,,4222000.0,,
IDAHO,1975,Cheese,added,,74770000.0,,
ILLINOIS,1975,Cheese,added,,86113000.0,,
INDIANA,1975,Cheese,added,,27108000.0,,
IOWA,1975,Cheese,added,,146916000.0,,
KANSAS,1975,Cheese,added,,29214000.0,,
KENTUCKY,1975,Cheese,added,,53164000.0,,
LOUISIANA,1975,Cheese,added,,6325000.0,,
MASSACHUSETTS,1975,Cheese,added,,5288000.0,,
MICHIGAN,1975,Cheese,added,,27064000.0,,
MINNESOTA,1975,Cheese,added,,316189000.0,,
MISSOURI,1975,Cheese,added,,68196000.0,,
MONTANA,1975,Cheese,added,,1933000.0,,
NEBRASKA,1975,Cheese,added,,59311000.0,,
NEW JERSEY,1975,Cheese,added,,17013000.0,,
NEW YORK,1975,Cheese,added,,217560000.0,,
NORTH DAKOTA,1975,Cheese,added,,47188000.0,,
OHIO,1975,Cheese,added,,66107000.0,,
OKLAHOMA,1975,Cheese,added,,4301000.0,,
OREGON,1975,Cheese,added,,22971000.0,,
PENNSYLVANIA,1975,Cheese,added,,67985000.0,,
RHODE ISLAND,1975,Cheese,added,,1465000.0,,
SOUTH DAKOTA,1975,Cheese,added,,63537000.0,,
TENNESSEE,1975,Cheese,added,,32353000.0,,
TEXAS,1975,Cheese,added,,5552000.0,,
UTAH,1975,Cheese,added,,57824000.0,,
VERMONT,1975,Cheese,added,,39589000.0,,
WASHINGTON,1975,Cheese,added,,23547000.0,,
WISCONSIN,1975,Cheese,added,,1089978000.0,,
HAWAII,1975,Coffee,removed,1860000.0,,,
ALASKA,1975,Milk,added,,16800000.0,,
ARIZONA,1975,Milk,added,,840000000.0,,
CONNECTICUT,1975,Milk,added,,608000000.0,,
DELAWARE,1975,Milk,added,,127000000.0,,
HAWAII,1975,Milk,added,,146000000.0,,
MAINE,1975,Milk,added,,629000000.0,,
MASSACHUSETTS,1975,Milk,added,,601000000.0,,
MONTANA,1975,Milk,added,,278000000.0,,
NEVADA,1975,Milk,added,,168000000.0,,
NEW HAMPSHIRE,1975,Milk,added,,336000000.0,,
NEW JERSEY,1975,Milk,added,,528000000.0,,
NEW MEXICO,1975,Milk,added,,366000000.0,,
RHODE ISLAND,1975,Milk,added,,63000000.0,,
SOUTH CAROLINA,1975,Milk,added,,512000000.0,,
SOUTH DAKOTA,1975,Milk,added,,1556000000.0,,
WEST VIRGINIA,1975,Milk,added,,350000000.0,,
WYOMING,1975,Milk,added,,110000000.0,,
ARKANSAS,1976,Cheese,added,,12834000.0,,
CALIFORNIA,1976,Cheese,added,,112112000.0,,
CONNECTICUT,1976,Cheese,added,,4499000.0,,
IDAHO,1976,Cheese,added,,88637000.0,,
ILLINOIS,1976,Cheese,added,,94724000.0,,
INDIANA,1976,Cheese,added,,33433000.0,,
IOWA,1976,Cheese,added,,179125000.0,,
KANSAS,1976,Cheese,added,,31536000.0,,
KENTUCKY,1976,Cheese,added,,64904000.0,,
MASSACHUSETTS,1976,Cheese,added,,6123000.0,,
MICHIGAN,1976,Cheese,added,,34140000.0,,
MINNESOTA,1976,Cheese,added,,430491000.0,,
MISSOURI,1976,Cheese,added,,69916000.0,,
MONTANA,1976,Cheese,added,,1844000.0,,
NEBRASKA,1976,Cheese,added,,62859000.0,,
NEW JERSEY,1976,Cheese,added,,16843000.0,,
NEW YORK,1976,Cheese,added,,255639000.0,,
NORTH DAKOTA,1976,Cheese,added,,51962000.0,,
OHIO,1976,Cheese,added,,80748000.0,,
OKLAHOMA,1976,Cheese,added,,7326000.0,,
OREGON,1976,Cheese,added,,26660000.0,,
PENNSYLVANIA,1976,Cheese,added,,87743000.0,,
RHODE ISLAND,1976,Cheese,added,,1572000.0,,
SOUTH DAKOTA,1976,Cheese,added,,65144000.0,,
TENNESSEE,1976,Cheese,added,,34838000.0,,
TEXAS,1976,Cheese,added,,11661000.0,,
UTAH,1976,Cheese,added,,63766000.0,,
VERMONT,1976,Cheese,added,,54740000.0,,
WASHINGTON,1976,Cheese,added,,30501000.0,,
WISCONSIN,1976,Cheese,added,,1241180000.0,,
HAWAII,1976,Coffee,removed,2120000.0,,,
ALASKA,1976,Milk,added,,16000000.0,,
ARIZONA,1976,Milk,added,,882000000.0,,
CONNECTICUT,1976,Milk,added,,616000000.0,,
DELAWARE,1976,Milk,added,,135000000.0,,
HAWAII,1976,Milk,added,,148000000.0,,
MAINE,1976,Milk,added,,628000000.0,,
MASSACHUSETTS,1976,Milk,added,,598000000.0,,
MONTANA,1976,Milk,added,,275000000.0,,
NEVADA,1976,Milk,added,,191000000.0,,
NEW HAMPSHIRE,1976,Milk,added,,335000000.0,,
NEW JERSEY,1976,Milk,added,,545000000.0,,
NEW MEXICO,1976,Milk,added,,405000000.0,,
RHODE ISLAND,1976,Milk,added,,60000000.0,,
SOUTH CAROLINA,1976,Milk,added,,525000000.0,,
SOUTH DAKOTA,1976,Milk,added,,1650000000.0,,
WEST VIRGINIA,1976,Milk,added,,356000000.0,,
WYOMING,1976,Milk,added,,113000000.0,,
ARKANSAS,1977,Cheese,added,,13053000.0,,
CALIFORNIA,1977,Cheese,added,,125777000.0,,
CONNECTICUT,1977,Cheese,added,,4607000.0,,
IDAHO,1977,Cheese,added,,87789000.0,,
ILLINOIS,1977,Cheese,added,,91201000.0,,
INDIANA,1977,Cheese,added,,31790000.0,,
IOWA,1977,Cheese,added,,174854000.0,,
KANSAS,1977,Cheese,added,,28150000.0,,
KENTUCKY,1977,Cheese,added,,69600000.0,,
MASSACHUSETTS,1977,Cheese,added,,5786000.0,,
MICHIGAN,1977,Cheese,added,,32831000.0,,
MINNESOTA,1977,Cheese,added,,410628000.0,,
MISSISSIPPI,1977,Cheese,added,,10425000.0,,
MISSOURI,1977,Cheese,added,,72671000.0,,
NEBRASKA,1977,Cheese,added,,57445000.0,,
NEW JERSEY,1977,Cheese,added,,15492000.0,,
NEW YORK,1977,Cheese,added,,260327000.0,,
NORTH DAKOTA,1977,Cheese,added,,53443000.0,,
OHIO,1977,Cheese,added,,77948000.0,,
OREGON,1977,Cheese,added,,26762000.0,,
PENNSYLVANIA,1977,Cheese,added,,93706000.0,,
SOUTH DAKOTA,1977,Cheese,added,,65861000.0,,
TENNESSEE,1977,Cheese,added,,38756000.0,,
TEXAS,1977,Cheese,added,,17751000.0,,
UTAH,1977,Cheese,added,,62330000.0,,
VERMONT,1977,Cheese,added,,57290000.0,,
WASHINGTON,1977,Cheese,added,,33562000.0,,
WISCONSIN,1977,Cheese,added,,1278890000.0,,
HAWAII,1977,Coffee,removed,2270000.0,,,
ALASKA,1977,Milk,added,,16400000.0,,
ARIZONA,1977,Milk,added,,914000000.0,,
CONNECTICUT,1977,Milk,added,,624000000.0,,
DELAWARE,1977,Milk,added,,139000000.0,,
HAWAII,1977,Milk,added,,150000000.0,,
MAINE,1977,Milk,added,,638000000.0,,
MASSACHUSETTS,1977,Milk,added,,597000000.0,,
MICHIGAN,1977,Milk,changed,4758000000.0,4761000000.0,3000000.0,0.0006305170239596469
MONTANA,1977,Milk,added,,296000000.0,,
NEVADA,1977,Milk,added,,198000000.0,,
NEW HAMPSHIRE,1977,Milk,added,,339000000.0,,
NEW JERSEY,1977,Milk,added,,549000000.0,,
NEW MEXICO,1977,Milk,added,,426000000.0,,
RHODE ISLAND,1977,Milk,added,,57000000.0,,
SOUTH CAROLINA,1977,Milk,added,,525000000.0,,
SOUTH DAKOTA,1977,Milk,added,,1652000000.0,,
WEST VIRGINIA,1977,Milk,added,,350000000.0,,
WYOMING,1977,Milk,added,,124000000.0,,
ARKANSAS,1978,Cheese,added,,15543000.0,,
CALIFORNIA,1978,Cheese,added,,136956000.0,,
CONNECTICUT,1978,Cheese,added,,6502000.0,,
IDAHO,1978,Cheese,added,,92811000.0,,
ILLINOIS,1978,Cheese,added,,90213000.0,,
INDIANA,1978,Cheese,added,,31245000.0,,
IOWA,1978,Cheese,added,,178951000.0,,
KANSAS,1978,Cheese,added,,25616000.0,,
KENTUCKY,1978,Cheese,added,,67218000.0,,
MASSACHUSETTS,1978,Cheese,added,,7780000.0,,
MICHIGAN,1978,Cheese,added,,32347000.0,,
MINNESOTA,1978,Cheese,added,,451569000.0,,
MISSISSIPPI,1978,Cheese,added,,9789000.0,,
MISSOURI,1978,Cheese,added,,85297000.0,,
NEBRASKA,1978,Cheese,added,,59245000.0,,
NEW JERSEY,1978,Cheese,added,,21788000.0,,
NEW YORK,1978,Cheese,added,,282927000.0,,
NORTH DAKOTA,1978,Cheese,added,,49776000.0,,
OHIO,1978,Cheese,added,,87848000.0,,
OREGON,1978,Cheese,added,,27439000.0,,
PENNSYLVANIA,1978,Cheese,added,,95617000.0,,
SOUTH DAKOTA,1978,Cheese,added,,63604000.0,,
TENNESSEE,1978,Cheese,added,,30390000.0,,
TEXAS,1978,Cheese,added,,12177000.0,,
UTAH,1978,Cheese,added,,60464000.0,,
VERMONT,1978,Cheese,added,,67388000.0,,
VIRGINIA,1978,Cheese,added,,5234000.0,,
WASHINGTON,1978,Cheese,added,,40836000.0,,
WISCONSIN,1978,Cheese,added,,1332005000.0,,
HAWAII,1978,Coffee,removed,1680000.0,,,
ALASKA,1978,Milk,added,,14800000.0,,
ARIZONA,1978,Milk,added,,906000000.0,,
CONNECTICUT,1978,Milk,added,,614000000.0,,
DELAWARE,1978,Milk,added,,129000000.0,,
HAWAII,1978,Milk,added,,150000000.0,,
MAINE,1978,Milk,added,,641000000.0,,
MASSACHUSETTS,1978,Milk,added,,572000000.0,,
MONTANA,1978,Milk,added,,306000000.0,,
NEVADA,1978,Milk,added,,187000000.0,,
NEW HAMPSHIRE,1978,Milk,added,,341000000.0,,
NEW JERSEY,1978,Milk,added,,525000000.0,,
NEW MEXICO,1978,Milk,added,,458000000.0,,
RHODE ISLAND,1978,Milk,added,,55000000.0,,
SOUTH CAROLINA,1978,Milk,added,,513000000.0,,
SOUTH DAKOTA,1978,Milk,added,,1540000000.0,,
WEST VIRGINIA,1978,Milk,added,,345000000.0,,
WYOMING,1978,Milk,added,,120000000.0,,
ARKANSAS,1979,Cheese,added,,16720000.0,,
CALIFORNIA,1979,Cheese,added,,151802000.0,,
CONNECTICUT,1979,Cheese,added,,6224000.0,,
IDAHO,1979,Cheese,added,,97999000.0,,
ILLINOIS,1979,Cheese,added,,96968000.0,,
INDIANA,1979,Cheese,added,,37539000.0,,
IOWA,1979,Cheese,added,,191794000.0,,
KANSAS,1979,Cheese,added,,23391000.0,,
KENTUCKY,1979,Cheese,added,,64920000.0,,
MASSACHUSETTS,1979,Cheese,added,,6255000.0,,
MICHIGAN,1979,Cheese,added,,31590000.0,,
MINNESOTA,1979,Cheese,added,,479952000.0,,
MISSISSIPPI,1979,Cheese,added,,8636000.0,,
MISSOURI,1979,Cheese,added,,92250000.0,,
NEBRASKA,1979,Cheese,added,,69744000.0,,
NEW JERSEY,1979,Cheese,added,,25569000.0,,
NEW YORK,1979,Cheese,added,,304400000.0,,
NORTH DAKOTA,1979,Cheese,added,,44952000.0,,
OHIO,1979,Cheese,added,,95147000.0,,
OREGON,1979,Cheese,added,,31887000.0,,
PENNSYLVANIA,1979,Cheese,added,,93908000.0,,
SOUTH DAKOTA,1979,Cheese,added,,70110000.0,,
TENNESSEE,1979,Cheese,added,,30492000.0,,
UTAH,1979,Cheese,added,,62828000.0,,
VERMONT,1979,Cheese,added,,71226000.0,,
VIRGINIA,1979,Cheese,added,,5497000.0,,
WASHINGTON,1979,Cheese,added,,46274000.0,,
WISCONSIN,1979,Cheese,added,,1400829000.0,,
HAWAII,1979,Coffee,removed,2190000.0,,,
ALASKA,1979,Milk,added,,13000000.0,,
ARIZONA,1979,Milk,added,,941000000.0,,
CONNECTICUT,1979,Milk,added,,606000000.0,,
DELAWARE,1979,Milk,added,,127000000.0,,
HAWAII,1979,Milk,added,,150000000.0,,
KANSAS,1979,Milk,changed,1230000000.0,1330000000.0,100000000.0,0.08130081300813008
KENTUCKY,1979,Milk,changed,2166000000.0,2220000000.0,54000000.0,0.024930747922437674
MAINE,1979,Milk,added,,641000000.0,,
MASSACHUSETTS,1979,Milk,added,,566000000.0,,
MONTANA,1979,Milk,added,,297000000.0,,
NEBRASKA,1979,Milk,changed,1250000000.0,1260000000.0,10000000.0,0.008
NEVADA,1979,Milk,added,,199000000.0,,
NEW HAMPSHIRE,1979,Milk,added,,341000000.0,,
NEW JERSEY,1979,Milk,added,,494000000.0,,
NEW MEXICO,1979,Milk,added,,507000000.0,,
RHODE ISLAND,1979,Milk,added,,50000000.0,,
SOUTH CAROLINA,1979,Milk,added,,524000000.0,,
SOUTH DAKOTA,1979,Milk,added,,1549000000.0,,
WEST VIRGINIA,1979,Milk,added,,350000000.0,,
WYOMING,1979,Milk,added,,119000000.0,,
ARKANSAS,1980,Cheese,added,,19960000.0,,
CALIFORNIA,1980,Cheese,added,,181463000.0,,
CONNECTICUT,1980,Cheese,added,,4323000.0,,
IDAHO,1980,Cheese,added,,109351000.0,,
ILLINOIS,1980,Cheese,added,,98500000.0,,
INDIANA,1980,Cheese,added,,46373000.0,,
IOWA,1980,Cheese,added,,204577000.0,,
KANSAS,1980,Cheese,added,,30605000.0,,
KENTUCKY,1980,Cheese,added,,59499000.0,,
MASSACHUSETTS,1980,Cheese,added,,5099000.0,,
MICHIGAN,1980,Cheese,added,,35343000.0,,
MINNESOTA,1980,Cheese,added,,512361000.0,,
MISSISSIPPI,1980,Cheese,added,,8788000.0,,
MISSOURI,1980,Cheese,added,,100796000.0,,
NEBRASKA,1980,Cheese,added,,70412000.0,,
NEW JERSEY,1980,Cheese,added,,28326000.0,,
NEW YORK,1980,Cheese,added,,319579000.0,,
NORTH DAKOTA,1980,Cheese,added,,48186000.0,,
OHIO,1980,Cheese,added,,95166000.0,,
OREGON,1980,Cheese,added,,34683000.0,,
PENNSYLVANIA,1980,Cheese,added,,101262000.0,,
SOUTH DAKOTA,1980,Cheese,added,,78836000.0,,
TENNESSEE,1980,Cheese,added,,32148000.0,,
UTAH,1980,Cheese,added,,71659000.0,,
VERMONT,1980,Cheese,added,,79836000.0,,
VIRGINIA,1980,Cheese,added,,6930000.0,,
WASHINGTON,1980,Cheese,added,,45147000.0,,
WISCONSIN,1980,Cheese,added,,1484251000.0,,
HAWAII,1980,Coffee,removed,1440000.0,,,
ALASKA,1980,Milk,added,,12500000.0,,
ARIZONA,1980,Milk,added,,1031000000.0,,
CONNECTICUT,1980,Milk,added,,612000000.0,,
DELAWARE,1980,Milk,added,,125000000.0,,
HAWAII,1980,Milk,added,,152000000.0,,
MAINE,1980,Milk,added,,665000000.0,,
MASSACHUSETTS,1980,Milk,added,,570000000.0,,
MONTANA,1980,Milk,added,,314000000.0,,
NEVADA,1980,Milk,added,,219000000.0,,
NEW HAMPSHIRE,1980,Milk,added,,347000000.0,,
NEW JERSEY,1980,Milk,added,,494000000.0,,
NEW MEXICO,1980,Milk,added,,602000000.0,,
RHODE ISLAND,1980,Milk,added,,47000000.0,,
SOUTH CAROLINA,1980,Milk,added,,541000000.0,,
SOUTH DAKOTA,1980,Milk,added,,1669000000.0,,
WEST VIRGINIA,1980,Milk,added,,350000000.0,,
WYOMING,1980,Milk,added,,132000000.0,,
ARKANSAS,1981,Cheese,added,,23189000.0,,
CALIFORNIA,1981,Cheese,added,,210595000.0,,
CONNECTICUT,1981,Cheese,added,,5523000.0,,
IDAHO,1981,Cheese,added,,122525000.0,,
ILLINOIS,1981,Cheese,added,,98788000.0,,
INDIANA,1981,Cheese,added,,53900000.0,,
IOWA,1981,Cheese,added,,213860000.0,,
KANSAS,1981,Cheese,added,,30431000.0,,
KENTUCKY,1981,Cheese,added,,50338000.0,,
MASSACHUSETTS,1981,Cheese,added,,8559000.0,,
MICHIGAN,1981,Cheese,added,,36395000.0,,
MINNESOTA,1981,Cheese,added,,558004000.0,,
MISSISSIPPI,1981,Cheese,added,,10342000.0,,
MISSOURI,1981,Cheese,added,,115939000.0,,
NEBRASKA,1981,Cheese,added,,69490000.0,,
NEW JERSEY,1981,Cheese,added,,61166000.0,,
NEW YORK,1981,Cheese,added,,330140000.0,,
NORTH DAKOTA,1981,Cheese,added,,51706000.0,,
OHIO,1981,Cheese,added,,96500000.0,,
OREGON,1981,Cheese,added,,38069000.0,,
PENNSYLVANIA,1981,Cheese,added,,113160000.0,,
SOUTH DAKOTA,1981,Cheese,added,,85470000.0,,
TENNESSEE,1981,Cheese,added,,32988000.0,,
UTAH,1981,Cheese,added,,85877000.0,,
VIRGINIA,1981,Cheese,added,,7456000.0,,
WASHINGTON,1981,Cheese,added,,46456000.0,,
WISCONSIN,1981,Cheese,added,,1560171000.0,,
HAWAII,1981,Coffee,removed,2210000.0,,,
ALASKA,1981,Milk,added,,13400000.0,,
ARIZONA,1981,Milk,added,,1133000000.0,,
CONNECTICUT,1981,Milk,added,,624000000.0,,
DELAWARE,1981,Milk,added,,124000000.0,,
HAWAII,1981,Milk,added,,150000000.0,,
MAINE,1981,Milk,added,,698000000.0,,
MASSACHUSETTS,1981,Milk,added,,578000000.0,,
MONTANA,1981,Milk,added,,331000000.0,,
NEVADA,1981,Milk,added,,223000000.0,,
NEW HAMPSHIRE,1981,Milk,added,,346000000.0,,
NEW JERSEY,1981,Milk,added,,494000000.0,,
NEW MEXICO,1981,Milk,added,,671000000.0,,
RHODE ISLAND,1981,Milk,added,,46000000.0,,
SOUTH CAROLINA,1981,Milk,added,,552000000.0,,
SOUTH DAKOTA,1981,Milk,added,,1757000000.0,,
WEST VIRGINIA,1981,Milk,added,,350000000.0,,
WYOMING,1981,Milk,added,,136000000.0,,
ARKANSAS,1982,Cheese,added,,25834000.0,,
CALIFORNIA,1982,Cheese,added,,250261000.0,,
IDAHO,1982,Cheese,added,,135766000.0,,
ILLINOIS,1982,Cheese,added,,97295000.0,,
INDIANA,1982,Cheese,added,,63962000.0,,
IOWA,1982,Cheese,added,,206449000.0,,
KANSAS,1982,Cheese,added,,33829000.0,,
KENTUCKY,1982,Cheese,added,,56888000.0,,
MASSACHUSETTS,1982,Cheese,added,,9110000.0,,
MICHIGAN,1982,Cheese,added,,35774000.0,,
MINNESOTA,1982,Cheese,added,,567430000.0,,
MISSISSIPPI,1982,Cheese,added,,11098000.0,,
MISSOURI,1982,Cheese,added,,131452000.0,,
NEBRASKA,1982,Cheese,added,,76351000.0,,
NEW JERSEY,1982,Cheese,added,,66326000.0,,
NEW YORK,1982,Cheese,added,,357909000.0,,
NORTH DAKOTA,1982,Cheese,added,,49859000.0,,
OHIO,1982,Cheese,added,,94063000.0,,
OREGON,1982,Cheese,added,,34771000.0,,
PENNSYLVANIA,1982,Cheese,added,,127155000.0,,
SOUTH DAKOTA,1982,Cheese,added,,92083000.0,,
TENNESSEE,1982,Cheese,added,,34475000.0,,
UTAH,1982,Cheese,added,,93389000.0,,
VERMONT,1982,Cheese,added,,96913000.0,,
VIRGINIA,1982,Cheese,added,,5957000.0,,
WASHINGTON,1982,Cheese,added,,49706000.0,,
WISCONSIN,1982,Cheese,added,,1644529000.0,,
HAWAII,1982,Coffee,removed,990000.0,,,
ALABAMA,1982,Milk,changed,155000000.0,580000000.0,425000000.0,2.7419354838709675
ALASKA,1982,Milk,added,,13800000.0,,
ARIZONA,1982,Milk,added,,1202000000.0,,
ARKANSAS,1982,Milk,changed,202000000.0,828000000.0,626000000.0,3.099009900990099
CALIFORNIA,1982,Milk,changed,3492000000.0,14528000000.0,11036000000.0,3.1603665521191293
COLORADO,1982,Milk,changed,233000000.0,972000000.0,739000000.0,3.171673819742489
CONNECTICUT,1982,Milk,added,,644000000.0,,
DELAWARE,1982,Milk,added,,137000000.0,,
FLORIDA,1982,Milk,changed,589000000.0,2109000000.0,1520000000.0,2.5806451612903225
GEORGIA,1982,Milk,changed,381000000.0,1412000000.0,1031000000.0,2.706036745406824
HAWAII,1982,Milk,added,,144000000.0,,
IDAHO,1982,Milk,changed,523000000.0,2253000000.0,1730000000.0,3.3078393881453154
ILLINOIS,1982,Milk,changed,650000000.0,2657000000.0,2007000000.0,3.0876923076923077
INDIANA,1982,Milk,changed,553000000.0,2334000000.0,1781000000.0,3.220614828209765
IOWA,1982,Milk,changed,999000000.0,4004000000.0,3005000000.0,3.008008008008008
KANSAS,1982,Milk,changed,334000000.0,1356000000.0,1022000000.0,3.059880239520958
KENTUCKY,1982,Milk,changed,550000000.0,2364000000.0,1814000000.0,3.2981818181818183
LOUISIANA,1982,Milk,changed,265000000.0,975000000.0,710000000.0,2.6792452830188678
MAINE,1982,Milk,added,,727000000.0,,
MARYLAND,1982,Milk,changed,388000000.0,1581000000.0,1193000000.0,3.0747422680412373
MASSACHUSETTS,1982,Milk,added,,602000000.0,,
MICHIGAN,1982,Milk,changed,1265000000.0,5253000000.0,3988000000.0,3.1525691699604743
MINNESOTA,1982,Milk,changed,2676000000.0,10341000000.0,7665000000.0,2.8643497757847536
MISSISSIPPI,1982,Milk,changed,229000000.0,900000000.0,671000000.0,2.930131004366812
MISSOURI,1982,Milk,changed,683000000.0,2905000000.0,2222000000.0,3.253294289897511
MONTANA,1982,Milk,added,,341000000.0,,
NEBRASKA,1982,Milk,changed,314000000.0,1340000000.0,1026000000.0,3.267515923566879
NEVADA,1982,Milk,added,,225000000.0,,
NEW HAMPSHIRE,1982,Milk,added,,365000000.0,,
NEW JERSEY,1982,Milk,added,,492000000.0,,
NEW MEXICO,1982,Milk,added,,812000000.0,,
NEW YORK,1982,Milk,changed,2741000000.0,11097000000.0,8356000000.0,3.048522437066764
NORTH CAROLINA,1982,Milk,changed,425000000.0,1686000000.0,1261000000.0,2.967058823529412
NORTH DAKOTA,1982,Milk,changed,247000000.0,1020000000.0,773000000.0,3.1295546558704452
OHIO,1982,Milk,changed,1078000000.0,4550000000.0,3472000000.0,3.220779220779221
OKLAHOMA,1982,Milk,changed,288000000.0,1165000000.0,877000000.0,3.045138888888889
OREGON,1982,Milk,changed,296000000.0,1301000000.0,1005000000.0,3.39527027027027
PENNSYLVANIA,1982,Milk,changed,2266000000.0,9264000000.0,6998000000.0,3.088261253309797
RHODE ISLAND,1982,Milk,added,,46000000.0,,
SOUTH CAROLINA,1982,Milk,added,,567000000.0,,
SOUTH DAKOTA,1982,Milk,added,,1762000000.0,,
TENNESSEE,1982,Milk,changed,544000000.0,2326000000.0,1782000000.0,3.275735294117647
TEXAS,1982,Milk,changed,959000000.0,3780000000.0,2821000000.0,2.9416058394160585
UTAH,1982,Milk,changed,269000000.0,1162000000.0,893000000.0,3.319702602230483
VERMONT,1982,Milk,changed,573000000.0,2385000000.0,1812000000.0,3.162303664921466
VIRGINIA,1982,Milk,changed,507000000.0,2059000000.0,1552000000.0,3.0611439842209074
WASHINGTON,1982,Milk,changed,751000000.0,3222000000.0,2471000000.0,3.2902796271637818
WEST VIRGINIA,1982,Milk,added,,349000000.0,,
WISCONSIN,1982,Milk,changed,5639000000.0,23230000000.0,17591000000.0,3.1195247384287996
WYOMING,1982,Milk,added,,137000000.0,,
ARKANSAS,1983,Cheese,added,,29706000.0,,
CALIFORNIA,1983,Cheese,added,,282256000.0,,
IDAHO,1983,Cheese,added,,136402000.0,,
ILLINOIS,1983,Cheese,added,,103987000.0,,
INDIANA,1983,Cheese,added,,64630000.0,,
IOWA,1983,Cheese,added,,220497000.0,,
KANSAS,1983,Cheese,added,,37626000.0,,
KENTUCKY,1983,Cheese,added,,54977000.0,,
MASSACHUSETTS,1983,Cheese,added,,12643000.0,,
MICHIGAN,1983,Cheese,added,,37836000.0,,
MINNESOTA,1983,Cheese,added,,587544000.0,,
MISSISSIPPI,1983,Cheese,added,,13047000.0,,
MISSOURI,1983,Cheese,added,,138322000.0,,
NEBRASKA,1983,Cheese,added,,78908000.0,,
NEW JERSEY,1983,Cheese,added,,47803000.0,,
NEW YORK,1983,Cheese,added,,398271000.0,,
NORTH DAKOTA,1983,Cheese,added,,55553000.0,,
OHIO,1983,Cheese,added,,98230000.0,,
OREGON,1983,Cheese,added,,31195000.0,,
PENNSYLVANIA,1983,Cheese,added,,147463000.0,,
SOUTH DAKOTA,1983,Cheese,added,,116795000.0,,
TENNESSEE,1983,Cheese,added,,34163000.0,,
UTAH,1983,Cheese,added,,88359000.0,,
VERMONT,1983,Cheese,added,,94363000.0,,
VIRGINIA,1983,Cheese,added,,7224000.0,,
WASHINGTON,1983,Cheese,added,,60011000.0,,
WISCONSIN,1983,Cheese,added,,1728332000.0,,
HAWAII,1983,Coffee,removed,2800000.0,,,
ALASKA,1983,Milk,added,,13500000.0,,
ARIZONA,1983,Milk,added,,1237000000.0,,
CONNECTICUT,1983,Milk,added,,655000000.0,,
DELAWARE,1983,Milk,added,,137000000.0,,
HAWAII,1983,Milk,added,,149000000.0,,
MAINE,1983,Milk,added,,736000000.0,,
MASSACHUSETTS,1983,Milk,added,,613000000.0,,
MONTANA,1983,Milk,added,,355000000.0,,
NEVADA,1983,Milk,added,,227000000.0,,
NEW HAMPSHIRE,1983,Milk,added,,379000000.0,,
NEW JERSEY,1983,Milk,added,,500000000.0,,
NEW MEXICO,1983,Milk,added,,938000000.0,,
RHODE ISLAND,1983,Milk,added,,45000000.0,,
SOUTH CAROLINA,1983,Milk,added,,573000000.0,,
SOUTH DAKOTA,1983,Milk,added,,1771000000.0,,
WEST VIRGINIA,1983,Milk,added,,365000000.0,,
WYOMING,1983,Milk,added,,136000000.0,,
ARKANSAS,1984,Cheese,added,,20403000.0,,
CALIFORNIA,1984,Cheese,added,,304835000.0,,
CONNECTICUT,1984,Cheese,added,,4964000.0,,
IDAHO,1984,Cheese,added,,131861000.0,,
ILLINOIS,1984,Cheese,added,,100701000.0,,
INDIANA,1984,Cheese,added,,46102000.0,,
IOWA,1984,Cheese,added,,218501000.0,,
KANSAS,1984,Cheese,added,,30669000.0,,
KENTUCKY,1984,Cheese,added,,41464000.0,,
MICHIGAN,1984,Cheese,added,,40531000.0,,
MINNESOTA,1984,Cheese,added,,560858000.0,,
MISSISSIPPI,1984,Cheese,added,,10579000.0,,
MISSOURI,1984,Cheese,added,,133648000.0,,
NEBRASKA,1984,Cheese,added,,71462000.0,,
NEW JERSEY,1984,Cheese,added,,42063000.0,,
NEW YORK,1984,Cheese,added,,423486000.0,,
NORTH DAKOTA,1984,Cheese,added,,52418000.0,,
OHIO,1984,Cheese,added,,97432000.0,,
OREGON,1984,Cheese,added,,30241000.0,,
PENNSYLVANIA,1984,Cheese,added,,147441000.0,,
SOUTH DAKOTA,1984,Cheese,added,,125926000.0,,
TENNESSEE,1984,Cheese,added,,23825000.0,,
UTAH,1984,Cheese,added,,76666000.0,,
VERMONT,1984,Cheese,added,,92708000.0,,
VIRGINIA,1984,Cheese,added,,5302000.0,,
WASHINGTON,1984,Cheese,added,,47205000.0,,
WISCONSIN,1984,Cheese,added,,1698150000.0,,
HAWAII,1984,Coffee,removed,1750000.0,,,
ALASKA,1984,Milk,added,,13900000.0,,
ARIZONA,1984,Milk,added,,1222000000.0,,
CONNECTICUT,1984,Milk,added,,611000000.0,,
DELAWARE,1984,Milk,added,,131500000.0,,
HAWAII,1984,Milk,added,,148000000.0,,
MAINE,1984,Milk,added,,694000000.0,,
MASSACHUSETTS,1984,Milk,added,,573000000.0,,
MONTANA,1984,Milk,added,,341000000.0,,
NEVADA,1984,Milk,added,,235000000.0,,
NEW HAMPSHIRE,1984,Milk,added,,361000000.0,,
NEW JERSEY,1984,Milk,added,,474000000.0,,
NEW MEXICO,1984,Milk,added,,1006000000.0,,
RHODE ISLAND,1984,Milk,added,,44000000.0,,
SOUTH CAROLINA,1984,Milk,added,,541000000.0,,
SOUTH DAKOTA,1984,Milk,added,,1622000000.0,,
WEST VIRGINIA,1984,Milk,added,,369000000.0,,
WYOMING,1984,Milk,added,,132000000.0,,
ARKANSAS,1985,Cheese,added,,23166000.0,,
CALIFORNIA,1985,Cheese,added,,374228000.0,,
CONNECTICUT,1985,Cheese,added,,5213000.0,,
IDAHO,1985,Cheese,added,,140421000.0,,
ILLINOIS,1985,Cheese,added,,104877000.0,,
INDIANA,1985,Cheese,added,,45081000.0,,
IOWA,1985,Cheese,added,,233626000.0,,
KANSAS,1985,Cheese,added,,36446000.0,,
KENTUCKY,1985,Cheese,added,,52399000.0,,
MICHIGAN,1985,Cheese,added,,51387000.0,,
MINNESOTA,1985,Cheese,added,,595144000.0,,
MISSISSIPPI,1985,Cheese,added,,12570000.0,,
MISSOURI,1985,Cheese,added,,141386000.0,,
NEBRASKA,1985,Cheese,added,,81998000.0,,
NEW JERSEY,1985,Cheese,added,,43394000.0,,
NEW YORK,1985,Cheese,added,,449026000.0,,
NORTH DAKOTA,1985,Cheese,added,,53991000.0,,
OHIO,1985,Cheese,added,,106608000.0,,
OREGON,1985,Cheese,added,,31233000.0,,
PENNSYLVANIA,1985,Cheese,added,,221595000.0,,
SOUTH DAKOTA,1985,Cheese,added,,131777000.0,,
TENNESSEE,1985,Cheese,added,,20470000.0,,
UTAH,1985,Cheese,added,,71088000.0,,
VERMONT,1985,Cheese,added,,105175000.0,,
VIRGINIA,1985,Cheese,added,,6445000.0,,
WASHINGTON,1985,Cheese,added,,51851000.0,,
WISCONSIN,1985,Cheese,added,,1778265000.0,,
HAWAII,1985,Coffee,removed,1850000.0,,,
ALASKA,1985,Milk,added,,22200000.0,,
ARIZONA,1985,Milk,added,,1348000000.0,,
CONNECTICUT,1985,Milk,added,,620000000.0,,
DELAWARE,1985,Milk,added,,147100000.0,,
HAWAII,1985,Milk,added,,142000000.0,,
MAINE,1985,Milk,added,,673000000.0,,
MASSACHUSETTS,1985,Milk,added,,596000000.0,,
MONTANA,1985,Milk,added,,349000000.0,,
NEVADA,1985,Milk,added,,242000000.0,,
NEW HAMPSHIRE,1985,Milk,added,,364000000.0,,
NEW JERSEY,1985,Milk,added,,487000000.0,,
NEW MEXICO,1985,Milk,added,,1078000000.0,,
RHODE ISLAND,1985,Milk,added,,44000000.0,,
SOUTH CAROLINA,1985,Milk,added,,576000000.0,,
SOUTH DAKOTA,1985,Milk,added,,1744000000.0,,
WEST VIRGINIA,1985,Milk,added,,382000000.0,,
WYOMING,1985,Milk,added,,134000000.0,,
CALIFORNIA,1986,Cheese,added,,443370000.0,,
IDAHO,1986,Cheese,added,,132885000.0,,
ILLINOIS,1986,Cheese,added,,96485000.0,,
INDIANA,1986,Cheese,added,,41959000.0,,
IOWA,1986,Cheese,added,,231726000.0,,
KANSAS,1986,Cheese,added,,38917000.0,,
KENTUCKY,1986,Cheese,added,,52711000.0,,
MICHIGAN,1986,Cheese,added,,53566000.0,,
MINNESOTA,1986,Cheese,added,,566872000.0,,
MISSISSIPPI,1986,Cheese,added,,11522000.0,,
MISSOURI,1986,Cheese,added,,152581000.0,,
NEBRASKA,1986,Cheese,added,,92248000.0,,
NEW JERSEY,1986,Cheese,added,,43375000.0,,
NEW YORK,1986,Cheese,added,,484300000.0,,
NORTH DAKOTA,1986,Cheese,added,,48493000.0,,
OHIO,1986,Cheese,added,,107487000.0,,
OREGON,1986,Cheese,added,,26812000.0,,
PENNSYLVANIA,1986,Cheese,added,,227898000.0,,
SOUTH DAKOTA,1986,Cheese,added,,127259000.0,,
TENNESSEE,1986,Cheese,added,,17513000.0,,
UTAH,1986,Cheese,added,,68450000.0,,
VERMONT,1986,Cheese,added,,106587000.0,,
VIRGINIA,1986,Cheese,added,,5826000.0,,
WASHINGTON,1986,Cheese,added,,57175000.0,,
WISCONSIN,1986,Cheese,added,,1813542000.0,,
HAWAII,1986,Coffee,removed,3000000.0,,,
ALABAMA,1986,Milk,added,,529000000.0,,
ALASKA,1986,Milk,added,,31500000.0,,
ARIZONA,1986,Milk,added,,1368000000.0,,
ARKANSAS,1986,Milk,added,,755000000.0,,
COLORADO,1986,Milk,added,,1188000000.0,,
CONNECTICUT,1986,Milk,added,,600000000.0,,
DELAWARE,1986,Milk,added,,146000000.0,,
GEORGIA,1986,Milk,added,,1265000000.0,,
HAWAII,1986,Milk,added,,156000000.0,,
KANSAS,1986,Milk,added,,1301000000.0,,
LOUISIANA,1986,Milk,added,,887000000.0,,
MAINE,1986,Milk,added,,694000000.0,,
MASSACHUSETTS,1986,Milk,added,,559000000.0,,
MISSISSIPPI,1986,Milk,added,,841000000.0,,
MONTANA,1986,Milk,added,,338000000.0,,
NEBRASKA,1986,Milk,added,,1350000000.0,,
NEVADA,1986,Milk,added,,250000000.0,,
NEW HAMPSHIRE,1986,Milk,added,,373000000.0,,
NEW JERSEY,1986,Milk,added,,479000000.0,,
NEW MEXICO,1986,Milk,added,,1092000000.0,,
NORTH DAKOTA,1986,Milk,added,,1074000000.0,,
OKLAHOMA,1986,Milk,added,,1190000000.0,,
OREGON,1986,Milk,added,,1471000000.0,,
RHODE ISLAND,1986,Milk,added,,41000000.0,,
SOUTH CAROLINA,1986,Milk,added,,535000000.0,,
SOUTH DAKOTA,1986,Milk,added,,1685000000.0,,
UTAH,1986,Milk,added,,1157000000.0,,
WEST VIRGINIA,1986,Milk,added,,375000000.0,,
WYOMING,1986,Milk,added,,131000000.0,,
CALIFORNIA,1987,Cheese,added,,492852000.0,,
IDAHO,1987,Cheese,added,,140839000.0,,
ILLINOIS,1987,Cheese,added,,97779000.0,,
INDIANA,1987,Cheese,added,,35331000.0,,
IOWA,1987,Cheese,added,,245701000.0,,
KANSAS,1987,Cheese,added,,39881000.0,,
KENTUCKY,1987,Cheese,added,,44923000.0,,
MICHIGAN,1987,Cheese,added,,55075000.0,,
MINNESOTA,1987,Cheese,added,,580944000.0,,
MISSISSIPPI,1987,Cheese,added,,6500000.0,,
MISSOURI,1987,Cheese,added,,148261000.0,,
NEBRASKA,1987,Cheese,added,,94072000.0,,
NEW JERSEY,1987,Cheese,added,,44455000.0,,
NEW YORK,1987,Cheese,added,,500996000.0,,
NORTH DAKOTA,1987,Cheese,added,,44948000.0,,
OHIO,1987,Cheese,added,,97953000.0,,
OREGON,1987,Cheese,added,,30997000.0,,
PENNSYLVANIA,1987,Cheese,added,,223444000.0,,
SOUTH DAKOTA,1987,Cheese,added,,134082000.0,,
TENNESSEE,1987,Cheese,added,,16012000.0,,
UTAH,1987,Cheese,added,,58017000.0,,
VERMONT,1987,Cheese,added,,106444000.0,,
VIRGINIA,1987,Cheese,added,,3093000.0,,
WASHINGTON,1987,Cheese,added,,57879000.0,,
WISCONSIN,1987,Cheese,added,,1874492000.0,,
HAWAII,1987,Coffee,removed,1800000.0,,,
ALABAMA,1987,Milk,added,,502000000.0,,
ALASKA,1987,Milk,added,,34800000.0,,
ARIZONA,1987,Milk,added,,1432000000.0,,
ARKANSAS,1987,Milk,added,,748000000.0,,
COLORADO,1987,Milk,added,,1192000000.0,,
CONNECTICUT,1987,Milk,added,,567000000.0,,
DELAWARE,1987,Milk,added,,139000000.0,,
GEORGIA,1987,Milk,added,,1160000000.0,,
HAWAII,1987,Milk,added,,156000000.0,,
KANSAS,1987,Milk,added,,1261000000.0,,
LOUISIANA,1987,Milk,added,,881000000.0,,
MAINE,1987,Milk,added,,670000000.0,,
MASSACHUSETTS,1987,Milk,added,,506000000.0,,
MISSISSIPPI,1987,Milk,added,,786000000.0,,
MONTANA,1987,Milk,added,,339000000.0,,
NEBRASKA,1987,Milk,added,,1340000000.0,,
NEVADA,1987,Milk,added,,263000000.0,,
NEW HAMPSHIRE,1987,Milk,added,,323000000.0,,
NEW JERSEY,1987,Milk,added,,436000000.0,,
NEW MEXICO,1987,Milk,added,,979000000.0,,
NORTH DAKOTA,1987,Milk,added,,1087000000.0,,
OKLAHOMA,1987,Milk,added,,1170000000.0,,
OREGON,1987,Milk,added,,1471000000.0,,
RHODE ISLAND,1987,Milk,added,,40000000.0,,
SOUTH CAROLINA,1987,Milk,added,,487000000.0,,
SOUTH DAKOTA,1987,Milk,added,,1718000000.0,,
UTAH,1987,Milk,added,,1121000000.0,,
WEST VIRGINIA,1987,Milk,added,,349000000.0,,
WYOMING,1987,Milk,added,,120000000.0,,
CALIFORNIA,1988,Cheese,added,,540676000.0,,
IDAHO,1988,Cheese,added,,153053000.0,,
ILLINOIS,1988,Cheese,added,,108963000.0,,
INDIANA,1988,Cheese,added,,32188000.0,,
IOWA,1988,Cheese,added,,258943000.0,,
KANSAS,1988,Cheese,added,,47268000.0,,
KENTUCKY,1988,Cheese,added,,33336000.0,,
MICHIGAN,1988,Cheese,added,,69043000.0,,
MINNESOTA,1988,Cheese,added,,635025000.0,,
MISSISSIPPI,1988,Cheese,added,,9610000.0,,
MISSOURI,1988,Cheese,added,,181850000.0,,
NEBRASKA,1988,Cheese,added,,91524000.0,,
NEW JERSEY,1988,Cheese,added,,42821000.0,,
NEW YORK,1988,Cheese,added,,509372000.0,,
NORTH DAKOTA,1988,Cheese,added,,41754000.0,,
OHIO,1988,Cheese,added,,97426000.0,,
OREGON,1988,Cheese,added,,31324000.0,,
PENNSYLVANIA,1988,Cheese,added,,223161000.0,,
SOUTH DAKOTA,1988,Cheese,added,,134859000.0,,
TENNESSEE,1988,Cheese,added,,16474000.0,,
UTAH,1988,Cheese,added,,63563000.0,,
VERMONT,1988,Cheese,added,,113071000.0,,
WASHINGTON,1988,Cheese,added,,53732000.0,,
WISCONSIN,1988,Cheese,added,,1901379000.0,,
HAWAII,1988,Coffee,removed,2000000.0,,,
ALABAMA,1988,Milk,added,,524000000.0,,
ALASKA,1988,Milk,added,,30700000.0,,
ARIZONA,1988,Milk,added,,1500000000.0,,
ARKANSAS,1988,Milk,added,,789000000.0,,
COLORADO,1988,Milk,added,,1227000000.0,,
CONNECTICUT,1988,Milk,added,,541000000.0,,
DELAWARE,1988,Milk,added,,135000000.0,,
GEORGIA,1988,Milk,added,,1235000000.0,,
HAWAII,1988,Milk,added,,160000000.0,,
KANSAS,1988,Milk,added,,1269000000.0,,
LOUISIANA,1988,Milk,added,,930000000.0,,
MAINE,1988,Milk,added,,644000000.0,,
MASSACHUSETTS,1988,Milk,added,,461000000.0,,
MISSISSIPPI,1988,Milk,added,,794000000.0,,
MONTANA,1988,Milk,added,,352000000.0,,
NEBRASKA,1988,Milk,added,,1364000000.0,,
NEVADA,1988,Milk,added,,278000000.0,,
NEW HAMPSHIRE,1988,Milk,added,,304000000.0,,
NEW JERSEY,1988,Milk,added,,396000000.0,,
NEW MEXICO,1988,Milk,added,,1099000000.0,,
NORTH DAKOTA,1988,Milk,added,,1062000000.0,,
OKLAHOMA,1988,Milk,added,,1180000000.0,,
OREGON,1988,Milk,added,,1503000000.0,,
RHODE ISLAND,1988,Milk,added,,39000000.0,,
SOUTH CAROLINA,1988,Milk,added,,477000000.0,,
SOUTH DAKOTA,1988,Milk,added,,1747000000.0,,
UTAH,1988,Milk,added,,1167000000.0,,
WEST VIRGINIA,1988,Milk,added,,301000000.0,,
WYOMING,1988,Milk,added,,125000000.0,,
CALIFORNIA,1989,Cheese,added,,608088000.0,,
IDAHO,1989,Cheese,added,,160648000.0,,
ILLINOIS,1989,Cheese,added,,115090000.0,,
INDIANA,1989,Cheese,added,,27183000.0,,
IOWA,1989,Cheese,added,,256091000.0,,
KANSAS,1989,Cheese,added,,46988000.0,,
KENTUCKY,1989,Cheese,added,,31373000.0,,
MICHIGAN,1989,Cheese,added,,73673000.0,,
MINNESOTA,1989,Cheese,added,,610843000.0,,
MISSISSIPPI,1989,Cheese,added,,8808000.0,,
MISSOURI,1989,Cheese,added,,191757000.0,,
NEBRASKA,1989,Cheese,added,,112959000.0,,
NEW JERSEY,1989,Cheese,added,,44404000.0,,
NEW YORK,1989,Cheese,added,,500172000.0,,
NORTH DAKOTA,1989,Cheese,added,,40017000.0,,
OHIO,1989,Cheese,added,,92137000.0,,
OREGON,1989,Cheese,added,,34810000.0,,
PENNSYLVANIA,1989,Cheese,added,,220564000.0,,
SOUTH DAKOTA,1989,Cheese,added,,148849000.0,,
TENNESSEE,1989,Cheese,added,,13202000.0,,
UTAH,1989,Cheese,added,,65042000.0,,
VERMONT,1989,Cheese,added,,108371000.0,,
WASHINGTON,1989,Cheese,added,,67630000.0,,
WISCONSIN,1989,Cheese,added,,1847455000.0,,
HAWAII,1989,Coffee,removed,3200000.0,,,
ALABAMA,1989,Milk,added,,527000000.0,,
ALASKA,1989,Milk,added,,23300000.0,,
ARIZONA,1989,Milk,added,,1525000000.0,,
ARKANSAS,1989,Milk,added,,794000000.0,,
COLORADO,1989,Milk,added,,1277000000.0,,
CONNECTICUT,1989,Milk,added,,524000000.0,,
DELAWARE,1989,Milk,added,,127600000.0,,
GEORGIA,1989,Milk,added,,1303000000.0,,
HAWAII,1989,Milk,added,,154000000.0,,
KANSAS,1989,Milk,added,,1256000000.0,,
LOUISIANA,1989,Milk,added,,950000000.0,,
MAINE,1989,Milk,added,,609000000.0,,
MASSACHUSETTS,1989,Milk,added,,448000000.0,,
MISSISSIPPI,1989,Milk,added,,767000000.0,,
MONTANA,1989,Milk,added,,327000000.0,,
NEBRASKA,1989,Milk,added,,1360000000.0,,
NEVADA,1989,Milk,added,,295000000.0,,
NEW HAMPSHIRE,1989,Milk,added,,292000000.0,,
NEW JERSEY,1989,Milk,added,,364000000.0,,
NEW MEXICO,1989,Milk,added,,1243000000.0,,
NORTH DAKOTA,1989,Milk,added,,1030000000.0,,
OKLAHOMA,1989,Milk,added,,1232000000.0,,
OREGON,1989,Milk,added,,1509000000.0,,
RHODE ISLAND,1989,Milk,added,,34000000.0,,
SOUTH CAROLINA,1989,Milk,added,,462000000.0,,
SOUTH DAKOTA,1989,Milk,added,,1724000000.0,,
UTAH,1989,Milk,added,,1170000000.0,,
WEST VIRGINIA,1989,Milk,added,,279000000.0,,
WYOMING,1989,Milk,added,,124000000.0,,
HAWAII,1990,Coffee,removed,2800000.0,,,
ALABAMA,1990,Milk,added,,513000000.0,,
ALASKA,1990,Milk,added,,16800000.0,,
ARIZONA,1990,Milk,added,,1645000000.0,,
ARKANSAS,1990,Milk,added,,817000000.0,,
COLORADO,1990,Milk,added,,1323000000.0,,
CONNECTICUT,1990,Milk,added,,515000000.0,,
DELAWARE,1990,Milk,added,,123000000.0,,
GEORGIA,1990,Milk,added,,1440000000.0,,
HAWAII,1990,Milk,added,,151000000.0,,
KANSAS,1990,Milk,added,,1245000000.0,,
LOUISIANA,1990,Milk,added,,940000000.0,,
MAINE,1990,Milk,added,,614000000.0,,
MASSACHUSETTS,1990,Milk,added,,461000000.0,,
MISSISSIPPI,1990,Milk,added,,749000000.0,,
MONTANA,1990,Milk,added,,325000000.0,,
NEBRASKA,1990,Milk,added,,1345000000.0,,
NEVADA,1990,Milk,added,,328000000.0,,
NEW HAMPSHIRE,1990,Milk,added,,302000000.0,,
NEW JERSEY,1990,Milk,added,,352000000.0,,
NEW MEXICO,1990,Milk,added,,1524000000.0,,
NORTH DAKOTA,1990,Milk,added,,1073000000.0,,
OKLAHOMA,1990,Milk,added,,1245000000.0,,
OREGON,1990,Milk,added,,1611000000.0,,
RHODE ISLAND,1990,Milk,added,,34200000.0,,
SOUTH CAROLINA,1990,Milk,added,,447000000.0,,
SOUTH DAKOTA,1990,Milk,added,,1716000000.0,,
UTAH,1990,Milk,added,,1267000000.0,,
WEST VIRGINIA,1990,Milk,added,,270000000.0,,
WYOMING,1990,Milk,added,,124600000.0,,
HAWAII,1991,Coffee,removed,2800000.0,,,
ALABAMA,1991,Milk,added,,521000000.0,,
ALASKA,1991,Milk,added,,13300000.0,,
ARIZONA,1991,Milk,added,,1713000000.0,,
ARKANSAS,1991,Milk,added,,783000000.0,,
COLORADO,1991,Milk,added,,1335000000.0,,
CONNECTICUT,1991,Milk,added,,523000000.0,,
DELAWARE,1991,Milk,added,,130000000.0,,
GEORGIA,1991,Milk,added,,1447000000.0,,
HAWAII,1991,Milk,added,,141000000.0,,
KANSAS,1991,Milk,added,,1230000000.0,,
LOUISIANA,1991,Milk,added,,934000000.0,,
MAINE,1991,Milk,added,,621000000.0,,
MASSACHUSETTS,1991,Milk,added,,465000000.0,,
MISSISSIPPI,1991,Milk,added,,738000000.0,,
MONTANA,1991,Milk,added,,330000000.0,,
NEBRASKA,1991,Milk,added,,1280000000.0,,
NEVADA,1991,Milk,added,,350000000.0,,
NEW HAMPSHIRE,1991,Milk,added,,318000000.0,,
NEW JERSEY,1991,Milk,added,,354000000.0,,
NEW MEXICO,1991,Milk,added,,1917000000.0,,
NORTH DAKOTA,1991,Milk,added,,1035000000.0,,
OKLAHOMA,1991,Milk,added,,1223000000.0,,
OREGON,1991,Milk,added,,1659000000.0,,
RHODE ISLAND,1991,Milk,added,,34400000.0,,
SOUTH CAROLINA,1991,Milk,added,,405000000.0,,
SOUTH DAKOTA,1991,Milk,added,,1674000000.0,,
UTAH,1991,Milk,added,,1262000000.0,,
WEST VIRGINIA,1991,Milk,added,,270000000.0,,
WYOMING,1991,Milk,added,,109300000.0,,
HAWAII,1992,Coffee,removed,2400000.0,,,
ALABAMA,1992,Milk,added,,503000000.0,,
ALASKA,1992,Milk,added,,12200000.0,,
ARIZONA,1992,Milk,changed,453000000.0,1787000000.0,1334000000.0,2.944812362030905
ARKANSAS,1992,Milk,added,,787000000.0,,
COLORADO,1992,Milk,added,,1416000000.0,,
CONNECTICUT,1992,Milk,added,,541000000.0,,
DELAWARE,1992,Milk,added,,138200000.0,,
GEORGIA,1992,Milk,added,,1518000000.0,,
HAWAII,1992,Milk,added,,145000000.0,,
ILLINOIS,1992,Milk,changed,2533000000.0,2525000000.0,-8000000.0,-0.0031583103039873666
IOWA,1992,Milk,changed,4030000000.0,4006000000.0,-24000000.0,-0.005955334987593052
KANSAS,1992,Milk,added,,1220000000.0,,
LOUISIANA,1992,Milk,added,,960000000.0,,
MAINE,1992,Milk,added,,642000000.0,,
MASSACHUSETTS,1992,Milk,added,,479000000.0,,
MINNESOTA,1992,Milk,changed,9857000000.0,9858000000.0,1000000.0,0.00010145074566298062
MISSISSIPPI,1992,Milk,added,,756000000.0,,
MONTANA,1992,Milk,added,,327000000.0,,
NEBRASKA,1992,Milk,added,,1230000000.0,,
NEVADA,1992,Milk,added,,353000000.0,,
NEW HAMPSHIRE,1992,Milk,added,,332000000.0,,
NEW JERSEY,1992,Milk,added,,357000000.0,,
NEW MEXICO,1992,Milk,changed,560000000.0,2174000000.0,1614000000.0,2.882142857142857
NORTH DAKOTA,1992,Milk,added,,989000000.0,,
OKLAHOMA,1992,Milk,added,,1231000000.0,,
OREGON,1992,Milk,added,,1712000000.0,,
RHODE ISLAND,1992,Milk,added,,33300000.0,,
SOUTH CAROLINA,1992,Milk,added,,416000000.0,,
SOUTH DAKOTA,1992,Milk,added,,1660000000.0,,
UTAH,1992,Milk,added,,1345000000.0,,
WEST VIRGINIA,1992,Milk,added,,278000000.0,,
WISCONSIN,1992,Milk,changed,23850000000.0,23844000000.0,-6000000.0,-0.00025157232704402514
WYOMING,1992,Milk,added,,104200000.0,,
HAWAII,1993,Coffee,removed,2900000.0,,,
ALABAMA,1993,Milk,added,,515000000.0,,
ALASKA,1993,Milk,added,,12000000.0,,
ARKANSAS,1993,Milk,added,,769000000.0,,
COLORADO,1993,Milk,added,,1454000000.0,,
CONNECTICUT,1993,Milk,added,,543000000.0,,
DELAWARE,1993,Milk,added,,147000000.0,,
GEORGIA,1993,Milk,added,,1535000000.0,,
HAWAII,1993,Milk,added,,142000000.0,,
KANSAS,1993,Milk,added,,1080000000.0,,
LOUISIANA,1993,Milk,added,,935000000.0,,
MAINE,1993,Milk,added,,663000000.0,,
MARYLAND,1993,Milk,added,,1400000000.0,,
MASSACHUSETTS,1993,Milk,added,,478000000.0,,
MISSISSIPPI,1993,Milk,added,,745000000.0,,
MONTANA,1993,Milk,added,,307000000.0,,
NEBRASKA,1993,Milk,added,,1125000000.0,,
NEVADA,1993,Milk,added,,348000000.0,,
NEW HAMPSHIRE,1993,Milk,added,,325000000.0,,
NEW JERSEY,1993,Milk,added,,363000000.0,,
NORTH CAROLINA,1993,Milk,added,,1498000000.0,,
NORTH DAKOTA,1993,Milk,added,,918000000.0,,
OKLAHOMA,1993,Milk,added,,1257000000.0,,
OREGON,1993,Milk,added,,1692000000.0,,
RHODE ISLAND,1993,Milk,added,,32000000.0,,
SOUTH CAROLINA,1993,Milk,added,,418000000.0,,
SOUTH DAKOTA,1993,Milk,added,,1619000000.0,,
TENNESSEE,1993,Milk,added,,1897000000.0,,
UTAH,1993,Milk,added,,1332000000.0,,
WEST VIRGINIA,1993,Milk,added,,275000000.0,,
WYOMING,1993,Milk,added,,100000000.0,,
HAWAII,1994,Coffee,removed,4300000.0,,,
ALABAMA,1994,Milk,added,,500000000.0,,
ALASKA,1994,Milk,added,,13000000.0,,
ARKANSAS,1994,Milk,added,,753000000.0,,
COLORADO,1994,Milk,added,,1553000000.0,,
CONNECTICUT,1994,Milk,added,,530000000.0,,
DELAWARE,1994,Milk,added,,143000000.0,,
GEORGIA,1994,Milk,added,,1595000000.0,,
HAWAII,1994,Milk,added,,139000000.0,,
KANSAS,1994,Milk,added,,1125000000.0,,
LOUISIANA,1994,Milk,added,,925000000.0,,
MAINE,1994,Milk,added,,639000000.0,,
MARYLAND,1994,Milk,added,,1335000000.0,,
MASSACHUSETTS,1994,Milk,added,,455000000.0,,
MISSISSIPPI,1994,Milk,added,,731000000.0,,
MONTANA,1994,Milk,added,,307000000.0,,
NEBRASKA,1994,Milk,added,,1110000000.0,,
NEVADA,1994,Milk,added,,413000000.0,,
NEW HAMPSHIRE,1994,Milk,added,,313000000.0,,
NEW JERSEY,1994,Milk,added,,330000000.0,,
NORTH CAROLINA,1994,Milk,added,,1473000000.0,,
NORTH DAKOTA,1994,Milk,added,,869000000.0,,
OKLAHOMA,1994,Milk,added,,1287000000.0,,
OREGON,1994,Milk,added,,1714000000.0,,
RHODE ISLAND,1994,Milk,added,,32000000.0,,
SOUTH CAROLINA,1994,Milk,added,,411000000.0,,
SOUTH DAKOTA,1994,Milk,added,,1589000000.0,,
TENNESSEE,1994,Milk,added,,1812000000.0,,
UTAH,1994,Milk,added,,1431000000.0,,
WEST VIRGINIA,1994,Milk,added,,272000000.0,,
WYOMING,1994,Milk,added,,91000000.0,,
HAWAII,1995,Coffee,removed,5400000.0,,,
ALABAMA,1995,Milk,added,,482000000.0,,
ALASKA,1995,Milk,added,,12000000.0,,
ARKANSAS,1995,Milk,added,,729000000.0,,
COLORADO,1995,Milk,added,,1551000000.0,,
CONNECTICUT,1995,Milk,added,,526000000.0,,
DELAWARE,1995,Milk,added,,145000000.0,,
GEORGIA,1995,Milk,added,,1555000000.0,,
HAWAII,1995,Milk,added,,142000000.0,,
KANSAS,1995,Milk,added,,1180000000.0,,
LOUISIANA,1995,Milk,added,,905000000.0,,
MAINE,1995,Milk,added,,641000000.0,,
MARYLAND,1995,Milk,added,,1340000000.0,,
MASSACHUSETTS,1995,Milk,added,,448000000.0,,
MISSISSIPPI,1995,Milk,added,,710000000.0,,
MONTANA,1995,Milk,added,,315000000.0,,
NEBRASKA,1995,Milk,added,,1095000000.0,,
NEVADA,1995,Milk,added,,426000000.0,,
NEW HAMPSHIRE,1995,Milk,added,,326000000.0,,
NEW JERSEY,1995,Milk,added,,320000000.0,,
NORTH CAROLINA,1995,Milk,added,,1403000000.0,,
NORTH DAKOTA,1995,Milk,added,,838000000.0,,
OKLAHOMA,1995,Milk,added,,1293000000.0,,
OREGON,1995,Milk,added,,1677000000.0,,
RHODE ISLAND,1995,Milk,added,,33000000.0,,
SOUTH CAROLINA,1995,Milk,added,,391000000.0,,
SOUTH DAKOTA,1995,Milk,added,,1581000000.0,,
TENNESSEE,1995,Milk,added,,1745000000.0,,
UTAH,1995,Milk,added,,1473000000.0,,
WEST VIRGINIA,1995,Milk,added,,266000000.0,,
WYOMING,1995,Milk,added,,87000000.0,,
HAWAII,1996,Coffee,removed,6400000.0,,,
ALABAMA,1996,Milk,added,,434000000.0,,
ALASKA,1996,Milk,added,,14000000.0,,
ARKANSAS,1996,Milk,added,,675000000.0,,
COLORADO,1996,Milk,added,,1633000000.0,,
CONNECTICUT,1996,Milk,added,,499000000.0,,
DELAWARE,1996,Milk,added,,140000000.0,,
GEORGIA,1996,Milk,added,,1486000000.0,,
HAWAII,1996,Milk,added,,129000000.0,,
KANSAS,1996,Milk,added,,1200000000.0,,
LOUISIANA,1996,Milk,added,,838000000.0,,
MAINE,1996,Milk,added,,648000000.0,,
MARYLAND,1996,Milk,added,,1312000000.0,,
MASSACHUSETTS,1996,Milk,added,,440000000.0,,
MISSISSIPPI,1996,Milk,added,,658000000.0,,
MONTANA,1996,Milk,added,,307000000.0,,
NEBRASKA,1996,Milk,added,,1050000000.0,,
NEVADA,1996,Milk,added,,470000000.0,,
NEW HAMPSHIRE,1996,Milk,added,,324000000.0,,
NEW JERSEY,1996,Milk,added,,297000000.0,,
NORTH CAROLINA,1996,Milk,added,,1308000000.0,,
NORTH DAKOTA,1996,Milk,added,,804000000.0,,
OKLAHOMA,1996,Milk,added,,1245000000.0,,
OREGON,1996,Milk,added,,1608000000.0,,
RHODE ISLAND,1996,Milk,added,,31000000.0,,
SOUTH CAROLINA,1996,Milk,added,,381000000.0,,
SOUTH DAKOTA,1996,Milk,added,,1474000000.0,,
TENNESSEE,1996,Milk,added,,1630000000.0,,
UTAH,1996,Milk,added,,1547000000.0,,
WEST VIRGINIA,1996,Milk,added,,252000000.0,,
WYOMING,1996,Milk,added,,88000000.0,,
HAWAII,1997,Coffee,removed,9400000.0,,,
ALABAMA,1997,Honey,changed,924000.0,1075826.0,151826.0,0.1643138528138528
ALASKA,1997,Honey,added,,4910.0,,
COLORADO,1997,Honey,changed,1925000.0,1652508.0,-272492.0,-0.14155428571428572
CONNECTICUT,1997,Honey,added,,57540.0,,
DELAWARE,1997,Honey,added,,21339.0,,
HAWAII,1997,Honey,changed,1314000.0,949769.0,-364231.0,-0.27719254185692543
ILLINOIS,1997,Honey,changed,483000.0,493456.0,10456.0,0.021648033126293997
IOWA,1997,Honey,changed,3330000.0,2514850.0,-815150.0,-0.2447897897897898
KANSAS,1997,Honey,changed,1207000.0,989522.0,-217478.0,-0.18018061309030656
KENTUCKY,1997,Honey,changed,180000.0,105265.0,-74735.0,-0.4151944444444444
LOUISIANA,1997,Honey,changed,5060000.0,2848267.0,-2211733.0,-0.4371013833992095
MAINE,1997,Honey,changed,152000.0,177758.0,25758.0,0.16946052631578948
MASSACHUSETTS,1997,Honey,added,,371693.0,,
MICHIGAN,1997,Honey,changed,5950000.0,5587845.0,-362155.0,-0.06086638655462185
MISSOURI,1997,Honey,changed,1848000.0,1301336.0,-546664.0,-0.2958138528138528
MONTANA,1997,Honey,changed,12840000.0,8785295.0,-4054705.0,-0.3157869937694704
NEBRASKA,1997,Honey,changed,4087000.0,3173038.0,-913962.0,-0.2236266209933937
NEVADA,1997,Honey,changed,854000.0,97220.0,-756780.0,-0.8861592505854801
NEW HAMPSHIRE,1997,Honey,added,,58315.0,,
NEW YORK,1997,Honey,changed,4320000.0,4400363.0,80363.0,0.018602546296296298
NORTH DAKOTA,1997,Honey,changed,24500000.0,12815185.0,-11684815.0,-0.4769312244897959
OREGON,1997,Honey,changed,2650000.0,3325314.0,675314.0,0.2548354716981132
RHODE ISLAND,1997,Honey,added,,9726.0,,
SOUTH CAROLINA,1997,Honey,added,,228493.0,,
TENNESSEE,1997,Honey,changed,434000.0,516413.0,82413.0,0.18989170506912442
UTAH,1997,Honey,changed,1664000.0,1663454.0,-546.0,-0.000328125
VERMONT,1997,Honey,changed,315000.0,377360.0,62360.0,0.19796825396825396
VIRGINIA,1997,Honey,changed,424000.0,250279.0,-173721.0,-0.4097193396226415
WEST VIRGINIA,1997,Honey,changed,560000.0,234199.0,-325801.0,-0.5817875
WYOMING,1997,Honey,changed,2356000.0,1924624.0,-431376.0,-0.1830967741935484
ALABAMA,1997,Milk,added,,418000000.0,,
ALASKA,1997,Milk,added,,15000000.0,,
ARKANSAS,1997,Milk,added,,635000000.0,,
COLORADO,1997,Milk,added,,1679000000.0,,
CONNECTICUT,1997,Milk,added,,509000000.0,,
DELAWARE,1997,Milk,added,,148000000.0,,
GEORGIA,1997,Milk,added,,1488000000.0,,
HAWAII,1997,Milk,added,,123000000.0,,
KANSAS,1997,Milk,added,,1285000000.0,,
LOUISIANA,1997,Milk,added,,794000000.0,,
MAINE,1997,Milk,added,,662000000.0,,
MARYLAND,1997,Milk,added,,1326000000.0,,
MASSACHUSETTS,1997,Milk,added,,434000000.0,,
MISSISSIPPI,1997,Milk,added,,634000000.0,,
MONTANA,1997,Milk,added,,295000000.0,,
NEBRASKA,1997,Milk,added,,1040000000.0,,
NEVADA,1997,Milk,added,,477000000.0,,
NEW HAMPSHIRE,1997,Milk,added,,328000000.0,,
NEW JERSEY,1997,Milk,added,,299000000.0,,
NORTH CAROLINA,1997,Milk,added,,1304000000.0,,
NORTH DAKOTA,1997,Milk,added,,713000000.0,,
OKLAHOMA,1997,Milk,added,,1249000000.0,,
OREGON,1997,Milk,added,,1610000000.0,,
RHODE ISLAND,1997,Milk,added,,31900000.0,,
SOUTH CAROLINA,1997,Milk,added,,397000000.0,,
SOUTH DAKOTA,1997,Milk,added,,1384000000.0,,
TENNESSEE,1997,Milk,added,,1609000000.0,,
UTAH,1997,Milk,added,,1540000000.0,,
WEST VIRGINIA,1997,Milk,added,,266000000.0,,
WYOMING,1997,Milk,added,,83800000.0,,
HAWAII,1998,Coffee,removed,9500000.0,,,
ALABAMA,1998,Milk,added,,386000000.0,,
ALASKA,1998,Milk,added,,14000000.0,,
ARKANSAS,1998,Milk,added,,540000000.0,,
COLORADO,1998,Milk,added,,1689000000.0,,
CONNECTICUT,1998,Milk,added,,529000000.0,,
DELAWARE,1998,Milk,added,,159000000.0,,
GEORGIA,1998,Milk,added,,1437000000.0,,
HAWAII,1998,Milk,added,,129000000.0,,
KANSAS,1998,Milk,added,,1315000000.0,,
LOUISIANA,1998,Milk,added,,751000000.0,,
MAINE,1998,Milk,added,,680000000.0,,
MARYLAND,1998,Milk,added,,1340000000.0,,
MASSACHUSETTS,1998,Milk,added,,438000000.0,,
MISSISSIPPI,1998,Milk,added,,579000000.0,,
MONTANA,1998,Milk,added,,291000000.0,,
NEBRASKA,1998,Milk,added,,1050000000.0,,
NEVADA,1998,Milk,added,,502000000.0,,
NEW HAMPSHIRE,1998,Milk,added,,333000000.0,,
NEW JERSEY,1998,Milk,added,,292000000.0,,
NORTH CAROLINA,1998,Milk,added,,1251000000.0,,
NORTH DAKOTA,1998,Milk,added,,706000000.0,,
OKLAHOMA,1998,Milk,added,,1236000000.0,,
OREGON,1998,Milk,added,,1583000000.0,,
RHODE ISLAND,1998,Milk,added,,33000000.0,,
SOUTH CAROLINA,1998,Milk,added,,374000000.0,,
SOUTH DAKOTA,1998,Milk,added,,1386000000.0,,
TENNESSEE,1998,Milk,added,,1501000000.0,,
UTAH,1998,Milk,added,,1513000000.0,,
WEST VIRGINIA,1998,Milk,added,,278000000.0,,
WYOMING,1998,Milk,added,,80000000.0,,
HAWAII,1999,Coffee,removed,10000000.0,,,
ALABAMA,1999,Milk,added,,376000000.0,,
ALASKA,1999,Milk,added,,14000000.0,,
ARKANSAS,1999,Milk,added,,520000000.0,,
COLORADO,1999,Milk,added,,1728000000.0,,
CONNECTICUT,1999,Milk,added,,520000000.0,,
DELAWARE,1999,Milk,added,,145000000.0,,
GEORGIA,1999,Milk,added,,1449000000.0,,
HAWAII,1999,Milk,added,,120000000.0,,
KANSAS,1999,Milk,added,,1405000000.0,,
LOUISIANA,1999,Milk,added,,711000000.0,,
MAINE,1999,Milk,added,,689000000.0,,
MARYLAND,1999,Milk,added,,1365000000.0,,
MASSACHUSETTS,1999,Milk,added,,420000000.0,,
MISSISSIPPI,1999,Milk,added,,552000000.0,,
MONTANA,1999,Milk,added,,303000000.0,,
NEBRASKA,1999,Milk,added,,1139000000.0,,
NEVADA,1999,Milk,added,,456000000.0,,
NEW HAMPSHIRE,1999,Milk,added,,321000000.0,,
NEW JERSEY,1999,Milk,added,,280000000.0,,
NORTH CAROLINA,1999,Milk,added,,1216000000.0,,
NORTH DAKOTA,1999,Milk,added,,689000000.0,,
OKLAHOMA,1999,Milk,added,,1249000000.0,,
OREGON,1999,Milk,added,,1665000000.0,,
RHODE ISLAND,1999,Milk,added,,31000000.0,,
SOUTH CAROLINA,1999,Milk,added,,369000000.0,,
SOUTH DAKOTA,1999,Milk,added,,1419000000.0,,
TENNESSEE,1999,Milk,added,,1417000000.0,,
UTAH,1999,Milk,added,,1618000000.0,,
WEST VIRGINIA,1999,Milk,added,,275000000.0,,
WYOMING,1999,Milk,added,,80000000.0,,
HAWAII,2000,Coffee,removed,8700000.0,,,
ALABAMA,2000,Milk,added,,348000000.0,,
ALASKA,2000,Milk,added,,13000000.0,,
ARKANSAS,2000,Milk,added,,485000000.0,,
COLORADO,2000,Milk,added,,1924000000.0,,
CONNECTICUT,2000,Milk,added,,480000000.0,,
DELAWARE,2000,Milk,added,,146000000.0,,
GEORGIA,2000,Milk,added,,1433000000.0,,
HAWAII,2000,Milk,added,,116000000.0,,
KANSAS,2000,Milk,added,,1540000000.0,,
LOUISIANA,2000,Milk,added,,698000000.0,,
MAINE,2000,Milk,added,,668000000.0,,
MARYLAND,2000,Milk,added,,1351000000.0,,
MASSACHUSETTS,2000,Milk,added,,376000000.0,,
MISSISSIPPI,2000,Milk,added,,541000000.0,,
MONTANA,2000,Milk,added,,338000000.0,,
NEBRASKA,2000,Milk,added,,1255000000.0,,
NEVADA,2000,Milk,added,,476000000.0,,
NEW HAMPSHIRE,2000,Milk,added,,312000000.0,,
NEW JERSEY,2000,Milk,added,,244000000.0,,
NORTH CAROLINA,2000,Milk,added,,1189000000.0,,
NORTH DAKOTA,2000,Milk,added,,686000000.0,,
OKLAHOMA,2000,Milk,added,,1314000000.0,,
OREGON,2000,Milk,added,,1640000000.0,,
RHODE ISLAND,2000,Milk,added,,28000000.0,,
SOUTH CAROLINA,2000,Milk,added,,370000000.0,,
SOUTH DAKOTA,2000,Milk,added,,1474000000.0,,
TENNESSEE,2000,Milk,added,,1405000000.0,,
UTAH,2000,Milk,added,,1687000000.0,,
WEST VIRGINIA,2000,Milk,added,,265000000.0,,
WYOMING,2000,Milk,added,,76000000.0,,
HAWAII,2001,Coffee,removed,8000000.0,,,
ALABAMA,2001,Milk,added,,300000000.0,,
ALASKA,2001,Milk,added,,14000000.0,,
ARKANSAS,2001,Milk,added,,432000000.0,,
COLORADO,2001,Milk,added,,1970000000.0,,
CONNECTICUT,2001,Milk,added,,456000000.0,,
DELAWARE,2001,Milk,added,,150000000.0,,
GEORGIA,2001,Milk,added,,1433000000.0,,
HAWAII,2001,Milk,added,,106000000.0,,
KANSAS,2001,Milk,added,,1610000000.0,,
LOUISIANA,2001,Milk,added,,632000000.0,,
MAINE,2001,Milk,added,,654000000.0,,
MARYLAND,2001,Milk,added,,1294000000.0,,
MASSACHUSETTS,2001,Milk,added,,357000000.0,,
MISSISSIPPI,2001,Milk,added,,497000000.0,,
MONTANA,2001,Milk,added,,346000000.0,,
NEBRASKA,2001,Milk,added,,1166000000.0,,
NEVADA,2001,Milk,added,,485000000.0,,
NEW HAMPSHIRE,2001,Milk,added,,322000000.0,,
NEW JERSEY,2001,Milk,added,,233000000.0,,
NORTH CAROLINA,2001,Milk,added,,1154000000.0,,
NORTH DAKOTA,2001,Milk,added,,644000000.0,,
OKLAHOMA,2001,Milk,added,,1325000000.0,,
OREGON,2001,Milk,added,,1717000000.0,,
RHODE ISLAND,2001,Milk,added,,23000000.0,,
SOUTH CAROLINA,2001,Milk,added,,367000000.0,,
SOUTH DAKOTA,2001,Milk,added,,1370000000.0,,
TENNESSEE,2001,Milk,added,,1335000000.0,,
UTAH,2001,Milk,added,,1635000000.0,,
WEST VIRGINIA,2001,Milk,added,,249000000.0,,
WYOMING,2001,Milk,added,,63000000.0,,
HAWAII,2002,Coffee,removed,7500000.0,,,
ALABAMA,2002,Honey,changed,1032000.0,1317942.0,285942.0,0.2770755813953488
ALASKA,2002,Honey,added,,4667.0,,
ARIZONA,2002,Honey,changed,2394000.0,1337155.0,-1056845.0,-0.44145572263993316
CALIFORNIA,2002,Honey,changed,23500000.0,16303281.0,-7196719.0,-0.3062433617021277
CONNECTICUT,2002,Honey,added,,131982.0,,
DELAWARE,2002,Honey,added,,5066.0,,
ILLINOIS,2002,Honey,changed,720000.0,240991.0,-479009.0,-0.6652902777777778
LOUISIANA,2002,Honey,changed,4340000.0,2561951.0,-1778049.0,-0.4096887096774193
MAINE,2002,Honey,changed,451000.0,422293.0,-28707.0,-0.06365188470066518
MASSACHUSETTS,2002,Honey,added,,167566.0,,
MINNESOTA,2002,Honey,changed,8541000.0,6839183.0,-1701817.0,-0.19925266362252664
MONTANA,2002,Honey,changed,8442000.0,8497910.0,55910.0,0.006622838190002369
NEBRASKA,2002,Honey,changed,3225000.0,2815070.0,-409930.0,-0.12711007751937983
NEVADA,2002,Honey,changed,558000.0,30244.0,-527756.0,-0.9457992831541219
NEW HAMPSHIRE,2002,Honey,added,,101548.0,,
NEW YORK,2002,Honey,changed,5880000.0,4639785.0,-1240215.0,-0.21092091836734694
OHIO,2002,Honey,changed,1260000.0,1451952.0,191952.0,0.15234285714285714
OKLAHOMA,2002,Honey,changed,159000.0,309669.0,150669.0,0.9476037735849057
RHODE ISLAND,2002,Honey,added,,18457.0,,
SOUTH CAROLINA,2002,Honey,changed,470000.0,147845.0,-322155.0,-0.6854361702127659
UTAH,2002,Honey,changed,1298000.0,1102903.0,-195097.0,-0.15030585516178738
WISCONSIN,2002,Honey,changed,6650000.0,5583844.0,-1066156.0,-0.1603242105263158
WYOMING,2002,Honey,changed,2394000.0,1951596.0,-442404.0,-0.18479699248120302
ALABAMA,2002,Milk,added,,277000000.0,,
ALASKA,2002,Milk,added,,18000000.0,,
ARKANSAS,2002,Milk,added,,393000000.0,,
COLORADO,2002,Milk,added,,2159000000.0,,
CONNECTICUT,2002,Milk,added,,447000000.0,,
DELAWARE,2002,Milk,added,,150000000.0,,
GEORGIA,2002,Milk,added,,1470000000.0,,
HAWAII,2002,Milk,added,,97000000.0,,
KANSAS,2002,Milk,added,,2030000000.0,,
LOUISIANA,2002,Milk,added,,579000000.0,,
MAINE,2002,Milk,added,,656000000.0,,
MARYLAND,2002,Milk,added,,1301000000.0,,
MASSACHUSETTS,2002,Milk,added,,361000000.0,,
MISSISSIPPI,2002,Milk,added,,478000000.0,,
MONTANA,2002,Milk,added,,341000000.0,,
NEBRASKA,2002,Milk,added,,1167000000.0,,
NEVADA,2002,Milk,added,,501000000.0,,
NEW HAMPSHIRE,2002,Milk,added,,328000000.0,,
NEW JERSEY,2002,Milk,added,,236000000.0,,
NORTH CAROLINA,2002,Milk,added,,1137000000.0,,
NORTH DAKOTA,2002,Milk,added,,593000000.0,,
OKLAHOMA,2002,Milk,added,,1307000000.0,,
OREGON,2002,Milk,added,,2093000000.0,,
RHODE ISLAND,2002,Milk,added,,23000000.0,,
SOUTH CAROLINA,2002,Milk,added,,364000000.0,,
SOUTH DAKOTA,2002,Milk,added,,1289000000.0,,
TENNESSEE,2002,Milk,added,,1315000000.0,,
UTAH,2002,Milk,added,,1666000000.0,,
WEST VIRGINIA,2002,Milk,added,,243000000.0,,
WYOMING,2002,Milk,added,,63000000.0,,
HAWAII,2003,Coffee,removed,8300000.0,,,
ALABAMA,2003,Milk,added,,252000000.0,,
ALASKA,2003,Milk,added,,17000000.0,,
ARKANSAS,2003,Milk,added,,354000000.0,,
CONNECTICUT,2003,Milk,added,,413000000.0,,
DELAWARE,2003,Milk,added,,130000000.0,,
GEORGIA,2003,Milk,added,,1444000000.0,,
HAWAII,2003,Milk,added,,92000000.0,,
LOUISIANA,2003,Milk,added,,519000000.0,,
MAINE,2003,Milk,added,,624000000.0,,
MARYLAND,2003,Milk,added,,1177000000.0,,
MASSACHUSETTS,2003,Milk,added,,332000000.0,,
MISSISSIPPI,2003,Milk,added,,423000000.0,,
MONTANA,2003,Milk,added,,345000000.0,,
NEBRASKA,2003,Milk,added,,1129000000.0,,
NEVADA,2003,Milk,added,,485000000.0,,
NEW HAMPSHIRE,2003,Milk,added,,305000000.0,,
NEW JERSEY,2003,Milk,added,,216000000.0,,
NORTH CAROLINA,2003,Milk,added,,1044000000.0,,
NORTH DAKOTA,2003,Milk,added,,500000000.0,,
OKLAHOMA,2003,Milk,added,,1312000000.0,,
RHODE ISLAND,2003,Milk,added,,22000000.0,,
SOUTH CAROLINA,2003,Milk,added,,318000000.0,,
SOUTH DAKOTA,2003,Milk,added,,1330000000.0,,
TENNESSEE,2003,Milk,added,,1205000000.0,,
UTAH,2003,Milk,added,,1622000000.0,,
WEST VIRGINIA,2003,Milk,added,,216000000.0,,
WYOMING,2003,Milk,added,,54000000.0,,
HAWAII,2004,Coffee,removed,5600000.0,,,
ALABAMA,2004,Milk,added,,245000000.0,,
ALASKA,2004,Milk,added,,15000000.0,,
ARKANSAS,2004,Milk,added,,323000000.0,,
CONNECTICUT,2004,Milk,added,,392000000.0,,
DELAWARE,2004,Milk,added,,125000000.0,,
GEORGIA,2004,Milk,added,,1416000000.0,,
HAWAII,2004,Milk,added,,81000000.0,,
LOUISIANA,2004,Milk,added,,479000000.0,,
MAINE,2004,Milk,added,,612000000.0,,
MARYLAND,2004,Milk,added,,1116000000.0,,
MASSACHUSETTS,2004,Milk,added,,296000000.0,,
MISSISSIPPI,2004,Milk,added,,379000000.0,,
MONTANA,2004,Milk,added,,348000000.0,,
NEBRASKA,2004,Milk,added,,1049000000.0,,
NEVADA,2004,Milk,added,,509000000.0,,
NEW HAMPSHIRE,2004,Milk,added,,303000000.0,,
NEW JERSEY,2004,Milk,added,,200000000.0,,
NORTH CAROLINA,2004,Milk,added,,1006000000.0,,
NORTH DAKOTA,2004,Milk,added,,465000000.0,,
OKLAHOMA,2004,Milk,added,,1263000000.0,,
RHODE ISLAND,2004,Milk,added,,20000000.0,,
SOUTH CAROLINA,2004,Milk,added,,287000000.0,,
SOUTH DAKOTA,2004,Milk,added,,1347000000.0,,
TENNESSEE,2004,Milk,added,,1155000000.0,,
UTAH,2004,Milk,added,,1616000000.0,,
WEST VIRGINIA,2004,Milk,added,,194000000.0,,
WYOMING,2004,Milk,added,,63000000.0,,
OHIO,2005,Cheese,changed,198717000.0,198718000.0,1000.0,5.032282089604815e-06
UTAH,2005,Cheese,changed,82535000.0,86414000.0,3879000.0,0.04699824316956443
HAWAII,2005,Coffee,removed,8200000.0,,,
ALABAMA,2005,Milk,added,,224000000.0,,
ALASKA,2005,Milk,added,,14000000.0,,
ARKANSAS,2005,Milk,added,,298000000.0,,
CONNECTICUT,2005,Milk,added,,384000000.0,,
DELAWARE,2005,Milk,added,,123000000.0,,
GEORGIA,2005,Milk,added,,1398000000.0,,
HAWAII,2005,Milk,added,,70000000.0,,
LOUISIANA,2005,Milk,added,,434000000.0,,
MAINE,2005,Milk,added,,595000000.0,,
MARYLAND,2005,Milk,added,,1143000000.0,,
MASSACHUSETTS,2005,Milk,added,,290000000.0,,
MISSISSIPPI,2005,Milk,added,,382000000.0,,
MONTANA,2005,Milk,added,,372000000.0,,
NEBRASKA,2005,Milk,added,,1077000000.0,,
NEVADA,2005,Milk,added,,542000000.0,,
NEW HAMPSHIRE,2005,Milk,added,,302000000.0,,
NEW JERSEY,2005,Milk,added,,192000000.0,,
NORTH CAROLINA,2005,Milk,added,,1012000000.0,,
NORTH DAKOTA,2005,Milk,added,,468000000.0,,
OKLAHOMA,2005,Milk,added,,1236000000.0,,
RHODE ISLAND,2005,Milk,added,,19000000.0,,
SOUTH CAROLINA,2005,Milk,added,,288000000.0,,
SOUTH DAKOTA,2005,Milk,added,,1437000000.0,,
TENNESSEE,2005,Milk,added,,1102000000.0,,
UTAH,2005,Milk,added,,1661000000.0,,
WEST VIRGINIA,2005,Milk,added,,194000000.0,,
WYOMING,2005,Milk,added,,73000000.0,,
HAWAII,2006,Coffee,removed,7400000.0,,,
ALABAMA,2006,Milk,added,,203000000.0,,
ALASKA,2006,Milk,added,,10000000.0,,
ARKANSAS,2006,Milk,added,,258000000.0,,
CONNECTICUT,2006,Milk,added,,367000000.0,,
DELAWARE,2006,Milk,added,,114000000.0,,
GEORGIA,2006,Milk,added,,1404000000.0,,
HAWAII,2006,Milk,added,,57000000.0,,
LOUISIANA,2006,Milk,added,,396000000.0,,
MAINE,2006,Milk,added,,574000000.0,,
MARYLAND,2006,Milk,added,,1106000000.0,,
MASSACHUSETTS,2006,Milk,added,,278000000.0,,
MISSISSIPPI,2006,Milk,added,,344000000.0,,
MONTANA,2006,Milk,added,,354000000.0,,
NEBRASKA,2006,Milk,added,,1118000000.0,,
NEVADA,2006,Milk,added,,544000000.0,,
NEW HAMPSHIRE,2006,Milk,added,,293000000.0,,
NEW JERSEY,2006,Milk,added,,178000000.0,,
NORTH CAROLINA,2006,Milk,added,,944000000.0,,
NORTH DAKOTA,2006,Milk,added,,470000000.0,,
OKLAHOMA,2006,Milk,added,,1214000000.0,,
RHODE ISLAND,2006,Milk,added,,19000000.0,,
SOUTH CAROLINA,2006,Milk,added,,277000000.0,,
SOUTH DAKOTA,2006,Milk,added,,1505000000.0,,
TENNESSEE,2006,Milk,added,,1049000000.0,,
UTAH,2006,Milk,added,,1747000000.0,,
WEST VIRGINIA,2006,Milk,added,,200000000.0,,
WYOMING,2006,Milk,added,,118000000.0,,
HAWAII,2007,Coffee,removed,7500000.0,,,
ALASKA,2007,Honey,added,,12968.0,,
CONNECTICUT,2007,Honey,added,,143092.0,,
DELAWARE,2007,Honey,added,,5414.0,,
FLORIDA,2007,Honey,changed,11360000.0,10657946.0,-702054.0,-0.06180052816901409
ILLINOIS,2007,Honey,changed,567000.0,480202.0,-86798.0,-0.15308289241622575
INDIANA,2007,Honey,changed,424000.0,420252.0,-3748.0,-0.008839622641509434
KANSAS,2007,Honey,changed,560000.0,409242.0,-150758.0,-0.2692107142857143
MAINE,2007,Honey,changed,234000.0,279174.0,45174.0,0.19305128205128205
MARYLAND,2007,Honey,added,,110721.0,,
MASSACHUSETTS,2007,Honey,added,,436623.0,,
MICHIGAN,2007,Honey,changed,4608000.0,4938440.0,330440.0,0.07171006944444444
MINNESOTA,2007,Honey,changed,8840000.0,9357636.0,517636.0,0.05855610859728507
MONTANA,2007,Honey,changed,9180000.0,9313462.0,133462.0,0.01453834422657952
NEBRASKA,2007,Honey,changed,2205000.0,2118433.0,-86567.0,-0.039259410430839005
NEVADA,2007,Honey,changed,280000.0,157245.0,-122755.0,-0.43841071428571426
NEW HAMPSHIRE,2007,Honey,added,,52899.0,,
NEW JERSEY,2007,Honey,changed,513000.0,474013.0,-38987.0,-0.0759980506822612
NEW YORK,2007,Honey,changed,3021000.0,3126202.0,105202.0,0.034823568354849385
NORTH CAROLINA,2007,Honey,changed,540000.0,565741.0,25741.0,0.04766851851851852
NORTH DAKOTA,2007,Honey,changed,31080000.0,30825479.0,-254521.0,-0.008189221364221365
OHIO,2007,Honey,changed,854000.0,1026496.0,172496.0,0.20198594847775175
OKLAHOMA,2007,Honey,added,,238769.0,,
RHODE ISLAND,2007,Honey,added,,17110.0,,
SOUTH CAROLINA,2007,Honey,added,,234332.0,,
SOUTH DAKOTA,2007,Honey,changed,13260000.0,13383794.0,123794.0,0.009335897435897435
TEXAS,2007,Honey,changed,8610000.0,8554971.0,-55029.0,-0.006391289198606272
VERMONT,2007,Honey,changed,320000.0,361715.0,41715.0,0.130359375
WEST VIRGINIA,2007,Honey,changed,288000.0,321184.0,33184.0,0.11522222222222223
ALABAMA,2007,Milk,added,,197000000.0,,
ALASKA,2007,Milk,added,,9000000.0,,
ARKANSAS,2007,Milk,added,,220000000.0,,
CONNECTICUT,2007,Milk,added,,365000000.0,,
DELAWARE,2007,Milk,added,,113000000.0,,
GEORGIA,2007,Milk,added,,1399000000.0,,
HAWAII,2007,Milk,added,,36000000.0,,
LOUISIANA,2007,Milk,added,,349000000.0,,
MAINE,2007,Milk,added,,587000000.0,,
MARYLAND,2007,Milk,added,,1051000000.0,,
MASSACHUSETTS,2007,Milk,added,,255000000.0,,
MISSISSIPPI,2007,Milk,added,,324000000.0,,
MONTANA,2007,Milk,added,,333000000.0,,
NEBRASKA,2007,Milk,added,,1075000000.0,,
NEVADA,2007,Milk,added,,553000000.0,,
NEW HAMPSHIRE,2007,Milk,added,,290000000.0,,
NEW JERSEY,2007,Milk,added,,168000000.0,,
NORTH CAROLINA,2007,Milk,added,,921000000.0,,
NORTH DAKOTA,2007,Milk,added,,444000000.0,,
OKLAHOMA,2007,Milk,added,,1144000000.0,,
RHODE ISLAND,2007,Milk,added,,18000000.0,,
SOUTH CAROLINA,2007,Milk,added,,322000000.0,,
SOUTH DAKOTA,2007,Milk,added,,1641000000.0,,
TENNESSEE,2007,Milk,added,,999000000.0,,
UTAH,2007,Milk,added,,1732000000.0,,
WEST VIRGINIA,2007,Milk,added,,195000000.0,,
WYOMING,2007,Milk,added,,134000000.0,,
HAWAII,2008,Coffee,removed,8700000.0,,,
ALABAMA,2008,Milk,added,,184000000.0,,
ALASKA,2008,Milk,added,,7200000.0,,
ARKANSAS,2008,Milk,added,,186000000.0,,
CONNECTICUT,2008,Milk,added,,364000000.0,,
DELAWARE,2008,Milk,added,,110000000.0,,
GEORGIA,2008,Milk,added,,1355000000.0,,
HAWAII,2008,Milk,added,,18500000.0,,
KENTUCKY,2008,Milk,changed,995000000.0,1210000000.0,215000000.0,0.21608040201005024
LOUISIANA,2008,Milk,added,,319000000.0,,
MAINE,2008,Milk,added,,603000000.0,,
MARYLAND,2008,Milk,added,,1029000000.0,,
MASSACHUSETTS,2008,Milk,added,,254000000.0,,
MISSISSIPPI,2008,Milk,added,,291000000.0,,
MONTANA,2008,Milk,added,,313000000.0,,
NEBRASKA,2008,Milk,added,,1083000000.0,,
NEVADA,2008,Milk,added,,653000000.0,,
NEW HAMPSHIRE,2008,Milk,added,,299000000.0,,
NEW JERSEY,2008,Milk,added,,169000000.0,,
NORTH CAROLINA,2008,Milk,added,,892000000.0,,
NORTH DAKOTA,2008,Milk,added,,418000000.0,,
OKLAHOMA,2008,Milk,added,,1061000000.0,,
RHODE ISLAND,2008,Milk,added,,19900000.0,,
SOUTH CAROLINA,2008,Milk,added,,323000000.0,,
SOUTH DAKOTA,2008,Milk,added,,1796000000.0,,
TENNESSEE,2008,Milk,added,,948000000.0,,
WEST VIRGINIA,2008,Milk,added,,181000000.0,,
WYOMING,2008,Milk,added,,135700000.0,,
HAWAII,2009,Coffee,removed,8700000.0,,,
ALABAMA,2009,Milk,added,,164000000.0,,
ALASKA,2009,Milk,added,,6000000.0,,
ARKANSAS,2009,Milk,added,,165000000.0,,
CONNECTICUT,2009,Milk,added,,353000000.0,,
DELAWARE,2009,Milk,added,,102000000.0,,
GEORGIA,2009,Milk,added,,1400000000.0,,
HAWAII,2009,Milk,added,,21300000.0,,
KENTUCKY,2009,Milk,added,,1192000000.0,,
LOUISIANA,2009,Milk,added,,271000000.0,,
MAINE,2009,Milk,added,,596000000.0,,
MARYLAND,2009,Milk,added,,1004000000.0,,
MASSACHUSETTS,2009,Milk,added,,246000000.0,,
MISSISSIPPI,2009,Milk,added,,250000000.0,,
MONTANA,2009,Milk,added,,299000000.0,,
NEBRASKA,2009,Milk,added,,1198000000.0,,
NEVADA,2009,Milk,added,,613000000.0,,
NEW HAMPSHIRE,2009,Milk,added,,293000000.0,,
NEW JERSEY,2009,Milk,added,,158000000.0,,
NORTH CAROLINA,2009,Milk,added,,884000000.0,,
NORTH DAKOTA,2009,Milk,added,,387000000.0,,
OKLAHOMA,2009,Milk,added,,1002000000.0,,
RHODE ISLAND,2009,Milk,added,,19600000.0,,
SOUTH CAROLINA,2009,Milk,added,,325000000.0,,
SOUTH DAKOTA,2009,Milk,added,,1892000000.0,,
TENNESSEE,2009,Milk,added,,909000000.0,,
WEST VIRGINIA,2009,Milk,added,,162000000.0,,
WYOMING,2009,Milk,added,,104700000.0,,
NEW YORK,2010,Cheese,changed,742554000.0,742513000.0,-41000.0,-5.521483959415746e-05
OHIO,2010,Cheese,changed,207733000.0,207740000.0,7000.0,3.3697101567877995e-05
VERMONT,2010,Cheese,changed,111765000.0,112643000.0,878000.0,0.007855768800608419
WISCONSIN,2010,Cheese,changed,2609861000.0,2616042000.0,6181000.0,0.002368325362921627
HAWAII,2010,Coffee,removed,8800000.0,,,
ALABAMA,2010,Milk,added,,156000000.0,,
ALASKA,2010,Milk,added,,7100000.0,,
ARKANSAS,2010,Milk,added,,153000000.0,,
CONNECTICUT,2010,Milk,added,,364000000.0,,
DELAWARE,2010,Milk,added,,90000000.0,,
GEORGIA,2010,Milk,added,,1395000000.0,,
HAWAII,2010,Milk,added,,25300000.0,,
KENTUCKY,2010,Milk,added,,1152000000.0,,
LOUISIANA,2010,Milk,added,,235000000.0,,
MAINE,2010,Milk,added,,587000000.0,,
MARYLAND,2010,Milk,added,,1001000000.0,,
MASSACHUSETTS,2010,Milk,added,,242000000.0,,
MISSISSIPPI,2010,Milk,added,,223000000.0,,
MONTANA,2010,Milk,added,,289000000.0,,
NEBRASKA,2010,Milk,added,,1168000000.0,,
NEVADA,2010,Milk,added,,664000000.0,,
NEW HAMPSHIRE,2010,Milk,added,,294000000.0,,
NEW JERSEY,2010,Milk,added,,140000000.0,,
NORTH CAROLINA,2010,Milk,added,,866000000.0,,
NORTH DAKOTA,2010,Milk,added,,384000000.0,,
OKLAHOMA,2010,Milk,added,,959000000.0,,
RHODE ISLAND,2010,Milk,added,,19500000.0,,
SOUTH CAROLINA,2010,Milk,added,,286000000.0,,
SOUTH DAKOTA,2010,Milk,added,,1884000000.0,,
TENNESSEE,2010,Milk,added,,850000000.0,,
WEST VIRGINIA,2010,Milk,added,,157000000.0,,
WYOMING,2010,Milk,added,,120400000.0,,
HAWAII,2011,Coffee,removed,7600000.0,,,
ALABAMA,2011,Milk,added,,143000000.0,,
ALASKA,2011,Milk,added,,6900000.0,,
ARKANSAS,2011,Milk,added,,143000000.0,,
CONNECTICUT,2011,Milk,added,,361000000.0,,
DELAWARE,2011,Milk,added,,91500000.0,,
GEORGIA,2011,Milk,added,,1450000000.0,,
HAWAII,2011,Milk,added,,27400000.0,,
KENTUCKY,2011,Milk,added,,1090000000.0,,
LOUISIANA,2011,Milk,added,,232000000.0,,
MAINE,2011,Milk,added,,598000000.0,,
MARYLAND,2011,Milk,added,,970000000.0,,
MASSACHUSETTS,2011,Milk,added,,220000000.0,,
MISSISSIPPI,2011,Milk,added,,204000000.0,,
MONTANA,2011,Milk,added,,288000000.0,,
NEBRASKA,2011,Milk,added,,1173000000.0,,
NEVADA,2011,Milk,added,,666000000.0,,
NEW HAMPSHIRE,2011,Milk,added,,286000000.0,,
NEW JERSEY,2011,Milk,added,,135000000.0,,
NORTH CAROLINA,2011,Milk,added,,904000000.0,,
NORTH DAKOTA,2011,Milk,added,,345000000.0,,
OKLAHOMA,2011,Milk,added,,923000000.0,,
RHODE ISLAND,2011,Milk,added,,19700000.0,,
SOUTH CAROLINA,2011,Milk,added,,279000000.0,,
SOUTH DAKOTA,2011,Milk,added,,1873000000.0,,
TENNESSEE,2011,Milk,added,,810000000.0,,
WEST VIRGINIA,2011,Milk,added,,157000000.0,,
WYOMING,2011,Milk,added,,123100000.0,,
HAWAII,2012,Coffee,removed,7000000.0,,,
ALASKA,2012,Honey,added,,32623.0,,
CONNECTICUT,2012,Honey,added,,155991.0,,
DELAWARE,2012,Honey,added,,7060.0,,
MARYLAND,2012,Honey,added,,114631.0,,
MASSACHUSETTS,2012,Honey,added,,123434.0,,
NEVADA,2012,Honey,added,,363787.0,,
NEW HAMPSHIRE,2012,Honey,added,,94679.0,,
OKLAHOMA,2012,Honey,added,,86894.0,,
RHODE ISLAND,2012,Honey,added,,21379.0,,
SOUTH CAROLINA,2012,Honey,added,,461123.0,,
ALABAMA,2012,Milk,added,,130000000.0,,
ALASKA,2012,Milk,added,,5700000.0,,
ARKANSAS,2012,Milk,added,,133000000.0,,
CONNECTICUT,2012,Milk,added,,358000000.0,,
DELAWARE,2012,Milk,added,,93800000.0,,
GEORGIA,2012,Milk,added,,1531000000.0,,
HAWAII,2012,Milk,added,,28400000.0,,
KENTUCKY,2012,Milk,added,,1120000000.0,,
LOUISIANA,2012,Milk,added,,222000000.0,,
MAINE,2012,Milk,added,,613000000.0,,
MARYLAND,2012,Milk,added,,979000000.0,,
MASSACHUSETTS,2012,Milk,added,,219000000.0,,
MISSISSIPPI,2012,Milk,added,,199000000.0,,
MONTANA,2012,Milk,added,,299000000.0,,
NEBRASKA,2012,Milk,added,,1186000000.0,,
NEVADA,2012,Milk,added,,665000000.0,,
NEW HAMPSHIRE,2012,Milk,added,,275000000.0,,
NEW JERSEY,2012,Milk,added,,130000000.0,,
NORTH CAROLINA,2012,Milk,added,,940000000.0,,
NORTH DAKOTA,2012,Milk,added,,347000000.0,,
OKLAHOMA,2012,Milk,added,,859000000.0,,
RHODE ISLAND,2012,Milk,added,,18300000.0,,
SOUTH CAROLINA,2012,Milk,added,,276000000.0,,
SOUTH DAKOTA,2012,Milk,added,,1968000000.0,,
TENNESSEE,2012,Milk,added,,805000000.0,,
WEST VIRGINIA,2012,Milk,added,,154000000.0,,
WYOMING,2012,Milk,added,,123900000.0,,
HAWAII,2013,Coffee,removed,8400000.0,,,
ALABAMA,2013,Milk,added,,117000000.0,,
ALASKA,2013,Milk,added,,3200000.0,,
ARKANSAS,2013,Milk,added,,107000000.0,,
CONNECTICUT,2013,Milk,added,,370000000.0,,
DELAWARE,2013,Milk,added,,93800000.0,,
GEORGIA,2013,Milk,added,,1568000000.0,,
HAWAII,2013,Milk,added,,29500000.0,,
KENTUCKY,2013,Milk,added,,1070000000.0,,
LOUISIANA,2013,Milk,added,,206000000.0,,
MAINE,2013,Milk,added,,607000000.0,,
MARYLAND,2013,Milk,added,,976000000.0,,
MASSACHUSETTS,2013,Milk,added,,232000000.0,,
MISSISSIPPI,2013,Milk,added,,186000000.0,,
MISSOURI,2013,Milk,changed,1349000000.0,1359000000.0,10000000.0,0.007412898443291327
MONTANA,2013,Milk,added,,298000000.0,,
NEBRASKA,2013,Milk,added,,1165000000.0,,
NEVADA,2013,Milk,added,,639000000.0,,
NEW HAMPSHIRE,2013,Milk,added,,272000000.0,,
NEW JERSEY,2013,Milk,added,,127000000.0,,
NORTH CAROLINA,2013,Milk,added,,935000000.0,,
NORTH DAKOTA,2013,Milk,added,,341000000.0,,
OKLAHOMA,2013,Milk,added,,779000000.0,,
RHODE ISLAND,2013,Milk,added,,17100000.0,,
SOUTH CAROLINA,2013,Milk,added,,264000000.0,,
TENNESSEE,2013,Milk,added,,765000000.0,,
WEST VIRGINIA,2013,Milk,added,,152000000.0,,
WYOMING,2013,Milk,added,,128200000.0,,
HAWAII,2014,Coffee,changed,7500000.0,36816000.0,29316000.0,3.9088
ALABAMA,2014,Milk,added,,109000000.0,,
ALASKA,2014,Milk,added,,3500000.0,,
ARKANSAS,2014,Milk,added,,97000000.0,,
CONNECTICUT,2014,Milk,added,,383000000.0,,
DELAWARE,2014,Milk,added,,96500000.0,,
GEORGIA,2014,Milk,added,,1691000000.0,,
HAWAII,2014,Milk,added,,29900000.0,,
KENTUCKY,2014,Milk,added,,1002000000.0,,
LOUISIANA,2014,Milk,added,,204000000.0,,
MAINE,2014,Milk,added,,599000000.0,,
MARYLAND,2014,Milk,added,,991000000.0,,
MASSACHUSETTS,2014,Milk,added,,233000000.0,,
MISSISSIPPI,2014,Milk,added,,188000000.0,,
MISSOURI,2014,Milk,changed,108000000.0,1393000000.0,1285000000.0,11.898148148148149
MONTANA,2014,Milk,added,,301000000.0,,
NEBRASKA,2014,Milk,added,,1195000000.0,,
NEVADA,2014,Milk,added,,691000000.0,,
NEW HAMPSHIRE,2014,Milk,added,,282000000.0,,
NEW JERSEY,2014,Milk,added,,127000000.0,,
NORTH CAROLINA,2014,Milk,added,,961000000.0,,
NORTH DAKOTA,2014,Milk,added,,324000000.0,,
OKLAHOMA,2014,Milk,added,,726000000.0,,
RHODE ISLAND,2014,Milk,added,,17100000.0,,
SOUTH CAROLINA,2014,Milk,added,,264000000.0,,
TENNESSEE,2014,Milk,added,,745000000.0,,
WEST VIRGINIA,2014,Milk,added,,140000000.0,,
WYOMING,2014,Milk,added,,129500000.0,,
CALIFORNIA,2014,Yogurt,removed,0.0,,,
TEXAS,2014,Yogurt,removed,0.0,,,
HAWAII,2015,Coffee,changed,6600000.0,31740000.0,25140000.0,3.809090909090909
ALABAMA,2015,Milk,added,,101000000.0,,
ALASKA,2015,Milk,added,,3500000.0,,
ARKANSAS,2015,Milk,added,,91000000.0,,
CONNECTICUT,2015,Milk,added,,396000000.0,,
DELAWARE,2015,Milk,added,,98900000.0,,
GEORGIA,2015,Milk,added,,1791000000.0,,
HAWAII,2015,Milk,added,,35000000.0,,
KENTUCKY,2015,Milk,added,,1077000000.0,,
LOUISIANA,2015,Milk,added,,189000000.0,,
MAINE,2015,Milk,added,,594000000.0,,
MARYLAND,2015,Milk,added,,987000000.0,,
MASSACHUSETTS,2015,Milk,added,,217000000.0,,
MISSISSIPPI,2015,Milk,added,,165000000.0,,
MISSOURI,2015,Milk,added,,1328000000.0,,
MONTANA,2015,Milk,added,,299000000.0,,
NEBRASKA,2015,Milk,added,,1307000000.0,,
NEVADA,2015,Milk,added,,669000000.0,,
NEW HAMPSHIRE,2015,Milk,added,,282000000.0,,
NEW JERSEY,2015,Milk,added,,128000000.0,,
NORTH CAROLINA,2015,Milk,added,,985000000.0,,
NORTH DAKOTA,2015,Milk,added,,332000000.0,,
OKLAHOMA,2015,Milk,added,,730000000.0,,
RHODE ISLAND,2015,Milk,added,,15900000.0,,
SOUTH CAROLINA,2015,Milk,added,,262000000.0,,
TENNESSEE,2015,Milk,added,,742000000.0,,
WEST VIRGINIA,2015,Milk,added,,141000000.0,,
WYOMING,2015,Milk,added,,135400000.0,,
HAWAII,2016,Coffee,changed,5400000.0,29260000.0,23860000.0,4.4185185185185185
ALABAMA,2016,Milk,added,,94000000.0,,
ALASKA,2016,Milk,added,,3500000.0,,
ARKANSAS,2016,Milk,added,,82000000.0,,
CONNECTICUT,2016,Milk,added,,409000000.0,,
DELAWARE,2016,Milk,added,,95500000.0,,
GEORGIA,2016,Milk,added,,1830000000.0,,
HAWAII,2016,Milk,added,,34900000.0,,
KENTUCKY,2016,Milk,added,,1047000000.0,,
LOUISIANA,2016,Milk,added,,170000000.0,,
MAINE,2016,Milk,added,,630000000.0,,
MARYLAND,2016,Milk,added,,961000000.0,,
MASSACHUSETTS,2016,Milk,added,,221000000.0,,
MISSISSIPPI,2016,Milk,added,,143000000.0,,
MISSOURI,2016,Milk,added,,1262000000.0,,
MONTANA,2016,Milk,added,,295000000.0,,
NEBRASKA,2016,Milk,added,,1399000000.0,,
NEVADA,2016,Milk,added,,660000000.0,,
NEW HAMPSHIRE,2016,Milk,added,,287000000.0,,
NEW JERSEY,2016,Milk,added,,122000000.0,,
NORTH CAROLINA,2016,Milk,added,,965000000.0,,
NORTH DAKOTA,2016,Milk,added,,344000000.0,,
OKLAHOMA,2016,Milk,added,,692000000.0,,
RHODE ISLAND,2016,Milk,added,,14100000.0,,
SOUTH CAROLINA,2016,Milk,added,,250000000.0,,
TENNESSEE,2016,Milk,added,,696000000.0,,
WEST VIRGINIA,2016,Milk,added,,134000000.0,,
WYOMING,2016,Milk,added,,139800000.0,,
HAWAII,2017,Coffee,added,,25416000.0,,
ALASKA,2017,Honey,added,,31070.0,,
CONNECTICUT,2017,Honey,added,,199631.0,,
DELAWARE,2017,Honey,added,,4359.0,,
MARYLAND,2017,Honey,added,,167130.0,,
MASSACHUSETTS,2017,Honey,added,,258263.0,,
NEVADA,2017,Honey,added,,123516.0,,
NEW HAMPSHIRE,2017,Honey,added,,81538.0,,
NEW MEXICO,2017,Honey,added,,311818.0,,
OKLAHOMA,2017,Honey,added,,149116.0,,
RHODE ISLAND,2017,Honey,added,,54173.0,,
ALABAMA,2017,Milk,added,,90000000.0,,
ALASKA,2017,Milk,added,,2900000.0,,
ARKANSAS,2017,Milk,added,,80000000.0,,
CONNECTICUT,2017,Milk,added,,420000000.0,,
DELAWARE,2017,Milk,added,,92800000.0,,
GEORGIA,2017,Milk,added,,1840000000.0,,
HAWAII,2017,Milk,added,,38900000.0,,
KENTUCKY,2017,Milk,added,,1042000000.0,,
LOUISIANA,2017,Milk,added,,161000000.0,,
MAINE,2017,Milk,added,,630000000.0,,
MARYLAND,2017,Milk,added,,956000000.0,,
MASSACHUSETTS,2017,Milk,added,,211000000.0,,
MISSISSIPPI,2017,Milk,added,,137000000.0,,
MISSOURI,2017,Milk,added,,1241000000.0,,
MONTANA,2017,Milk,added,,288000000.0,,
NEBRASKA,2017,Milk,added,,1444000000.0,,
NEVADA,2017,Milk,added,,709000000.0,,
NEW HAMPSHIRE,2017,Milk,added,,273000000.0,,
NEW JERSEY,2017,Milk,added,,119000000.0,,
NORTH CAROLINA,2017,Milk,added,,952000000.0,,
NORTH DAKOTA,2017,Milk,added,,345000000.0,,
OKLAHOMA,2017,Milk,added,,728000000.0,,
RHODE ISLAND,2017,Milk,added,,13000000.0,,
SOUTH CAROLINA,2017,Milk,added,,248000000.0,,
TENNESSEE,2017,Milk,added,,693000000.0,,
WEST VIRGINIA,2017,Milk,added,,127000000.0,,
WYOMING,2017,Milk,added,,138200000.0,,
HAWAII,2018,Coffee,added,,27300000.0,,
ALABAMA,2018,Milk,added,,73000000.0,,
ALASKA,2018,Milk,added,,2800000.0,,
ARKANSAS,2018,Milk,added,,75000000.0,,
CALIFORNIA,2018,Milk,changed,40404000000.0,40420000000.0,16000000.0,0.000396000396000396
CONNECTICUT,2018,Milk,added,,427000000.0,,
DELAWARE,2018,Milk,added,,91500000.0,,
HAWAII,2018,Milk,added,,33900000.0,,
IDAHO,2018,Milk,changed,15146000000.0,15149000000.0,3000000.0,0.00019807209824376074
ILLINOIS,2018,Milk,changed,1878000000.0,1887000000.0,9000000.0,0.004792332268370607
KENTUCKY,2018,Milk,added,,1009000000.0,,
LOUISIANA,2018,Milk,added,,152000000.0,,
MAINE,2018,Milk,added,,618000000.0,,
MARYLAND,2018,Milk,added,,925000000.0,,
MASSACHUSETTS,2018,Milk,added,,202000000.0,,
MICHIGAN,2018,Milk,changed,11171000000.0,11166000000.0,-5000000.0,-0.0004475875033569063
MISSISSIPPI,2018,Milk,added,,129000000.0,,
MISSOURI,2018,Milk,added,,1191000000.0,,
MONTANA,2018,Milk,added,,274000000.0,,
NEBRASKA,2018,Milk,added,,1440000000.0,,
NEVADA,2018,Milk,added,,734000000.0,,
NEW HAMPSHIRE,2018,Milk,added,,249000000.0,,
NEW JERSEY,2018,Milk,added,,110000000.0,,
NORTH CAROLINA,2018,Milk,added,,938000000.0,,
NORTH DAKOTA,2018,Milk,added,,335000000.0,,
OKLAHOMA,2018,Milk,added,,718000000.0,,
RHODE ISLAND,2018,Milk,added,,11500000.0,,
SOUTH CAROLINA,2018,Milk,added,,242000000.0,,
TENNESSEE,2018,Milk,added,,634000000.0,,
WEST VIRGINIA,2018,Milk,added,,111000000.0,,
WYOMING,2018,Milk,added,,142200000.0,,
HAWAII,2019,Coffee,added,,27270000.0,,
ALABAMA,2019,Milk,added,,60000000.0,,
ARKANSAS,2019,Milk,added,,67000000.0,,
CALIFORNIA,2019,Milk,changed,40595000000.0,40605000000.0,10000000.0,0.0002463357556349304
CONNECTICUT,2019,Milk,added,,428000000.0,,
DELAWARE,2019,Milk,added,,73700000.0,,
IDAHO,2019,Milk,changed,15632000000.0,15635000000.0,3000000.0,0.00019191402251791197
KANSAS,2019,Milk,changed,3819000000.0,3818000000.0,-1000000.0,-0.0002618486514794449
KENTUCKY,2019,Milk,added,,942000000.0,,
LOUISIANA,2019,Milk,added,,136000000.0,,
MAINE,2019,Milk,added,,621000000.0,,
MARYLAND,2019,Milk,added,,840000000.0,,
MASSACHUSETTS,2019,Milk,added,,193000000.0,,
MICHIGAN,2019,Milk,changed,11385000000.0,11383000000.0,-2000000.0,-0.0001756697408871322
MISSISSIPPI,2019,Milk,added,,126000000.0,,
MISSOURI,2019,Milk,added,,1101000000.0,,
MONTANA,2019,Milk,added,,259000000.0,,
NEBRASKA,2019,Milk,added,,1409000000.0,,
NEVADA,2019,Milk,added,,765000000.0,,
NEW HAMPSHIRE,2019,Milk,added,,239000000.0,,
NEW JERSEY,2019,Milk,added,,100000000.0,,
NORTH CAROLINA,2019,Milk,added,,902000000.0,,
NORTH DAKOTA,2019,Milk,added,,326000000.0,,
OKLAHOMA,2019,Milk,added,,723000000.0,,
OREGON,2019,Milk,changed,2635000000.0,2633000000.0,-2000000.0,-0.0007590132827324478
PENNSYLVANIA,2019,Milk,changed,10108000000.0,10105000000.0,-3000000.0,-0.000296794618124258
RHODE ISLAND,2019,Milk,added,,10600000.0,,
SOUTH CAROLINA,2019,Milk,added,,207000000.0,,
TENNESSEE,2019,Milk,added,,551000000.0,,
WEST VIRGINIA,2019,Milk,added,,90000000.0,,
WYOMING,2019,Milk,added,,146600000.0,,
HAWAII,2020,Coffee,added,,25272000.0,,
ALABAMA,2020,Milk,added,,44000000.0,,
ARKANSAS,2020,Milk,added,,64000000.0,,
CONNECTICUT,2020,Milk,added,,438000000.0,,
DELAWARE,2020,Milk,added,,70500000.0,,
GEORGIA,2020,Milk,changed,1772000000.0,1770000000.0,-2000000.0,-0.001128668171557562
IDAHO,2020,Milk,changed,16237000000.0,16240000000.0,3000000.0,0.00018476319517152183
ILLINOIS,2020,Milk,changed,1787000000.0,1791000000.0,4000000.0,0.002238388360380526
KENTUCKY,2020,Milk,added,,939000000.0,,
LOUISIANA,2020,Milk,added,,134000000.0,,
MAINE,2020,Milk,added,,591000000.0,,
MARYLAND,2020,Milk,added,,881000000.0,,
MASSACHUSETTS,2020,Milk,added,,200000000.0,,
MICHIGAN,2020,Milk,changed,11685000000.0,11667000000.0,-18000000.0,-0.0015404364569961489
MINNESOTA,2020,Milk,changed,10167000000.0,10166000000.0,-1000000.0,-9.83574309039048e-05
MISSISSIPPI,2020,Milk,added,,131000000.0,,
MISSOURI,2020,Milk,added,,1087000000.0,,
MONTANA,2020,Milk,added,,254000000.0,,
NEBRASKA,2020,Milk,added,,1460000000.0,,
NEVADA,2020,Milk,added,,785000000.0,,
NEW HAMPSHIRE,2020,Milk,added,,236000000.0,,
NEW JERSEY,2020,Milk,added,,101000000.0,,
NORTH CAROLINA,2020,Milk,added,,895000000.0,,
NORTH DAKOTA,2020,Milk,added,,328000000.0,,
OHIO,2020,Milk,changed,5618000000.0,5609000000.0,-9000000.0,-0.001601993592025632
OKLAHOMA,2020,Milk,added,,731000000.0,,
RHODE ISLAND,2020,Milk,added,,10900000.0,,
SOUTH CAROLINA,2020,Milk,added,,187000000.0,,
TENNESSEE,2020,Milk,added,,542000000.0,,
WEST VIRGINIA,2020,Milk,added,,89000000.0,,
WYOMING,2020,Milk,added,,188800000.0,,
HAWAII,2021,Coffee,added,,29230000.0,,
ALABAMA,2021,Milk,added,,39000000.0,,
ARKANSAS,2021,Milk,added,,61000000.0,,
CONNECTICUT,2021,Milk,added,,435000000.0,,
DELAWARE,2021,Milk,added,,52000000.0,,
ILLINOIS,2021,Milk,changed,1770000000.0,1771000000.0,1000000.0,0.0005649717514124294
KENTUCKY,2021,Milk,added,,908000000.0,,
LOUISIANA,2021,Milk,added,,126000000.0,,
MAINE,2021,Milk,added,,571000000.0,,
MARYLAND,2021,Milk,added,,876000000.0,,
MASSACHUSETTS,2021,Milk,added,,195000000.0,,
MICHIGAN,2021,Milk,changed,11952000000.0,11911000000.0,-41000000.0,-0.003430388219544846
MINNESOTA,2021,Milk,changed,10538000000.0,10537000000.0,-1000000.0,-9.48946669197191e-05
MISSISSIPPI,2021,Milk,added,,106000000.0,,
MISSOURI,2021,Milk,added,,1010000000.0,,
MONTANA,2021,Milk,added,,243000000.0,,
NEBRASKA,2021,Milk,added,,1424000000.0,,
NEVADA,2021,Milk,added,,829000000.0,,
NEW HAMPSHIRE,2021,Milk,added,,227000000.0,,
NEW JERSEY,2021,Milk,added,,90000000.0,,
NEW MEXICO,2021,Milk,changed,7804000000.0,7781000000.0,-23000000.0,-0.002947206560738083
NORTH CAROLINA,2021,Milk,added,,917000000.0,,
NORTH DAKOTA,2021,Milk,added,,335000000.0,,
OHIO,2021,Milk,changed,5640000000.0,5644000000.0,4000000.0,0.0007092198581560284
OKLAHOMA,2021,Milk,added,,709000000.0,,
RHODE ISLAND,2021,Milk,added,,10100000.0,,
SOUTH CAROLINA,2021,Milk,added,,161000000.0,,
TENNESSEE,2021,Milk,added,,508000000.0,,
WEST VIRGINIA,2021,Milk,added,,75000000.0,,
WYOMING,2021,Milk,added,,220300000.0,,
CALIFORNIA,2022,Cheese,changed,2460538000.0,2461201000.0,663000.0,0.000269453265911764
MINNESOTA,2022,Cheese,changed,811544000.0,811518000.0,-26000.0,-3.203769604605542e-05
NEW JERSEY,2022,Cheese,changed,61780000.0,61779000.0,-1000.0,-1.618646811265782e-05
OHIO,2022,Cheese,changed,255334000.0,255338000.0,4000.0,1.5665755441891798e-05
OREGON,2022,Cheese,removed,20120000.0,,,
PENNSYLVANIA,2022,Cheese,changed,450602000.0,450316000.0,-286000.0,-0.0006347064593588133
VERMONT,2022,Cheese,changed,147814000.0,147811000.0,-3000.0,-2.0295777125306128e-05
WISCONSIN,2022,Cheese,changed,3520083000.0,3520640000.0,557000.0,0.00015823490525649538
HAWAII,2022,Coffee,added,,23625000.0,,
ALABAMA,2022,Honey,changed,400000.0,535501.0,135501.0,0.3387525
ALASKA,2022,Honey,added,,28491.0,,
ARIZONA,2022,Honey,changed,1035000.0,1525002.0,490002.0,0.47343188405797104
ARKANSAS,2022,Honey,changed,1120000.0,1029923.0,-90077.0,-0.08042589285714286
CALIFORNIA,2022,Honey,changed,11590000.0,28502379.0,16912379.0,1.4592216566005176
COLORADO,2022,Honey,changed,1302000.0,1276922.0,-25078.0,-0.019261136712749614
CONNECTICUT,2022,Honey,added,,240332.0,,
DELAWARE,2022,Honey,added,,14726.0,,
FLORIDA,2022,Honey,changed,7350000.0,14526000.0,7176000.0,0.976326530612245
GEORGIA,2022,Honey,changed,3296000.0,4994913.0,1698913.0,0.5154469053398059
HAWAII,2022,Honey,added,,2170545.0,,
IDAHO,2022,Honey,changed,2726000.0,5762856.0,3036856.0,1.1140337490829053
ILLINOIS,2022,Honey,changed,470000.0,803845.0,333845.0,0.7103085106382979
INDIANA,2022,Honey,changed,567000.0,908140.0,341140.0,0.601657848324515
IOWA,2022,Honey,changed,2448000.0,2104054.0,-343946.0,-0.14050081699346406
KANSAS,2022,Honey,changed,372000.0,845894.0,473894.0,1.2739086021505377
KENTUCKY,2022,Honey,changed,252000.0,482601.0,230601.0,0.9150833333333334
LOUISIANA,2022,Honey,changed,2562000.0,3989186.0,1427186.0,0.5570593286494926
MAINE,2022,Honey,changed,230000.0,292411.0,62411.0,0.2713521739130435
MARYLAND,2022,Honey,added,,222384.0,,
MASSACHUSETTS,2022,Honey,added,,495799.0,,
MICHIGAN,2022,Honey,changed,3362000.0,6168358.0,2806358.0,0.834728732897085
MINNESOTA,2022,Honey,changed,5202000.0,8865510.0,3663510.0,0.7042502883506344
MISSISSIPPI,2022,Honey,changed,1995000.0,3256416.0,1261416.0,0.6322887218045112
MISSOURI,2022,Honey,changed,328000.0,720693.0,392693.0,1.197234756097561
MONTANA,2022,Honey,changed,7503000.0,8822137.0,1319137.0,0.1758146074903372
NEBRASKA,2022,Honey,changed,1496000.0,2400761.0,904761.0,0.6047867647058823
NEVADA,2022,Honey,added,,121005.0,,
NEW HAMPSHIRE,2022,Honey,added,,158122.0,,
NEW JERSEY,2022,Honey,changed,624000.0,636431.0,12431.0,0.01992147435897436
NEW MEXICO,2022,Honey,added,,342073.0,,
NEW YORK,2022,Honey,changed,2862000.0,2847841.0,-14159.0,-0.004947239692522711
NORTH CAROLINA,2022,Honey,changed,507000.0,1026513.0,519513.0,1.024680473372781
NORTH DAKOTA,2022,Honey,changed,31200000.0,40873481.0,9673481.0,0.31004746794871796
OHIO,2022,Honey,changed,1254000.0,1825233.0,571233.0,0.4555287081339713
OKLAHOMA,2022,Honey,added,,234008.0,,
OREGON,2022,Honey,changed,3404000.0,4373045.0,969045.0,0.2846783196239718
PENNSYLVANIA,2022,Honey,changed,1058000.0,1767195.0,709195.0,0.6703166351606805
RHODE ISLAND,2022,Honey,added,,68208.0,,
SOUTH CAROLINA,2022,Honey,changed,507000.0,541974.0,34974.0,0.06898224852071005
SOUTH DAKOTA,2022,Honey,changed,7215000.0,7799314.0,584314.0,0.08098600138600139
TENNESSEE,2022,Honey,changed,423000.0,708241.0,285241.0,0.6743286052009456
TEXAS,2022,Honey,changed,8321000.0,8497622.0,176622.0,0.02122605456074991
UTAH,2022,Honey,changed,1196000.0,1027235.0,-168765.0,-0.14110785953177257
VERMONT,2022,Honey,changed,282000.0,565491.0,283491.0,1.0052872340425532
VIRGINIA,2022,Honey,changed,266000.0,500797.0,234797.0,0.8826954887218045
WASHINGTON,2022,Honey,changed,2752000.0,3388225.0,636225.0,0.23118640988372094
WEST VIRGINIA,2022,Honey,changed,273000.0,365410.0,92410.0,0.3384981684981685
WISCONSIN,2022,Honey,changed,2915000.0,2660990.0,-254010.0,-0.08713893653516296
WYOMING,2022,Honey,changed,1350000.0,1224763.0,-125237.0,-0.09276814814814814
ALABAMA,2022,Milk,added,,32000000.0,,
ARKANSAS,2022,Milk,added,,45000000.0,,
CALIFORNIA,2022,Milk,changed,41787000000.0,41800000000.0,13000000.0,0.00031110153875607246
CONNECTICUT,2022,Milk,added,,430000000.0,,
DELAWARE,2022,Milk,added,,48100000.0,,
FLORIDA,2022,Milk,changed,1933000000.0,1927000000.0,-6000000.0,-0.0031039834454216243
INDIANA,2022,Milk,changed,4413000000.0,4371000000.0,-42000000.0,-0.009517335146159076
KANSAS,2022,Milk,changed,4143000000.0,4142000000.0,-1000000.0,-0.0002413709872073377
KENTUCKY,2022,Milk,added,,926000000.0,,
LOUISIANA,2022,Milk,added,,112000000.0,,
MAINE,2022,Milk,added,,554000000.0,,
MARYLAND,2022,Milk,added,,842000000.0,,
MASSACHUSETTS,2022,Milk,added,,188000000.0,,
MICHIGAN,2022,Milk,changed,11740000000.0,11737000000.0,-3000000.0,-0.0002555366269165247
MINNESOTA,2022,Milk,changed,10477000000.0,10472000000.0,-5000000.0,-0.00047723584995704876
MISSISSIPPI,2022,Milk,added,,90000000.0,,
MISSOURI,2022,Milk,added,,941000000.0,,
MONTANA,2022,Milk,added,,223000000.0,,
NEBRASKA,2022,Milk,added,,1416000000.0,,
NEVADA,2022,Milk,added,,794000000.0,,
NEW HAMPSHIRE,2022,Milk,added,,219000000.0,,
NEW JERSEY,2022,Milk,added,,88000000.0,,
NEW MEXICO,2022,Milk,changed,7148000000.0,7145000000.0,-3000000.0,-0.00041969781757134864
NEW YORK,2022,Milk,changed,15660000000.0,15646000000.0,-14000000.0,-0.0008939974457215837
NORTH CAROLINA,2022,Milk,added,,912000000.0,,
NORTH DAKOTA,2022,Milk,added,,319000000.0,,
OHIO,2022,Milk,changed,5519000000.0,5526000000.0,7000000.0,0.0012683457148034065
OKLAHOMA,2022,Milk,added,,716000000.0,,
OREGON,2022,Milk,changed,2636000000.0,2635000000.0,-1000000.0,-0.00037936267071320183
RHODE ISLAND,2022,Milk,added,,10000000.0,,
SOUTH CAROLINA,2022,Milk,added,,161000000.0,,
TENNESSEE,2022,Milk,added,,493000000.0,,
TEXAS,2022,Milk,changed,16524000000.0,16531000000.0,7000000.0,0.0004236262406197047
UTAH,2022,Milk,changed,2169000000.0,2170000000.0,1000000.0,0.0004610419548178884
WEST VIRGINIA,2022,Milk,added,,75000000.0,,
WYOMING,2022,Milk,added,,239600000.0,,
CALIFORNIA,2022,Yogurt,changed,377839000.0,221139000.0,-156700000.0,-0.41472690749234464
CALIFORNIA,2023,Cheese,changed,833827000.0,2493238000.0,1659411000.0,1.9901142563145593
IDAHO,2023,Cheese,changed,340106000.0,1012143000.0,672037000.0,1.9759633761239144
ILLINOIS,2023,Cheese,changed,20603000.0,70205000.0,49602000.0,2.407513468912294
IOWA,2023,Cheese,changed,129758000.0,395804000.0,266046000.0,2.0503244501302427
MASSACHUSETTS,2023,Cheese,added,,1111000.0,,
MINNESOTA,2023,Cheese,changed,278033000.0,819400000.0,541367000.0,1.947132174957649
NEW JERSEY,2023,Cheese,changed,20719000.0,72042000.0,51323000.0,2.47709831555577
NEW MEXICO,2023,Cheese,changed,331740000.0,995572000.0,663832000.0,2.001061071923796
NEW YORK,2023,Cheese,changed,279526000.0,828433000.0,548907000.0,1.9637064172921304
OHIO,2023,Cheese,changed,85288000.0,254705000.0,169417000.0,1.9864107494606509
PENNSYLVANIA,2023,Cheese,changed,157890000.0,521050000.0,363160000.0,2.3000823358034075
SOUTH DAKOTA,2023,Cheese,removed,131282000.0,,,
VERMONT,2023,Cheese,changed,45854000.0,141930000.0,96076000.0,2.095258865093558
WISCONSIN,2023,Cheese,changed,1161409000.0,3517903000.0,2356494000.0,2.028995814566617
HAWAII,2023,Coffee,added,,23310000.0,,
ALABAMA,2023,Honey,added,,400000.0,,
ARIZONA,2023,Honey,added,,1428000.0,,
ARKANSAS,2023,Honey,added,,874000.0,,
CALIFORNIA,2023,Honey,added,,13650000.0,,
COLORADO,2023,Honey,added,,1025000.0,,
FLORIDA,2023,Honey,added,,4704000.0,,
GEORGIA,2023,Honey,added,,2541000.0,,
IDAHO,2023,Honey,added,,2944000.0,,
ILLINOIS,2023,Honey,added,,441000.0,,
INDIANA,2023,Honey,added,,477000.0,,
IOWA,2023,Honey,added,,2640000.0,,
KANSAS,2023,Honey,added,,260000.0,,
KENTUCKY,2023,Honey,added,,300000.0,,
LOUISIANA,2023,Honey,added,,2295000.0,,
MAINE,2023,Honey,added,,216000.0,,
MICHIGAN,2023,Honey,added,,3850000.0,,
MINNESOTA,2023,Honey,added,,6148000.0,,
MISSISSIPPI,2023,Honey,added,,1050000.0,,
MISSOURI,2023,Honey,added,,387000.0,,
MONTANA,2023,Honey,added,,9690000.0,,
NEBRASKA,2023,Honey,added,,1584000.0,,
NEW JERSEY,2023,Honey,added,,540000.0,,
NEW YORK,2023,Honey,added,,2378000.0,,
NORTH CAROLINA,2023,Honey,added,,484000.0,,
NORTH DAKOTA,2023,Honey,added,,38250000.0,,
OHIO,2023,Honey,added,,1300000.0,,
OREGON,2023,Honey,added,,3330000.0,,
PENNSYLVANIA,2023,Honey,added,,1100000.0,,
SOUTH CAROLINA,2023,Honey,added,,572000.0,,
SOUTH DAKOTA,2023,Honey,added,,18270000.0,,
TENNESSEE,2023,Honey,added,,480000.0,,
TEXAS,2023,Honey,added,,3885000.0,,
UTAH,2023,Honey,added,,1008000.0,,
VERMONT,2023,Honey,added,,294000.0,,
VIRGINIA,2023,Honey,added,,195000.0,,
WASHINGTON,2023,Honey,added,,2241000.0,,
WEST VIRGINIA,2023,Honey,added,,306000.0,,
WISCONSIN,2023,Honey,added,,2790000.0,,
WYOMING,2023,Honey,added,,2106000.0,,
ALABAMA,2023,Milk,added,,27000000.0,,
ARIZONA,2023,Milk,changed,2093000000.0,4821000000.0,2728000000.0,1.303392259913999
ARKANSAS,2023,Milk,added,,33000000.0,,
CALIFORNIA,2023,Milk,changed,17637000000.0,40900000000.0,23263000000.0,1.3189884901060271
COLORADO,2023,Milk,changed,2197000000.0,5212000000.0,3015000000.0,1.372325898953118
CONNECTICUT,2023,Milk,added,,427000000.0,,
DELAWARE,2023,Milk,added,,48100000.0,,
FLORIDA,2023,Milk,changed,824000000.0,2046000000.0,1222000000.0,1.483009708737864
GEORGIA,2023,Milk,changed,898000000.0,1934000000.0,1036000000.0,1.153674832962138
IDAHO,2023,Milk,changed,7035000000.0,16827000000.0,9792000000.0,1.3918976545842217
ILLINOIS,2023,Milk,changed,733000000.0,1708000000.0,975000000.0,1.330150068212824
INDIANA,2023,Milk,changed,1895000000.0,4513000000.0,2618000000.0,1.3815303430079156
IOWA,2023,Milk,changed,2478000000.0,5923000000.0,3445000000.0,1.3902340597255851
KANSAS,2023,Milk,changed,1791000000.0,4175000000.0,2384000000.0,1.3310999441652709
KENTUCKY,2023,Milk,added,,915000000.0,,
LOUISIANA,2023,Milk,added,,101000000.0,,
MAINE,2023,Milk,added,,542000000.0,,
MARYLAND,2023,Milk,added,,846000000.0,,
MASSACHUSETTS,2023,Milk,added,,180000000.0,,
MICHIGAN,2023,Milk,changed,5020000000.0,12055000000.0,7035000000.0,1.401394422310757
MINNESOTA,2023,Milk,changed,4419000000.0,10498000000.0,6079000000.0,1.3756505996831863
MISSISSIPPI,2023,Milk,added,,74000000.0,,
MISSOURI,2023,Milk,added,,867000000.0,,
MONTANA,2023,Milk,added,,210000000.0,,
NEBRASKA,2023,Milk,added,,1340000000.0,,
NEVADA,2023,Milk,added,,761000000.0,,
NEW HAMPSHIRE,2023,Milk,added,,207000000.0,,
NEW JERSEY,2023,Milk,added,,86000000.0,,
NEW MEXICO,2023,Milk,changed,2989000000.0,6663000000.0,3674000000.0,1.229173636667782
NEW YORK,2023,Milk,changed,6675000000.0,16060000000.0,9385000000.0,1.405992509363296
NORTH CAROLINA,2023,Milk,added,,894000000.0,,
NORTH DAKOTA,2023,Milk,added,,270000000.0,,
OHIO,2023,Milk,changed,2362000000.0,5658000000.0,3296000000.0,1.3954276037256563
OKLAHOMA,2023,Milk,added,,690000000.0,,
OREGON,2023,Milk,changed,1097000000.0,2554000000.0,1457000000.0,1.3281677301731996
PENNSYLVANIA,2023,Milk,changed,4233000000.0,9859000000.0,5626000000.0,1.3290810300023623
RHODE ISLAND,2023,Milk,added,,9600000.0,,
SOUTH CAROLINA,2023,Milk,added,,148000000.0,,
SOUTH DAKOTA,2023,Milk,changed,1791000000.0,4488000000.0,2697000000.0,1.5058626465661642
TENNESSEE,2023,Milk,added,,467000000.0,,
TEXAS,2023,Milk,changed,7139000000.0,16565000000.0,9426000000.0,1.320352990614932
UTAH,2023,Milk,changed,888000000.0,2086000000.0,1198000000.0,1.3490990990990992
VERMONT,2023,Milk,changed,1071000000.0,2536000000.0,1465000000.0,1.3678804855275444
VIRGINIA,2023,Milk,changed,603000000.0,1420000000.0,817000000.0,1.3548922056384742
WASHINGTON,2023,Milk,changed,2612000000.0,6227000000.0,3615000000.0,1.3839969372128638
WEST VIRGINIA,2023,Milk,added,,67000000.0,,
WISCONSIN,2023,Milk,changed,13332000000.0,32123000000.0,18791000000.0,1.4094659465946595
WYOMING,2023,Milk,added,,243900000.0,,
CALIFORNIA,2023,Yogurt,added,,223178000.0,,
NEW YORK,2023,Yogurt,added,,891534000.0,,
