source_desc,sector_desc,group_desc,commodity_desc,class_desc,prodn_practice_desc,util_practice_desc,statisticcat_desc,unit_desc,short_desc,domain_desc,domaincat_desc,agg_level_desc,state_ansi,state_fips_code,state_alpha,state_name,asd_code,asd_desc,county_ansi,county_code,county_name,region_desc,zip_5,watershed_code,watershed_desc,congr_district_code,country_code,country_name,location_desc,year,freq_desc,begin_code,end_code,reference_period_desc,week_ending,load_time,Value,CV (%)
SURVEY,ANIMALS & PRODUCTS,DAIRY,MILK,ALL CLASSES,ALL PRODUCTION PRACTICES,ALL UTILIZATION PRACTICES,PRODUCTION,LB,"MILK - PRODUCTION, MEASURED IN LB",TOTAL,NOT SPECIFIED,STATE,,98,OT,OTHER STATES,,,,,,,,00000000,,,9000,UNITED STATES,OTHER STATES,2023,MONTHLY,01,03,JAN THRU MAR,,2025-02-21 15:00:00.000,"1,500,000",
SURVEY,ANIMALS & PRODUCTS,DAIRY,MILK,ALL CLASSES,ALL PRODUCTION PRACTICES,ALL UTILIZATION PRACTICES,PRODUCTION,LB,"MILK - PRODUCTION, MEASURED IN LB",TOTAL,NOT SPECIFIED,STATE,,98,OT,OTHER STATES,,,,,,,,00000000,,,9000,UNITED STATES,OTHER STATES,2023,MONTHLY,04,06,APR THRU JUN,,2025-02-21 15:00:00.000,"1,800,000",
SURVEY,ANIMALS & PRODUCTS,DAIRY,MILK,ALL CLASSES,ALL PRODUCTION PRACTICES,ALL UTILIZATION PRACTICES,PRODUCTION,LB,"MILK - PRODUCTION, MEASURED IN LB",TOTAL,NOT SPECIFIED,STATE,,98,OT,OTHER STATES,,,,,,,,00000000,,,9000,UNITED STATES,OTHER STATES,2023,MONTHLY,07,09,JUL THRU SEP,,2025-02-21 15:00:00.000,"1,700,000",
SURVEY,ANIMALS & PRODUCTS,DAIRY,MILK,ALL CLASSES,ALL PRODUCTION PRACTICES,ALL UTILIZATION PRACTICES,PRODUCTION,LB,"MILK - PRODUCTION, MEASURED IN LB",TOTAL,NOT SPECIFIED,STATE,,98,OT,OTHER STATES,,,,,,,,00000000,,,9000,UNITED STATES,OTHER STATES,2023,MONTHLY,10,12,OCT THRU DEC,,2025-02-21 15:00:00.000,"1,700,000",
SURVEY,ANIMALS & PRODUCTS,DAIRY,MILK,ALL CLASSES,ALL PRODUCTION PRACTICES,ALL UTILIZATION PRACTICES,PRODUCTION,LB,"MILK - PRODUCTION, MEASURED IN LB",TOTAL,NOT SPECIFIED,STATE,01,01,AL,ALABAMA,,,,,,,,00000000,,,9000,UNITED STATES,ALABAMA,2023,MONTHLY,01,03,JAN THRU MAR,,2025-02-21 15:00:00.000,"9,000,000",
SURVEY,ANIMALS & PRODUCTS,DAIRY,MILK,ALL CLASSES,ALL PRODUCTION PRACTICES,ALL UTILIZATION PRACTICES,PRODUCTION,LB,"MILK - PRODUCTION, MEASURED IN LB",TOTAL,NOT SPECIFIED,STATE,01,01,AL,ALABAMA,,,,,,,,00000000,,,9000,UNITED STATES,ALABAMA,2023,MONTHLY,04,06,APR THRU JUN,,2025-02-21 15:00:00.000,"7,500,000",
SURVEY,ANIMALS & PRODUCTS,DAIRY,MILK,ALL CLASSES,ALL PRODUCTION PRACTICES,ALL UTILIZATION PRACTICES,PRODUCTION,LB,"MILK - PRODUCTION, MEASURED IN LB",TOTAL,NOT SPECIFIED,STATE,01,01,AL,ALABAMA,,,,,,,,00000000,,,9000,UNITED STATES,ALABAMA,2023,MONTHLY,07,09,JUL THRU SEP,,2025-02-21 15:00:00.000,"5,000,000",
SURVEY,ANIMALS & PRODUCTS,DAIRY,MILK,ALL CLASSES,ALL PRODUCTION PRACTICES,ALL UTILIZATION PRACTICES,PRODUCTION,LB,"MILK - PRODUCTION, MEASURED IN LB",TOTAL,NOT SPECIFIED,STATE,01,01,AL,ALABAMA,,,,,,,,00000000,,,9000,UNITED STATES,ALABAMA,2023,MONTHLY,10,12,OCT THRU DEC,,2025-02-21 15:00:00.000,"5,500,000",
SURVEY,ANIMALS & PRODUCTS,DAIRY,MILK,ALL CLASSES,ALL PRODUCTION PRACTICES,ALL UTILIZATION PRACTICES,PRODUCTION,LB,"MILK - PRODUCTION, MEASURED IN LB",TOTAL,NOT SPECIFIED,STATE,04,04,AZ,ARIZONA,,,,,,,,00000000,,,9000,UNITED STATES,ARIZONA,2023,MONTHLY,01,01,JAN,,2025-02-21 15:00:00.000,"410,000,000",
SURVEY,ANIMALS & PRODUCTS,DAIRY,MILK,ALL CLASSES,ALL PRODUCTION PRACTICES,ALL UTILIZATION PRACTICES,PRODUCTION,LB,"MILK - PRODUCTION, MEASURED IN LB",TOTAL,NOT SPECIFIED,STATE,04,04,AZ,ARIZONA,,,,,,,,00000000,,,9000,UNITED STATES,ARIZONA,2023,MONTHLY,01,03,JAN THRU MAR,,2025-02-21 15:00:00.000,"1,238,000,000",
SURVEY,ANIMALS & PRODUCTS,DAIRY,MILK,ALL CLASSES,ALL PRODUCTION PRACTICES,ALL UTILIZATION PRACTICES,PRODUCTION,LB,"MILK - PRODUCTION, MEASURED IN LB",TOTAL,NOT SPECIFIED,STATE,04,04,AZ,ARIZONA,,,,,,,,00000000,,,9000,UNITED STATES,ARIZONA,2023,MONTHLY,02,02,FEB,,2025-02-21 15:00:00.000,"388,000,000",
SURVEY,ANIMALS & PRODUCTS,DAIRY,MILK,ALL CLASSES,ALL PRODUCTION PRACTICES,ALL UTILIZATION PRACTICES,PRODUCTION,LB,"MILK - PRODUCTION, MEASURED IN LB",TOTAL,NOT SPECIFIED,STATE,04,04,AZ,ARIZONA,,,,,,,,00000000,,,9000,UNITED STATES,ARIZONA,2023,MONTHLY,03,03,MAR,,2025-02-21 15:00:00.000,"440,000,000",
SURVEY,ANIMALS & PRODUCTS,DAIRY,MILK,ALL CLASSES,ALL PRODUCTION PRACTICES,ALL UTILIZATION PRACTICES,PRODUCTION,LB,"MILK - PRODUCTION, MEASURED IN LB",TOTAL,NOT SPECIFIED,STATE,04,04,AZ,ARIZONA,,,,,,,,00000000,,,9000,UNITED STATES,ARIZONA,2023,MONTHLY,04,04,APR,,2025-02-21 15:00:00.000,"428,000,000",
SURVEY,ANIMALS & PRODUCTS,DAIRY,MILK,ALL CLASSES,ALL PRODUCTION PRACTICES,ALL UTILIZATION PRACTICES,PRODUCTION,LB,"MILK - PRODUCTION, MEASURED IN LB",TOTAL,NOT SPECIFIED,STATE,04,04,AZ,ARIZONA,,,,,,,,00000000,,,9000,UNITED STATES,ARIZONA,2023,MONTHLY,04,06,APR THRU JUN,,2025-02-21 15:00:00.000,"1,268,000,000",
SURVEY,ANIMALS & PRODUCTS,DAIRY,MILK,ALL CLASSES,ALL PRODUCTION PRACTICES,ALL UTILIZATION PRACTICES,PRODUCTION,LB,"MILK - PRODUCTION, MEASURED IN LB",TOTAL,NOT SPECIFIED,STATE,04,04,AZ,ARIZONA,,,,,,,,00000000,,,9000,UNITED STATES,ARIZONA,2023,MONTHLY,05,05,MAY,,2025-02-21 15:00:00.000,"434,000,000",
SURVEY,ANIMALS & PRODUCTS,DAIRY,MILK,ALL CLASSES,ALL PRODUCTION PRACTICES,ALL UTILIZATION PRACTICES,PRODUCTION,LB,"MILK - PRODUCTION, MEASURED IN LB",TOTAL,NOT SPECIFIED,STATE,04,04,AZ,ARIZONA,,,,,,,,00000000,,,9000,UNITED STATES,ARIZONA,2023,MONTHLY,06,06,JUN,,2025-02-21 15:00:00.000,"406,000,000",
SURVEY,ANIMALS & PRODUCTS,DAIRY,MILK,ALL CLASSES,ALL PRODUCTION PRACTICES,ALL UTILIZATION PRACTICES,PRODUCTION,LB,"MILK - PRODUCTION, MEASURED IN LB",TOTAL,NOT SPECIFIED,STATE,04,04,AZ,ARIZONA,,,,,,,,00000000,,,9000,UNITED STATES,ARIZONA,2023,MONTHLY,07,07,JUL,,2025-02-21 15:00:00.000,"378,000,000",
SURVEY,ANIMALS & PRODUCTS,DAIRY,MILK,ALL CLASSES,ALL PRODUCTION PRACTICES,ALL UTILIZATION PRACTICES,PRODUCTION,LB,"MILK - PRODUCTION, MEASURED IN LB",TOTAL,NOT SPECIFIED,STATE,04,04,AZ,ARIZONA,,,,,,,,00000000,,,9000,UNITED STATES,ARIZONA,2023,MONTHLY,07,09,JUL THRU SEP,,2025-02-21 15:00:00.000,"1,119,000,000",
SURVEY,ANIMALS & PRODUCTS,DAIRY,MILK,ALL CLASSES,ALL PRODUCTION PRACTICES,ALL UTILIZATION PRACTICES,PRODUCTION,LB,"MILK - PRODUCTION, MEASURED IN LB",TOTAL,NOT SPECIFIED,STATE,04,04,AZ,ARIZONA,,,,,,,,00000000,,,9000,UNITED STATES,ARIZONA,2023,MONTHLY,08,08,AUG,,2025-02-21 15:00:00.000,"372,000,000",
SURVEY,ANIMALS & PRODUCTS,DAIRY,MILK,ALL CLASSES,ALL PRODUCTION PRACTICES,ALL UTILIZATION PRACTICES,PRODUCTION,LB,"MILK - PRODUCTION, MEASURED IN LB",TOTAL,NOT SPECIFIED,STATE,04,04,AZ,ARIZONA,,,,,,,,00000000,,,9000,UNITED STATES,ARIZONA,2023,MONTHLY,09,09,SEP,,2025-02-21 15:00:00.000,"369,000,000",
SURVEY,ANIMALS & PRODUCTS,DAIRY,MILK,ALL CLASSES,ALL PRODUCTION PRACTICES,ALL UTILIZATION PRACTICES,PRODUCTION,LB,"MILK - PRODUCTION, MEASURED IN LB",TOTAL,NOT SPECIFIED,STATE,04,04,AZ,ARIZONA,,,,,,,,00000000,,,9000,UNITED STATES,ARIZONA,2023,MONTHLY,10,10,OCT,,2025-02-21 15:00:00.000,"394,000,000",
SURVEY,ANIMALS & PRODUCTS,DAIRY,MILK,ALL CLASSES,ALL PRODUCTION PRACTICES,ALL UTILIZATION PRACTICES,PRODUCTION,LB,"MILK - PRODUCTION, MEASURED IN LB",TOTAL,NOT SPECIFIED,STATE,04,04,AZ,ARIZONA,,,,,,,,00000000,,,9000,UNITED STATES,ARIZONA,2023,MONTHLY,10,12,OCT THRU DEC,,2025-02-21 15:00:00.000,"1,196,000,000",
SURVEY,ANIMALS & PRODUCTS,DAIRY,MILK,ALL CLASSES,ALL PRODUCTION PRACTICES,ALL UTILIZATION PRACTICES,PRODUCTION,LB,"MILK - PRODUCTION, MEASURED IN LB",TOTAL,NOT SPECIFIED,STATE,04,04,AZ,ARIZONA,,,,,,,,00000000,,,9000,UNITED STATES,ARIZONA,2023,MONTHLY,11,11,NOV,,2025-02-21 15:00:00.000,"390,000,000",
SURVEY,ANIMALS & PRODUCTS,DAIRY,MILK,ALL CLASSES,ALL PRODUCTION PRACTICES,ALL UTILIZATION PRACTICES,PRODUCTION,LB,"MILK - PRODUCTION, MEASURED IN LB",TOTAL,NOT SPECIFIED,STATE,04,04,AZ,ARIZONA,,,,,,,,00000000,,,9000,UNITED STATES,ARIZONA,2023,MONTHLY,12,12,DEC,,2026-02-20 15:00:00.000,"412,000,000",
SURVEY,ANIMALS & PRODUCTS,DAIRY,MILK,ALL CLASSES,ALL PRODUCTION PRACTICES,ALL UTILIZATION PRACTICES,PRODUCTION,LB,"MILK - PRODUCTION, MEASURED IN LB",TOTAL,NOT SPECIFIED,STATE,05,05,AR,ARKANSAS,,,,,,,,00000000,,,9000,UNITED STATES,ARKANSAS,2023,MONTHLY,01,03,JAN THRU MAR,,2025-02-21 15:00:00.000,"10,000,000",
SURVEY,ANIMALS & PRODUCTS,DAIRY,MILK,ALL CLASSES,ALL PRODUCTION PRACTICES,ALL UTILIZATION PRACTICES,PRODUCTION,LB,"MILK - PRODUCTION, MEASURED IN LB",TOTAL,NOT SPECIFIED,STATE,05,05,AR,ARKANSAS,,,,,,,,00000000,,,9000,UNITED STATES,ARKANSAS,2023,MONTHLY,04,06,APR THRU JUN,,2025-02-21 15:00:00.000,"9,500,000",
SURVEY,ANIMALS & PRODUCTS,DAIRY,MILK,ALL CLASSES,ALL PRODUCTION PRACTICES,ALL UTILIZATION PRACTICES,PRODUCTION,LB,"MILK - PRODUCTION, MEASURED IN LB",TOTAL,NOT SPECIFIED,STATE,05,05,AR,ARKANSAS,,,,,,,,00000000,,,9000,UNITED STATES,ARKANSAS,2023,MONTHLY,07,09,JUL THRU SEP,,2025-02-21 15:00:00.000,"7,000,000",
SURVEY,ANIMALS & PRODUCTS,DAIRY,MILK,ALL CLASSES,ALL PRODUCTION PRACTICES,ALL UTILIZATION PRACTICES,PRODUCTION,LB,"MILK - PRODUCTION, MEASURED IN LB",TOTAL,NOT SPECIFIED,STATE,05,05,AR,ARKANSAS,,,,,,,,00000000,,,9000,UNITED STATES,ARKANSAS,2023,MONTHLY,10,12,OCT THRU DEC,,2025-02-21 15:00:00.000,"6,500,000",
SURVEY,ANIMALS & PRODUCTS,DAIRY,MILK,ALL CLASSES,ALL PRODUCTION PRACTICES,ALL UTILIZATION PRACTICES,PRODUCTION,LB,"MILK - PRODUCTION, MEASURED IN LB",TOTAL,NOT SPECIFIED,STATE,06,06,CA,CALIFORNIA,,,,,,,,00000000,,,9000,UNITED STATES,CALIFORNIA,2023,MONTHLY,01,01,JAN,,2025-02-21 15:00:00.000,"3,533,000,000",
SURVEY,ANIMALS & PRODUCTS,DAIRY,MILK,ALL CLASSES,ALL PRODUCTION PRACTICES,ALL UTILIZATION PRACTICES,PRODUCTION,LB,"MILK - PRODUCTION, MEASURED IN LB",TOTAL,NOT SPECIFIED,STATE,06,06,CA,CALIFORNIA,,,,,,,,00000000,,,9000,UNITED STATES,CALIFORNIA,2023,MONTHLY,01,03,JAN THRU MAR,,2025-02-21 15:00:00.000,"10,446,000,000",
SURVEY,ANIMALS & PRODUCTS,DAIRY,MILK,ALL CLASSES,ALL PRODUCTION PRACTICES,ALL UTILIZATION PRACTICES,PRODUCTION,LB,"MILK - PRODUCTION, MEASURED IN LB",TOTAL,NOT SPECIFIED,STATE,06,06,CA,CALIFORNIA,,,,,,,,00000000,,,9000,UNITED STATES,CALIFORNIA,2023,MONTHLY,02,02,FEB,,2025-02-21 15:00:00.000,"3,273,000,000",
SURVEY,ANIMALS & PRODUCTS,DAIRY,MILK,ALL CLASSES,ALL PRODUCTION PRACTICES,ALL UTILIZATION PRACTICES,PRODUCTION,LB,"MILK - PRODUCTION, MEASURED IN LB",TOTAL,NOT SPECIFIED,STATE,06,06,CA,CALIFORNIA,,,,,,,,00000000,,,9000,UNITED STATES,CALIFORNIA,2023,MONTHLY,03,03,MAR,,2025-02-21 15:00:00.000,"3,640,000,000",
SURVEY,ANIMALS & PRODUCTS,DAIRY,MILK,ALL CLASSES,ALL PRODUCTION PRACTICES,ALL UTILIZATION PRACTICES,PRODUCTION,LB,"MILK - PRODUCTION, MEASURED IN LB",TOTAL,NOT SPECIFIED,STATE,06,06,CA,CALIFORNIA,,,,,,,,00000000,,,9000,UNITED STATES,CALIFORNIA,2023,MONTHLY,04,04,APR,,2025-02-21 15:00:00.000,"3,537,000,000",
SURVEY,ANIMALS & PRODUCTS,DAIRY,MILK,ALL CLASSES,ALL PRODUCTION PRACTICES,ALL UTILIZATION PRACTICES,PRODUCTION,LB,"MILK - PRODUCTION, MEASURED IN LB",TOTAL,NOT SPECIFIED,STATE,06,06,CA,CALIFORNIA,,,,,,,,00000000,,,9000,UNITED STATES,CALIFORNIA,2023,MONTHLY,04,06,APR THRU JUN,,2025-02-21 15:00:00.000,"10,600,000,000",
SURVEY,ANIMALS & PRODUCTS,DAIRY,MILK,ALL CLASSES,ALL PRODUCTION PRACTICES,ALL UTILIZATION PRACTICES,PRODUCTION,LB,"MILK - PRODUCTION, MEASURED IN LB",TOTAL,NOT SPECIFIED,STATE,06,06,CA,CALIFORNIA,,,,,,,,00000000,,,9000,UNITED STATES,CALIFORNIA,2023,MONTHLY,05,05,MAY,,2025-02-21 15:00:00.000,"3,644,000,000",
SURVEY,ANIMALS & PRODUCTS,DAIRY,MILK,ALL CLASSES,ALL PRODUCTION PRACTICES,ALL UTILIZATION PRACTICES,PRODUCTION,LB,"MILK - PRODUCTION, MEASURED IN LB",TOTAL,NOT SPECIFIED,STATE,06,06,CA,CALIFORNIA,,,,,,,,00000000,,,9000,UNITED STATES,CALIFORNIA,2023,MONTHLY,06,06,JUN,,2025-02-21 15:00:00.000,"3,419,000,000",
SURVEY,ANIMALS & PRODUCTS,DAIRY,MILK,ALL CLASSES,ALL PRODUCTION PRACTICES,ALL UTILIZATION PRACTICES,PRODUCTION,LB,"MILK - PRODUCTION, MEASURED IN LB",TOTAL,NOT SPECIFIED,STATE,06,06,CA,CALIFORNIA,,,,,,,,00000000,,,9000,UNITED STATES,CALIFORNIA,2023,MONTHLY,07,07,JUL,,2025-02-21 15:00:00.000,"3,325,000,000",
SURVEY,ANIMALS & PRODUCTS,DAIRY,MILK,ALL CLASSES,ALL PRODUCTION PRACTICES,ALL UTILIZATION PRACTICES,PRODUCTION,LB,"MILK - PRODUCTION, MEASURED IN LB",TOTAL,NOT SPECIFIED,STATE,06,06,CA,CALIFORNIA,,,,,,,,00000000,,,9000,UNITED STATES,CALIFORNIA,2023,MONTHLY,07,09,JUL THRU SEP,,2025-02-21 15:00:00.000,"9,841,000,000",
SURVEY,ANIMALS & PRODUCTS,DAIRY,MILK,ALL CLASSES,ALL PRODUCTION PRACTICES,ALL UTILIZATION PRACTICES,PRODUCTION,LB,"MILK - PRODUCTION, MEASURED IN LB",TOTAL,NOT SPECIFIED,STATE,06,06,CA,CALIFORNIA,,,,,,,,00000000,,,9000,UNITED STATES,CALIFORNIA,2023,MONTHLY,08,08,AUG,,2025-02-21 15:00:00.000,"3,306,000,000",
SURVEY,ANIMALS & PRODUCTS,DAIRY,MILK,ALL CLASSES,ALL PRODUCTION PRACTICES,ALL UTILIZATION PRACTICES,PRODUCTION,LB,"MILK - PRODUCTION, MEASURED IN LB",TOTAL,NOT SPECIFIED,STATE,06,06,CA,CALIFORNIA,,,,,,,,00000000,,,9000,UNITED STATES,CALIFORNIA,2023,MONTHLY,09,09,SEP,,2025-02-21 15:00:00.000,"3,210,000,000",
SURVEY,ANIMALS & PRODUCTS,DAIRY,MILK,ALL CLASSES,ALL PRODUCTION PRACTICES,ALL UTILIZATION PRACTICES,PRODUCTION,LB,"MILK - PRODUCTION, MEASURED IN LB",TOTAL,NOT SPECIFIED,STATE,06,06,CA,CALIFORNIA,,,,,,,,00000000,,,9000,UNITED STATES,CALIFORNIA,2023,MONTHLY,10,10,OCT,,2025-02-21 15:00:00.000,"3,311,000,000",
SURVEY,ANIMALS & PRODUCTS,DAIRY,MILK,ALL CLASSES,ALL PRODUCTION PRACTICES,ALL UTILIZATION PRACTICES,PRODUCTION,LB,"MILK - PRODUCTION, MEASURED IN LB",TOTAL,NOT SPECIFIED,STATE,06,06,CA,CALIFORNIA,,,,,,,,00000000,,,9000,UNITED STATES,CALIFORNIA,2023,MONTHLY,10,12,OCT THRU DEC,,2025-02-21 15:00:00.000,"10,013,000,000",
SURVEY,ANIMALS & PRODUCTS,DAIRY,MILK,ALL CLASSES,ALL PRODUCTION PRACTICES,ALL UTILIZATION PRACTICES,PRODUCTION,LB,"MILK - PRODUCTION, MEASURED IN LB",TOTAL,NOT SPECIFIED,STATE,06,06,CA,CALIFORNIA,,,,,,,,00000000,,,9000,UNITED STATES,CALIFORNIA,2023,MONTHLY,11,11,NOV,,2025-02-21 15:00:00.000,"3,258,000,000",
SURVEY,ANIMALS & PRODUCTS,DAIRY,MILK,ALL CLASSES,ALL PRODUCTION PRACTICES,ALL UTILIZATION PRACTICES,PRODUCTION,LB,"MILK - PRODUCTION, MEASURED IN LB",TOTAL,NOT SPECIFIED,STATE,06,06,CA,CALIFORNIA,,,,,,,,00000000,,,9000,UNITED STATES,CALIFORNIA,2023,MONTHLY,12,12,DEC,,2026-02-20 15:00:00.000,"3,444,000,000",
SURVEY,ANIMALS & PRODUCTS,DAIRY,MILK,ALL CLASSES,ALL PRODUCTION PRACTICES,ALL UTILIZATION PRACTICES,PRODUCTION,LB,"MILK - PRODUCTION, MEASURED IN LB",TOTAL,NOT SPECIFIED,STATE,08,08,CO,COLORADO,,,,,,,,00000000,,,9000,UNITED STATES,COLORADO,2023,MONTHLY,01,01,JAN,,2025-02-21 15:00:00.000,"441,000,000",
SURVEY,ANIMALS & PRODUCTS,DAIRY,MILK,ALL CLASSES,ALL PRODUCTION PRACTICES,ALL UTILIZATION PRACTICES,PRODUCTION,LB,"MILK - PRODUCTION, MEASURED IN LB",TOTAL,NOT SPECIFIED,STATE,08,08,CO,COLORADO,,,,,,,,00000000,,,9000,UNITED STATES,COLORADO,2023,MONTHLY,01,03,JAN THRU MAR,,2025-02-21 15:00:00.000,"1,295,000,000",
SURVEY,ANIMALS & PRODUCTS,DAIRY,MILK,ALL CLASSES,ALL PRODUCTION PRACTICES,ALL UTILIZATION PRACTICES,PRODUCTION,LB,"MILK - PRODUCTION, MEASURED IN LB",TOTAL,NOT SPECIFIED,STATE,08,08,CO,COLORADO,,,,,,,,00000000,,,9000,UNITED STATES,COLORADO,2023,MONTHLY,02,02,FEB,,2025-02-21 15:00:00.000,"401,000,000",
SURVEY,ANIMALS & PRODUCTS,DAIRY,MILK,ALL CLASSES,ALL PRODUCTION PRACTICES,ALL UTILIZATION PRACTICES,PRODUCTION,LB,"MILK - PRODUCTION, MEASURED IN LB",TOTAL,NOT SPECIFIED,STATE,08,08,CO,COLORADO,,,,,,,,00000000,,,9000,UNITED STATES,COLORADO,2023,MONTHLY,03,03,MAR,,2025-02-21 15:00:00.000,"453,000,000",
SURVEY,ANIMALS & PRODUCTS,DAIRY,MILK,ALL CLASSES,ALL PRODUCTION PRACTICES,ALL UTILIZATION PRACTICES,PRODUCTION,LB,"MILK - PRODUCTION, MEASURED IN LB",TOTAL,NOT SPECIFIED,STATE,08,08,CO,COLORADO,,,,,,,,00000000,,,9000,UNITED STATES,COLORADO,2023,MONTHLY,04,04,APR,,2025-02-21 15:00:00.000,"444,000,000",
SURVEY,ANIMALS & PRODUCTS,DAIRY,MILK,ALL CLASSES,ALL PRODUCTION PRACTICES,ALL UTILIZATION PRACTICES,PRODUCTION,LB,"MILK - PRODUCTION, MEASURED IN LB",TOTAL,NOT SPECIFIED,STATE,08,08,CO,COLORADO,,,,,,,,00000000,,,9000,UNITED STATES,COLORADO,2023,MONTHLY,04,06,APR THRU JUN,,2025-02-21 15:00:00.000,"1,342,000,000",
SURVEY,ANIMALS & PRODUCTS,DAIRY,MILK,ALL CLASSES,ALL PRODUCTION PRACTICES,ALL UTILIZATION PRACTICES,PRODUCTION,LB,"MILK - PRODUCTION, MEASURED IN LB",TOTAL,NOT SPECIFIED,STATE,08,08,CO,COLORADO,,,,,,,,00000000,,,9000,UNITED STATES,COLORADO,2023,MONTHLY,05,05,MAY,,2025-02-21 15:00:00.000,"460,000,000",
SURVEY,ANIMALS & PRODUCTS,DAIRY,MILK,ALL CLASSES,ALL PRODUCTION PRACTICES,ALL UTILIZATION PRACTICES,PRODUCTION,LB,"MILK - PRODUCTION, MEASURED IN LB",TOTAL,NOT SPECIFIED,STATE,08,08,CO,COLORADO,,,,,,,,00000000,,,9000,UNITED STATES,COLORADO,2023,MONTHLY,06,06,JUN,,2025-02-21 15:00:00.000,"438,000,000",
SURVEY,ANIMALS & PRODUCTS,DAIRY,MILK,ALL CLASSES,ALL PRODUCTION PRACTICES,ALL UTILIZATION PRACTICES,PRODUCTION,LB,"MILK - PRODUCTION, MEASURED IN LB",TOTAL,NOT SPECIFIED,STATE,08,08,CO,COLORADO,,,,,,,,00000000,,,9000,UNITED STATES,COLORADO,2023,MONTHLY,07,07,JUL,,2025-02-21 15:00:00.000,"441,000,000",
SURVEY,ANIMALS & PRODUCTS,DAIRY,MILK,ALL CLASSES,ALL PRODUCTION PRACTICES,ALL UTILIZATION PRACTICES,PRODUCTION,LB,"MILK - PRODUCTION, MEASURED IN LB",TOTAL,NOT SPECIFIED,STATE,08,08,CO,COLORADO,,,,,,,,00000000,,,9000,UNITED STATES,COLORADO,2023,MONTHLY,07,09,JUL THRU SEP,,2025-02-21 15:00:00.000,"1,298,000,000",
SURVEY,ANIMALS & PRODUCTS,DAIRY,MILK,ALL CLASSES,ALL PRODUCTION PRACTICES,ALL UTILIZATION PRACTICES,PRODUCTION,LB,"MILK - PRODUCTION, MEASURED IN LB",TOTAL,NOT SPECIFIED,STATE,08,08,CO,COLORADO,,,,,,,,00000000,,,9000,UNITED STATES,COLORADO,2023,MONTHLY,08,08,AUG,,2025-02-21 15:00:00.000,"436,000,000",
SURVEY,ANIMALS & PRODUCTS,DAIRY,MILK,ALL CLASSES,ALL PRODUCTION PRACTICES,ALL UTILIZATION PRACTICES,PRODUCTION,LB,"MILK - PRODUCTION, MEASURED IN LB",TOTAL,NOT SPECIFIED,STATE,08,08,CO,COLORADO,,,,,,,,00000000,,,9000,UNITED STATES,COLORADO,2023,MONTHLY,09,09,SEP,,2025-02-21 15:00:00.000,"421,000,000",
SURVEY,ANIMALS & PRODUCTS,DAIRY,MILK,ALL CLASSES,ALL PRODUCTION PRACTICES,ALL UTILIZATION PRACTICES,PRODUCTION,LB,"MILK - PRODUCTION, MEASURED IN LB",TOTAL,NOT SPECIFIED,STATE,08,08,CO,COLORADO,,,,,,,,00000000,,,9000,UNITED STATES,COLORADO,2023,MONTHLY,10,10,OCT,,2025-02-21 15:00:00.000,"431,000,000",
SURVEY,ANIMALS & PRODUCTS,DAIRY,MILK,ALL CLASSES,ALL PRODUCTION PRACTICES,ALL UTILIZATION PRACTICES,PRODUCTION,LB,"MILK - PRODUCTION, MEASURED IN LB",TOTAL,NOT SPECIFIED,STATE,08,08,CO,COLORADO,,,,,,,,00000000,,,9000,UNITED STATES,COLORADO,2023,MONTHLY,10,12,OCT THRU DEC,,2025-02-21 15:00:00.000,"1,277,000,000",
SURVEY,ANIMALS & PRODUCTS,DAIRY,MILK,ALL CLASSES,ALL PRODUCTION PRACTICES,ALL UTILIZATION PRACTICES,PRODUCTION,LB,"MILK - PRODUCTION, MEASURED IN LB",TOTAL,NOT SPECIFIED,STATE,08,08,CO,COLORADO,,,,,,,,00000000,,,9000,UNITED STATES,COLORADO,2023,MONTHLY,11,11,NOV,,2025-02-21 15:00:00.000,"415,000,000",
SURVEY,ANIMALS & PRODUCTS,DAIRY,MILK,ALL CLASSES,ALL PRODUCTION PRACTICES,ALL UTILIZATION PRACTICES,PRODUCTION,LB,"MILK - PRODUCTION, MEASURED IN LB",TOTAL,NOT SPECIFIED,STATE,08,08,CO,COLORADO,,,,,,,,00000000,,,9000,UNITED STATES,COLORADO,2023,MONTHLY,12,12,DEC,,2026-02-20 15:00:00.000,"431,000,000",
SURVEY,ANIMALS & PRODUCTS,DAIRY,MILK,ALL CLASSES,ALL PRODUCTION PRACTICES,ALL UTILIZATION PRACTICES,PRODUCTION,LB,"MILK - PRODUCTION, MEASURED IN LB",TOTAL,NOT SPECIFIED,STATE,09,09,CT,CONNECTICUT,,,,,,,,00000000,,,9000,UNITED STATES,CONNECTICUT,2023,MONTHLY,01,03,JAN THRU MAR,,2025-02-21 15:00:00.000,"109,000,000",
SURVEY,ANIMALS & PRODUCTS,DAIRY,MILK,ALL CLASSES,ALL PRODUCTION PRACTICES,ALL UTILIZATION PRACTICES,PRODUCTION,LB,"MILK - PRODUCTION, MEASURED IN LB",TOTAL,NOT SPECIFIED,STATE,09,09,CT,CONNECTICUT,,,,,,,,00000000,,,9000,UNITED STATES,CONNECTICUT,2023,MONTHLY,04,06,APR THRU JUN,,2025-02-21 15:00:00.000,"109,000,000",
SURVEY,ANIMALS & PRODUCTS,DAIRY,MILK,ALL CLASSES,ALL PRODUCTION PRACTICES,ALL UTILIZATION PRACTICES,PRODUCTION,LB,"MILK - PRODUCTION, MEASURED IN LB",TOTAL,NOT SPECIFIED,STATE,09,09,CT,CONNECTICUT,,,,,,,,00000000,,,9000,UNITED STATES,CONNECTICUT,2023,MONTHLY,07,09,JUL THRU SEP,,2025-02-21 15:00:00.000,"105,000,000",
SURVEY,ANIMALS & PRODUCTS,DAIRY,MILK,ALL CLASSES,ALL PRODUCTION PRACTICES,ALL UTILIZATION PRACTICES,PRODUCTION,LB,"MILK - PRODUCTION, MEASURED IN LB",TOTAL,NOT SPECIFIED,STATE,09,09,CT,CONNECTICUT,,,,,,,,00000000,,,9000,UNITED STATES,CONNECTICUT,2023,MONTHLY,10,12,OCT THRU DEC,,2025-02-21 15:00:00.000,"104,000,000",
SURVEY,ANIMALS & PRODUCTS,DAIRY,MILK,ALL CLASSES,ALL PRODUCTION PRACTICES,ALL UTILIZATION PRACTICES,PRODUCTION,LB,"MILK - PRODUCTION, MEASURED IN LB",TOTAL,NOT SPECIFIED,STATE,10,10,DE,DELAWARE,,,,,,,,00000000,,,9000,UNITED STATES,DELAWARE,2023,MONTHLY,01,03,JAN THRU MAR,,2025-02-21 15:00:00.000,"12,800,000",
SURVEY,ANIMALS & PRODUCTS,DAIRY,MILK,ALL CLASSES,ALL PRODUCTION PRACTICES,ALL UTILIZATION PRACTICES,PRODUCTION,LB,"MILK - PRODUCTION, MEASURED IN LB",TOTAL,NOT SPECIFIED,STATE,10,10,DE,DELAWARE,,,,,,,,00000000,,,9000,UNITED STATES,DELAWARE,2023,MONTHLY,04,06,APR THRU JUN,,2025-02-21 15:00:00.000,"12,700,000",
SURVEY,ANIMALS & PRODUCTS,DAIRY,MILK,ALL CLASSES,ALL PRODUCTION PRACTICES,ALL UTILIZATION PRACTICES,PRODUCTION,LB,"MILK - PRODUCTION, MEASURED IN LB",TOTAL,NOT SPECIFIED,STATE,10,10,DE,DELAWARE,,,,,,,,00000000,,,9000,UNITED STATES,DELAWARE,2023,MONTHLY,07,09,JUL THRU SEP,,2025-02-21 15:00:00.000,"11,200,000",
SURVEY,ANIMALS & PRODUCTS,DAIRY,MILK,ALL CLASSES,ALL PRODUCTION PRACTICES,ALL UTILIZATION PRACTICES,PRODUCTION,LB,"MILK - PRODUCTION, MEASURED IN LB",TOTAL,NOT SPECIFIED,STATE,10,10,DE,DELAWARE,,,,,,,,00000000,,,9000,UNITED STATES,DELAWARE,2023,MONTHLY,10,12,OCT THRU DEC,,2025-02-21 15:00:00.000,"11,400,000",
SURVEY,ANIMALS & PRODUCTS,DAIRY,MILK,ALL CLASSES,ALL PRODUCTION PRACTICES,ALL UTILIZATION PRACTICES,PRODUCTION,LB,"MILK - PRODUCTION, MEASURED IN LB",TOTAL,NOT SPECIFIED,STATE,12,12,FL,FLORIDA,,,,,,,,00000000,,,9000,UNITED STATES,FLORIDA,2023,MONTHLY,01,01,JAN,,2025-02-21 15:00:00.000,"180,000,000",
SURVEY,ANIMALS & PRODUCTS,DAIRY,MILK,ALL CLASSES,ALL PRODUCTION PRACTICES,ALL UTILIZATION PRACTICES,PRODUCTION,LB,"MILK - PRODUCTION, MEASURED IN LB",TOTAL,NOT SPECIFIED,STATE,12,12,FL,FLORIDA,,,,,,,,00000000,,,9000,UNITED STATES,FLORIDA,2023,MONTHLY,01,03,JAN THRU MAR,,2025-02-21 15:00:00.000,"542,000,000",
SURVEY,ANIMALS & PRODUCTS,DAIRY,MILK,ALL CLASSES,ALL PRODUCTION PRACTICES,ALL UTILIZATION PRACTICES,PRODUCTION,LB,"MILK - PRODUCTION, MEASURED IN LB",TOTAL,NOT SPECIFIED,STATE,12,12,FL,FLORIDA,,,,,,,,00000000,,,9000,UNITED STATES,FLORIDA,2023,MONTHLY,02,02,FEB,,2025-02-21 15:00:00.000,"171,000,000",
SURVEY,ANIMALS & PRODUCTS,DAIRY,MILK,ALL CLASSES,ALL PRODUCTION PRACTICES,ALL UTILIZATION PRACTICES,PRODUCTION,LB,"MILK - PRODUCTION, MEASURED IN LB",TOTAL,NOT SPECIFIED,STATE,12,12,FL,FLORIDA,,,,,,,,00000000,,,9000,UNITED STATES,FLORIDA,2023,MONTHLY,03,03,MAR,,2025-02-21 15:00:00.000,"191,000,000",
SURVEY,ANIMALS & PRODUCTS,DAIRY,MILK,ALL CLASSES,ALL PRODUCTION PRACTICES,ALL UTILIZATION PRACTICES,PRODUCTION,LB,"MILK - PRODUCTION, MEASURED IN LB",TOTAL,NOT SPECIFIED,STATE,12,12,FL,FLORIDA,,,,,,,,00000000,,,9000,UNITED STATES,FLORIDA,2023,MONTHLY,04,04,APR,,2025-02-21 15:00:00.000,"181,000,000",
SURVEY,ANIMALS & PRODUCTS,DAIRY,MILK,ALL CLASSES,ALL PRODUCTION PRACTICES,ALL UTILIZATION PRACTICES,PRODUCTION,LB,"MILK - PRODUCTION, MEASURED IN LB",TOTAL,NOT SPECIFIED,STATE,12,12,FL,FLORIDA,,,,,,,,00000000,,,9000,UNITED STATES,FLORIDA,2023,MONTHLY,04,06,APR THRU JUN,,2025-02-21 15:00:00.000,"543,000,000",
SURVEY,ANIMALS & PRODUCTS,DAIRY,MILK,ALL CLASSES,ALL PRODUCTION PRACTICES,ALL UTILIZATION PRACTICES,PRODUCTION,LB,"MILK - PRODUCTION, MEASURED IN LB",TOTAL,NOT SPECIFIED,STATE,12,12,FL,FLORIDA,,,,,,,,00000000,,,9000,UNITED STATES,FLORIDA,2023,MONTHLY,05,05,MAY,,2025-02-21 15:00:00.000,"186,000,000",
SURVEY,ANIMALS & PRODUCTS,DAIRY,MILK,ALL CLASSES,ALL PRODUCTION PRACTICES,ALL UTILIZATION PRACTICES,PRODUCTION,LB,"MILK - PRODUCTION, MEASURED IN LB",TOTAL,NOT SPECIFIED,STATE,12,12,FL,FLORIDA,,,,,,,,00000000,,,9000,UNITED STATES,FLORIDA,2023,MONTHLY,06,06,JUN,,2025-02-21 15:00:00.000,"176,000,000",
SURVEY,ANIMALS & PRODUCTS,DAIRY,MILK,ALL CLASSES,ALL PRODUCTION PRACTICES,ALL UTILIZATION PRACTICES,PRODUCTION,LB,"MILK - PRODUCTION, MEASURED IN LB",TOTAL,NOT SPECIFIED,STATE,12,12,FL,FLORIDA,,,,,,,,00000000,,,9000,UNITED STATES,FLORIDA,2023,MONTHLY,07,07,JUL,,2025-02-21 15:00:00.000,"166,000,000",
SURVEY,ANIMALS & PRODUCTS,DAIRY,MILK,ALL CLASSES,ALL PRODUCTION PRACTICES,ALL UTILIZATION PRACTICES,PRODUCTION,LB,"MILK - PRODUCTION, MEASURED IN LB",TOTAL,NOT SPECIFIED,STATE,12,12,FL,FLORIDA,,,,,,,,00000000,,,9000,UNITED STATES,FLORIDA,2023,MONTHLY,07,09,JUL THRU SEP,,2025-02-21 15:00:00.000,"476,000,000",
SURVEY,ANIMALS & PRODUCTS,DAIRY,MILK,ALL CLASSES,ALL PRODUCTION PRACTICES,ALL UTILIZATION PRACTICES,PRODUCTION,LB,"MILK - PRODUCTION, MEASURED IN LB",TOTAL,NOT SPECIFIED,STATE,12,12,FL,FLORIDA,,,,,,,,00000000,,,9000,UNITED STATES,FLORIDA,2023,MONTHLY,08,08,AUG,,2025-02-21 15:00:00.000,"159,000,000",
SURVEY,ANIMALS & PRODUCTS,DAIRY,MILK,ALL CLASSES,ALL PRODUCTION PRACTICES,ALL UTILIZATION PRACTICES,PRODUCTION,LB,"MILK - PRODUCTION, MEASURED IN LB",TOTAL,NOT SPECIFIED,STATE,12,12,FL,FLORIDA,,,,,,,,00000000,,,9000,UNITED STATES,FLORIDA,2023,MONTHLY,09,09,SEP,,2025-02-21 15:00:00.000,"151,000,000",
SURVEY,ANIMALS & PRODUCTS,DAIRY,MILK,ALL CLASSES,ALL PRODUCTION PRACTICES,ALL UTILIZATION PRACTICES,PRODUCTION,LB,"MILK - PRODUCTION, MEASURED IN LB",TOTAL,NOT SPECIFIED,STATE,12,12,FL,FLORIDA,,,,,,,,00000000,,,9000,UNITED STATES,FLORIDA,2023,MONTHLY,10,10,OCT,,2025-02-21 15:00:00.000,"158,000,000",
SURVEY,ANIMALS & PRODUCTS,DAIRY,MILK,ALL CLASSES,ALL PRODUCTION PRACTICES,ALL UTILIZATION PRACTICES,PRODUCTION,LB,"MILK - PRODUCTION, MEASURED IN LB",TOTAL,NOT SPECIFIED,STATE,12,12,FL,FLORIDA,,,,,,,,00000000,,,9000,UNITED STATES,FLORIDA,2023,MONTHLY,10,12,OCT THRU DEC,,2025-02-21 15:00:00.000,"485,000,000",
SURVEY,ANIMALS & PRODUCTS,DAIRY,MILK,ALL CLASSES,ALL PRODUCTION PRACTICES,ALL UTILIZATION PRACTICES,PRODUCTION,LB,"MILK - PRODUCTION, MEASURED IN LB",TOTAL,NOT SPECIFIED,STATE,12,12,FL,FLORIDA,,,,,,,,00000000,,,9000,UNITED STATES,FLORIDA,2023,MONTHLY,11,11,NOV,,2025-02-21 15:00:00.000,"160,000,000",
SURVEY,ANIMALS & PRODUCTS,DAIRY,MILK,ALL CLASSES,ALL PRODUCTION PRACTICES,ALL UTILIZATION PRACTICES,PRODUCTION,LB,"MILK - PRODUCTION, MEASURED IN LB",TOTAL,NOT SPECIFIED,STATE,12,12,FL,FLORIDA,,,,,,,,00000000,,,9000,UNITED STATES,FLORIDA,2023,MONTHLY,12,12,DEC,,2026-02-20 15:00:00.000,"167,000,000",
SURVEY,ANIMALS & PRODUCTS,DAIRY,MILK,ALL CLASSES,ALL PRODUCTION PRACTICES,ALL UTILIZATION PRACTICES,PRODUCTION,LB,"MILK - PRODUCTION, MEASURED IN LB",TOTAL,NOT SPECIFIED,STATE,13,13,GA,GEORGIA,,,,,,,,00000000,,,9000,UNITED STATES,GEORGIA,2023,MONTHLY,01,01,JAN,,2025-02-21 15:00:00.000,"173,000,000",
SURVEY,ANIMALS & PRODUCTS,DAIRY,MILK,ALL CLASSES,ALL PRODUCTION PRACTICES,ALL UTILIZATION PRACTICES,PRODUCTION,LB,"MILK - PRODUCTION, MEASURED IN LB",TOTAL,NOT SPECIFIED,STATE,13,13,GA,GEORGIA,,,,,,,,00000000,,,9000,UNITED STATES,GEORGIA,2023,MONTHLY,01,03,JAN THRU MAR,,2025-02-21 15:00:00.000,"508,000,000",
SURVEY,ANIMALS & PRODUCTS,DAIRY,MILK,ALL CLASSES,ALL PRODUCTION PRACTICES,ALL UTILIZATION PRACTICES,PRODUCTION,LB,"MILK - PRODUCTION, MEASURED IN LB",TOTAL,NOT SPECIFIED,STATE,13,13,GA,GEORGIA,,,,,,,,00000000,,,9000,UNITED STATES,GEORGIA,2023,MONTHLY,02,02,FEB,,2025-02-21 15:00:00.000,"159,000,000",
SURVEY,ANIMALS & PRODUCTS,DAIRY,MILK,ALL CLASSES,ALL PRODUCTION PRACTICES,ALL UTILIZATION PRACTICES,PRODUCTION,LB,"MILK - PRODUCTION, MEASURED IN LB",TOTAL,NOT SPECIFIED,STATE,13,13,GA,GEORGIA,,,,,,,,00000000,,,9000,UNITED STATES,GEORGIA,2023,MONTHLY,03,03,MAR,,2025-02-21 15:00:00.000,"176,000,000",
SURVEY,ANIMALS & PRODUCTS,DAIRY,MILK,ALL CLASSES,ALL PRODUCTION PRACTICES,ALL UTILIZATION PRACTICES,PRODUCTION,LB,"MILK - PRODUCTION, MEASURED IN LB",TOTAL,NOT SPECIFIED,STATE,13,13,GA,GEORGIA,,,,,,,,00000000,,,9000,UNITED STATES,GEORGIA,2023,MONTHLY,04,04,APR,,2025-02-21 15:00:00.000,"168,000,000",
SURVEY,ANIMALS & PRODUCTS,DAIRY,MILK,ALL CLASSES,ALL PRODUCTION PRACTICES,ALL UTILIZATION PRACTICES,PRODUCTION,LB,"MILK - PRODUCTION, MEASURED IN LB",TOTAL,NOT SPECIFIED,STATE,13,13,GA,GEORGIA,,,,,,,,00000000,,,9000,UNITED STATES,GEORGIA,2023,MONTHLY,04,06,APR THRU JUN,,2025-02-21 15:00:00.000,"495,000,000",
SURVEY,ANIMALS & PRODUCTS,DAIRY,MILK,ALL CLASSES,ALL PRODUCTION PRACTICES,ALL UTILIZATION PRACTICES,PRODUCTION,LB,"MILK - PRODUCTION, MEASURED IN LB",TOTAL,NOT SPECIFIED,STATE,13,13,GA,GEORGIA,,,,,,,,00000000,,,9000,UNITED STATES,GEORGIA,2023,MONTHLY,05,05,MAY,,2025-02-21 15:00:00.000,"168,000,000",
SURVEY,ANIMALS & PRODUCTS,DAIRY,MILK,ALL CLASSES,ALL PRODUCTION PRACTICES,ALL UTILIZATION PRACTICES,PRODUCTION,LB,"MILK - PRODUCTION, MEASURED IN LB",TOTAL,NOT SPECIFIED,STATE,13,13,GA,GEORGIA,,,,,,,,00000000,,,9000,UNITED STATES,GEORGIA,2023,MONTHLY,06,06,JUN,,2025-02-21 15:00:00.000,"159,000,000",
SURVEY,ANIMALS & PRODUCTS,DAIRY,MILK,ALL CLASSES,ALL PRODUCTION PRACTICES,ALL UTILIZATION PRACTICES,PRODUCTION,LB,"MILK - PRODUCTION, MEASURED IN LB",TOTAL,NOT SPECIFIED,STATE,13,13,GA,GEORGIA,,,,,,,,00000000,,,9000,UNITED STATES,GEORGIA,2023,MONTHLY,07,07,JUL,,2025-02-21 15:00:00.000,"157,000,000",
SURVEY,ANIMALS & PRODUCTS,DAIRY,MILK,ALL CLASSES,ALL PRODUCTION PRACTICES,ALL UTILIZATION PRACTICES,PRODUCTION,LB,"MILK - PRODUCTION, MEASURED IN LB",TOTAL,NOT SPECIFIED,STATE,13,13,GA,GEORGIA,,,,,,,,00000000,,,9000,UNITED STATES,GEORGIA,2023,MONTHLY,07,09,JUL THRU SEP,,2025-02-21 15:00:00.000,"460,000,000",
SURVEY,ANIMALS & PRODUCTS,DAIRY,MILK,ALL CLASSES,ALL PRODUCTION PRACTICES,ALL UTILIZATION PRACTICES,PRODUCTION,LB,"MILK - PRODUCTION, MEASURED IN LB",TOTAL,NOT SPECIFIED,STATE,13,13,GA,GEORGIA,,,,,,,,00000000,,,9000,UNITED STATES,GEORGIA,2023,MONTHLY,08,08,AUG,,2025-02-21 15:00:00.000,"155,000,000",
SURVEY,ANIMALS & PRODUCTS,DAIRY,MILK,ALL CLASSES,ALL PRODUCTION PRACTICES,ALL UTILIZATION PRACTICES,PRODUCTION,LB,"MILK - PRODUCTION, MEASURED IN LB",TOTAL,NOT SPECIFIED,STATE,13,13,GA,GEORGIA,,,,,,,,00000000,,,9000,UNITED STATES,GEORGIA,2023,MONTHLY,09,09,SEP,,2025-02-21 15:00:00.000,"148,000,000",
SURVEY,ANIMALS & PRODUCTS,DAIRY,MILK,ALL CLASSES,ALL PRODUCTION PRACTICES,ALL UTILIZATION PRACTICES,PRODUCTION,LB,"MILK - PRODUCTION, MEASURED IN LB",TOTAL,NOT SPECIFIED,STATE,13,13,GA,GEORGIA,,,,,,,,00000000,,,9000,UNITED STATES,GEORGIA,2023,MONTHLY,10,10,OCT,,2025-02-21 15:00:00.000,"157,000,000",
SURVEY,ANIMALS & PRODUCTS,DAIRY,MILK,ALL CLASSES,ALL PRODUCTION PRACTICES,ALL UTILIZATION PRACTICES,PRODUCTION,LB,"MILK - PRODUCTION, MEASURED IN LB",TOTAL,NOT SPECIFIED,STATE,13,13,GA,GEORGIA,,,,,,,,00000000,,,9000,UNITED STATES,GEORGIA,2023,MONTHLY,10,12,OCT THRU DEC,,2025-02-21 15:00:00.000,"471,000,000",
SURVEY,ANIMALS & PRODUCTS,DAIRY,MILK,ALL CLASSES,ALL PRODUCTION PRACTICES,ALL UTILIZATION PRACTICES,PRODUCTION,LB,"MILK - PRODUCTION, MEASURED IN LB",TOTAL,NOT SPECIFIED,STATE,13,13,GA,GEORGIA,,,,,,,,00000000,,,9000,UNITED STATES,GEORGIA,2023,MONTHLY,11,11,NOV,,2025-02-21 15:00:00.000,"154,000,000",
SURVEY,ANIMALS & PRODUCTS,DAIRY,MILK,ALL CLASSES,ALL PRODUCTION PRACTICES,ALL UTILIZATION PRACTICES,PRODUCTION,LB,"MILK - PRODUCTION, MEASURED IN LB",TOTAL,NOT SPECIFIED,STATE,13,13,GA,GEORGIA,,,,,,,,00000000,,,9000,UNITED STATES,GEORGIA,2023,MONTHLY,12,12,DEC,,2026-02-20 15:00:00.000,"160,000,000",
SURVEY,ANIMALS & PRODUCTS,DAIRY,MILK,ALL CLASSES,ALL PRODUCTION PRACTICES,ALL UTILIZATION PRACTICES,PRODUCTION,LB,"MILK - PRODUCTION, MEASURED IN LB",TOTAL,NOT SPECIFIED,STATE,16,16,ID,IDAHO,,,,,,,,00000000,,,9000,UNITED STATES,IDAHO,2023,MONTHLY,01,01,JAN,,2025-02-21 15:00:00.000,"1,408,000,000",
SURVEY,ANIMALS & PRODUCTS,DAIRY,MILK,ALL CLASSES,ALL PRODUCTION PRACTICES,ALL UTILIZATION PRACTICES,PRODUCTION,LB,"MILK - PRODUCTION, MEASURED IN LB",TOTAL,NOT SPECIFIED,STATE,16,16,ID,IDAHO,,,,,,,,00000000,,,9000,UNITED STATES,IDAHO,2023,MONTHLY,01,03,JAN THRU MAR,,2025-02-21 15:00:00.000,"4,146,000,000",
SURVEY,ANIMALS & PRODUCTS,DAIRY,MILK,ALL CLASSES,ALL PRODUCTION PRACTICES,ALL UTILIZATION PRACTICES,PRODUCTION,LB,"MILK - PRODUCTION, MEASURED IN LB",TOTAL,NOT SPECIFIED,STATE,16,16,ID,IDAHO,,,,,,,,00000000,,,9000,UNITED STATES,IDAHO,2023,MONTHLY,02,02,FEB,,2025-02-21 15:00:00.000,"1,293,000,000",
SURVEY,ANIMALS & PRODUCTS,DAIRY,MILK,ALL CLASSES,ALL PRODUCTION PRACTICES,ALL UTILIZATION PRACTICES,PRODUCTION,LB,"MILK - PRODUCTION, MEASURED IN LB",TOTAL,NOT SPECIFIED,STATE,16,16,ID,IDAHO,,,,,,,,00000000,,,9000,UNITED STATES,IDAHO,2023,MONTHLY,03,03,MAR,,2025-02-21 15:00:00.000,"1,445,000,000",
SURVEY,ANIMALS & PRODUCTS,DAIRY,MILK,ALL CLASSES,ALL PRODUCTION PRACTICES,ALL UTILIZATION PRACTICES,PRODUCTION,LB,"MILK - PRODUCTION, MEASURED IN LB",TOTAL,NOT SPECIFIED,STATE,16,16,ID,IDAHO,,,,,,,,00000000,,,9000,UNITED STATES,IDAHO,2023,MONTHLY,04,04,APR,,2025-02-21 15:00:00.000,"1,408,000,000",
SURVEY,ANIMALS & PRODUCTS,DAIRY,MILK,ALL CLASSES,ALL PRODUCTION PRACTICES,ALL UTILIZATION PRACTICES,PRODUCTION,LB,"MILK - PRODUCTION, MEASURED IN LB",TOTAL,NOT SPECIFIED,STATE,16,16,ID,IDAHO,,,,,,,,00000000,,,9000,UNITED STATES,IDAHO,2023,MONTHLY,04,06,APR THRU JUN,,2025-02-21 15:00:00.000,"4,329,000,000",
SURVEY,ANIMALS & PRODUCTS,DAIRY,MILK,ALL CLASSES,ALL PRODUCTION PRACTICES,ALL UTILIZATION PRACTICES,PRODUCTION,LB,"MILK - PRODUCTION, MEASURED IN LB",TOTAL,NOT SPECIFIED,STATE,16,16,ID,IDAHO,,,,,,,,00000000,,,9000,UNITED STATES,IDAHO,2023,MONTHLY,05,05,MAY,,2025-02-21 15:00:00.000,"1,484,000,000",
SURVEY,ANIMALS & PRODUCTS,DAIRY,MILK,ALL CLASSES,ALL PRODUCTION PRACTICES,ALL UTILIZATION PRACTICES,PRODUCTION,LB,"MILK - PRODUCTION, MEASURED IN LB",TOTAL,NOT SPECIFIED,STATE,16,16,ID,IDAHO,,,,,,,,00000000,,,9000,UNITED STATES,IDAHO,2023,MONTHLY,06,06,JUN,,2025-02-21 15:00:00.000,"1,437,000,000",
SURVEY,ANIMALS & PRODUCTS,DAIRY,MILK,ALL CLASSES,ALL PRODUCTION PRACTICES,ALL UTILIZATION PRACTICES,PRODUCTION,LB,"MILK - PRODUCTION, MEASURED IN LB",TOTAL,NOT SPECIFIED,STATE,16,16,ID,IDAHO,,,,,,,,00000000,,,9000,UNITED STATES,IDAHO,2023,MONTHLY,07,07,JUL,,2025-02-21 15:00:00.000,"1,462,000,000",
SURVEY,ANIMALS & PRODUCTS,DAIRY,MILK,ALL CLASSES,ALL PRODUCTION PRACTICES,ALL UTILIZATION PRACTICES,PRODUCTION,LB,"MILK - PRODUCTION, MEASURED IN LB",TOTAL,NOT SPECIFIED,STATE,16,16,ID,IDAHO,,,,,,,,00000000,,,9000,UNITED STATES,IDAHO,2023,MONTHLY,07,09,JUL THRU SEP,,2025-02-21 15:00:00.000,"4,284,000,000",
SURVEY,ANIMALS & PRODUCTS,DAIRY,MILK,ALL CLASSES,ALL PRODUCTION PRACTICES,ALL UTILIZATION PRACTICES,PRODUCTION,LB,"MILK - PRODUCTION, MEASURED IN LB",TOTAL,NOT SPECIFIED,STATE,16,16,ID,IDAHO,,,,,,,,00000000,,,9000,UNITED STATES,IDAHO,2023,MONTHLY,08,08,AUG,,2025-02-21 15:00:00.000,"1,449,000,000",
SURVEY,ANIMALS & PRODUCTS,DAIRY,MILK,ALL CLASSES,ALL PRODUCTION PRACTICES,ALL UTILIZATION PRACTICES,PRODUCTION,LB,"MILK - PRODUCTION, MEASURED IN LB",TOTAL,NOT SPECIFIED,STATE,16,16,ID,IDAHO,,,,,,,,00000000,,,9000,UNITED STATES,IDAHO,2023,MONTHLY,09,09,SEP,,2025-02-21 15:00:00.000,"1,373,000,000",
SURVEY,ANIMALS & PRODUCTS,DAIRY,MILK,ALL CLASSES,ALL PRODUCTION PRACTICES,ALL UTILIZATION PRACTICES,PRODUCTION,LB,"MILK - PRODUCTION, MEASURED IN LB",TOTAL,NOT SPECIFIED,STATE,16,16,ID,IDAHO,,,,,,,,00000000,,,9000,UNITED STATES,IDAHO,2023,MONTHLY,10,10,OCT,,2025-02-21 15:00:00.000,"1,379,000,000",
SURVEY,ANIMALS & PRODUCTS,DAIRY,MILK,ALL CLASSES,ALL PRODUCTION PRACTICES,ALL UTILIZATION PRACTICES,PRODUCTION,LB,"MILK - PRODUCTION, MEASURED IN LB",TOTAL,NOT SPECIFIED,STATE,16,16,ID,IDAHO,,,,,,,,00000000,,,9000,UNITED STATES,IDAHO,2023,MONTHLY,10,12,OCT THRU DEC,,2025-02-21 15:00:00.000,"4,068,000,000",
SURVEY,ANIMALS & PRODUCTS,DAIRY,MILK,ALL CLASSES,ALL PRODUCTION PRACTICES,ALL UTILIZATION PRACTICES,PRODUCTION,LB,"MILK - PRODUCTION, MEASURED IN LB",TOTAL,NOT SPECIFIED,STATE,16,16,ID,IDAHO,,,,,,,,00000000,,,9000,UNITED STATES,IDAHO,2023,MONTHLY,11,11,NOV,,2025-02-21 15:00:00.000,"1,323,000,000",
SURVEY,ANIMALS & PRODUCTS,DAIRY,MILK,ALL CLASSES,ALL PRODUCTION PRACTICES,ALL UTILIZATION PRACTICES,PRODUCTION,LB,"MILK - PRODUCTION, MEASURED IN LB",TOTAL,NOT SPECIFIED,STATE,16,16,ID,IDAHO,,,,,,,,00000000,,,9000,UNITED STATES,IDAHO,2023,MONTHLY,12,12,DEC,,2026-02-20 15:00:00.000,"1,366,000,000",
SURVEY,ANIMALS & PRODUCTS,DAIRY,MILK,ALL CLASSES,ALL PRODUCTION PRACTICES,ALL UTILIZATION PRACTICES,PRODUCTION,LB,"MILK - PRODUCTION, MEASURED IN LB",TOTAL,NOT SPECIFIED,STATE,17,17,IL,ILLINOIS,,,,,,,,00000000,,,9000,UNITED STATES,ILLINOIS,2023,MONTHLY,01,01,JAN,,2025-02-21 15:00:00.000,"146,000,000",
SURVEY,ANIMALS & PRODUCTS,DAIRY,MILK,ALL CLASSES,ALL PRODUCTION PRACTICES,ALL UTILIZATION PRACTICES,PRODUCTION,LB,"MILK - PRODUCTION, MEASURED IN LB",TOTAL,NOT SPECIFIED,STATE,17,17,IL,ILLINOIS,,,,,,,,00000000,,,9000,UNITED STATES,ILLINOIS,2023,MONTHLY,01,03,JAN THRU MAR,,2025-02-21 15:00:00.000,"433,000,000",
SURVEY,ANIMALS & PRODUCTS,DAIRY,MILK,ALL CLASSES,ALL PRODUCTION PRACTICES,ALL UTILIZATION PRACTICES,PRODUCTION,LB,"MILK - PRODUCTION, MEASURED IN LB",TOTAL,NOT SPECIFIED,STATE,17,17,IL,ILLINOIS,,,,,,,,00000000,,,9000,UNITED STATES,ILLINOIS,2023,MONTHLY,02,02,FEB,,2025-02-21 15:00:00.000,"135,000,000",
SURVEY,ANIMALS & PRODUCTS,DAIRY,MILK,ALL CLASSES,ALL PRODUCTION PRACTICES,ALL UTILIZATION PRACTICES,PRODUCTION,LB,"MILK - PRODUCTION, MEASURED IN LB",TOTAL,NOT SPECIFIED,STATE,17,17,IL,ILLINOIS,,,,,,,,00000000,,,9000,UNITED STATES,ILLINOIS,2023,MONTHLY,03,03,MAR,,2025-02-21 15:00:00.000,"152,000,000",
SURVEY,ANIMALS & PRODUCTS,DAIRY,MILK,ALL CLASSES,ALL PRODUCTION PRACTICES,ALL UTILIZATION PRACTICES,PRODUCTION,LB,"MILK - PRODUCTION, MEASURED IN LB",TOTAL,NOT SPECIFIED,STATE,17,17,IL,ILLINOIS,,,,,,,,00000000,,,9000,UNITED STATES,ILLINOIS,2023,MONTHLY,04,04,APR,,2025-02-21 15:00:00.000,"147,000,000",
SURVEY,ANIMALS & PRODUCTS,DAIRY,MILK,ALL CLASSES,ALL PRODUCTION PRACTICES,ALL UTILIZATION PRACTICES,PRODUCTION,LB,"MILK - PRODUCTION, MEASURED IN LB",TOTAL,NOT SPECIFIED,STATE,17,17,IL,ILLINOIS,,,,,,,,00000000,,,9000,UNITED STATES,ILLINOIS,2023,MONTHLY,04,06,APR THRU JUN,,2025-02-21 15:00:00.000,"443,000,000",
SURVEY,ANIMALS & PRODUCTS,DAIRY,MILK,ALL CLASSES,ALL PRODUCTION PRACTICES,ALL UTILIZATION PRACTICES,PRODUCTION,LB,"MILK - PRODUCTION, MEASURED IN LB",TOTAL,NOT SPECIFIED,STATE,17,17,IL,ILLINOIS,,,,,,,,00000000,,,9000,UNITED STATES,ILLINOIS,2023,MONTHLY,05,05,MAY,,2025-02-21 15:00:00.000,"151,000,000",
SURVEY,ANIMALS & PRODUCTS,DAIRY,MILK,ALL CLASSES,ALL PRODUCTION PRACTICES,ALL UTILIZATION PRACTICES,PRODUCTION,LB,"MILK - PRODUCTION, MEASURED IN LB",TOTAL,NOT SPECIFIED,STATE,17,17,IL,ILLINOIS,,,,,,,,00000000,,,9000,UNITED STATES,ILLINOIS,2023,MONTHLY,06,06,JUN,,2025-02-21 15:00:00.000,"145,000,000",
SURVEY,ANIMALS & PRODUCTS,DAIRY,MILK,ALL CLASSES,ALL PRODUCTION PRACTICES,ALL UTILIZATION PRACTICES,PRODUCTION,LB,"MILK - PRODUCTION, MEASURED IN LB",TOTAL,NOT SPECIFIED,STATE,17,17,IL,ILLINOIS,,,,,,,,00000000,,,9000,UNITED STATES,ILLINOIS,2023,MONTHLY,07,07,JUL,,2025-02-21 15:00:00.000,"143,000,000",
SURVEY,ANIMALS & PRODUCTS,DAIRY,MILK,ALL CLASSES,ALL PRODUCTION PRACTICES,ALL UTILIZATION PRACTICES,PRODUCTION,LB,"MILK - PRODUCTION, MEASURED IN LB",TOTAL,NOT SPECIFIED,STATE,17,17,IL,ILLINOIS,,,,,,,,00000000,,,9000,UNITED STATES,ILLINOIS,2023,MONTHLY,07,09,JUL THRU SEP,,2025-02-21 15:00:00.000,"414,000,000",
SURVEY,ANIMALS & PRODUCTS,DAIRY,MILK,ALL CLASSES,ALL PRODUCTION PRACTICES,ALL UTILIZATION PRACTICES,PRODUCTION,LB,"MILK - PRODUCTION, MEASURED IN LB",TOTAL,NOT SPECIFIED,STATE,17,17,IL,ILLINOIS,,,,,,,,00000000,,,9000,UNITED STATES,ILLINOIS,2023,MONTHLY,08,08,AUG,,2025-02-21 15:00:00.000,"136,000,000",
SURVEY,ANIMALS & PRODUCTS,DAIRY,MILK,ALL CLASSES,ALL PRODUCTION PRACTICES,ALL UTILIZATION PRACTICES,PRODUCTION,LB,"MILK - PRODUCTION, MEASURED IN LB",TOTAL,NOT SPECIFIED,STATE,17,17,IL,ILLINOIS,,,,,,,,00000000,,,9000,UNITED STATES,ILLINOIS,2023,MONTHLY,09,09,SEP,,2025-02-21 15:00:00.000,"135,000,000",
SURVEY,ANIMALS & PRODUCTS,DAIRY,MILK,ALL CLASSES,ALL PRODUCTION PRACTICES,ALL UTILIZATION PRACTICES,PRODUCTION,LB,"MILK - PRODUCTION, MEASURED IN LB",TOTAL,NOT SPECIFIED,STATE,17,17,IL,ILLINOIS,,,,,,,,00000000,,,9000,UNITED STATES,ILLINOIS,2023,MONTHLY,10,10,OCT,,2025-02-21 15:00:00.000,"138,000,000",
SURVEY,ANIMALS & PRODUCTS,DAIRY,MILK,ALL CLASSES,ALL PRODUCTION PRACTICES,ALL UTILIZATION PRACTICES,PRODUCTION,LB,"MILK - PRODUCTION, MEASURED IN LB",TOTAL,NOT SPECIFIED,STATE,17,17,IL,ILLINOIS,,,,,,,,00000000,,,9000,UNITED STATES,ILLINOIS,2023,MONTHLY,10,12,OCT THRU DEC,,2025-02-21 15:00:00.000,"418,000,000",
SURVEY,ANIMALS & PRODUCTS,DAIRY,MILK,ALL CLASSES,ALL PRODUCTION PRACTICES,ALL UTILIZATION PRACTICES,PRODUCTION,LB,"MILK - PRODUCTION, MEASURED IN LB",TOTAL,NOT SPECIFIED,STATE,17,17,IL,ILLINOIS,,,,,,,,00000000,,,9000,UNITED STATES,ILLINOIS,2023,MONTHLY,11,11,NOV,,2025-02-21 15:00:00.000,"136,000,000",
SURVEY,ANIMALS & PRODUCTS,DAIRY,MILK,ALL CLASSES,ALL PRODUCTION PRACTICES,ALL UTILIZATION PRACTICES,PRODUCTION,LB,"MILK - PRODUCTION, MEASURED IN LB",TOTAL,NOT SPECIFIED,STATE,17,17,IL,ILLINOIS,,,,,,,,00000000,,,9000,UNITED STATES,ILLINOIS,2023,MONTHLY,12,12,DEC,,2026-02-20 15:00:00.000,"144,000,000",
SURVEY,ANIMALS & PRODUCTS,DAIRY,MILK,ALL CLASSES,ALL PRODUCTION PRACTICES,ALL UTILIZATION PRACTICES,PRODUCTION,LB,"MILK - PRODUCTION, MEASURED IN LB",TOTAL,NOT SPECIFIED,STATE,18,18,IN,INDIANA,,,,,,,,00000000,,,9000,UNITED STATES,INDIANA,2023,MONTHLY,01,01,JAN,,2025-02-21 15:00:00.000,"382,000,000",
SURVEY,ANIMALS & PRODUCTS,DAIRY,MILK,ALL CLASSES,ALL PRODUCTION PRACTICES,ALL UTILIZATION PRACTICES,PRODUCTION,LB,"MILK - PRODUCTION, MEASURED IN LB",TOTAL,NOT SPECIFIED,STATE,18,18,IN,INDIANA,,,,,,,,00000000,,,9000,UNITED STATES,INDIANA,2023,MONTHLY,01,03,JAN THRU MAR,,2025-02-21 15:00:00.000,"1,124,000,000",
SURVEY,ANIMALS & PRODUCTS,DAIRY,MILK,ALL CLASSES,ALL PRODUCTION PRACTICES,ALL UTILIZATION PRACTICES,PRODUCTION,LB,"MILK - PRODUCTION, MEASURED IN LB",TOTAL,NOT SPECIFIED,STATE,18,18,IN,INDIANA,,,,,,,,00000000,,,9000,UNITED STATES,INDIANA,2023,MONTHLY,02,02,FEB,,2025-02-21 15:00:00.000,"349,000,000",
SURVEY,ANIMALS & PRODUCTS,DAIRY,MILK,ALL CLASSES,ALL PRODUCTION PRACTICES,ALL UTILIZATION PRACTICES,PRODUCTION,LB,"MILK - PRODUCTION, MEASURED IN LB",TOTAL,NOT SPECIFIED,STATE,18,18,IN,INDIANA,,,,,,,,00000000,,,9000,UNITED STATES,INDIANA,2023,MONTHLY,03,03,MAR,,2025-02-21 15:00:00.000,"393,000,000",
SURVEY,ANIMALS & PRODUCTS,DAIRY,MILK,ALL CLASSES,ALL PRODUCTION PRACTICES,ALL UTILIZATION PRACTICES,PRODUCTION,LB,"MILK - PRODUCTION, MEASURED IN LB",TOTAL,NOT SPECIFIED,STATE,18,18,IN,INDIANA,,,,,,,,00000000,,,9000,UNITED STATES,INDIANA,2023,MONTHLY,04,04,APR,,2025-02-21 15:00:00.000,"380,000,000",
SURVEY,ANIMALS & PRODUCTS,DAIRY,MILK,ALL CLASSES,ALL PRODUCTION PRACTICES,ALL UTILIZATION PRACTICES,PRODUCTION,LB,"MILK - PRODUCTION, MEASURED IN LB",TOTAL,NOT SPECIFIED,STATE,18,18,IN,INDIANA,,,,,,,,00000000,,,9000,UNITED STATES,INDIANA,2023,MONTHLY,04,06,APR THRU JUN,,2025-02-21 15:00:00.000,"1,151,000,000",
SURVEY,ANIMALS & PRODUCTS,DAIRY,MILK,ALL CLASSES,ALL PRODUCTION PRACTICES,ALL UTILIZATION PRACTICES,PRODUCTION,LB,"MILK - PRODUCTION, MEASURED IN LB",TOTAL,NOT SPECIFIED,STATE,18,18,IN,INDIANA,,,,,,,,00000000,,,9000,UNITED STATES,INDIANA,2023,MONTHLY,05,05,MAY,,2025-02-21 15:00:00.000,"391,000,000",
SURVEY,ANIMALS & PRODUCTS,DAIRY,MILK,ALL CLASSES,ALL PRODUCTION PRACTICES,ALL UTILIZATION PRACTICES,PRODUCTION,LB,"MILK - PRODUCTION, MEASURED IN LB",TOTAL,NOT SPECIFIED,STATE,18,18,IN,INDIANA,,,,,,,,00000000,,,9000,UNITED STATES,INDIANA,2023,MONTHLY,06,06,JUN,,2025-02-21 15:00:00.000,"380,000,000",
SURVEY,ANIMALS & PRODUCTS,DAIRY,MILK,ALL CLASSES,ALL PRODUCTION PRACTICES,ALL UTILIZATION PRACTICES,PRODUCTION,LB,"MILK - PRODUCTION, MEASURED IN LB",TOTAL,NOT SPECIFIED,STATE,18,18,IN,INDIANA,,,,,,,,00000000,,,9000,UNITED STATES,INDIANA,2023,MONTHLY,07,07,JUL,,2025-02-21 15:00:00.000,"381,000,000",
SURVEY,ANIMALS & PRODUCTS,DAIRY,MILK,ALL CLASSES,ALL PRODUCTION PRACTICES,ALL UTILIZATION PRACTICES,PRODUCTION,LB,"MILK - PRODUCTION, MEASURED IN LB",TOTAL,NOT SPECIFIED,STATE,18,18,IN,INDIANA,,,,,,,,00000000,,,9000,UNITED STATES,INDIANA,2023,MONTHLY,07,09,JUL THRU SEP,,2025-02-21 15:00:00.000,"1,120,000,000",
SURVEY,ANIMALS & PRODUCTS,DAIRY,MILK,ALL CLASSES,ALL PRODUCTION PRACTICES,ALL UTILIZATION PRACTICES,PRODUCTION,LB,"MILK - PRODUCTION, MEASURED IN LB",TOTAL,NOT SPECIFIED,STATE,18,18,IN,INDIANA,,,,,,,,00000000,,,9000,UNITED STATES,INDIANA,2023,MONTHLY,08,08,AUG,,2025-02-21 15:00:00.000,"374,000,000",
SURVEY,ANIMALS & PRODUCTS,DAIRY,MILK,ALL CLASSES,ALL PRODUCTION PRACTICES,ALL UTILIZATION PRACTICES,PRODUCTION,LB,"MILK - PRODUCTION, MEASURED IN LB",TOTAL,NOT SPECIFIED,STATE,18,18,IN,INDIANA,,,,,,,,00000000,,,9000,UNITED STATES,INDIANA,2023,MONTHLY,09,09,SEP,,2025-02-21 15:00:00.000,"365,000,000",
SURVEY,ANIMALS & PRODUCTS,DAIRY,MILK,ALL CLASSES,ALL PRODUCTION PRACTICES,ALL UTILIZATION PRACTICES,PRODUCTION,LB,"MILK - PRODUCTION, MEASURED IN LB",TOTAL,NOT SPECIFIED,STATE,18,18,IN,INDIANA,,,,,,,,00000000,,,9000,UNITED STATES,INDIANA,2023,MONTHLY,10,10,OCT,,2025-02-21 15:00:00.000,"375,000,000",
SURVEY,ANIMALS & PRODUCTS,DAIRY,MILK,ALL CLASSES,ALL PRODUCTION PRACTICES,ALL UTILIZATION PRACTICES,PRODUCTION,LB,"MILK - PRODUCTION, MEASURED IN LB",TOTAL,NOT SPECIFIED,STATE,18,18,IN,INDIANA,,,,,,,,00000000,,,9000,UNITED STATES,INDIANA,2023,MONTHLY,10,12,OCT THRU DEC,,2025-02-21 15:00:00.000,"1,118,000,000",
SURVEY,ANIMALS & PRODUCTS,DAIRY,MILK,ALL CLASSES,ALL PRODUCTION PRACTICES,ALL UTILIZATION PRACTICES,PRODUCTION,LB,"MILK - PRODUCTION, MEASURED IN LB",TOTAL,NOT SPECIFIED,STATE,18,18,IN,INDIANA,,,,,,,,00000000,,,9000,UNITED STATES,INDIANA,2023,MONTHLY,11,11,NOV,,2025-02-21 15:00:00.000,"364,000,000",
SURVEY,ANIMALS & PRODUCTS,DAIRY,MILK,ALL CLASSES,ALL PRODUCTION PRACTICES,ALL UTILIZATION PRACTICES,PRODUCTION,LB,"MILK - PRODUCTION, MEASURED IN LB",TOTAL,NOT SPECIFIED,STATE,18,18,IN,INDIANA,,,,,,,,00000000,,,9000,UNITED STATES,INDIANA,2023,MONTHLY,12,12,DEC,,2026-02-20 15:00:00.000,"379,000,000",
SURVEY,ANIMALS & PRODUCTS,DAIRY,MILK,ALL CLASSES,ALL PRODUCTION PRACTICES,ALL UTILIZATION PRACTICES,PRODUCTION,LB,"MILK - PRODUCTION, MEASURED IN LB",TOTAL,NOT SPECIFIED,STATE,19,19,IA,IOWA,,,,,,,,00000000,,,9000,UNITED STATES,IOWA,2023,MONTHLY,01,01,JAN,,2025-02-21 15:00:00.000,"503,000,000",
SURVEY,ANIMALS & PRODUCTS,DAIRY,MILK,ALL CLASSES,ALL PRODUCTION PRACTICES,ALL UTILIZATION PRACTICES,PRODUCTION,LB,"MILK - PRODUCTION, MEASURED IN LB",TOTAL,NOT SPECIFIED,STATE,19,19,IA,IOWA,,,,,,,,00000000,,,9000,UNITED STATES,IOWA,2023,MONTHLY,01,03,JAN THRU MAR,,2025-02-21 15:00:00.000,"1,474,000,000",
SURVEY,ANIMALS & PRODUCTS,DAIRY,MILK,ALL CLASSES,ALL PRODUCTION PRACTICES,ALL UTILIZATION PRACTICES,PRODUCTION,LB,"MILK - PRODUCTION, MEASURED IN LB",TOTAL,NOT SPECIFIED,STATE,19,19,IA,IOWA,,,,,,,,00000000,,,9000,UNITED STATES,IOWA,2023,MONTHLY,02,02,FEB,,2025-02-21 15:00:00.000,"460,000,000",
SURVEY,ANIMALS & PRODUCTS,DAIRY,MILK,ALL CLASSES,ALL PRODUCTION PRACTICES,ALL UTILIZATION PRACTICES,PRODUCTION,LB,"MILK - PRODUCTION, MEASURED IN LB",TOTAL,NOT SPECIFIED,STATE,19,19,IA,IOWA,,,,,,,,00000000,,,9000,UNITED STATES,IOWA,2023,MONTHLY,03,03,MAR,,2025-02-21 15:00:00.000,"511,000,000",
SURVEY,ANIMALS & PRODUCTS,DAIRY,MILK,ALL CLASSES,ALL PRODUCTION PRACTICES,ALL UTILIZATION PRACTICES,PRODUCTION,LB,"MILK - PRODUCTION, MEASURED IN LB",TOTAL,NOT SPECIFIED,STATE,19,19,IA,IOWA,,,,,,,,00000000,,,9000,UNITED STATES,IOWA,2023,MONTHLY,04,04,APR,,2025-02-21 15:00:00.000,"494,000,000",
SURVEY,ANIMALS & PRODUCTS,DAIRY,MILK,ALL CLASSES,ALL PRODUCTION PRACTICES,ALL UTILIZATION PRACTICES,PRODUCTION,LB,"MILK - PRODUCTION, MEASURED IN LB",TOTAL,NOT SPECIFIED,STATE,19,19,IA,IOWA,,,,,,,,00000000,,,9000,UNITED STATES,IOWA,2023,MONTHLY,04,06,APR THRU JUN,,2025-02-21 15:00:00.000,"1,503,000,000",
SURVEY,ANIMALS & PRODUCTS,DAIRY,MILK,ALL CLASSES,ALL PRODUCTION PRACTICES,ALL UTILIZATION PRACTICES,PRODUCTION,LB,"MILK - PRODUCTION, MEASURED IN LB",TOTAL,NOT SPECIFIED,STATE,19,19,IA,IOWA,,,,,,,,00000000,,,9000,UNITED STATES,IOWA,2023,MONTHLY,05,05,MAY,,2025-02-21 15:00:00.000,"512,000,000",
SURVEY,ANIMALS & PRODUCTS,DAIRY,MILK,ALL CLASSES,ALL PRODUCTION PRACTICES,ALL UTILIZATION PRACTICES,PRODUCTION,LB,"MILK - PRODUCTION, MEASURED IN LB",TOTAL,NOT SPECIFIED,STATE,19,19,IA,IOWA,,,,,,,,00000000,,,9000,UNITED STATES,IOWA,2023,MONTHLY,06,06,JUN,,2025-02-21 15:00:00.000,"497,000,000",
SURVEY,ANIMALS & PRODUCTS,DAIRY,MILK,ALL CLASSES,ALL PRODUCTION PRACTICES,ALL UTILIZATION PRACTICES,PRODUCTION,LB,"MILK - PRODUCTION, MEASURED IN LB",TOTAL,NOT SPECIFIED,STATE,19,19,IA,IOWA,,,,,,,,00000000,,,9000,UNITED STATES,IOWA,2023,MONTHLY,07,07,JUL,,2025-02-21 15:00:00.000,"508,000,000",
SURVEY,ANIMALS & PRODUCTS,DAIRY,MILK,ALL CLASSES,ALL PRODUCTION PRACTICES,ALL UTILIZATION PRACTICES,PRODUCTION,LB,"MILK - PRODUCTION, MEASURED IN LB",TOTAL,NOT SPECIFIED,STATE,19,19,IA,IOWA,,,,,,,,00000000,,,9000,UNITED STATES,IOWA,2023,MONTHLY,07,09,JUL THRU SEP,,2025-02-21 15:00:00.000,"1,486,000,000",
SURVEY,ANIMALS & PRODUCTS,DAIRY,MILK,ALL CLASSES,ALL PRODUCTION PRACTICES,ALL UTILIZATION PRACTICES,PRODUCTION,LB,"MILK - PRODUCTION, MEASURED IN LB",TOTAL,NOT SPECIFIED,STATE,19,19,IA,IOWA,,,,,,,,00000000,,,9000,UNITED STATES,IOWA,2023,MONTHLY,08,08,AUG,,2025-02-21 15:00:00.000,"496,000,000",
SURVEY,ANIMALS & PRODUCTS,DAIRY,MILK,ALL CLASSES,ALL PRODUCTION PRACTICES,ALL UTILIZATION PRACTICES,PRODUCTION,LB,"MILK - PRODUCTION, MEASURED IN LB",TOTAL,NOT SPECIFIED,STATE,19,19,IA,IOWA,,,,,,,,00000000,,,9000,UNITED STATES,IOWA,2023,MONTHLY,09,09,SEP,,2025-02-21 15:00:00.000,"482,000,000",
SURVEY,ANIMALS & PRODUCTS,DAIRY,MILK,ALL CLASSES,ALL PRODUCTION PRACTICES,ALL UTILIZATION PRACTICES,PRODUCTION,LB,"MILK - PRODUCTION, MEASURED IN LB",TOTAL,NOT SPECIFIED,STATE,19,19,IA,IOWA,,,,,,,,00000000,,,9000,UNITED STATES,IOWA,2023,MONTHLY,10,10,OCT,,2025-02-21 15:00:00.000,"492,000,000",
SURVEY,ANIMALS & PRODUCTS,DAIRY,MILK,ALL CLASSES,ALL PRODUCTION PRACTICES,ALL UTILIZATION PRACTICES,PRODUCTION,LB,"MILK - PRODUCTION, MEASURED IN LB",TOTAL,NOT SPECIFIED,STATE,19,19,IA,IOWA,,,,,,,,00000000,,,9000,UNITED STATES,IOWA,2023,MONTHLY,10,12,OCT THRU DEC,,2025-02-21 15:00:00.000,"1,460,000,000",
SURVEY,ANIMALS & PRODUCTS,DAIRY,MILK,ALL CLASSES,ALL PRODUCTION PRACTICES,ALL UTILIZATION PRACTICES,PRODUCTION,LB,"MILK - PRODUCTION, MEASURED IN LB",TOTAL,NOT SPECIFIED,STATE,19,19,IA,IOWA,,,,,,,,00000000,,,9000,UNITED STATES,IOWA,2023,MONTHLY,11,11,NOV,,2025-02-21 15:00:00.000,"476,000,000",
SURVEY,ANIMALS & PRODUCTS,DAIRY,MILK,ALL CLASSES,ALL PRODUCTION PRACTICES,ALL UTILIZATION PRACTICES,PRODUCTION,LB,"MILK - PRODUCTION, MEASURED IN LB",TOTAL,NOT SPECIFIED,STATE,19,19,IA,IOWA,,,,,,,,00000000,,,9000,UNITED STATES,IOWA,2023,MONTHLY,12,12,DEC,,2026-02-20 15:00:00.000,"492,000,000",
SURVEY,ANIMALS & PRODUCTS,DAIRY,MILK,ALL CLASSES,ALL PRODUCTION PRACTICES,ALL UTILIZATION PRACTICES,PRODUCTION,LB,"MILK - PRODUCTION, MEASURED IN LB",TOTAL,NOT SPECIFIED,STATE,20,20,KS,KANSAS,,,,,,,,00000000,,,9000,UNITED STATES,KANSAS,2023,MONTHLY,01,01,JAN,,2025-02-21 15:00:00.000,"357,000,000",
SURVEY,ANIMALS & PRODUCTS,DAIRY,MILK,ALL CLASSES,ALL PRODUCTION PRACTICES,ALL UTILIZATION PRACTICES,PRODUCTION,LB,"MILK - PRODUCTION, MEASURED IN LB",TOTAL,NOT SPECIFIED,STATE,20,20,KS,KANSAS,,,,,,,,00000000,,,9000,UNITED STATES,KANSAS,2023,MONTHLY,01,03,JAN THRU MAR,,2025-02-21 15:00:00.000,"1,058,000,000",
SURVEY,ANIMALS & PRODUCTS,DAIRY,MILK,ALL CLASSES,ALL PRODUCTION PRACTICES,ALL UTILIZATION PRACTICES,PRODUCTION,LB,"MILK - PRODUCTION, MEASURED IN LB",TOTAL,NOT SPECIFIED,STATE,20,20,KS,KANSAS,,,,,,,,00000000,,,9000,UNITED STATES,KANSAS,2023,MONTHLY,02,02,FEB,,2025-02-21 15:00:00.000,"329,000,000",
SURVEY,ANIMALS & PRODUCTS,DAIRY,MILK,ALL CLASSES,ALL PRODUCTION PRACTICES,ALL UTILIZATION PRACTICES,PRODUCTION,LB,"MILK - PRODUCTION, MEASURED IN LB",TOTAL,NOT SPECIFIED,STATE,20,20,KS,KANSAS,,,,,,,,00000000,,,9000,UNITED STATES,KANSAS,2023,MONTHLY,03,03,MAR,,2025-02-21 15:00:00.000,"372,000,000",
SURVEY,ANIMALS & PRODUCTS,DAIRY,MILK,ALL CLASSES,ALL PRODUCTION PRACTICES,ALL UTILIZATION PRACTICES,PRODUCTION,LB,"MILK - PRODUCTION, MEASURED IN LB",TOTAL,NOT SPECIFIED,STATE,20,20,KS,KANSAS,,,,,,,,00000000,,,9000,UNITED STATES,KANSAS,2023,MONTHLY,04,04,APR,,2025-02-21 15:00:00.000,"360,000,000",
SURVEY,ANIMALS & PRODUCTS,DAIRY,MILK,ALL CLASSES,ALL PRODUCTION PRACTICES,ALL UTILIZATION PRACTICES,PRODUCTION,LB,"MILK - PRODUCTION, MEASURED IN LB",TOTAL,NOT SPECIFIED,STATE,20,20,KS,KANSAS,,,,,,,,00000000,,,9000,UNITED STATES,KANSAS,2023,MONTHLY,04,06,APR THRU JUN,,2025-02-21 15:00:00.000,"1,070,000,000",
SURVEY,ANIMALS & PRODUCTS,DAIRY,MILK,ALL CLASSES,ALL PRODUCTION PRACTICES,ALL UTILIZATION PRACTICES,PRODUCTION,LB,"MILK - PRODUCTION, MEASURED IN LB",TOTAL,NOT SPECIFIED,STATE,20,20,KS,KANSAS,,,,,,,,00000000,,,9000,UNITED STATES,KANSAS,2023,MONTHLY,05,05,MAY,,2025-02-21 15:00:00.000,"368,000,000",
SURVEY,ANIMALS & PRODUCTS,DAIRY,MILK,ALL CLASSES,ALL PRODUCTION PRACTICES,ALL UTILIZATION PRACTICES,PRODUCTION,LB,"MILK - PRODUCTION, MEASURED IN LB",TOTAL,NOT SPECIFIED,STATE,20,20,KS,KANSAS,,,,,,,,00000000,,,9000,UNITED STATES,KANSAS,2023,MONTHLY,06,06,JUN,,2025-02-21 15:00:00.000,"342,000,000",
SURVEY,ANIMALS & PRODUCTS,DAIRY,MILK,ALL CLASSES,ALL PRODUCTION PRACTICES,ALL UTILIZATION PRACTICES,PRODUCTION,LB,"MILK - PRODUCTION, MEASURED IN LB",TOTAL,NOT SPECIFIED,STATE,20,20,KS,KANSAS,,,,,,,,00000000,,,9000,UNITED STATES,KANSAS,2023,MONTHLY,07,07,JUL,,2025-02-21 15:00:00.000,"335,000,000",
SURVEY,ANIMALS & PRODUCTS,DAIRY,MILK,ALL CLASSES,ALL PRODUCTION PRACTICES,ALL UTILIZATION PRACTICES,PRODUCTION,LB,"MILK - PRODUCTION, MEASURED IN LB",TOTAL,NOT SPECIFIED,STATE,20,20,KS,KANSAS,,,,,,,,00000000,,,9000,UNITED STATES,KANSAS,2023,MONTHLY,07,09,JUL THRU SEP,,2025-02-21 15:00:00.000,"1,004,000,000",
SURVEY,ANIMALS & PRODUCTS,DAIRY,MILK,ALL CLASSES,ALL PRODUCTION PRACTICES,ALL UTILIZATION PRACTICES,PRODUCTION,LB,"MILK - PRODUCTION, MEASURED IN LB",TOTAL,NOT SPECIFIED,STATE,20,20,KS,KANSAS,,,,,,,,00000000,,,9000,UNITED STATES,KANSAS,2023,MONTHLY,08,08,AUG,,2025-02-21 15:00:00.000,"333,000,000",
SURVEY,ANIMALS & PRODUCTS,DAIRY,MILK,ALL CLASSES,ALL PRODUCTION PRACTICES,ALL UTILIZATION PRACTICES,PRODUCTION,LB,"MILK - PRODUCTION, MEASURED IN LB",TOTAL,NOT SPECIFIED,STATE,20,20,KS,KANSAS,,,,,,,,00000000,,,9000,UNITED STATES,KANSAS,2023,MONTHLY,09,09,SEP,,2025-02-21 15:00:00.000,"336,000,000",
SURVEY,ANIMALS & PRODUCTS,DAIRY,MILK,ALL CLASSES,ALL PRODUCTION PRACTICES,ALL UTILIZATION PRACTICES,PRODUCTION,LB,"MILK - PRODUCTION, MEASURED IN LB",TOTAL,NOT SPECIFIED,STATE,20,20,KS,KANSAS,,,,,,,,00000000,,,9000,UNITED STATES,KANSAS,2023,MONTHLY,10,10,OCT,,2025-02-21 15:00:00.000,"353,000,000",
SURVEY,ANIMALS & PRODUCTS,DAIRY,MILK,ALL CLASSES,ALL PRODUCTION PRACTICES,ALL UTILIZATION PRACTICES,PRODUCTION,LB,"MILK - PRODUCTION, MEASURED IN LB",TOTAL,NOT SPECIFIED,STATE,20,20,KS,KANSAS,,,,,,,,00000000,,,9000,UNITED STATES,KANSAS,2023,MONTHLY,10,12,OCT THRU DEC,,2025-02-21 15:00:00.000,"1,043,000,000",
SURVEY,ANIMALS & PRODUCTS,DAIRY,MILK,ALL CLASSES,ALL PRODUCTION PRACTICES,ALL UTILIZATION PRACTICES,PRODUCTION,LB,"MILK - PRODUCTION, MEASURED IN LB",TOTAL,NOT SPECIFIED,STATE,20,20,KS,KANSAS,,,,,,,,00000000,,,9000,UNITED STATES,KANSAS,2023,MONTHLY,11,11,NOV,,2025-02-21 15:00:00.000,"342,000,000",
SURVEY,ANIMALS & PRODUCTS,DAIRY,MILK,ALL CLASSES,ALL PRODUCTION PRACTICES,ALL UTILIZATION PRACTICES,PRODUCTION,LB,"MILK - PRODUCTION, MEASURED IN LB",TOTAL,NOT SPECIFIED,STATE,20,20,KS,KANSAS,,,,,,,,00000000,,,9000,UNITED STATES,KANSAS,2023,MONTHLY,12,12,DEC,,2026-02-20 15:00:00.000,"348,000,000",
SURVEY,ANIMALS & PRODUCTS,DAIRY,MILK,ALL CLASSES,ALL PRODUCTION PRACTICES,ALL UTILIZATION PRACTICES,PRODUCTION,LB,"MILK - PRODUCTION, MEASURED IN LB",TOTAL,NOT SPECIFIED,STATE,21,21,KY,KENTUCKY,,,,,,,,00000000,,,9000,UNITED STATES,KENTUCKY,2023,MONTHLY,01,03,JAN THRU MAR,,2025-02-21 15:00:00.000,"245,000,000",
SURVEY,ANIMALS & PRODUCTS,DAIRY,MILK,ALL CLASSES,ALL PRODUCTION PRACTICES,ALL UTILIZATION PRACTICES,PRODUCTION,LB,"MILK - PRODUCTION, MEASURED IN LB",TOTAL,NOT SPECIFIED,STATE,21,21,KY,KENTUCKY,,,,,,,,00000000,,,9000,UNITED STATES,KENTUCKY,2023,MONTHLY,04,06,APR THRU JUN,,2025-02-21 15:00:00.000,"244,000,000",
SURVEY,ANIMALS & PRODUCTS,DAIRY,MILK,ALL CLASSES,ALL PRODUCTION PRACTICES,ALL UTILIZATION PRACTICES,PRODUCTION,LB,"MILK - PRODUCTION, MEASURED IN LB",TOTAL,NOT SPECIFIED,STATE,21,21,KY,KENTUCKY,,,,,,,,00000000,,,9000,UNITED STATES,KENTUCKY,2023,MONTHLY,07,09,JUL THRU SEP,,2025-02-21 15:00:00.000,"215,000,000",
SURVEY,ANIMALS & PRODUCTS,DAIRY,MILK,ALL CLASSES,ALL PRODUCTION PRACTICES,ALL UTILIZATION PRACTICES,PRODUCTION,LB,"MILK - PRODUCTION, MEASURED IN LB",TOTAL,NOT SPECIFIED,STATE,21,21,KY,KENTUCKY,,,,,,,,00000000,,,9000,UNITED STATES,KENTUCKY,2023,MONTHLY,10,12,OCT THRU DEC,,2025-02-21 15:00:00.000,"211,000,000",
SURVEY,ANIMALS & PRODUCTS,DAIRY,MILK,ALL CLASSES,ALL PRODUCTION PRACTICES,ALL UTILIZATION PRACTICES,PRODUCTION,LB,"MILK - PRODUCTION, MEASURED IN LB",TOTAL,NOT SPECIFIED,STATE,22,22,LA,LOUISIANA,,,,,,,,00000000,,,9000,UNITED STATES,LOUISIANA,2023,MONTHLY,01,03,JAN THRU MAR,,2025-02-21 15:00:00.000,"30,000,000",
SURVEY,ANIMALS & PRODUCTS,DAIRY,MILK,ALL CLASSES,ALL PRODUCTION PRACTICES,ALL UTILIZATION PRACTICES,PRODUCTION,LB,"MILK - PRODUCTION, MEASURED IN LB",TOTAL,NOT SPECIFIED,STATE,22,22,LA,LOUISIANA,,,,,,,,00000000,,,9000,UNITED STATES,LOUISIANA,2023,MONTHLY,04,06,APR THRU JUN,,2025-02-21 15:00:00.000,"29,000,000",
SURVEY,ANIMALS & PRODUCTS,DAIRY,MILK,ALL CLASSES,ALL PRODUCTION PRACTICES,ALL UTILIZATION PRACTICES,PRODUCTION,LB,"MILK - PRODUCTION, MEASURED IN LB",TOTAL,NOT SPECIFIED,STATE,22,22,LA,LOUISIANA,,,,,,,,00000000,,,9000,UNITED STATES,LOUISIANA,2023,MONTHLY,07,09,JUL THRU SEP,,2025-02-21 15:00:00.000,"20,000,000",
SURVEY,ANIMALS & PRODUCTS,DAIRY,MILK,ALL CLASSES,ALL PRODUCTION PRACTICES,ALL UTILIZATION PRACTICES,PRODUCTION,LB,"MILK - PRODUCTION, MEASURED IN LB",TOTAL,NOT SPECIFIED,STATE,22,22,LA,LOUISIANA,,,,,,,,00000000,,,9000,UNITED STATES,LOUISIANA,2023,MONTHLY,10,12,OCT THRU DEC,,2025-02-21 15:00:00.000,"22,000,000",
SURVEY,ANIMALS & PRODUCTS,DAIRY,MILK,ALL CLASSES,ALL PRODUCTION PRACTICES,ALL UTILIZATION PRACTICES,PRODUCTION,LB,"MILK - PRODUCTION, MEASURED IN LB",TOTAL,NOT SPECIFIED,STATE,23,23,ME,MAINE,,,,,,,,00000000,,,9000,UNITED STATES,MAINE,2023,MONTHLY,01,03,JAN THRU MAR,,2025-02-21 15:00:00.000,"135,000,000",
SURVEY,ANIMALS & PRODUCTS,DAIRY,MILK,ALL CLASSES,ALL PRODUCTION PRACTICES,ALL UTILIZATION PRACTICES,PRODUCTION,LB,"MILK - PRODUCTION, MEASURED IN LB",TOTAL,NOT SPECIFIED,STATE,23,23,ME,MAINE,,,,,,,,00000000,,,9000,UNITED STATES,MAINE,2023,MONTHLY,04,06,APR THRU JUN,,2025-02-21 15:00:00.000,"142,000,000",
SURVEY,ANIMALS & PRODUCTS,DAIRY,MILK,ALL CLASSES,ALL PRODUCTION PRACTICES,ALL UTILIZATION PRACTICES,PRODUCTION,LB,"MILK - PRODUCTION, MEASURED IN LB",TOTAL,NOT SPECIFIED,STATE,23,23,ME,MAINE,,,,,,,,00000000,,,9000,UNITED STATES,MAINE,2023,MONTHLY,07,09,JUL THRU SEP,,2025-02-21 15:00:00.000,"136,000,000",
SURVEY,ANIMALS & PRODUCTS,DAIRY,MILK,ALL CLASSES,ALL PRODUCTION PRACTICES,ALL UTILIZATION PRACTICES,PRODUCTION,LB,"MILK - PRODUCTION, MEASURED IN LB",TOTAL,NOT SPECIFIED,STATE,23,23,ME,MAINE,,,,,,,,00000000,,,9000,UNITED STATES,MAINE,2023,MONTHLY,10,12,OCT THRU DEC,,2025-02-21 15:00:00.000,"129,000,000",
SURVEY,ANIMALS & PRODUCTS,DAIRY,MILK,ALL CLASSES,ALL PRODUCTION PRACTICES,ALL UTILIZATION PRACTICES,PRODUCTION,LB,"MILK - PRODUCTION, MEASURED IN LB",TOTAL,NOT SPECIFIED,STATE,24,24,MD,MARYLAND,,,,,,,,00000000,,,9000,UNITED STATES,MARYLAND,2023,MONTHLY,01,03,JAN THRU MAR,,2025-02-21 15:00:00.000,"213,000,000",
SURVEY,ANIMALS & PRODUCTS,DAIRY,MILK,ALL CLASSES,ALL PRODUCTION PRACTICES,ALL UTILIZATION PRACTICES,PRODUCTION,LB,"MILK - PRODUCTION, MEASURED IN LB",TOTAL,NOT SPECIFIED,STATE,24,24,MD,MARYLAND,,,,,,,,00000000,,,9000,UNITED STATES,MARYLAND,2023,MONTHLY,04,06,APR THRU JUN,,2025-02-21 15:00:00.000,"216,000,000",
SURVEY,ANIMALS & PRODUCTS,DAIRY,MILK,ALL CLASSES,ALL PRODUCTION PRACTICES,ALL UTILIZATION PRACTICES,PRODUCTION,LB,"MILK - PRODUCTION, MEASURED IN LB",TOTAL,NOT SPECIFIED,STATE,24,24,MD,MARYLAND,,,,,,,,00000000,,,9000,UNITED STATES,MARYLAND,2023,MONTHLY,07,09,JUL THRU SEP,,2025-02-21 15:00:00.000,"207,000,000",
SURVEY,ANIMALS & PRODUCTS,DAIRY,MILK,ALL CLASSES,ALL PRODUCTION PRACTICES,ALL UTILIZATION PRACTICES,PRODUCTION,LB,"MILK - PRODUCTION, MEASURED IN LB",TOTAL,NOT SPECIFIED,STATE,24,24,MD,MARYLAND,,,,,,,,00000000,,,9000,UNITED STATES,MARYLAND,2023,MONTHLY,10,12,OCT THRU DEC,,2025-02-21 15:00:00.000,"210,000,000",
SURVEY,ANIMALS & PRODUCTS,DAIRY,MILK,ALL CLASSES,ALL PRODUCTION PRACTICES,ALL UTILIZATION PRACTICES,PRODUCTION,LB,"MILK - PRODUCTION, MEASURED IN LB",TOTAL,NOT SPECIFIED,STATE,25,25,MA,MASSACHUSETTS,,,,,,,,00000000,,,9000,UNITED STATES,MASSACHUSETTS,2023,MONTHLY,01,03,JAN THRU MAR,,2025-02-21 15:00:00.000,"45,000,000",
SURVEY,ANIMALS & PRODUCTS,DAIRY,MILK,ALL CLASSES,ALL PRODUCTION PRACTICES,ALL UTILIZATION PRACTICES,PRODUCTION,LB,"MILK - PRODUCTION, MEASURED IN LB",TOTAL,NOT SPECIFIED,STATE,25,25,MA,MASSACHUSETTS,,,,,,,,00000000,,,9000,UNITED STATES,MASSACHUSETTS,2023,MONTHLY,04,06,APR THRU JUN,,2025-02-21 15:00:00.000,"47,000,000",
SURVEY,ANIMALS & PRODUCTS,DAIRY,MILK,ALL CLASSES,ALL PRODUCTION PRACTICES,ALL UTILIZATION PRACTICES,PRODUCTION,LB,"MILK - PRODUCTION, MEASURED IN LB",TOTAL,NOT SPECIFIED,STATE,25,25,MA,MASSACHUSETTS,,,,,,,,00000000,,,9000,UNITED STATES,MASSACHUSETTS,2023,MONTHLY,07,09,JUL THRU SEP,,2025-02-21 15:00:00.000,"45,000,000",
SURVEY,ANIMALS & PRODUCTS,DAIRY,MILK,ALL CLASSES,ALL PRODUCTION PRACTICES,ALL UTILIZATION PRACTICES,PRODUCTION,LB,"MILK - PRODUCTION, MEASURED IN LB",TOTAL,NOT SPECIFIED,STATE,25,25,MA,MASSACHUSETTS,,,,,,,,00000000,,,9000,UNITED STATES,MASSACHUSETTS,2023,MONTHLY,10,12,OCT THRU DEC,,2025-02-21 15:00:00.000,"43,000,000",
SURVEY,ANIMALS & PRODUCTS,DAIRY,MILK,ALL CLASSES,ALL PRODUCTION PRACTICES,ALL UTILIZATION PRACTICES,PRODUCTION,LB,"MILK - PRODUCTION, MEASURED IN LB",TOTAL,NOT SPECIFIED,STATE,26,26,MI,MICHIGAN,,,,,,,,00000000,,,9000,UNITED STATES,MICHIGAN,2023,MONTHLY,01,01,JAN,,2025-02-21 15:00:00.000,"1,020,000,000",
SURVEY,ANIMALS & PRODUCTS,DAIRY,MILK,ALL CLASSES,ALL PRODUCTION PRACTICES,ALL UTILIZATION PRACTICES,PRODUCTION,LB,"MILK - PRODUCTION, MEASURED IN LB",TOTAL,NOT SPECIFIED,STATE,26,26,MI,MICHIGAN,,,,,,,,00000000,,,9000,UNITED STATES,MICHIGAN,2023,MONTHLY,01,03,JAN THRU MAR,,2025-02-21 15:00:00.000,"2,984,000,000",
SURVEY,ANIMALS & PRODUCTS,DAIRY,MILK,ALL CLASSES,ALL PRODUCTION PRACTICES,ALL UTILIZATION PRACTICES,PRODUCTION,LB,"MILK - PRODUCTION, MEASURED IN LB",TOTAL,NOT SPECIFIED,STATE,26,26,MI,MICHIGAN,,,,,,,,00000000,,,9000,UNITED STATES,MICHIGAN,2023,MONTHLY,02,02,FEB,,2025-02-21 15:00:00.000,"929,000,000",
SURVEY,ANIMALS & PRODUCTS,DAIRY,MILK,ALL CLASSES,ALL PRODUCTION PRACTICES,ALL UTILIZATION PRACTICES,PRODUCTION,LB,"MILK - PRODUCTION, MEASURED IN LB",TOTAL,NOT SPECIFIED,STATE,26,26,MI,MICHIGAN,,,,,,,,00000000,,,9000,UNITED STATES,MICHIGAN,2023,MONTHLY,03,03,MAR,,2025-02-21 15:00:00.000,"1,035,000,000",
SURVEY,ANIMALS & PRODUCTS,DAIRY,MILK,ALL CLASSES,ALL PRODUCTION PRACTICES,ALL UTILIZATION PRACTICES,PRODUCTION,LB,"MILK - PRODUCTION, MEASURED IN LB",TOTAL,NOT SPECIFIED,STATE,26,26,MI,MICHIGAN,,,,,,,,00000000,,,9000,UNITED STATES,MICHIGAN,2023,MONTHLY,04,04,APR,,2025-02-21 15:00:00.000,"1,007,000,000",
SURVEY,ANIMALS & PRODUCTS,DAIRY,MILK,ALL CLASSES,ALL PRODUCTION PRACTICES,ALL UTILIZATION PRACTICES,PRODUCTION,LB,"MILK - PRODUCTION, MEASURED IN LB",TOTAL,NOT SPECIFIED,STATE,26,26,MI,MICHIGAN,,,,,,,,00000000,,,9000,UNITED STATES,MICHIGAN,2023,MONTHLY,04,06,APR THRU JUN,,2025-02-21 15:00:00.000,"3,065,000,000",
SURVEY,ANIMALS & PRODUCTS,DAIRY,MILK,ALL CLASSES,ALL PRODUCTION PRACTICES,ALL UTILIZATION PRACTICES,PRODUCTION,LB,"MILK - PRODUCTION, MEASURED IN LB",TOTAL,NOT SPECIFIED,STATE,26,26,MI,MICHIGAN,,,,,,,,00000000,,,9000,UNITED STATES,MICHIGAN,2023,MONTHLY,05,05,MAY,,2025-02-21 15:00:00.000,"1,046,000,000",
SURVEY,ANIMALS & PRODUCTS,DAIRY,MILK,ALL CLASSES,ALL PRODUCTION PRACTICES,ALL UTILIZATION PRACTICES,PRODUCTION,LB,"MILK - PRODUCTION, MEASURED IN LB",TOTAL,NOT SPECIFIED,STATE,26,26,MI,MICHIGAN,,,,,,,,00000000,,,9000,UNITED STATES,MICHIGAN,2023,MONTHLY,06,06,JUN,,2025-02-21 15:00:00.000,"1,012,000,000",
SURVEY,ANIMALS & PRODUCTS,DAIRY,MILK,ALL CLASSES,ALL PRODUCTION PRACTICES,ALL UTILIZATION PRACTICES,PRODUCTION,LB,"MILK - PRODUCTION, MEASURED IN LB",TOTAL,NOT SPECIFIED,STATE,26,26,MI,MICHIGAN,,,,,,,,00000000,,,9000,UNITED STATES,MICHIGAN,2023,MONTHLY,07,07,JUL,,2025-02-21 15:00:00.000,"1,036,000,000",
SURVEY,ANIMALS & PRODUCTS,DAIRY,MILK,ALL CLASSES,ALL PRODUCTION PRACTICES,ALL UTILIZATION PRACTICES,PRODUCTION,LB,"MILK - PRODUCTION, MEASURED IN LB",TOTAL,NOT SPECIFIED,STATE,26,26,MI,MICHIGAN,,,,,,,,00000000,,,9000,UNITED STATES,MICHIGAN,2023,MONTHLY,07,09,JUL THRU SEP,,2025-02-21 15:00:00.000,"3,036,000,000",
SURVEY,ANIMALS & PRODUCTS,DAIRY,MILK,ALL CLASSES,ALL PRODUCTION PRACTICES,ALL UTILIZATION PRACTICES,PRODUCTION,LB,"MILK - PRODUCTION, MEASURED IN LB",TOTAL,NOT SPECIFIED,STATE,26,26,MI,MICHIGAN,,,,,,,,00000000,,,9000,UNITED STATES,MICHIGAN,2023,MONTHLY,08,08,AUG,,2025-02-21 15:00:00.000,"1,023,000,000",
SURVEY,ANIMALS & PRODUCTS,DAIRY,MILK,ALL CLASSES,ALL PRODUCTION PRACTICES,ALL UTILIZATION PRACTICES,PRODUCTION,LB,"MILK - PRODUCTION, MEASURED IN LB",TOTAL,NOT SPECIFIED,STATE,26,26,MI,MICHIGAN,,,,,,,,00000000,,,9000,UNITED STATES,MICHIGAN,2023,MONTHLY,09,09,SEP,,2025-02-21 15:00:00.000,"977,000,000",
SURVEY,ANIMALS & PRODUCTS,DAIRY,MILK,ALL CLASSES,ALL PRODUCTION PRACTICES,ALL UTILIZATION PRACTICES,PRODUCTION,LB,"MILK - PRODUCTION, MEASURED IN LB",TOTAL,NOT SPECIFIED,STATE,26,26,MI,MICHIGAN,,,,,,,,00000000,,,9000,UNITED STATES,MICHIGAN,2023,MONTHLY,10,10,OCT,,2025-02-21 15:00:00.000,"1,003,000,000",
SURVEY,ANIMALS & PRODUCTS,DAIRY,MILK,ALL CLASSES,ALL PRODUCTION PRACTICES,ALL UTILIZATION PRACTICES,PRODUCTION,LB,"MILK - PRODUCTION, MEASURED IN LB",TOTAL,NOT SPECIFIED,STATE,26,26,MI,MICHIGAN,,,,,,,,00000000,,,9000,UNITED STATES,MICHIGAN,2023,MONTHLY,10,12,OCT THRU DEC,,2025-02-21 15:00:00.000,"2,970,000,000",
SURVEY,ANIMALS & PRODUCTS,DAIRY,MILK,ALL CLASSES,ALL PRODUCTION PRACTICES,ALL UTILIZATION PRACTICES,PRODUCTION,LB,"MILK - PRODUCTION, MEASURED IN LB",TOTAL,NOT SPECIFIED,STATE,26,26,MI,MICHIGAN,,,,,,,,00000000,,,9000,UNITED STATES,MICHIGAN,2023,MONTHLY,11,11,NOV,,2025-02-21 15:00:00.000,"964,000,000",
SURVEY,ANIMALS & PRODUCTS,DAIRY,MILK,ALL CLASSES,ALL PRODUCTION PRACTICES,ALL UTILIZATION PRACTICES,PRODUCTION,LB,"MILK - PRODUCTION, MEASURED IN LB",TOTAL,NOT SPECIFIED,STATE,26,26,MI,MICHIGAN,,,,,,,,00000000,,,9000,UNITED STATES,MICHIGAN,2023,MONTHLY,12,12,DEC,,2026-02-20 15:00:00.000,"1,003,000,000",
SURVEY,ANIMALS & PRODUCTS,DAIRY,MILK,ALL CLASSES,ALL PRODUCTION PRACTICES,ALL UTILIZATION PRACTICES,PRODUCTION,LB,"MILK - PRODUCTION, MEASURED IN LB",TOTAL,NOT SPECIFIED,STATE,27,27,MN,MINNESOTA,,,,,,,,00000000,,,9000,UNITED STATES,MINNESOTA,2023,MONTHLY,01,01,JAN,,2025-02-21 15:00:00.000,"896,000,000",
SURVEY,ANIMALS & PRODUCTS,DAIRY,MILK,ALL CLASSES,ALL PRODUCTION PRACTICES,ALL UTILIZATION PRACTICES,PRODUCTION,LB,"MILK - PRODUCTION, MEASURED IN LB",TOTAL,NOT SPECIFIED,STATE,27,27,MN,MINNESOTA,,,,,,,,00000000,,,9000,UNITED STATES,MINNESOTA,2023,MONTHLY,01,03,JAN THRU MAR,,2025-02-21 15:00:00.000,"2,616,000,000",
SURVEY,ANIMALS & PRODUCTS,DAIRY,MILK,ALL CLASSES,ALL PRODUCTION PRACTICES,ALL UTILIZATION PRACTICES,PRODUCTION,LB,"MILK - PRODUCTION, MEASURED IN LB",TOTAL,NOT SPECIFIED,STATE,27,27,MN,MINNESOTA,,,,,,,,00000000,,,9000,UNITED STATES,MINNESOTA,2023,MONTHLY,02,02,FEB,,2025-02-21 15:00:00.000,"817,000,000",
SURVEY,ANIMALS & PRODUCTS,DAIRY,MILK,ALL CLASSES,ALL PRODUCTION PRACTICES,ALL UTILIZATION PRACTICES,PRODUCTION,LB,"MILK - PRODUCTION, MEASURED IN LB",TOTAL,NOT SPECIFIED,STATE,27,27,MN,MINNESOTA,,,,,,,,00000000,,,9000,UNITED STATES,MINNESOTA,2023,MONTHLY,03,03,MAR,,2025-02-21 15:00:00.000,"903,000,000",
SURVEY,ANIMALS & PRODUCTS,DAIRY,MILK,ALL CLASSES,ALL PRODUCTION PRACTICES,ALL UTILIZATION PRACTICES,PRODUCTION,LB,"MILK - PRODUCTION, MEASURED IN LB",TOTAL,NOT SPECIFIED,STATE,27,27,MN,MINNESOTA,,,,,,,,00000000,,,9000,UNITED STATES,MINNESOTA,2023,MONTHLY,04,04,APR,,2025-02-21 15:00:00.000,"874,000,000",
SURVEY,ANIMALS & PRODUCTS,DAIRY,MILK,ALL CLASSES,ALL PRODUCTION PRACTICES,ALL UTILIZATION PRACTICES,PRODUCTION,LB,"MILK - PRODUCTION, MEASURED IN LB",TOTAL,NOT SPECIFIED,STATE,27,27,MN,MINNESOTA,,,,,,,,00000000,,,9000,UNITED STATES,MINNESOTA,2023,MONTHLY,04,06,APR THRU JUN,,2025-02-21 15:00:00.000,"2,659,000,000",
SURVEY,ANIMALS & PRODUCTS,DAIRY,MILK,ALL CLASSES,ALL PRODUCTION PRACTICES,ALL UTILIZATION PRACTICES,PRODUCTION,LB,"MILK - PRODUCTION, MEASURED IN LB",TOTAL,NOT SPECIFIED,STATE,27,27,MN,MINNESOTA,,,,,,,,00000000,,,9000,UNITED STATES,MINNESOTA,2023,MONTHLY,05,05,MAY,,2025-02-21 15:00:00.000,"906,000,000",
SURVEY,ANIMALS & PRODUCTS,DAIRY,MILK,ALL CLASSES,ALL PRODUCTION PRACTICES,ALL UTILIZATION PRACTICES,PRODUCTION,LB,"MILK - PRODUCTION, MEASURED IN LB",TOTAL,NOT SPECIFIED,STATE,27,27,MN,MINNESOTA,,,,,,,,00000000,,,9000,UNITED STATES,MINNESOTA,2023,MONTHLY,06,06,JUN,,2025-02-21 15:00:00.000,"879,000,000",
SURVEY,ANIMALS & PRODUCTS,DAIRY,MILK,ALL CLASSES,ALL PRODUCTION PRACTICES,ALL UTILIZATION PRACTICES,PRODUCTION,LB,"MILK - PRODUCTION, MEASURED IN LB",TOTAL,NOT SPECIFIED,STATE,27,27,MN,MINNESOTA,,,,,,,,00000000,,,9000,UNITED STATES,MINNESOTA,2023,MONTHLY,07,07,JUL,,2025-02-21 15:00:00.000,"902,000,000",
SURVEY,ANIMALS & PRODUCTS,DAIRY,MILK,ALL CLASSES,ALL PRODUCTION PRACTICES,ALL UTILIZATION PRACTICES,PRODUCTION,LB,"MILK - PRODUCTION, MEASURED IN LB",TOTAL,NOT SPECIFIED,STATE,27,27,MN,MINNESOTA,,,,,,,,00000000,,,9000,UNITED STATES,MINNESOTA,2023,MONTHLY,07,09,JUL THRU SEP,,2025-02-21 15:00:00.000,"2,648,000,000",
SURVEY,ANIMALS & PRODUCTS,DAIRY,MILK,ALL CLASSES,ALL PRODUCTION PRACTICES,ALL UTILIZATION PRACTICES,PRODUCTION,LB,"MILK - PRODUCTION, MEASURED IN LB",TOTAL,NOT SPECIFIED,STATE,27,27,MN,MINNESOTA,,,,,,,,00000000,,,9000,UNITED STATES,MINNESOTA,2023,MONTHLY,08,08,AUG,,2025-02-21 15:00:00.000,"887,000,000",
SURVEY,ANIMALS & PRODUCTS,DAIRY,MILK,ALL CLASSES,ALL PRODUCTION PRACTICES,ALL UTILIZATION PRACTICES,PRODUCTION,LB,"MILK - PRODUCTION, MEASURED IN LB",TOTAL,NOT SPECIFIED,STATE,27,27,MN,MINNESOTA,,,,,,,,00000000,,,9000,UNITED STATES,MINNESOTA,2023,MONTHLY,09,09,SEP,,2025-02-21 15:00:00.000,"859,000,000",
SURVEY,ANIMALS & PRODUCTS,DAIRY,MILK,ALL CLASSES,ALL PRODUCTION PRACTICES,ALL UTILIZATION PRACTICES,PRODUCTION,LB,"MILK - PRODUCTION, MEASURED IN LB",TOTAL,NOT SPECIFIED,STATE,27,27,MN,MINNESOTA,,,,,,,,00000000,,,9000,UNITED STATES,MINNESOTA,2023,MONTHLY,10,10,OCT,,2025-02-21 15:00:00.000,"873,000,000",
SURVEY,ANIMALS & PRODUCTS,DAIRY,MILK,ALL CLASSES,ALL PRODUCTION PRACTICES,ALL UTILIZATION PRACTICES,PRODUCTION,LB,"MILK - PRODUCTION, MEASURED IN LB",TOTAL,NOT SPECIFIED,STATE,27,27,MN,MINNESOTA,,,,,,,,00000000,,,9000,UNITED STATES,MINNESOTA,2023,MONTHLY,10,12,OCT THRU DEC,,2025-02-21 15:00:00.000,"2,575,000,000",
SURVEY,ANIMALS & PRODUCTS,DAIRY,MILK,ALL CLASSES,ALL PRODUCTION PRACTICES,ALL UTILIZATION PRACTICES,PRODUCTION,LB,"MILK - PRODUCTION, MEASURED IN LB",TOTAL,NOT SPECIFIED,STATE,27,27,MN,MINNESOTA,,,,,,,,00000000,,,9000,UNITED STATES,MINNESOTA,2023,MONTHLY,11,11,NOV,,2025-02-21 15:00:00.000,"833,000,000",
SURVEY,ANIMALS & PRODUCTS,DAIRY,MILK,ALL CLASSES,ALL PRODUCTION PRACTICES,ALL UTILIZATION PRACTICES,PRODUCTION,LB,"MILK - PRODUCTION, MEASURED IN LB",TOTAL,NOT SPECIFIED,STATE,27,27,MN,MINNESOTA,,,,,,,,00000000,,,9000,UNITED STATES,MINNESOTA,2023,MONTHLY,12,12,DEC,,2026-02-20 15:00:00.000,"869,000,000",
SURVEY,ANIMALS & PRODUCTS,DAIRY,MILK,ALL CLASSES,ALL PRODUCTION PRACTICES,ALL UTILIZATION PRACTICES,PRODUCTION,LB,"MILK - PRODUCTION, MEASURED IN LB",TOTAL,NOT SPECIFIED,STATE,28,28,MS,MISSISSIPPI,,,,,,,,00000000,,,9000,UNITED STATES,MISSISSIPPI,2023,MONTHLY,01,03,JAN THRU MAR,,2025-02-21 15:00:00.000,"23,000,000",
SURVEY,ANIMALS & PRODUCTS,DAIRY,MILK,ALL CLASSES,ALL PRODUCTION PRACTICES,ALL UTILIZATION PRACTICES,PRODUCTION,LB,"MILK - PRODUCTION, MEASURED IN LB",TOTAL,NOT SPECIFIED,STATE,28,28,MS,MISSISSIPPI,,,,,,,,00000000,,,9000,UNITED STATES,MISSISSIPPI,2023,MONTHLY,04,06,APR THRU JUN,,2025-02-21 15:00:00.000,"20,000,000",
SURVEY,ANIMALS & PRODUCTS,DAIRY,MILK,ALL CLASSES,ALL PRODUCTION PRACTICES,ALL UTILIZATION PRACTICES,PRODUCTION,LB,"MILK - PRODUCTION, MEASURED IN LB",TOTAL,NOT SPECIFIED,STATE,28,28,MS,MISSISSIPPI,,,,,,,,00000000,,,9000,UNITED STATES,MISSISSIPPI,2023,MONTHLY,07,09,JUL THRU SEP,,2025-02-21 15:00:00.000,"15,000,000",
SURVEY,ANIMALS & PRODUCTS,DAIRY,MILK,ALL CLASSES,ALL PRODUCTION PRACTICES,ALL UTILIZATION PRACTICES,PRODUCTION,LB,"MILK - PRODUCTION, MEASURED IN LB",TOTAL,NOT SPECIFIED,STATE,28,28,MS,MISSISSIPPI,,,,,,,,00000000,,,9000,UNITED STATES,MISSISSIPPI,2023,MONTHLY,10,12,OCT THRU DEC,,2025-02-21 15:00:00.000,"16,000,000",
SURVEY,ANIMALS & PRODUCTS,DAIRY,MILK,ALL CLASSES,ALL PRODUCTION PRACTICES,ALL UTILIZATION PRACTICES,PRODUCTION,LB,"MILK - PRODUCTION, MEASURED IN LB",TOTAL,NOT SPECIFIED,STATE,29,29,MO,MISSOURI,,,,,,,,00000000,,,9000,UNITED STATES,MISSOURI,2023,MONTHLY,01,03,JAN THRU MAR,,2025-02-21 15:00:00.000,"223,000,000",
SURVEY,ANIMALS & PRODUCTS,DAIRY,MILK,ALL CLASSES,ALL PRODUCTION PRACTICES,ALL UTILIZATION PRACTICES,PRODUCTION,LB,"MILK - PRODUCTION, MEASURED IN LB",TOTAL,NOT SPECIFIED,STATE,29,29,MO,MISSOURI,,,,,,,,00000000,,,9000,UNITED STATES,MISSOURI,2023,MONTHLY,04,06,APR THRU JUN,,2025-02-21 15:00:00.000,"240,000,000",
SURVEY,ANIMALS & PRODUCTS,DAIRY,MILK,ALL CLASSES,ALL PRODUCTION PRACTICES,ALL UTILIZATION PRACTICES,PRODUCTION,LB,"MILK - PRODUCTION, MEASURED IN LB",TOTAL,NOT SPECIFIED,STATE,29,29,MO,MISSOURI,,,,,,,,00000000,,,9000,UNITED STATES,MISSOURI,2023,MONTHLY,07,09,JUL THRU SEP,,2025-02-21 15:00:00.000,"203,000,000",
SURVEY,ANIMALS & PRODUCTS,DAIRY,MILK,ALL CLASSES,ALL PRODUCTION PRACTICES,ALL UTILIZATION PRACTICES,PRODUCTION,LB,"MILK - PRODUCTION, MEASURED IN LB",TOTAL,NOT SPECIFIED,STATE,29,29,MO,MISSOURI,,,,,,,,00000000,,,9000,UNITED STATES,MISSOURI,2023,MONTHLY,10,12,OCT THRU DEC,,2025-02-21 15:00:00.000,"201,000,000",
SURVEY,ANIMALS & PRODUCTS,DAIRY,MILK,ALL CLASSES,ALL PRODUCTION PRACTICES,ALL UTILIZATION PRACTICES,PRODUCTION,LB,"MILK - PRODUCTION, MEASURED IN LB",TOTAL,NOT SPECIFIED,STATE,30,30,MT,MONTANA,,,,,,,,00000000,,,9000,UNITED STATES,MONTANA,2023,MONTHLY,01,03,JAN THRU MAR,,2025-02-21 15:00:00.000,"53,000,000",
SURVEY,ANIMALS & PRODUCTS,DAIRY,MILK,ALL CLASSES,ALL PRODUCTION PRACTICES,ALL UTILIZATION PRACTICES,PRODUCTION,LB,"MILK - PRODUCTION, MEASURED IN LB",TOTAL,NOT SPECIFIED,STATE,30,30,MT,MONTANA,,,,,,,,00000000,,,9000,UNITED STATES,MONTANA,2023,MONTHLY,04,06,APR THRU JUN,,2025-02-21 15:00:00.000,"55,000,000",
SURVEY,ANIMALS & PRODUCTS,DAIRY,MILK,ALL CLASSES,ALL PRODUCTION PRACTICES,ALL UTILIZATION PRACTICES,PRODUCTION,LB,"MILK - PRODUCTION, MEASURED IN LB",TOTAL,NOT SPECIFIED,STATE,30,30,MT,MONTANA,,,,,,,,00000000,,,9000,UNITED STATES,MONTANA,2023,MONTHLY,07,09,JUL THRU SEP,,2025-02-21 15:00:00.000,"52,000,000",
SURVEY,ANIMALS & PRODUCTS,DAIRY,MILK,ALL CLASSES,ALL PRODUCTION PRACTICES,ALL UTILIZATION PRACTICES,PRODUCTION,LB,"MILK - PRODUCTION, MEASURED IN LB",TOTAL,NOT SPECIFIED,STATE,30,30,MT,MONTANA,,,,,,,,00000000,,,9000,UNITED STATES,MONTANA,2023,MONTHLY,10,12,OCT THRU DEC,,2025-02-21 15:00:00.000,"50,000,000",
SURVEY,ANIMALS & PRODUCTS,DAIRY,MILK,ALL CLASSES,ALL PRODUCTION PRACTICES,ALL UTILIZATION PRACTICES,PRODUCTION,LB,"MILK - PRODUCTION, MEASURED IN LB",TOTAL,NOT SPECIFIED,STATE,31,31,NE,NEBRASKA,,,,,,,,00000000,,,9000,UNITED STATES,NEBRASKA,2023,MONTHLY,01,03,JAN THRU MAR,,2025-02-21 15:00:00.000,"340,000,000",
SURVEY,ANIMALS & PRODUCTS,DAIRY,MILK,ALL CLASSES,ALL PRODUCTION PRACTICES,ALL UTILIZATION PRACTICES,PRODUCTION,LB,"MILK - PRODUCTION, MEASURED IN LB",TOTAL,NOT SPECIFIED,STATE,31,31,NE,NEBRASKA,,,,,,,,00000000,,,9000,UNITED STATES,NEBRASKA,2023,MONTHLY,04,06,APR THRU JUN,,2025-02-21 15:00:00.000,"345,000,000",
SURVEY,ANIMALS & PRODUCTS,DAIRY,MILK,ALL CLASSES,ALL PRODUCTION PRACTICES,ALL UTILIZATION PRACTICES,PRODUCTION,LB,"MILK - PRODUCTION, MEASURED IN LB",TOTAL,NOT SPECIFIED,STATE,31,31,NE,NEBRASKA,,,,,,,,00000000,,,9000,UNITED STATES,NEBRASKA,2023,MONTHLY,07,09,JUL THRU SEP,,2025-02-21 15:00:00.000,"329,000,000",
SURVEY,ANIMALS & PRODUCTS,DAIRY,MILK,ALL CLASSES,ALL PRODUCTION PRACTICES,ALL UTILIZATION PRACTICES,PRODUCTION,LB,"MILK - PRODUCTION, MEASURED IN LB",TOTAL,NOT SPECIFIED,STATE,31,31,NE,NEBRASKA,,,,,,,,00000000,,,9000,UNITED STATES,NEBRASKA,2023,MONTHLY,10,12,OCT THRU DEC,,2025-02-21 15:00:00.000,"326,000,000",
SURVEY,ANIMALS & PRODUCTS,DAIRY,MILK,ALL CLASSES,ALL PRODUCTION PRACTICES,ALL UTILIZATION PRACTICES,PRODUCTION,LB,"MILK - PRODUCTION, MEASURED IN LB",TOTAL,NOT SPECIFIED,STATE,32,32,NV,NEVADA,,,,,,,,00000000,,,9000,UNITED STATES,NEVADA,2023,MONTHLY,01,03,JAN THRU MAR,,2025-02-21 15:00:00.000,"184,000,000",
SURVEY,ANIMALS & PRODUCTS,DAIRY,MILK,ALL CLASSES,ALL PRODUCTION PRACTICES,ALL UTILIZATION PRACTICES,PRODUCTION,LB,"MILK - PRODUCTION, MEASURED IN LB",TOTAL,NOT SPECIFIED,STATE,32,32,NV,NEVADA,,,,,,,,00000000,,,9000,UNITED STATES,NEVADA,2023,MONTHLY,04,06,APR THRU JUN,,2025-02-21 15:00:00.000,"198,000,000",
SURVEY,ANIMALS & PRODUCTS,DAIRY,MILK,ALL CLASSES,ALL PRODUCTION PRACTICES,ALL UTILIZATION PRACTICES,PRODUCTION,LB,"MILK - PRODUCTION, MEASURED IN LB",TOTAL,NOT SPECIFIED,STATE,32,32,NV,NEVADA,,,,,,,,00000000,,,9000,UNITED STATES,NEVADA,2023,MONTHLY,07,09,JUL THRU SEP,,2025-02-21 15:00:00.000,"191,000,000",
SURVEY,ANIMALS & PRODUCTS,DAIRY,MILK,ALL CLASSES,ALL PRODUCTION PRACTICES,ALL UTILIZATION PRACTICES,PRODUCTION,LB,"MILK - PRODUCTION, MEASURED IN LB",TOTAL,NOT SPECIFIED,STATE,32,32,NV,NEVADA,,,,,,,,00000000,,,9000,UNITED STATES,NEVADA,2023,MONTHLY,10,12,OCT THRU DEC,,2025-02-21 15:00:00.000,"188,000,000",
SURVEY,ANIMALS & PRODUCTS,DAIRY,MILK,ALL CLASSES,ALL PRODUCTION PRACTICES,ALL UTILIZATION PRACTICES,PRODUCTION,LB,"MILK - PRODUCTION, MEASURED IN LB",TOTAL,NOT SPECIFIED,STATE,33,33,NH,NEW HAMPSHIRE,,,,,,,,00000000,,,9000,UNITED STATES,NEW HAMPSHIRE,2023,MONTHLY,01,03,JAN THRU MAR,,2025-02-21 15:00:00.000,"53,000,000",
SURVEY,ANIMALS & PRODUCTS,DAIRY,MILK,ALL CLASSES,ALL PRODUCTION PRACTICES,ALL UTILIZATION PRACTICES,PRODUCTION,LB,"MILK - PRODUCTION, MEASURED IN LB",TOTAL,NOT SPECIFIED,STATE,33,33,NH,NEW HAMPSHIRE,,,,,,,,00000000,,,9000,UNITED STATES,NEW HAMPSHIRE,2023,MONTHLY,04,06,APR THRU JUN,,2025-02-21 15:00:00.000,"53,000,000",
SURVEY,ANIMALS & PRODUCTS,DAIRY,MILK,ALL CLASSES,ALL PRODUCTION PRACTICES,ALL UTILIZATION PRACTICES,PRODUCTION,LB,"MILK - PRODUCTION, MEASURED IN LB",TOTAL,NOT SPECIFIED,STATE,33,33,NH,NEW HAMPSHIRE,,,,,,,,00000000,,,9000,UNITED STATES,NEW HAMPSHIRE,2023,MONTHLY,07,09,JUL THRU SEP,,2025-02-21 15:00:00.000,"51,000,000",
SURVEY,ANIMALS & PRODUCTS,DAIRY,MILK,ALL CLASSES,ALL PRODUCTION PRACTICES,ALL UTILIZATION PRACTICES,PRODUCTION,LB,"MILK - PRODUCTION, MEASURED IN LB",TOTAL,NOT SPECIFIED,STATE,33,33,NH,NEW HAMPSHIRE,,,,,,,,00000000,,,9000,UNITED STATES,NEW HAMPSHIRE,2023,MONTHLY,10,12,OCT THRU DEC,,2025-02-21 15:00:00.000,"50,000,000",
SURVEY,ANIMALS & PRODUCTS,DAIRY,MILK,ALL CLASSES,ALL PRODUCTION PRACTICES,ALL UTILIZATION PRACTICES,PRODUCTION,LB,"MILK - PRODUCTION, MEASURED IN LB",TOTAL,NOT SPECIFIED,STATE,34,34,NJ,NEW JERSEY,,,,,,,,00000000,,,9000,UNITED STATES,NEW JERSEY,2023,MONTHLY,01,03,JAN THRU MAR,,2025-02-21 15:00:00.000,"22,000,000",
SURVEY,ANIMALS & PRODUCTS,DAIRY,MILK,ALL CLASSES,ALL PRODUCTION PRACTICES,ALL UTILIZATION PRACTICES,PRODUCTION,LB,"MILK - PRODUCTION, MEASURED IN LB",TOTAL,NOT SPECIFIED,STATE,34,34,NJ,NEW JERSEY,,,,,,,,00000000,,,9000,UNITED STATES,NEW JERSEY,2023,MONTHLY,04,06,APR THRU JUN,,2025-02-21 15:00:00.000,"22,000,000",
SURVEY,ANIMALS & PRODUCTS,DAIRY,MILK,ALL CLASSES,ALL PRODUCTION PRACTICES,ALL UTILIZATION PRACTICES,PRODUCTION,LB,"MILK - PRODUCTION, MEASURED IN LB",TOTAL,NOT SPECIFIED,STATE,34,34,NJ,NEW JERSEY,,,,,,,,00000000,,,9000,UNITED STATES,NEW JERSEY,2023,MONTHLY,07,09,JUL THRU SEP,,2025-02-21 15:00:00.000,"21,000,000",
SURVEY,ANIMALS & PRODUCTS,DAIRY,MILK,ALL CLASSES,ALL PRODUCTION PRACTICES,ALL UTILIZATION PRACTICES,PRODUCTION,LB,"MILK - PRODUCTION, MEASURED IN LB",TOTAL,NOT SPECIFIED,STATE,34,34,NJ,NEW JERSEY,,,,,,,,00000000,,,9000,UNITED STATES,NEW JERSEY,2023,MONTHLY,10,12,OCT THRU DEC,,2025-02-21 15:00:00.000,"21,000,000",
SURVEY,ANIMALS & PRODUCTS,DAIRY,MILK,ALL CLASSES,ALL PRODUCTION PRACTICES,ALL UTILIZATION PRACTICES,PRODUCTION,LB,"MILK - PRODUCTION, MEASURED IN LB",TOTAL,NOT SPECIFIED,STATE,35,35,NM,NEW MEXICO,,,,,,,,00000000,,,9000,UNITED STATES,NEW MEXICO,2023,MONTHLY,01,01,JAN,,2025-02-21 15:00:00.000,"608,000,000",
SURVEY,ANIMALS & PRODUCTS,DAIRY,MILK,ALL CLASSES,ALL PRODUCTION PRACTICES,ALL UTILIZATION PRACTICES,PRODUCTION,LB,"MILK - PRODUCTION, MEASURED IN LB",TOTAL,NOT SPECIFIED,STATE,35,35,NM,NEW MEXICO,,,,,,,,00000000,,,9000,UNITED STATES,NEW MEXICO,2023,MONTHLY,01,03,JAN THRU MAR,,2025-02-21 15:00:00.000,"1,779,000,000",
SURVEY,ANIMALS & PRODUCTS,DAIRY,MILK,ALL CLASSES,ALL PRODUCTION PRACTICES,ALL UTILIZATION PRACTICES,PRODUCTION,LB,"MILK - PRODUCTION, MEASURED IN LB",TOTAL,NOT SPECIFIED,STATE,35,35,NM,NEW MEXICO,,,,,,,,00000000,,,9000,UNITED STATES,NEW MEXICO,2023,MONTHLY,02,02,FEB,,2025-02-21 15:00:00.000,"547,000,000",
SURVEY,ANIMALS & PRODUCTS,DAIRY,MILK,ALL CLASSES,ALL PRODUCTION PRACTICES,ALL UTILIZATION PRACTICES,PRODUCTION,LB,"MILK - PRODUCTION, MEASURED IN LB",TOTAL,NOT SPECIFIED,STATE,35,35,NM,NEW MEXICO,,,,,,,,00000000,,,9000,UNITED STATES,NEW MEXICO,2023,MONTHLY,03,03,MAR,,2025-02-21 15:00:00.000,"624,000,000",
SURVEY,ANIMALS & PRODUCTS,DAIRY,MILK,ALL CLASSES,ALL PRODUCTION PRACTICES,ALL UTILIZATION PRACTICES,PRODUCTION,LB,"MILK - PRODUCTION, MEASURED IN LB",TOTAL,NOT SPECIFIED,STATE,35,35,NM,NEW MEXICO,,,,,,,,00000000,,,9000,UNITED STATES,NEW MEXICO,2023,MONTHLY,04,04,APR,,2025-02-21 15:00:00.000,"602,000,000",
SURVEY,ANIMALS & PRODUCTS,DAIRY,MILK,ALL CLASSES,ALL PRODUCTION PRACTICES,ALL UTILIZATION PRACTICES,PRODUCTION,LB,"MILK - PRODUCTION, MEASURED IN LB",TOTAL,NOT SPECIFIED,STATE,35,35,NM,NEW MEXICO,,,,,,,,00000000,,,9000,UNITED STATES,NEW MEXICO,2023,MONTHLY,04,06,APR THRU JUN,,2025-02-21 15:00:00.000,"1,757,000,000",
SURVEY,ANIMALS & PRODUCTS,DAIRY,MILK,ALL CLASSES,ALL PRODUCTION PRACTICES,ALL UTILIZATION PRACTICES,PRODUCTION,LB,"MILK - PRODUCTION, MEASURED IN LB",TOTAL,NOT SPECIFIED,STATE,35,35,NM,NEW MEXICO,,,,,,,,00000000,,,9000,UNITED STATES,NEW MEXICO,2023,MONTHLY,05,05,MAY,,2025-02-21 15:00:00.000,"605,000,000",
SURVEY,ANIMALS & PRODUCTS,DAIRY,MILK,ALL CLASSES,ALL PRODUCTION PRACTICES,ALL UTILIZATION PRACTICES,PRODUCTION,LB,"MILK - PRODUCTION, MEASURED IN LB",TOTAL,NOT SPECIFIED,STATE,35,35,NM,NEW MEXICO,,,,,,,,00000000,,,9000,UNITED STATES,NEW MEXICO,2023,MONTHLY,06,06,JUN,,2025-02-21 15:00:00.000,"550,000,000",
SURVEY,ANIMALS & PRODUCTS,DAIRY,MILK,ALL CLASSES,ALL PRODUCTION PRACTICES,ALL UTILIZATION PRACTICES,PRODUCTION,LB,"MILK - PRODUCTION, MEASURED IN LB",TOTAL,NOT SPECIFIED,STATE,35,35,NM,NEW MEXICO,,,,,,,,00000000,,,9000,UNITED STATES,NEW MEXICO,2023,MONTHLY,07,07,JUL,,2025-02-21 15:00:00.000,"539,000,000",
SURVEY,ANIMALS & PRODUCTS,DAIRY,MILK,ALL CLASSES,ALL PRODUCTION PRACTICES,ALL UTILIZATION PRACTICES,PRODUCTION,LB,"MILK - PRODUCTION, MEASURED IN LB",TOTAL,NOT SPECIFIED,STATE,35,35,NM,NEW MEXICO,,,,,,,,00000000,,,9000,UNITED STATES,NEW MEXICO,2023,MONTHLY,07,09,JUL THRU SEP,,2025-02-21 15:00:00.000,"1,599,000,000",
SURVEY,ANIMALS & PRODUCTS,DAIRY,MILK,ALL CLASSES,ALL PRODUCTION PRACTICES,ALL UTILIZATION PRACTICES,PRODUCTION,LB,"MILK - PRODUCTION, MEASURED IN LB",TOTAL,NOT SPECIFIED,STATE,35,35,NM,NEW MEXICO,,,,,,,,00000000,,,9000,UNITED STATES,NEW MEXICO,2023,MONTHLY,08,08,AUG,,2025-02-21 15:00:00.000,"541,000,000",
SURVEY,ANIMALS & PRODUCTS,DAIRY,MILK,ALL CLASSES,ALL PRODUCTION PRACTICES,ALL UTILIZATION PRACTICES,PRODUCTION,LB,"MILK - PRODUCTION, MEASURED IN LB",TOTAL,NOT SPECIFIED,STATE,35,35,NM,NEW MEXICO,,,,,,,,00000000,,,9000,UNITED STATES,NEW MEXICO,2023,MONTHLY,09,09,SEP,,2025-02-21 15:00:00.000,"519,000,000",
SURVEY,ANIMALS & PRODUCTS,DAIRY,MILK,ALL CLASSES,ALL PRODUCTION PRACTICES,ALL UTILIZATION PRACTICES,PRODUCTION,LB,"MILK - PRODUCTION, MEASURED IN LB",TOTAL,NOT SPECIFIED,STATE,35,35,NM,NEW MEXICO,,,,,,,,00000000,,,9000,UNITED STATES,NEW MEXICO,2023,MONTHLY,10,10,OCT,,2025-02-21 15:00:00.000,"520,000,000",
SURVEY,ANIMALS & PRODUCTS,DAIRY,MILK,ALL CLASSES,ALL PRODUCTION PRACTICES,ALL UTILIZATION PRACTICES,PRODUCTION,LB,"MILK - PRODUCTION, MEASURED IN LB",TOTAL,NOT SPECIFIED,STATE,35,35,NM,NEW MEXICO,,,,,,,,00000000,,,9000,UNITED STATES,NEW MEXICO,2023,MONTHLY,10,12,OCT THRU DEC,,2025-02-21 15:00:00.000,"1,528,000,000",
SURVEY,ANIMALS & PRODUCTS,DAIRY,MILK,ALL CLASSES,ALL PRODUCTION PRACTICES,ALL UTILIZATION PRACTICES,PRODUCTION,LB,"MILK - PRODUCTION, MEASURED IN LB",TOTAL,NOT SPECIFIED,STATE,35,35,NM,NEW MEXICO,,,,,,,,00000000,,,9000,UNITED STATES,NEW MEXICO,2023,MONTHLY,11,11,NOV,,2025-02-21 15:00:00.000,"497,000,000",
SURVEY,ANIMALS & PRODUCTS,DAIRY,MILK,ALL CLASSES,ALL PRODUCTION PRACTICES,ALL UTILIZATION PRACTICES,PRODUCTION,LB,"MILK - PRODUCTION, MEASURED IN LB",TOTAL,NOT SPECIFIED,STATE,35,35,NM,NEW MEXICO,,,,,,,,00000000,,,9000,UNITED STATES,NEW MEXICO,2023,MONTHLY,12,12,DEC,,2026-02-20 15:00:00.000,"511,000,000",
SURVEY,ANIMALS & PRODUCTS,DAIRY,MILK,ALL CLASSES,ALL PRODUCTION PRACTICES,ALL UTILIZATION PRACTICES,PRODUCTION,LB,"MILK - PRODUCTION, MEASURED IN LB",TOTAL,NOT SPECIFIED,STATE,36,36,NY,NEW YORK,,,,,,,,00000000,,,9000,UNITED STATES,NEW YORK,2023,MONTHLY,01,01,JAN,,2025-02-21 15:00:00.000,"1,345,000,000",
SURVEY,ANIMALS & PRODUCTS,DAIRY,MILK,ALL CLASSES,ALL PRODUCTION PRACTICES,ALL UTILIZATION PRACTICES,PRODUCTION,LB,"MILK - PRODUCTION, MEASURED IN LB",TOTAL,NOT SPECIFIED,STATE,36,36,NY,NEW YORK,,,,,,,,00000000,,,9000,UNITED STATES,NEW YORK,2023,MONTHLY,01,03,JAN THRU MAR,,2025-02-21 15:00:00.000,"3,941,000,000",
SURVEY,ANIMALS & PRODUCTS,DAIRY,MILK,ALL CLASSES,ALL PRODUCTION PRACTICES,ALL UTILIZATION PRACTICES,PRODUCTION,LB,"MILK - PRODUCTION, MEASURED IN LB",TOTAL,NOT SPECIFIED,STATE,36,36,NY,NEW YORK,,,,,,,,00000000,,,9000,UNITED STATES,NEW YORK,2023,MONTHLY,02,02,FEB,,2025-02-21 15:00:00.000,"1,229,000,000",
SURVEY,ANIMALS & PRODUCTS,DAIRY,MILK,ALL CLASSES,ALL PRODUCTION PRACTICES,ALL UTILIZATION PRACTICES,PRODUCTION,LB,"MILK - PRODUCTION, MEASURED IN LB",TOTAL,NOT SPECIFIED,STATE,36,36,NY,NEW YORK,,,,,,,,00000000,,,9000,UNITED STATES,NEW YORK,2023,MONTHLY,03,03,MAR,,2025-02-21 15:00:00.000,"1,367,000,000",
SURVEY,ANIMALS & PRODUCTS,DAIRY,MILK,ALL CLASSES,ALL PRODUCTION PRACTICES,ALL UTILIZATION PRACTICES,PRODUCTION,LB,"MILK - PRODUCTION, MEASURED IN LB",TOTAL,NOT SPECIFIED,STATE,36,36,NY,NEW YORK,,,,,,,,00000000,,,9000,UNITED STATES,NEW YORK,2023,MONTHLY,04,04,APR,,2025-02-21 15:00:00.000,"1,342,000,000",
SURVEY,ANIMALS & PRODUCTS,DAIRY,MILK,ALL CLASSES,ALL PRODUCTION PRACTICES,ALL UTILIZATION PRACTICES,PRODUCTION,LB,"MILK - PRODUCTION, MEASURED IN LB",TOTAL,NOT SPECIFIED,STATE,36,36,NY,NEW YORK,,,,,,,,00000000,,,9000,UNITED STATES,NEW YORK,2023,MONTHLY,04,06,APR THRU JUN,,2025-02-21 15:00:00.000,"4,105,000,000",
SURVEY,ANIMALS & PRODUCTS,DAIRY,MILK,ALL CLASSES,ALL PRODUCTION PRACTICES,ALL UTILIZATION PRACTICES,PRODUCTION,LB,"MILK - PRODUCTION, MEASURED IN LB",TOTAL,NOT SPECIFIED,STATE,36,36,NY,NEW YORK,,,,,,,,00000000,,,9000,UNITED STATES,NEW YORK,2023,MONTHLY,05,05,MAY,,2025-02-21 15:00:00.000,"1,405,000,000",
SURVEY,ANIMALS & PRODUCTS,DAIRY,MILK,ALL CLASSES,ALL PRODUCTION PRACTICES,ALL UTILIZATION PRACTICES,PRODUCTION,LB,"MILK - PRODUCTION, MEASURED IN LB",TOTAL,NOT SPECIFIED,STATE,36,36,NY,NEW YORK,,,,,,,,00000000,,,9000,UNITED STATES,NEW YORK,2023,MONTHLY,06,06,JUN,,2025-02-21 15:00:00.000,"1,358,000,000",
SURVEY,ANIMALS & PRODUCTS,DAIRY,MILK,ALL CLASSES,ALL PRODUCTION PRACTICES,ALL UTILIZATION PRACTICES,PRODUCTION,LB,"MILK - PRODUCTION, MEASURED IN LB",TOTAL,NOT SPECIFIED,STATE,36,36,NY,NEW YORK,,,,,,,,00000000,,,9000,UNITED STATES,NEW YORK,2023,MONTHLY,07,07,JUL,,2025-02-21 15:00:00.000,"1,380,000,000",
SURVEY,ANIMALS & PRODUCTS,DAIRY,MILK,ALL CLASSES,ALL PRODUCTION PRACTICES,ALL UTILIZATION PRACTICES,PRODUCTION,LB,"MILK - PRODUCTION, MEASURED IN LB",TOTAL,NOT SPECIFIED,STATE,36,36,NY,NEW YORK,,,,,,,,00000000,,,9000,UNITED STATES,NEW YORK,2023,MONTHLY,07,09,JUL THRU SEP,,2025-02-21 15:00:00.000,"4,061,000,000",
SURVEY,ANIMALS & PRODUCTS,DAIRY,MILK,ALL CLASSES,ALL PRODUCTION PRACTICES,ALL UTILIZATION PRACTICES,PRODUCTION,LB,"MILK - PRODUCTION, MEASURED IN LB",TOTAL,NOT SPECIFIED,STATE,36,36,NY,NEW YORK,,,,,,,,00000000,,,9000,UNITED STATES,NEW YORK,2023,MONTHLY,08,08,AUG,,2025-02-21 15:00:00.000,"1,377,000,000",
SURVEY,ANIMALS & PRODUCTS,DAIRY,MILK,ALL CLASSES,ALL PRODUCTION PRACTICES,ALL UTILIZATION PRACTICES,PRODUCTION,LB,"MILK - PRODUCTION, MEASURED IN LB",TOTAL,NOT SPECIFIED,STATE,36,36,NY,NEW YORK,,,,,,,,00000000,,,9000,UNITED STATES,NEW YORK,2023,MONTHLY,09,09,SEP,,2025-02-21 15:00:00.000,"1,304,000,000",
SURVEY,ANIMALS & PRODUCTS,DAIRY,MILK,ALL CLASSES,ALL PRODUCTION PRACTICES,ALL UTILIZATION PRACTICES,PRODUCTION,LB,"MILK - PRODUCTION, MEASURED IN LB",TOTAL,NOT SPECIFIED,STATE,36,36,NY,NEW YORK,,,,,,,,00000000,,,9000,UNITED STATES,NEW YORK,2023,MONTHLY,10,10,OCT,,2025-02-21 15:00:00.000,"1,339,000,000",
SURVEY,ANIMALS & PRODUCTS,DAIRY,MILK,ALL CLASSES,ALL PRODUCTION PRACTICES,ALL UTILIZATION PRACTICES,PRODUCTION,LB,"MILK - PRODUCTION, MEASURED IN LB",TOTAL,NOT SPECIFIED,STATE,36,36,NY,NEW YORK,,,,,,,,00000000,,,9000,UNITED STATES,NEW YORK,2023,MONTHLY,10,12,OCT THRU DEC,,2025-02-21 15:00:00.000,"3,953,000,000",
SURVEY,ANIMALS & PRODUCTS,DAIRY,MILK,ALL CLASSES,ALL PRODUCTION PRACTICES,ALL UTILIZATION PRACTICES,PRODUCTION,LB,"MILK - PRODUCTION, MEASURED IN LB",TOTAL,NOT SPECIFIED,STATE,36,36,NY,NEW YORK,,,,,,,,00000000,,,9000,UNITED STATES,NEW YORK,2023,MONTHLY,11,11,NOV,,2025-02-21 15:00:00.000,"1,285,000,000",
SURVEY,ANIMALS & PRODUCTS,DAIRY,MILK,ALL CLASSES,ALL PRODUCTION PRACTICES,ALL UTILIZATION PRACTICES,PRODUCTION,LB,"MILK - PRODUCTION, MEASURED IN LB",TOTAL,NOT SPECIFIED,STATE,36,36,NY,NEW YORK,,,,,,,,00000000,,,9000,UNITED STATES,NEW YORK,2023,MONTHLY,12,12,DEC,,2026-02-20 15:00:00.000,"1,329,000,000",
SURVEY,ANIMALS & PRODUCTS,DAIRY,MILK,ALL CLASSES,ALL PRODUCTION PRACTICES,ALL UTILIZATION PRACTICES,PRODUCTION,LB,"MILK - PRODUCTION, MEASURED IN LB",TOTAL,NOT SPECIFIED,STATE,37,37,NC,NORTH CAROLINA,,,,,,,,00000000,,,9000,UNITED STATES,NORTH CAROLINA,2023,MONTHLY,01,03,JAN THRU MAR,,2025-02-21 15:00:00.000,"235,000,000",
SURVEY,ANIMALS & PRODUCTS,DAIRY,MILK,ALL CLASSES,ALL PRODUCTION PRACTICES,ALL UTILIZATION PRACTICES,PRODUCTION,LB,"MILK - PRODUCTION, MEASURED IN LB",TOTAL,NOT SPECIFIED,STATE,37,37,NC,NORTH CAROLINA,,,,,,,,00000000,,,9000,UNITED STATES,NORTH CAROLINA,2023,MONTHLY,04,06,APR THRU JUN,,2025-02-21 15:00:00.000,"229,000,000",
SURVEY,ANIMALS & PRODUCTS,DAIRY,MILK,ALL CLASSES,ALL PRODUCTION PRACTICES,ALL UTILIZATION PRACTICES,PRODUCTION,LB,"MILK - PRODUCTION, MEASURED IN LB",TOTAL,NOT SPECIFIED,STATE,37,37,NC,NORTH CAROLINA,,,,,,,,00000000,,,9000,UNITED STATES,NORTH CAROLINA,2023,MONTHLY,07,09,JUL THRU SEP,,2025-02-21 15:00:00.000,"213,000,000",
SURVEY,ANIMALS & PRODUCTS,DAIRY,MILK,ALL CLASSES,ALL PRODUCTION PRACTICES,ALL UTILIZATION PRACTICES,PRODUCTION,LB,"MILK - PRODUCTION, MEASURED IN LB",TOTAL,NOT SPECIFIED,STATE,37,37,NC,NORTH CAROLINA,,,,,,,,00000000,,,9000,UNITED STATES,NORTH CAROLINA,2023,MONTHLY,10,12,OCT THRU DEC,,2025-02-21 15:00:00.000,"217,000,000",
SURVEY,ANIMALS & PRODUCTS,DAIRY,MILK,ALL CLASSES,ALL PRODUCTION PRACTICES,ALL UTILIZATION PRACTICES,PRODUCTION,LB,"MILK - PRODUCTION, MEASURED IN LB",TOTAL,NOT SPECIFIED,STATE,38,38,ND,NORTH DAKOTA,,,,,,,,00000000,,,9000,UNITED STATES,NORTH DAKOTA,2023,MONTHLY,01,03,JAN THRU MAR,,2025-02-21 15:00:00.000,"73,000,000",
SURVEY,ANIMALS & PRODUCTS,DAIRY,MILK,ALL CLASSES,ALL PRODUCTION PRACTICES,ALL UTILIZATION PRACTICES,PRODUCTION,LB,"MILK - PRODUCTION, MEASURED IN LB",TOTAL,NOT SPECIFIED,STATE,38,38,ND,NORTH DAKOTA,,,,,,,,00000000,,,9000,UNITED STATES,NORTH DAKOTA,2023,MONTHLY,04,06,APR THRU JUN,,2025-02-21 15:00:00.000,"71,000,000",
SURVEY,ANIMALS & PRODUCTS,DAIRY,MILK,ALL CLASSES,ALL PRODUCTION PRACTICES,ALL UTILIZATION PRACTICES,PRODUCTION,LB,"MILK - PRODUCTION, MEASURED IN LB",TOTAL,NOT SPECIFIED,STATE,38,38,ND,NORTH DAKOTA,,,,,,,,00000000,,,9000,UNITED STATES,NORTH DAKOTA,2023,MONTHLY,07,09,JUL THRU SEP,,2025-02-21 15:00:00.000,"66,000,000",
SURVEY,ANIMALS & PRODUCTS,DAIRY,MILK,ALL CLASSES,ALL PRODUCTION PRACTICES,ALL UTILIZATION PRACTICES,PRODUCTION,LB,"MILK - PRODUCTION, MEASURED IN LB",TOTAL,NOT SPECIFIED,STATE,38,38,ND,NORTH DAKOTA,,,,,,,,00000000,,,9000,UNITED STATES,NORTH DAKOTA,2023,MONTHLY,10,12,OCT THRU DEC,,2025-02-21 15:00:00.000,"60,000,000",
SURVEY,ANIMALS & PRODUCTS,DAIRY,MILK,ALL CLASSES,ALL PRODUCTION PRACTICES,ALL UTILIZATION PRACTICES,PRODUCTION,LB,"MILK - PRODUCTION, MEASURED IN LB",TOTAL,NOT SPECIFIED,STATE,39,39,OH,OHIO,,,,,,,,00000000,,,9000,UNITED STATES,OHIO,2023,MONTHLY,01,01,JAN,,2025-02-21 15:00:00.000,"473,000,000",
SURVEY,ANIMALS & PRODUCTS,DAIRY,MILK,ALL CLASSES,ALL PRODUCTION PRACTICES,ALL UTILIZATION PRACTICES,PRODUCTION,LB,"MILK - PRODUCTION, MEASURED IN LB",TOTAL,NOT SPECIFIED,STATE,39,39,OH,OHIO,,,,,,,,00000000,,,9000,UNITED STATES,OHIO,2023,MONTHLY,01,03,JAN THRU MAR,,2025-02-21 15:00:00.000,"1,399,000,000",
SURVEY,ANIMALS & PRODUCTS,DAIRY,MILK,ALL CLASSES,ALL PRODUCTION PRACTICES,ALL UTILIZATION PRACTICES,PRODUCTION,LB,"MILK - PRODUCTION, MEASURED IN LB",TOTAL,NOT SPECIFIED,STATE,39,39,OH,OHIO,,,,,,,,00000000,,,9000,UNITED STATES,OHIO,2023,MONTHLY,02,02,FEB,,2025-02-21 15:00:00.000,"436,000,000",
SURVEY,ANIMALS & PRODUCTS,DAIRY,MILK,ALL CLASSES,ALL PRODUCTION PRACTICES,ALL UTILIZATION PRACTICES,PRODUCTION,LB,"MILK - PRODUCTION, MEASURED IN LB",TOTAL,NOT SPECIFIED,STATE,39,39,OH,OHIO,,,,,,,,00000000,,,9000,UNITED STATES,OHIO,2023,MONTHLY,03,03,MAR,,2025-02-21 15:00:00.000,"490,000,000",
SURVEY,ANIMALS & PRODUCTS,DAIRY,MILK,ALL CLASSES,ALL PRODUCTION PRACTICES,ALL UTILIZATION PRACTICES,PRODUCTION,LB,"MILK - PRODUCTION, MEASURED IN LB",TOTAL,NOT SPECIFIED,STATE,39,39,OH,OHIO,,,,,,,,00000000,,,9000,UNITED STATES,OHIO,2023,MONTHLY,04,04,APR,,2025-02-21 15:00:00.000,"473,000,000",
SURVEY,ANIMALS & PRODUCTS,DAIRY,MILK,ALL CLASSES,ALL PRODUCTION PRACTICES,ALL UTILIZATION PRACTICES,PRODUCTION,LB,"MILK - PRODUCTION, MEASURED IN LB",TOTAL,NOT SPECIFIED,STATE,39,39,OH,OHIO,,,,,,,,00000000,,,9000,UNITED STATES,OHIO,2023,MONTHLY,04,06,APR THRU JUN,,2025-02-21 15:00:00.000,"1,436,000,000",
SURVEY,ANIMALS & PRODUCTS,DAIRY,MILK,ALL CLASSES,ALL PRODUCTION PRACTICES,ALL UTILIZATION PRACTICES,PRODUCTION,LB,"MILK - PRODUCTION, MEASURED IN LB",TOTAL,NOT SPECIFIED,STATE,39,39,OH,OHIO,,,,,,,,00000000,,,9000,UNITED STATES,OHIO,2023,MONTHLY,05,05,MAY,,2025-02-21 15:00:00.000,"490,000,000",
SURVEY,ANIMALS & PRODUCTS,DAIRY,MILK,ALL CLASSES,ALL PRODUCTION PRACTICES,ALL UTILIZATION PRACTICES,PRODUCTION,LB,"MILK - PRODUCTION, MEASURED IN LB",TOTAL,NOT SPECIFIED,STATE,39,39,OH,OHIO,,,,,,,,00000000,,,9000,UNITED STATES,OHIO,2023,MONTHLY,06,06,JUN,,2025-02-21 15:00:00.000,"473,000,000",
SURVEY,ANIMALS & PRODUCTS,DAIRY,MILK,ALL CLASSES,ALL PRODUCTION PRACTICES,ALL UTILIZATION PRACTICES,PRODUCTION,LB,"MILK - PRODUCTION, MEASURED IN LB",TOTAL,NOT SPECIFIED,STATE,39,39,OH,OHIO,,,,,,,,00000000,,,9000,UNITED STATES,OHIO,2023,MONTHLY,07,07,JUL,,2025-02-21 15:00:00.000,"481,000,000",
SURVEY,ANIMALS & PRODUCTS,DAIRY,MILK,ALL CLASSES,ALL PRODUCTION PRACTICES,ALL UTILIZATION PRACTICES,PRODUCTION,LB,"MILK - PRODUCTION, MEASURED IN LB",TOTAL,NOT SPECIFIED,STATE,39,39,OH,OHIO,,,,,,,,00000000,,,9000,UNITED STATES,OHIO,2023,MONTHLY,07,09,JUL THRU SEP,,2025-02-21 15:00:00.000,"1,417,000,000",
SURVEY,ANIMALS & PRODUCTS,DAIRY,MILK,ALL CLASSES,ALL PRODUCTION PRACTICES,ALL UTILIZATION PRACTICES,PRODUCTION,LB,"MILK - PRODUCTION, MEASURED IN LB",TOTAL,NOT SPECIFIED,STATE,39,39,OH,OHIO,,,,,,,,00000000,,,9000,UNITED STATES,OHIO,2023,MONTHLY,08,08,AUG,,2025-02-21 15:00:00.000,"478,000,000",
SURVEY,ANIMALS & PRODUCTS,DAIRY,MILK,ALL CLASSES,ALL PRODUCTION PRACTICES,ALL UTILIZATION PRACTICES,PRODUCTION,LB,"MILK - PRODUCTION, MEASURED IN LB",TOTAL,NOT SPECIFIED,STATE,39,39,OH,OHIO,,,,,,,,00000000,,,9000,UNITED STATES,OHIO,2023,MONTHLY,09,09,SEP,,2025-02-21 15:00:00.000,"458,000,000",
SURVEY,ANIMALS & PRODUCTS,DAIRY,MILK,ALL CLASSES,ALL PRODUCTION PRACTICES,ALL UTILIZATION PRACTICES,PRODUCTION,LB,"MILK - PRODUCTION, MEASURED IN LB",TOTAL,NOT SPECIFIED,STATE,39,39,OH,OHIO,,,,,,,,00000000,,,9000,UNITED STATES,OHIO,2023,MONTHLY,10,10,OCT,,2025-02-21 15:00:00.000,"470,000,000",
SURVEY,ANIMALS & PRODUCTS,DAIRY,MILK,ALL CLASSES,ALL PRODUCTION PRACTICES,ALL UTILIZATION PRACTICES,PRODUCTION,LB,"MILK - PRODUCTION, MEASURED IN LB",TOTAL,NOT SPECIFIED,STATE,39,39,OH,OHIO,,,,,,,,00000000,,,9000,UNITED STATES,OHIO,2023,MONTHLY,10,12,OCT THRU DEC,,2025-02-21 15:00:00.000,"1,406,000,000",
SURVEY,ANIMALS & PRODUCTS,DAIRY,MILK,ALL CLASSES,ALL PRODUCTION PRACTICES,ALL UTILIZATION PRACTICES,PRODUCTION,LB,"MILK - PRODUCTION, MEASURED IN LB",TOTAL,NOT SPECIFIED,STATE,39,39,OH,OHIO,,,,,,,,00000000,,,9000,UNITED STATES,OHIO,2023,MONTHLY,11,11,NOV,,2025-02-21 15:00:00.000,"459,000,000",
SURVEY,ANIMALS & PRODUCTS,DAIRY,MILK,ALL CLASSES,ALL PRODUCTION PRACTICES,ALL UTILIZATION PRACTICES,PRODUCTION,LB,"MILK - PRODUCTION, MEASURED IN LB",TOTAL,NOT SPECIFIED,STATE,39,39,OH,OHIO,,,,,,,,00000000,,,9000,UNITED STATES,OHIO,2023,MONTHLY,12,12,DEC,,2026-02-20 15:00:00.000,"477,000,000",
SURVEY,ANIMALS & PRODUCTS,DAIRY,MILK,ALL CLASSES,ALL PRODUCTION PRACTICES,ALL UTILIZATION PRACTICES,PRODUCTION,LB,"MILK - PRODUCTION, MEASURED IN LB",TOTAL,NOT SPECIFIED,STATE,40,40,OK,OKLAHOMA,,,,,,,,00000000,,,9000,UNITED STATES,OKLAHOMA,2023,MONTHLY,01,03,JAN THRU MAR,,2025-02-21 15:00:00.000,"195,000,000",
SURVEY,ANIMALS & PRODUCTS,DAIRY,MILK,ALL CLASSES,ALL PRODUCTION PRACTICES,ALL UTILIZATION PRACTICES,PRODUCTION,LB,"MILK - PRODUCTION, MEASURED IN LB",TOTAL,NOT SPECIFIED,STATE,40,40,OK,OKLAHOMA,,,,,,,,00000000,,,9000,UNITED STATES,OKLAHOMA,2023,MONTHLY,04,06,APR THRU JUN,,2025-02-21 15:00:00.000,"179,000,000",
SURVEY,ANIMALS & PRODUCTS,DAIRY,MILK,ALL CLASSES,ALL PRODUCTION PRACTICES,ALL UTILIZATION PRACTICES,PRODUCTION,LB,"MILK - PRODUCTION, MEASURED IN LB",TOTAL,NOT SPECIFIED,STATE,40,40,OK,OKLAHOMA,,,,,,,,00000000,,,9000,UNITED STATES,OKLAHOMA,2023,MONTHLY,07,09,JUL THRU SEP,,2025-02-21 15:00:00.000,"149,000,000",
SURVEY,ANIMALS & PRODUCTS,DAIRY,MILK,ALL CLASSES,ALL PRODUCTION PRACTICES,ALL UTILIZATION PRACTICES,PRODUCTION,LB,"MILK - PRODUCTION, MEASURED IN LB",TOTAL,NOT SPECIFIED,STATE,40,40,OK,OKLAHOMA,,,,,,,,00000000,,,9000,UNITED STATES,OKLAHOMA,2023,MONTHLY,10,12,OCT THRU DEC,,2025-02-21 15:00:00.000,"167,000,000",
SURVEY,ANIMALS & PRODUCTS,DAIRY,MILK,ALL CLASSES,ALL PRODUCTION PRACTICES,ALL UTILIZATION PRACTICES,PRODUCTION,LB,"MILK - PRODUCTION, MEASURED IN LB",TOTAL,NOT SPECIFIED,STATE,41,41,OR,OREGON,,,,,,,,00000000,,,9000,UNITED STATES,OREGON,2023,MONTHLY,01,01,JAN,,2025-02-21 15:00:00.000,"218,000,000",
SURVEY,ANIMALS & PRODUCTS,DAIRY,MILK,ALL CLASSES,ALL PRODUCTION PRACTICES,ALL UTILIZATION PRACTICES,PRODUCTION,LB,"MILK - PRODUCTION, MEASURED IN LB",TOTAL,NOT SPECIFIED,STATE,41,41,OR,OREGON,,,,,,,,00000000,,,9000,UNITED STATES,OREGON,2023,MONTHLY,01,03,JAN THRU MAR,,2025-02-21 15:00:00.000,"648,000,000",
SURVEY,ANIMALS & PRODUCTS,DAIRY,MILK,ALL CLASSES,ALL PRODUCTION PRACTICES,ALL UTILIZATION PRACTICES,PRODUCTION,LB,"MILK - PRODUCTION, MEASURED IN LB",TOTAL,NOT SPECIFIED,STATE,41,41,OR,OREGON,,,,,,,,00000000,,,9000,UNITED STATES,OREGON,2023,MONTHLY,02,02,FEB,,2025-02-21 15:00:00.000,"201,000,000",
SURVEY,ANIMALS & PRODUCTS,DAIRY,MILK,ALL CLASSES,ALL PRODUCTION PRACTICES,ALL UTILIZATION PRACTICES,PRODUCTION,LB,"MILK - PRODUCTION, MEASURED IN LB",TOTAL,NOT SPECIFIED,STATE,41,41,OR,OREGON,,,,,,,,00000000,,,9000,UNITED STATES,OREGON,2023,MONTHLY,03,03,MAR,,2025-02-21 15:00:00.000,"229,000,000",
SURVEY,ANIMALS & PRODUCTS,DAIRY,MILK,ALL CLASSES,ALL PRODUCTION PRACTICES,ALL UTILIZATION PRACTICES,PRODUCTION,LB,"MILK - PRODUCTION, MEASURED IN LB",TOTAL,NOT SPECIFIED,STATE,41,41,OR,OREGON,,,,,,,,00000000,,,9000,UNITED STATES,OREGON,2023,MONTHLY,04,04,APR,,2025-02-21 15:00:00.000,"221,000,000",
SURVEY,ANIMALS & PRODUCTS,DAIRY,MILK,ALL CLASSES,ALL PRODUCTION PRACTICES,ALL UTILIZATION PRACTICES,PRODUCTION,LB,"MILK - PRODUCTION, MEASURED IN LB",TOTAL,NOT SPECIFIED,STATE,41,41,OR,OREGON,,,,,,,,00000000,,,9000,UNITED STATES,OREGON,2023,MONTHLY,04,06,APR THRU JUN,,2025-02-21 15:00:00.000,"655,000,000",
SURVEY,ANIMALS & PRODUCTS,DAIRY,MILK,ALL CLASSES,ALL PRODUCTION PRACTICES,ALL UTILIZATION PRACTICES,PRODUCTION,LB,"MILK - PRODUCTION, MEASURED IN LB",TOTAL,NOT SPECIFIED,STATE,41,41,OR,OREGON,,,,,,,,00000000,,,9000,UNITED STATES,OREGON,2023,MONTHLY,05,05,MAY,,2025-02-21 15:00:00.000,"223,000,000",
SURVEY,ANIMALS & PRODUCTS,DAIRY,MILK,ALL CLASSES,ALL PRODUCTION PRACTICES,ALL UTILIZATION PRACTICES,PRODUCTION,LB,"MILK - PRODUCTION, MEASURED IN LB",TOTAL,NOT SPECIFIED,STATE,41,41,OR,OREGON,,,,,,,,00000000,,,9000,UNITED STATES,OREGON,2023,MONTHLY,06,06,JUN,,2025-02-21 15:00:00.000,"211,000,000",
SURVEY,ANIMALS & PRODUCTS,DAIRY,MILK,ALL CLASSES,ALL PRODUCTION PRACTICES,ALL UTILIZATION PRACTICES,PRODUCTION,LB,"MILK - PRODUCTION, MEASURED IN LB",TOTAL,NOT SPECIFIED,STATE,41,41,OR,OREGON,,,,,,,,00000000,,,9000,UNITED STATES,OREGON,2023,MONTHLY,07,07,JUL,,2025-02-21 15:00:00.000,"216,000,000",
SURVEY,ANIMALS & PRODUCTS,DAIRY,MILK,ALL CLASSES,ALL PRODUCTION PRACTICES,ALL UTILIZATION PRACTICES,PRODUCTION,LB,"MILK - PRODUCTION, MEASURED IN LB",TOTAL,NOT SPECIFIED,STATE,41,41,OR,OREGON,,,,,,,,00000000,,,9000,UNITED STATES,OREGON,2023,MONTHLY,07,09,JUL THRU SEP,,2025-02-21 15:00:00.000,"635,000,000",
SURVEY,ANIMALS & PRODUCTS,DAIRY,MILK,ALL CLASSES,ALL PRODUCTION PRACTICES,ALL UTILIZATION PRACTICES,PRODUCTION,LB,"MILK - PRODUCTION, MEASURED IN LB",TOTAL,NOT SPECIFIED,STATE,41,41,OR,OREGON,,,,,,,,00000000,,,9000,UNITED STATES,OREGON,2023,MONTHLY,08,08,AUG,,2025-02-21 15:00:00.000,"213,000,000",
SURVEY,ANIMALS & PRODUCTS,DAIRY,MILK,ALL CLASSES,ALL PRODUCTION PRACTICES,ALL UTILIZATION PRACTICES,PRODUCTION,LB,"MILK - PRODUCTION, MEASURED IN LB",TOTAL,NOT SPECIFIED,STATE,41,41,OR,OREGON,,,,,,,,00000000,,,9000,UNITED STATES,OREGON,2023,MONTHLY,09,09,SEP,,2025-02-21 15:00:00.000,"206,000,000",
SURVEY,ANIMALS & PRODUCTS,DAIRY,MILK,ALL CLASSES,ALL PRODUCTION PRACTICES,ALL UTILIZATION PRACTICES,PRODUCTION,LB,"MILK - PRODUCTION, MEASURED IN LB",TOTAL,NOT SPECIFIED,STATE,41,41,OR,OREGON,,,,,,,,00000000,,,9000,UNITED STATES,OREGON,2023,MONTHLY,10,10,OCT,,2025-02-21 15:00:00.000,"208,000,000",
SURVEY,ANIMALS & PRODUCTS,DAIRY,MILK,ALL CLASSES,ALL PRODUCTION PRACTICES,ALL UTILIZATION PRACTICES,PRODUCTION,LB,"MILK - PRODUCTION, MEASURED IN LB",TOTAL,NOT SPECIFIED,STATE,41,41,OR,OREGON,,,,,,,,00000000,,,9000,UNITED STATES,OREGON,2023,MONTHLY,10,12,OCT THRU DEC,,2025-02-21 15:00:00.000,"616,000,000",
SURVEY,ANIMALS & PRODUCTS,DAIRY,MILK,ALL CLASSES,ALL PRODUCTION PRACTICES,ALL UTILIZATION PRACTICES,PRODUCTION,LB,"MILK - PRODUCTION, MEASURED IN LB",TOTAL,NOT SPECIFIED,STATE,41,41,OR,OREGON,,,,,,,,00000000,,,9000,UNITED STATES,OREGON,2023,MONTHLY,11,11,NOV,,2025-02-21 15:00:00.000,"201,000,000",
SURVEY,ANIMALS & PRODUCTS,DAIRY,MILK,ALL CLASSES,ALL PRODUCTION PRACTICES,ALL UTILIZATION PRACTICES,PRODUCTION,LB,"MILK - PRODUCTION, MEASURED IN LB",TOTAL,NOT SPECIFIED,STATE,41,41,OR,OREGON,,,,,,,,00000000,,,9000,UNITED STATES,OREGON,2023,MONTHLY,12,12,DEC,,2026-02-20 15:00:00.000,"207,000,000",
SURVEY,ANIMALS & PRODUCTS,DAIRY,MILK,ALL CLASSES,ALL PRODUCTION PRACTICES,ALL UTILIZATION PRACTICES,PRODUCTION,LB,"MILK - PRODUCTION, MEASURED IN LB",TOTAL,NOT SPECIFIED,STATE,42,42,PA,PENNSYLVANIA,,,,,,,,00000000,,,9000,UNITED STATES,PENNSYLVANIA,2023,MONTHLY,01,01,JAN,,2025-02-21 15:00:00.000,"848,000,000",
SURVEY,ANIMALS & PRODUCTS,DAIRY,MILK,ALL CLASSES,ALL PRODUCTION PRACTICES,ALL UTILIZATION PRACTICES,PRODUCTION,LB,"MILK - PRODUCTION, MEASURED IN LB",TOTAL,NOT SPECIFIED,STATE,42,42,PA,PENNSYLVANIA,,,,,,,,00000000,,,9000,UNITED STATES,PENNSYLVANIA,2023,MONTHLY,01,03,JAN THRU MAR,,2025-02-21 15:00:00.000,"2,500,000,000",
SURVEY,ANIMALS & PRODUCTS,DAIRY,MILK,ALL CLASSES,ALL PRODUCTION PRACTICES,ALL UTILIZATION PRACTICES,PRODUCTION,LB,"MILK - PRODUCTION, MEASURED IN LB",TOTAL,NOT SPECIFIED,STATE,42,42,PA,PENNSYLVANIA,,,,,,,,00000000,,,9000,UNITED STATES,PENNSYLVANIA,2023,MONTHLY,02,02,FEB,,2025-02-21 15:00:00.000,"781,000,000",
SURVEY,ANIMALS & PRODUCTS,DAIRY,MILK,ALL CLASSES,ALL PRODUCTION PRACTICES,ALL UTILIZATION PRACTICES,PRODUCTION,LB,"MILK - PRODUCTION, MEASURED IN LB",TOTAL,NOT SPECIFIED,STATE,42,42,PA,PENNSYLVANIA,,,,,,,,00000000,,,9000,UNITED STATES,PENNSYLVANIA,2023,MONTHLY,03,03,MAR,,2025-02-21 15:00:00.000,"871,000,000",
SURVEY,ANIMALS & PRODUCTS,DAIRY,MILK,ALL CLASSES,ALL PRODUCTION PRACTICES,ALL UTILIZATION PRACTICES,PRODUCTION,LB,"MILK - PRODUCTION, MEASURED IN LB",TOTAL,NOT SPECIFIED,STATE,42,42,PA,PENNSYLVANIA,,,,,,,,00000000,,,9000,UNITED STATES,PENNSYLVANIA,2023,MONTHLY,04,04,APR,,2025-02-21 15:00:00.000,"855,000,000",
SURVEY,ANIMALS & PRODUCTS,DAIRY,MILK,ALL CLASSES,ALL PRODUCTION PRACTICES,ALL UTILIZATION PRACTICES,PRODUCTION,LB,"MILK - PRODUCTION, MEASURED IN LB",TOTAL,NOT SPECIFIED,STATE,42,42,PA,PENNSYLVANIA,,,,,,,,00000000,,,9000,UNITED STATES,PENNSYLVANIA,2023,MONTHLY,04,06,APR THRU JUN,,2025-02-21 15:00:00.000,"2,544,000,000",
SURVEY,ANIMALS & PRODUCTS,DAIRY,MILK,ALL CLASSES,ALL PRODUCTION PRACTICES,ALL UTILIZATION PRACTICES,PRODUCTION,LB,"MILK - PRODUCTION, MEASURED IN LB",TOTAL,NOT SPECIFIED,STATE,42,42,PA,PENNSYLVANIA,,,,,,,,00000000,,,9000,UNITED STATES,PENNSYLVANIA,2023,MONTHLY,05,05,MAY,,2025-02-21 15:00:00.000,"864,000,000",
SURVEY,ANIMALS & PRODUCTS,DAIRY,MILK,ALL CLASSES,ALL PRODUCTION PRACTICES,ALL UTILIZATION PRACTICES,PRODUCTION,LB,"MILK - PRODUCTION, MEASURED IN LB",TOTAL,NOT SPECIFIED,STATE,42,42,PA,PENNSYLVANIA,,,,,,,,00000000,,,9000,UNITED STATES,PENNSYLVANIA,2023,MONTHLY,06,06,JUN,,2025-02-21 15:00:00.000,"825,000,000",
SURVEY,ANIMALS & PRODUCTS,DAIRY,MILK,ALL CLASSES,ALL PRODUCTION PRACTICES,ALL UTILIZATION PRACTICES,PRODUCTION,LB,"MILK - PRODUCTION, MEASURED IN LB",TOTAL,NOT SPECIFIED,STATE,42,42,PA,PENNSYLVANIA,,,,,,,,00000000,,,9000,UNITED STATES,PENNSYLVANIA,2023,MONTHLY,07,07,JUL,,2025-02-21 15:00:00.000,"818,000,000",
SURVEY,ANIMALS & PRODUCTS,DAIRY,MILK,ALL CLASSES,ALL PRODUCTION PRACTICES,ALL UTILIZATION PRACTICES,PRODUCTION,LB,"MILK - PRODUCTION, MEASURED IN LB",TOTAL,NOT SPECIFIED,STATE,42,42,PA,PENNSYLVANIA,,,,,,,,00000000,,,9000,UNITED STATES,PENNSYLVANIA,2023,MONTHLY,07,09,JUL THRU SEP,,2025-02-21 15:00:00.000,"2,414,000,000",
SURVEY,ANIMALS & PRODUCTS,DAIRY,MILK,ALL CLASSES,ALL PRODUCTION PRACTICES,ALL UTILIZATION PRACTICES,PRODUCTION,LB,"MILK - PRODUCTION, MEASURED IN LB",TOTAL,NOT SPECIFIED,STATE,42,42,PA,PENNSYLVANIA,,,,,,,,00000000,,,9000,UNITED STATES,PENNSYLVANIA,2023,MONTHLY,08,08,AUG,,2025-02-21 15:00:00.000,"818,000,000",
SURVEY,ANIMALS & PRODUCTS,DAIRY,MILK,ALL CLASSES,ALL PRODUCTION PRACTICES,ALL UTILIZATION PRACTICES,PRODUCTION,LB,"MILK - PRODUCTION, MEASURED IN LB",TOTAL,NOT SPECIFIED,STATE,42,42,PA,PENNSYLVANIA,,,,,,,,00000000,,,9000,UNITED STATES,PENNSYLVANIA,2023,MONTHLY,09,09,SEP,,2025-02-21 15:00:00.000,"778,000,000",
SURVEY,ANIMALS & PRODUCTS,DAIRY,MILK,ALL CLASSES,ALL PRODUCTION PRACTICES,ALL UTILIZATION PRACTICES,PRODUCTION,LB,"MILK - PRODUCTION, MEASURED IN LB",TOTAL,NOT SPECIFIED,STATE,42,42,PA,PENNSYLVANIA,,,,,,,,00000000,,,9000,UNITED STATES,PENNSYLVANIA,2023,MONTHLY,10,10,OCT,,2025-02-21 15:00:00.000,"797,000,000",
SURVEY,ANIMALS & PRODUCTS,DAIRY,MILK,ALL CLASSES,ALL PRODUCTION PRACTICES,ALL UTILIZATION PRACTICES,PRODUCTION,LB,"MILK - PRODUCTION, MEASURED IN LB",TOTAL,NOT SPECIFIED,STATE,42,42,PA,PENNSYLVANIA,,,,,,,,00000000,,,9000,UNITED STATES,PENNSYLVANIA,2023,MONTHLY,10,12,OCT THRU DEC,,2025-02-21 15:00:00.000,"2,401,000,000",
SURVEY,ANIMALS & PRODUCTS,DAIRY,MILK,ALL CLASSES,ALL PRODUCTION PRACTICES,ALL UTILIZATION PRACTICES,PRODUCTION,LB,"MILK - PRODUCTION, MEASURED IN LB",TOTAL,NOT SPECIFIED,STATE,42,42,PA,PENNSYLVANIA,,,,,,,,00000000,,,9000,UNITED STATES,PENNSYLVANIA,2023,MONTHLY,11,11,NOV,,2025-02-21 15:00:00.000,"783,000,000",
SURVEY,ANIMALS & PRODUCTS,DAIRY,MILK,ALL CLASSES,ALL PRODUCTION PRACTICES,ALL UTILIZATION PRACTICES,PRODUCTION,LB,"MILK - PRODUCTION, MEASURED IN LB",TOTAL,NOT SPECIFIED,STATE,42,42,PA,PENNSYLVANIA,,,,,,,,00000000,,,9000,UNITED STATES,PENNSYLVANIA,2023,MONTHLY,12,12,DEC,,2026-02-20 15:00:00.000,"821,000,000",
SURVEY,ANIMALS & PRODUCTS,DAIRY,MILK,ALL CLASSES,ALL PRODUCTION PRACTICES,ALL UTILIZATION PRACTICES,PRODUCTION,LB,"MILK - PRODUCTION, MEASURED IN LB",TOTAL,NOT SPECIFIED,STATE,44,44,RI,RHODE ISLAND,,,,,,,,00000000,,,9000,UNITED STATES,RHODE ISLAND,2023,MONTHLY,01,03,JAN THRU MAR,,2025-02-21 15:00:00.000,"2,400,000",
SURVEY,ANIMALS & PRODUCTS,DAIRY,MILK,ALL CLASSES,ALL PRODUCTION PRACTICES,ALL UTILIZATION PRACTICES,PRODUCTION,LB,"MILK - PRODUCTION, MEASURED IN LB",TOTAL,NOT SPECIFIED,STATE,44,44,RI,RHODE ISLAND,,,,,,,,00000000,,,9000,UNITED STATES,RHODE ISLAND,2023,MONTHLY,04,06,APR THRU JUN,,2025-02-21 15:00:00.000,"2,500,000",
SURVEY,ANIMALS & PRODUCTS,DAIRY,MILK,ALL CLASSES,ALL PRODUCTION PRACTICES,ALL UTILIZATION PRACTICES,PRODUCTION,LB,"MILK - PRODUCTION, MEASURED IN LB",TOTAL,NOT SPECIFIED,STATE,44,44,RI,RHODE ISLAND,,,,,,,,00000000,,,9000,UNITED STATES,RHODE ISLAND,2023,MONTHLY,07,09,JUL THRU SEP,,2025-02-21 15:00:00.000,"2,400,000",
SURVEY,ANIMALS & PRODUCTS,DAIRY,MILK,ALL CLASSES,ALL PRODUCTION PRACTICES,ALL UTILIZATION PRACTICES,PRODUCTION,LB,"MILK - PRODUCTION, MEASURED IN LB",TOTAL,NOT SPECIFIED,STATE,44,44,RI,RHODE ISLAND,,,,,,,,00000000,,,9000,UNITED STATES,RHODE ISLAND,2023,MONTHLY,10,12,OCT THRU DEC,,2025-02-21 15:00:00.000,"2,300,000",
SURVEY,ANIMALS & PRODUCTS,DAIRY,MILK,ALL CLASSES,ALL PRODUCTION PRACTICES,ALL UTILIZATION PRACTICES,PRODUCTION,LB,"MILK - PRODUCTION, MEASURED IN LB",TOTAL,NOT SPECIFIED,STATE,45,45,SC,SOUTH CAROLINA,,,,,,,,00000000,,,9000,UNITED STATES,SOUTH CAROLINA,2023,MONTHLY,01,03,JAN THRU MAR,,2025-02-21 15:00:00.000,"41,000,000",
SURVEY,ANIMALS & PRODUCTS,DAIRY,MILK,ALL CLASSES,ALL PRODUCTION PRACTICES,ALL UTILIZATION PRACTICES,PRODUCTION,LB,"MILK - PRODUCTION, MEASURED IN LB",TOTAL,NOT SPECIFIED,STATE,45,45,SC,SOUTH CAROLINA,,,,,,,,00000000,,,9000,UNITED STATES,SOUTH CAROLINA,2023,MONTHLY,04,06,APR THRU JUN,,2025-02-21 15:00:00.000,"40,000,000",
SURVEY,ANIMALS & PRODUCTS,DAIRY,MILK,ALL CLASSES,ALL PRODUCTION PRACTICES,ALL UTILIZATION PRACTICES,PRODUCTION,LB,"MILK - PRODUCTION, MEASURED IN LB",TOTAL,NOT SPECIFIED,STATE,45,45,SC,SOUTH CAROLINA,,,,,,,,00000000,,,9000,UNITED STATES,SOUTH CAROLINA,2023,MONTHLY,07,09,JUL THRU SEP,,2025-02-21 15:00:00.000,"32,000,000",
SURVEY,ANIMALS & PRODUCTS,DAIRY,MILK,ALL CLASSES,ALL PRODUCTION PRACTICES,ALL UTILIZATION PRACTICES,PRODUCTION,LB,"MILK - PRODUCTION, MEASURED IN LB",TOTAL,NOT SPECIFIED,STATE,45,45,SC,SOUTH CAROLINA,,,,,,,,00000000,,,9000,UNITED STATES,SOUTH CAROLINA,2023,MONTHLY,10,12,OCT THRU DEC,,2025-02-21 15:00:00.000,"35,000,000",
SURVEY,ANIMALS & PRODUCTS,DAIRY,MILK,ALL CLASSES,ALL PRODUCTION PRACTICES,ALL UTILIZATION PRACTICES,PRODUCTION,LB,"MILK - PRODUCTION, MEASURED IN LB",TOTAL,NOT SPECIFIED,STATE,46,46,SD,SOUTH DAKOTA,,,,,,,,00000000,,,9000,UNITED STATES,SOUTH DAKOTA,2023,MONTHLY,01,01,JAN,,2025-02-21 15:00:00.000,"360,000,000",
SURVEY,ANIMALS & PRODUCTS,DAIRY,MILK,ALL CLASSES,ALL PRODUCTION PRACTICES,ALL UTILIZATION PRACTICES,PRODUCTION,LB,"MILK - PRODUCTION, MEASURED IN LB",TOTAL,NOT SPECIFIED,STATE,46,46,SD,SOUTH DAKOTA,,,,,,,,00000000,,,9000,UNITED STATES,SOUTH DAKOTA,2023,MONTHLY,01,03,JAN THRU MAR,,2025-02-21 15:00:00.000,"1,058,000,000",
SURVEY,ANIMALS & PRODUCTS,DAIRY,MILK,ALL CLASSES,ALL PRODUCTION PRACTICES,ALL UTILIZATION PRACTICES,PRODUCTION,LB,"MILK - PRODUCTION, MEASURED IN LB",TOTAL,NOT SPECIFIED,STATE,46,46,SD,SOUTH DAKOTA,,,,,,,,00000000,,,9000,UNITED STATES,SOUTH DAKOTA,2023,MONTHLY,02,02,FEB,,2025-02-21 15:00:00.000,"331,000,000",
SURVEY,ANIMALS & PRODUCTS,DAIRY,MILK,ALL CLASSES,ALL PRODUCTION PRACTICES,ALL UTILIZATION PRACTICES,PRODUCTION,LB,"MILK - PRODUCTION, MEASURED IN LB",TOTAL,NOT SPECIFIED,STATE,46,46,SD,SOUTH DAKOTA,,,,,,,,00000000,,,9000,UNITED STATES,SOUTH DAKOTA,2023,MONTHLY,03,03,MAR,,2025-02-21 15:00:00.000,"367,000,000",
SURVEY,ANIMALS & PRODUCTS,DAIRY,MILK,ALL CLASSES,ALL PRODUCTION PRACTICES,ALL UTILIZATION PRACTICES,PRODUCTION,LB,"MILK - PRODUCTION, MEASURED IN LB",TOTAL,NOT SPECIFIED,STATE,46,46,SD,SOUTH DAKOTA,,,,,,,,00000000,,,9000,UNITED STATES,SOUTH DAKOTA,2023,MONTHLY,04,04,APR,,2025-02-21 15:00:00.000,"358,000,000",
SURVEY,ANIMALS & PRODUCTS,DAIRY,MILK,ALL CLASSES,ALL PRODUCTION PRACTICES,ALL UTILIZATION PRACTICES,PRODUCTION,LB,"MILK - PRODUCTION, MEASURED IN LB",TOTAL,NOT SPECIFIED,STATE,46,46,SD,SOUTH DAKOTA,,,,,,,,00000000,,,9000,UNITED STATES,SOUTH DAKOTA,2023,MONTHLY,04,06,APR THRU JUN,,2025-02-21 15:00:00.000,"1,114,000,000",
SURVEY,ANIMALS & PRODUCTS,DAIRY,MILK,ALL CLASSES,ALL PRODUCTION PRACTICES,ALL UTILIZATION PRACTICES,PRODUCTION,LB,"MILK - PRODUCTION, MEASURED IN LB",TOTAL,NOT SPECIFIED,STATE,46,46,SD,SOUTH DAKOTA,,,,,,,,00000000,,,9000,UNITED STATES,SOUTH DAKOTA,2023,MONTHLY,05,05,MAY,,2025-02-21 15:00:00.000,"381,000,000",
SURVEY,ANIMALS & PRODUCTS,DAIRY,MILK,ALL CLASSES,ALL PRODUCTION PRACTICES,ALL UTILIZATION PRACTICES,PRODUCTION,LB,"MILK - PRODUCTION, MEASURED IN LB",TOTAL,NOT SPECIFIED,STATE,46,46,SD,SOUTH DAKOTA,,,,,,,,00000000,,,9000,UNITED STATES,SOUTH DAKOTA,2023,MONTHLY,06,06,JUN,,2025-02-21 15:00:00.000,"375,000,000",
SURVEY,ANIMALS & PRODUCTS,DAIRY,MILK,ALL CLASSES,ALL PRODUCTION PRACTICES,ALL UTILIZATION PRACTICES,PRODUCTION,LB,"MILK - PRODUCTION, MEASURED IN LB",TOTAL,NOT SPECIFIED,STATE,46,46,SD,SOUTH DAKOTA,,,,,,,,00000000,,,9000,UNITED STATES,SOUTH DAKOTA,2023,MONTHLY,07,07,JUL,,2025-02-21 15:00:00.000,"391,000,000",
SURVEY,ANIMALS & PRODUCTS,DAIRY,MILK,ALL CLASSES,ALL PRODUCTION PRACTICES,ALL UTILIZATION PRACTICES,PRODUCTION,LB,"MILK - PRODUCTION, MEASURED IN LB",TOTAL,NOT SPECIFIED,STATE,46,46,SD,SOUTH DAKOTA,,,,,,,,00000000,,,9000,UNITED STATES,SOUTH DAKOTA,2023,MONTHLY,07,09,JUL THRU SEP,,2025-02-21 15:00:00.000,"1,161,000,000",
SURVEY,ANIMALS & PRODUCTS,DAIRY,MILK,ALL CLASSES,ALL PRODUCTION PRACTICES,ALL UTILIZATION PRACTICES,PRODUCTION,LB,"MILK - PRODUCTION, MEASURED IN LB",TOTAL,NOT SPECIFIED,STATE,46,46,SD,SOUTH DAKOTA,,,,,,,,00000000,,,9000,UNITED STATES,SOUTH DAKOTA,2023,MONTHLY,08,08,AUG,,2025-02-21 15:00:00.000,"389,000,000",
SURVEY,ANIMALS & PRODUCTS,DAIRY,MILK,ALL CLASSES,ALL PRODUCTION PRACTICES,ALL UTILIZATION PRACTICES,PRODUCTION,LB,"MILK - PRODUCTION, MEASURED IN LB",TOTAL,NOT SPECIFIED,STATE,46,46,SD,SOUTH DAKOTA,,,,,,,,00000000,,,9000,UNITED STATES,SOUTH DAKOTA,2023,MONTHLY,09,09,SEP,,2025-02-21 15:00:00.000,"381,000,000",
SURVEY,ANIMALS & PRODUCTS,DAIRY,MILK,ALL CLASSES,ALL PRODUCTION PRACTICES,ALL UTILIZATION PRACTICES,PRODUCTION,LB,"MILK - PRODUCTION, MEASURED IN LB",TOTAL,NOT SPECIFIED,STATE,46,46,SD,SOUTH DAKOTA,,,,,,,,00000000,,,9000,UNITED STATES,SOUTH DAKOTA,2023,MONTHLY,10,10,OCT,,2025-02-21 15:00:00.000,"387,000,000",
SURVEY,ANIMALS & PRODUCTS,DAIRY,MILK,ALL CLASSES,ALL PRODUCTION PRACTICES,ALL UTILIZATION PRACTICES,PRODUCTION,LB,"MILK - PRODUCTION, MEASURED IN LB",TOTAL,NOT SPECIFIED,STATE,46,46,SD,SOUTH DAKOTA,,,,,,,,00000000,,,9000,UNITED STATES,SOUTH DAKOTA,2023,MONTHLY,10,12,OCT THRU DEC,,2025-02-21 15:00:00.000,"1,155,000,000",
SURVEY,ANIMALS & PRODUCTS,DAIRY,MILK,ALL CLASSES,ALL PRODUCTION PRACTICES,ALL UTILIZATION PRACTICES,PRODUCTION,LB,"MILK - PRODUCTION, MEASURED IN LB",TOTAL,NOT SPECIFIED,STATE,46,46,SD,SOUTH DAKOTA,,,,,,,,00000000,,,9000,UNITED STATES,SOUTH DAKOTA,2023,MONTHLY,11,11,NOV,,2025-02-21 15:00:00.000,"376,000,000",
SURVEY,ANIMALS & PRODUCTS,DAIRY,MILK,ALL CLASSES,ALL PRODUCTION PRACTICES,ALL UTILIZATION PRACTICES,PRODUCTION,LB,"MILK - PRODUCTION, MEASURED IN LB",TOTAL,NOT SPECIFIED,STATE,46,46,SD,SOUTH DAKOTA,,,,,,,,00000000,,,9000,UNITED STATES,SOUTH DAKOTA,2023,MONTHLY,12,12,DEC,,2026-02-20 15:00:00.000,"392,000,000",
SURVEY,ANIMALS & PRODUCTS,DAIRY,MILK,ALL CLASSES,ALL PRODUCTION PRACTICES,ALL UTILIZATION PRACTICES,PRODUCTION,LB,"MILK - PRODUCTION, MEASURED IN LB",TOTAL,NOT SPECIFIED,STATE,47,47,TN,TENNESSEE,,,,,,,,00000000,,,9000,UNITED STATES,TENNESSEE,2023,MONTHLY,01,03,JAN THRU MAR,,2025-02-21 15:00:00.000,"123,000,000",
SURVEY,ANIMALS & PRODUCTS,DAIRY,MILK,ALL CLASSES,ALL PRODUCTION PRACTICES,ALL UTILIZATION PRACTICES,PRODUCTION,LB,"MILK - PRODUCTION, MEASURED IN LB",TOTAL,NOT SPECIFIED,STATE,47,47,TN,TENNESSEE,,,,,,,,00000000,,,9000,UNITED STATES,TENNESSEE,2023,MONTHLY,04,06,APR THRU JUN,,2025-02-21 15:00:00.000,"119,000,000",
SURVEY,ANIMALS & PRODUCTS,DAIRY,MILK,ALL CLASSES,ALL PRODUCTION PRACTICES,ALL UTILIZATION PRACTICES,PRODUCTION,LB,"MILK - PRODUCTION, MEASURED IN LB",TOTAL,NOT SPECIFIED,STATE,47,47,TN,TENNESSEE,,,,,,,,00000000,,,9000,UNITED STATES,TENNESSEE,2023,MONTHLY,07,09,JUL THRU SEP,,2025-02-21 15:00:00.000,"111,000,000",
SURVEY,ANIMALS & PRODUCTS,DAIRY,MILK,ALL CLASSES,ALL PRODUCTION PRACTICES,ALL UTILIZATION PRACTICES,PRODUCTION,LB,"MILK - PRODUCTION, MEASURED IN LB",TOTAL,NOT SPECIFIED,STATE,47,47,TN,TENNESSEE,,,,,,,,00000000,,,9000,UNITED STATES,TENNESSEE,2023,MONTHLY,10,12,OCT THRU DEC,,2025-02-21 15:00:00.000,"114,000,000",
SURVEY,ANIMALS & PRODUCTS,DAIRY,MILK,ALL CLASSES,ALL PRODUCTION PRACTICES,ALL UTILIZATION PRACTICES,PRODUCTION,LB,"MILK - PRODUCTION, MEASURED IN LB",TOTAL,NOT SPECIFIED,STATE,48,48,TX,TEXAS,,,,,,,,00000000,,,9000,UNITED STATES,TEXAS,2023,MONTHLY,01,01,JAN,,2025-02-21 15:00:00.000,"1,450,000,000",
SURVEY,ANIMALS & PRODUCTS,DAIRY,MILK,ALL CLASSES,ALL PRODUCTION PRACTICES,ALL UTILIZATION PRACTICES,PRODUCTION,LB,"MILK - PRODUCTION, MEASURED IN LB",TOTAL,NOT SPECIFIED,STATE,48,48,TX,TEXAS,,,,,,,,00000000,,,9000,UNITED STATES,TEXAS,2023,MONTHLY,01,03,JAN THRU MAR,,2025-02-21 15:00:00.000,"4,281,000,000",
SURVEY,ANIMALS & PRODUCTS,DAIRY,MILK,ALL CLASSES,ALL PRODUCTION PRACTICES,ALL UTILIZATION PRACTICES,PRODUCTION,LB,"MILK - PRODUCTION, MEASURED IN LB",TOTAL,NOT SPECIFIED,STATE,48,48,TX,TEXAS,,,,,,,,00000000,,,9000,UNITED STATES,TEXAS,2023,MONTHLY,02,02,FEB,,2025-02-21 15:00:00.000,"1,326,000,000",
SURVEY,ANIMALS & PRODUCTS,DAIRY,MILK,ALL CLASSES,ALL PRODUCTION PRACTICES,ALL UTILIZATION PRACTICES,PRODUCTION,LB,"MILK - PRODUCTION, MEASURED IN LB",TOTAL,NOT SPECIFIED,STATE,48,48,TX,TEXAS,,,,,,,,00000000,,,9000,UNITED STATES,TEXAS,2023,MONTHLY,03,03,MAR,,2025-02-21 15:00:00.000,"1,505,000,000",
SURVEY,ANIMALS & PRODUCTS,DAIRY,MILK,ALL CLASSES,ALL PRODUCTION PRACTICES,ALL UTILIZATION PRACTICES,PRODUCTION,LB,"MILK - PRODUCTION, MEASURED IN LB",TOTAL,NOT SPECIFIED,STATE,48,48,TX,TEXAS,,,,,,,,00000000,,,9000,UNITED STATES,TEXAS,2023,MONTHLY,04,04,APR,,2025-02-21 15:00:00.000,"1,413,000,000",
SURVEY,ANIMALS & PRODUCTS,DAIRY,MILK,ALL CLASSES,ALL PRODUCTION PRACTICES,ALL UTILIZATION PRACTICES,PRODUCTION,LB,"MILK - PRODUCTION, MEASURED IN LB",TOTAL,NOT SPECIFIED,STATE,48,48,TX,TEXAS,,,,,,,,00000000,,,9000,UNITED STATES,TEXAS,2023,MONTHLY,04,06,APR THRU JUN,,2025-02-21 15:00:00.000,"4,188,000,000",
SURVEY,ANIMALS & PRODUCTS,DAIRY,MILK,ALL CLASSES,ALL PRODUCTION PRACTICES,ALL UTILIZATION PRACTICES,PRODUCTION,LB,"MILK - PRODUCTION, MEASURED IN LB",TOTAL,NOT SPECIFIED,STATE,48,48,TX,TEXAS,,,,,,,,00000000,,,9000,UNITED STATES,TEXAS,2023,MONTHLY,05,05,MAY,,2025-02-21 15:00:00.000,"1,445,000,000",
SURVEY,ANIMALS & PRODUCTS,DAIRY,MILK,ALL CLASSES,ALL PRODUCTION PRACTICES,ALL UTILIZATION PRACTICES,PRODUCTION,LB,"MILK - PRODUCTION, MEASURED IN LB",TOTAL,NOT SPECIFIED,STATE,48,48,TX,TEXAS,,,,,,,,00000000,,,9000,UNITED STATES,TEXAS,2023,MONTHLY,06,06,JUN,,2025-02-21 15:00:00.000,"1,330,000,000",
SURVEY,ANIMALS & PRODUCTS,DAIRY,MILK,ALL CLASSES,ALL PRODUCTION PRACTICES,ALL UTILIZATION PRACTICES,PRODUCTION,LB,"MILK - PRODUCTION, MEASURED IN LB",TOTAL,NOT SPECIFIED,STATE,48,48,TX,TEXAS,,,,,,,,00000000,,,9000,UNITED STATES,TEXAS,2023,MONTHLY,07,07,JUL,,2025-02-21 15:00:00.000,"1,340,000,000",
SURVEY,ANIMALS & PRODUCTS,DAIRY,MILK,ALL CLASSES,ALL PRODUCTION PRACTICES,ALL UTILIZATION PRACTICES,PRODUCTION,LB,"MILK - PRODUCTION, MEASURED IN LB",TOTAL,NOT SPECIFIED,STATE,48,48,TX,TEXAS,,,,,,,,00000000,,,9000,UNITED STATES,TEXAS,2023,MONTHLY,07,09,JUL THRU SEP,,2025-02-21 15:00:00.000,"4,010,000,000",
SURVEY,ANIMALS & PRODUCTS,DAIRY,MILK,ALL CLASSES,ALL PRODUCTION PRACTICES,ALL UTILIZATION PRACTICES,PRODUCTION,LB,"MILK - PRODUCTION, MEASURED IN LB",TOTAL,NOT SPECIFIED,STATE,48,48,TX,TEXAS,,,,,,,,00000000,,,9000,UNITED STATES,TEXAS,2023,MONTHLY,08,08,AUG,,2025-02-21 15:00:00.000,"1,340,000,000",
SURVEY,ANIMALS & PRODUCTS,DAIRY,MILK,ALL CLASSES,ALL PRODUCTION PRACTICES,ALL UTILIZATION PRACTICES,PRODUCTION,LB,"MILK - PRODUCTION, MEASURED IN LB",TOTAL,NOT SPECIFIED,STATE,48,48,TX,TEXAS,,,,,,,,00000000,,,9000,UNITED STATES,TEXAS,2023,MONTHLY,09,09,SEP,,2025-02-21 15:00:00.000,"1,330,000,000",
SURVEY,ANIMALS & PRODUCTS,DAIRY,MILK,ALL CLASSES,ALL PRODUCTION PRACTICES,ALL UTILIZATION PRACTICES,PRODUCTION,LB,"MILK - PRODUCTION, MEASURED IN LB",TOTAL,NOT SPECIFIED,STATE,48,48,TX,TEXAS,,,,,,,,00000000,,,9000,UNITED STATES,TEXAS,2023,MONTHLY,10,10,OCT,,2025-02-21 15:00:00.000,"1,381,000,000",
SURVEY,ANIMALS & PRODUCTS,DAIRY,MILK,ALL CLASSES,ALL PRODUCTION PRACTICES,ALL UTILIZATION PRACTICES,PRODUCTION,LB,"MILK - PRODUCTION, MEASURED IN LB",TOTAL,NOT SPECIFIED,STATE,48,48,TX,TEXAS,,,,,,,,00000000,,,9000,UNITED STATES,TEXAS,2023,MONTHLY,10,12,OCT THRU DEC,,2025-02-21 15:00:00.000,"4,086,000,000",
SURVEY,ANIMALS & PRODUCTS,DAIRY,MILK,ALL CLASSES,ALL PRODUCTION PRACTICES,ALL UTILIZATION PRACTICES,PRODUCTION,LB,"MILK - PRODUCTION, MEASURED IN LB",TOTAL,NOT SPECIFIED,STATE,48,48,TX,TEXAS,,,,,,,,00000000,,,9000,UNITED STATES,TEXAS,2023,MONTHLY,11,11,NOV,,2025-02-21 15:00:00.000,"1,327,000,000",
SURVEY,ANIMALS & PRODUCTS,DAIRY,MILK,ALL CLASSES,ALL PRODUCTION PRACTICES,ALL UTILIZATION PRACTICES,PRODUCTION,LB,"MILK - PRODUCTION, MEASURED IN LB",TOTAL,NOT SPECIFIED,STATE,48,48,TX,TEXAS,,,,,,,,00000000,,,9000,UNITED STATES,TEXAS,2023,MONTHLY,12,12,DEC,,2026-02-20 15:00:00.000,"1,378,000,000",
SURVEY,ANIMALS & PRODUCTS,DAIRY,MILK,ALL CLASSES,ALL PRODUCTION PRACTICES,ALL UTILIZATION PRACTICES,PRODUCTION,LB,"MILK - PRODUCTION, MEASURED IN LB",TOTAL,NOT SPECIFIED,STATE,49,49,UT,UTAH,,,,,,,,00000000,,,9000,UNITED STATES,UTAH,2023,MONTHLY,01,01,JAN,,2025-02-21 15:00:00.000,"177,000,000",
SURVEY,ANIMALS & PRODUCTS,DAIRY,MILK,ALL CLASSES,ALL PRODUCTION PRACTICES,ALL UTILIZATION PRACTICES,PRODUCTION,LB,"MILK - PRODUCTION, MEASURED IN LB",TOTAL,NOT SPECIFIED,STATE,49,49,UT,UTAH,,,,,,,,00000000,,,9000,UNITED STATES,UTAH,2023,MONTHLY,01,03,JAN THRU MAR,,2025-02-21 15:00:00.000,"512,000,000",
SURVEY,ANIMALS & PRODUCTS,DAIRY,MILK,ALL CLASSES,ALL PRODUCTION PRACTICES,ALL UTILIZATION PRACTICES,PRODUCTION,LB,"MILK - PRODUCTION, MEASURED IN LB",TOTAL,NOT SPECIFIED,STATE,49,49,UT,UTAH,,,,,,,,00000000,,,9000,UNITED STATES,UTAH,2023,MONTHLY,02,02,FEB,,2025-02-21 15:00:00.000,"159,000,000",
SURVEY,ANIMALS & PRODUCTS,DAIRY,MILK,ALL CLASSES,ALL PRODUCTION PRACTICES,ALL UTILIZATION PRACTICES,PRODUCTION,LB,"MILK - PRODUCTION, MEASURED IN LB",TOTAL,NOT SPECIFIED,STATE,49,49,UT,UTAH,,,,,,,,00000000,,,9000,UNITED STATES,UTAH,2023,MONTHLY,03,03,MAR,,2025-02-21 15:00:00.000,"176,000,000",
SURVEY,ANIMALS & PRODUCTS,DAIRY,MILK,ALL CLASSES,ALL PRODUCTION PRACTICES,ALL UTILIZATION PRACTICES,PRODUCTION,LB,"MILK - PRODUCTION, MEASURED IN LB",TOTAL,NOT SPECIFIED,STATE,49,49,UT,UTAH,,,,,,,,00000000,,,9000,UNITED STATES,UTAH,2023,MONTHLY,04,04,APR,,2025-02-21 15:00:00.000,"174,000,000",
SURVEY,ANIMALS & PRODUCTS,DAIRY,MILK,ALL CLASSES,ALL PRODUCTION PRACTICES,ALL UTILIZATION PRACTICES,PRODUCTION,LB,"MILK - PRODUCTION, MEASURED IN LB",TOTAL,NOT SPECIFIED,STATE,49,49,UT,UTAH,,,,,,,,00000000,,,9000,UNITED STATES,UTAH,2023,MONTHLY,04,06,APR THRU JUN,,2025-02-21 15:00:00.000,"539,000,000",
SURVEY,ANIMALS & PRODUCTS,DAIRY,MILK,ALL CLASSES,ALL PRODUCTION PRACTICES,ALL UTILIZATION PRACTICES,PRODUCTION,LB,"MILK - PRODUCTION, MEASURED IN LB",TOTAL,NOT SPECIFIED,STATE,49,49,UT,UTAH,,,,,,,,00000000,,,9000,UNITED STATES,UTAH,2023,MONTHLY,05,05,MAY,,2025-02-21 15:00:00.000,"185,000,000",
SURVEY,ANIMALS & PRODUCTS,DAIRY,MILK,ALL CLASSES,ALL PRODUCTION PRACTICES,ALL UTILIZATION PRACTICES,PRODUCTION,LB,"MILK - PRODUCTION, MEASURED IN LB",TOTAL,NOT SPECIFIED,STATE,49,49,UT,UTAH,,,,,,,,00000000,,,9000,UNITED STATES,UTAH,2023,MONTHLY,06,06,JUN,,2025-02-21 15:00:00.000,"180,000,000",
SURVEY,ANIMALS & PRODUCTS,DAIRY,MILK,ALL CLASSES,ALL PRODUCTION PRACTICES,ALL UTILIZATION PRACTICES,PRODUCTION,LB,"MILK - PRODUCTION, MEASURED IN LB",TOTAL,NOT SPECIFIED,STATE,49,49,UT,UTAH,,,,,,,,00000000,,,9000,UNITED STATES,UTAH,2023,MONTHLY,07,07,JUL,,2025-02-21 15:00:00.000,"182,000,000",
SURVEY,ANIMALS & PRODUCTS,DAIRY,MILK,ALL CLASSES,ALL PRODUCTION PRACTICES,ALL UTILIZATION PRACTICES,PRODUCTION,LB,"MILK - PRODUCTION, MEASURED IN LB",TOTAL,NOT SPECIFIED,STATE,49,49,UT,UTAH,,,,,,,,00000000,,,9000,UNITED STATES,UTAH,2023,MONTHLY,07,09,JUL THRU SEP,,2025-02-21 15:00:00.000,"528,000,000",
SURVEY,ANIMALS & PRODUCTS,DAIRY,MILK,ALL CLASSES,ALL PRODUCTION PRACTICES,ALL UTILIZATION PRACTICES,PRODUCTION,LB,"MILK - PRODUCTION, MEASURED IN LB",TOTAL,NOT SPECIFIED,STATE,49,49,UT,UTAH,,,,,,,,00000000,,,9000,UNITED STATES,UTAH,2023,MONTHLY,08,08,AUG,,2025-02-21 15:00:00.000,"178,000,000",
SURVEY,ANIMALS & PRODUCTS,DAIRY,MILK,ALL CLASSES,ALL PRODUCTION PRACTICES,ALL UTILIZATION PRACTICES,PRODUCTION,LB,"MILK - PRODUCTION, MEASURED IN LB",TOTAL,NOT SPECIFIED,STATE,49,49,UT,UTAH,,,,,,,,00000000,,,9000,UNITED STATES,UTAH,2023,MONTHLY,09,09,SEP,,2025-02-21 15:00:00.000,"168,000,000",
SURVEY,ANIMALS & PRODUCTS,DAIRY,MILK,ALL CLASSES,ALL PRODUCTION PRACTICES,ALL UTILIZATION PRACTICES,PRODUCTION,LB,"MILK - PRODUCTION, MEASURED IN LB",TOTAL,NOT SPECIFIED,STATE,49,49,UT,UTAH,,,,,,,,00000000,,,9000,UNITED STATES,UTAH,2023,MONTHLY,10,10,OCT,,2025-02-21 15:00:00.000,"171,000,000",
SURVEY,ANIMALS & PRODUCTS,DAIRY,MILK,ALL CLASSES,ALL PRODUCTION PRACTICES,ALL UTILIZATION PRACTICES,PRODUCTION,LB,"MILK - PRODUCTION, MEASURED IN LB",TOTAL,NOT SPECIFIED,STATE,49,49,UT,UTAH,,,,,,,,00000000,,,9000,UNITED STATES,UTAH,2023,MONTHLY,10,12,OCT THRU DEC,,2025-02-21 15:00:00.000,"507,000,000",
SURVEY,ANIMALS & PRODUCTS,DAIRY,MILK,ALL CLASSES,ALL PRODUCTION PRACTICES,ALL UTILIZATION PRACTICES,PRODUCTION,LB,"MILK - PRODUCTION, MEASURED IN LB",TOTAL,NOT SPECIFIED,STATE,49,49,UT,UTAH,,,,,,,,00000000,,,9000,UNITED STATES,UTAH,2023,MONTHLY,11,11,NOV,,2025-02-21 15:00:00.000,"165,000,000",
SURVEY,ANIMALS & PRODUCTS,DAIRY,MILK,ALL CLASSES,ALL PRODUCTION PRACTICES,ALL UTILIZATION PRACTICES,PRODUCTION,LB,"MILK - PRODUCTION, MEASURED IN LB",TOTAL,NOT SPECIFIED,STATE,49,49,UT,UTAH,,,,,,,,00000000,,,9000,UNITED STATES,UTAH,2023,MONTHLY,12,12,DEC,,2026-02-20 15:00:00.000,"171,000,000",
SURVEY,ANIMALS & PRODUCTS,DAIRY,MILK,ALL CLASSES,ALL PRODUCTION PRACTICES,ALL UTILIZATION PRACTICES,PRODUCTION,LB,"MILK - PRODUCTION, MEASURED IN LB",TOTAL,NOT SPECIFIED,STATE,50,50,VT,VERMONT,,,,,,,,00000000,,,9000,UNITED STATES,VERMONT,2023,MONTHLY,01,01,JAN,,2025-02-21 15:00:00.000,"219,000,000",
SURVEY,ANIMALS & PRODUCTS,DAIRY,MILK,ALL CLASSES,ALL PRODUCTION PRACTICES,ALL UTILIZATION PRACTICES,PRODUCTION,LB,"MILK - PRODUCTION, MEASURED IN LB",TOTAL,NOT SPECIFIED,STATE,50,50,VT,VERMONT,,,,,,,,00000000,,,9000,UNITED STATES,VERMONT,2023,MONTHLY,01,03,JAN THRU MAR,,2025-02-21 15:00:00.000,"634,000,000",
SURVEY,ANIMALS & PRODUCTS,DAIRY,MILK,ALL CLASSES,ALL PRODUCTION PRACTICES,ALL UTILIZATION PRACTICES,PRODUCTION,LB,"MILK - PRODUCTION, MEASURED IN LB",TOTAL,NOT SPECIFIED,STATE,50,50,VT,VERMONT,,,,,,,,00000000,,,9000,UNITED STATES,VERMONT,2023,MONTHLY,02,02,FEB,,2025-02-21 15:00:00.000,"196,000,000",
SURVEY,ANIMALS & PRODUCTS,DAIRY,MILK,ALL CLASSES,ALL PRODUCTION PRACTICES,ALL UTILIZATION PRACTICES,PRODUCTION,LB,"MILK - PRODUCTION, MEASURED IN LB",TOTAL,NOT SPECIFIED,STATE,50,50,VT,VERMONT,,,,,,,,00000000,,,9000,UNITED STATES,VERMONT,2023,MONTHLY,03,03,MAR,,2025-02-21 15:00:00.000,"219,000,000",
SURVEY,ANIMALS & PRODUCTS,DAIRY,MILK,ALL CLASSES,ALL PRODUCTION PRACTICES,ALL UTILIZATION PRACTICES,PRODUCTION,LB,"MILK - PRODUCTION, MEASURED IN LB",TOTAL,NOT SPECIFIED,STATE,50,50,VT,VERMONT,,,,,,,,00000000,,,9000,UNITED STATES,VERMONT,2023,MONTHLY,04,04,APR,,2025-02-21 15:00:00.000,"215,000,000",
SURVEY,ANIMALS & PRODUCTS,DAIRY,MILK,ALL CLASSES,ALL PRODUCTION PRACTICES,ALL UTILIZATION PRACTICES,PRODUCTION,LB,"MILK - PRODUCTION, MEASURED IN LB",TOTAL,NOT SPECIFIED,STATE,50,50,VT,VERMONT,,,,,,,,00000000,,,9000,UNITED STATES,VERMONT,2023,MONTHLY,04,06,APR THRU JUN,,2025-02-21 15:00:00.000,"649,000,000",
SURVEY,ANIMALS & PRODUCTS,DAIRY,MILK,ALL CLASSES,ALL PRODUCTION PRACTICES,ALL UTILIZATION PRACTICES,PRODUCTION,LB,"MILK - PRODUCTION, MEASURED IN LB",TOTAL,NOT SPECIFIED,STATE,50,50,VT,VERMONT,,,,,,,,00000000,,,9000,UNITED STATES,VERMONT,2023,MONTHLY,05,05,MAY,,2025-02-21 15:00:00.000,"223,000,000",
SURVEY,ANIMALS & PRODUCTS,DAIRY,MILK,ALL CLASSES,ALL PRODUCTION PRACTICES,ALL UTILIZATION PRACTICES,PRODUCTION,LB,"MILK - PRODUCTION, MEASURED IN LB",TOTAL,NOT SPECIFIED,STATE,50,50,VT,VERMONT,,,,,,,,00000000,,,9000,UNITED STATES,VERMONT,2023,MONTHLY,06,06,JUN,,2025-02-21 15:00:00.000,"211,000,000",
SURVEY,ANIMALS & PRODUCTS,DAIRY,MILK,ALL CLASSES,ALL PRODUCTION PRACTICES,ALL UTILIZATION PRACTICES,PRODUCTION,LB,"MILK - PRODUCTION, MEASURED IN LB",TOTAL,NOT SPECIFIED,STATE,50,50,VT,VERMONT,,,,,,,,00000000,,,9000,UNITED STATES,VERMONT,2023,MONTHLY,07,07,JUL,,2025-02-21 15:00:00.000,"215,000,000",
SURVEY,ANIMALS & PRODUCTS,DAIRY,MILK,ALL CLASSES,ALL PRODUCTION PRACTICES,ALL UTILIZATION PRACTICES,PRODUCTION,LB,"MILK - PRODUCTION, MEASURED IN LB",TOTAL,NOT SPECIFIED,STATE,50,50,VT,VERMONT,,,,,,,,00000000,,,9000,UNITED STATES,VERMONT,2023,MONTHLY,07,09,JUL THRU SEP,,2025-02-21 15:00:00.000,"634,000,000",
SURVEY,ANIMALS & PRODUCTS,DAIRY,MILK,ALL CLASSES,ALL PRODUCTION PRACTICES,ALL UTILIZATION PRACTICES,PRODUCTION,LB,"MILK - PRODUCTION, MEASURED IN LB",TOTAL,NOT SPECIFIED,STATE,50,50,VT,VERMONT,,,,,,,,00000000,,,9000,UNITED STATES,VERMONT,2023,MONTHLY,08,08,AUG,,2025-02-21 15:00:00.000,"216,000,000",
SURVEY,ANIMALS & PRODUCTS,DAIRY,MILK,ALL CLASSES,ALL PRODUCTION PRACTICES,ALL UTILIZATION PRACTICES,PRODUCTION,LB,"MILK - PRODUCTION, MEASURED IN LB",TOTAL,NOT SPECIFIED,STATE,50,50,VT,VERMONT,,,,,,,,00000000,,,9000,UNITED STATES,VERMONT,2023,MONTHLY,09,09,SEP,,2025-02-21 15:00:00.000,"203,000,000",
SURVEY,ANIMALS & PRODUCTS,DAIRY,MILK,ALL CLASSES,ALL PRODUCTION PRACTICES,ALL UTILIZATION PRACTICES,PRODUCTION,LB,"MILK - PRODUCTION, MEASURED IN LB",TOTAL,NOT SPECIFIED,STATE,50,50,VT,VERMONT,,,,,,,,00000000,,,9000,UNITED STATES,VERMONT,2023,MONTHLY,10,10,OCT,,2025-02-21 15:00:00.000,"209,000,000",
SURVEY,ANIMALS & PRODUCTS,DAIRY,MILK,ALL CLASSES,ALL PRODUCTION PRACTICES,ALL UTILIZATION PRACTICES,PRODUCTION,LB,"MILK - PRODUCTION, MEASURED IN LB",TOTAL,NOT SPECIFIED,STATE,50,50,VT,VERMONT,,,,,,,,00000000,,,9000,UNITED STATES,VERMONT,2023,MONTHLY,10,12,OCT THRU DEC,,2025-02-21 15:00:00.000,"619,000,000",
SURVEY,ANIMALS & PRODUCTS,DAIRY,MILK,ALL CLASSES,ALL PRODUCTION PRACTICES,ALL UTILIZATION PRACTICES,PRODUCTION,LB,"MILK - PRODUCTION, MEASURED IN LB",TOTAL,NOT SPECIFIED,STATE,50,50,VT,VERMONT,,,,,,,,00000000,,,9000,UNITED STATES,VERMONT,2023,MONTHLY,11,11,NOV,,2025-02-21 15:00:00.000,"201,000,000",
SURVEY,ANIMALS & PRODUCTS,DAIRY,MILK,ALL CLASSES,ALL PRODUCTION PRACTICES,ALL UTILIZATION PRACTICES,PRODUCTION,LB,"MILK - PRODUCTION, MEASURED IN LB",TOTAL,NOT SPECIFIED,STATE,50,50,VT,VERMONT,,,,,,,,00000000,,,9000,UNITED STATES,VERMONT,2023,MONTHLY,12,12,DEC,,2026-02-20 15:00:00.000,"209,000,000",
SURVEY,ANIMALS & PRODUCTS,DAIRY,MILK,ALL CLASSES,ALL PRODUCTION PRACTICES,ALL UTILIZATION PRACTICES,PRODUCTION,LB,"MILK - PRODUCTION, MEASURED IN LB",TOTAL,NOT SPECIFIED,STATE,51,51,VA,VIRGINIA,,,,,,,,00000000,,,9000,UNITED STATES,VIRGINIA,2023,MONTHLY,01,01,JAN,,2025-02-21 15:00:00.000,"121,000,000",
SURVEY,ANIMALS & PRODUCTS,DAIRY,MILK,ALL CLASSES,ALL PRODUCTION PRACTICES,ALL UTILIZATION PRACTICES,PRODUCTION,LB,"MILK - PRODUCTION, MEASURED IN LB",TOTAL,NOT SPECIFIED,STATE,51,51,VA,VIRGINIA,,,,,,,,00000000,,,9000,UNITED STATES,VIRGINIA,2023,MONTHLY,01,03,JAN THRU MAR,,2025-02-21 15:00:00.000,"358,000,000",
SURVEY,ANIMALS & PRODUCTS,DAIRY,MILK,ALL CLASSES,ALL PRODUCTION PRACTICES,ALL UTILIZATION PRACTICES,PRODUCTION,LB,"MILK - PRODUCTION, MEASURED IN LB",TOTAL,NOT SPECIFIED,STATE,51,51,VA,VIRGINIA,,,,,,,,00000000,,,9000,UNITED STATES,VIRGINIA,2023,MONTHLY,02,02,FEB,,2025-02-21 15:00:00.000,"112,000,000",
SURVEY,ANIMALS & PRODUCTS,DAIRY,MILK,ALL CLASSES,ALL PRODUCTION PRACTICES,ALL UTILIZATION PRACTICES,PRODUCTION,LB,"MILK - PRODUCTION, MEASURED IN LB",TOTAL,NOT SPECIFIED,STATE,51,51,VA,VIRGINIA,,,,,,,,00000000,,,9000,UNITED STATES,VIRGINIA,2023,MONTHLY,03,03,MAR,,2025-02-21 15:00:00.000,"125,000,000",
SURVEY,ANIMALS & PRODUCTS,DAIRY,MILK,ALL CLASSES,ALL PRODUCTION PRACTICES,ALL UTILIZATION PRACTICES,PRODUCTION,LB,"MILK - PRODUCTION, MEASURED IN LB",TOTAL,NOT SPECIFIED,STATE,51,51,VA,VIRGINIA,,,,,,,,00000000,,,9000,UNITED STATES,VIRGINIA,2023,MONTHLY,04,04,APR,,2025-02-21 15:00:00.000,"121,000,000",
SURVEY,ANIMALS & PRODUCTS,DAIRY,MILK,ALL CLASSES,ALL PRODUCTION PRACTICES,ALL UTILIZATION PRACTICES,PRODUCTION,LB,"MILK - PRODUCTION, MEASURED IN LB",TOTAL,NOT SPECIFIED,STATE,51,51,VA,VIRGINIA,,,,,,,,00000000,,,9000,UNITED STATES,VIRGINIA,2023,MONTHLY,04,06,APR THRU JUN,,2025-02-21 15:00:00.000,"362,000,000",
SURVEY,ANIMALS & PRODUCTS,DAIRY,MILK,ALL CLASSES,ALL PRODUCTION PRACTICES,ALL UTILIZATION PRACTICES,PRODUCTION,LB,"MILK - PRODUCTION, MEASURED IN LB",TOTAL,NOT SPECIFIED,STATE,51,51,VA,VIRGINIA,,,,,,,,00000000,,,9000,UNITED STATES,VIRGINIA,2023,MONTHLY,05,05,MAY,,2025-02-21 15:00:00.000,"124,000,000",
SURVEY,ANIMALS & PRODUCTS,DAIRY,MILK,ALL CLASSES,ALL PRODUCTION PRACTICES,ALL UTILIZATION PRACTICES,PRODUCTION,LB,"MILK - PRODUCTION, MEASURED IN LB",TOTAL,NOT SPECIFIED,STATE,51,51,VA,VIRGINIA,,,,,,,,00000000,,,9000,UNITED STATES,VIRGINIA,2023,MONTHLY,06,06,JUN,,2025-02-21 15:00:00.000,"117,000,000",
SURVEY,ANIMALS & PRODUCTS,DAIRY,MILK,ALL CLASSES,ALL PRODUCTION PRACTICES,ALL UTILIZATION PRACTICES,PRODUCTION,LB,"MILK - PRODUCTION, MEASURED IN LB",TOTAL,NOT SPECIFIED,STATE,51,51,VA,VIRGINIA,,,,,,,,00000000,,,9000,UNITED STATES,VIRGINIA,2023,MONTHLY,07,07,JUL,,2025-02-21 15:00:00.000,"118,000,000",
SURVEY,ANIMALS & PRODUCTS,DAIRY,MILK,ALL CLASSES,ALL PRODUCTION PRACTICES,ALL UTILIZATION PRACTICES,PRODUCTION,LB,"MILK - PRODUCTION, MEASURED IN LB",TOTAL,NOT SPECIFIED,STATE,51,51,VA,VIRGINIA,,,,,,,,00000000,,,9000,UNITED STATES,VIRGINIA,2023,MONTHLY,07,09,JUL THRU SEP,,2025-02-21 15:00:00.000,"350,000,000",
SURVEY,ANIMALS & PRODUCTS,DAIRY,MILK,ALL CLASSES,ALL PRODUCTION PRACTICES,ALL UTILIZATION PRACTICES,PRODUCTION,LB,"MILK - PRODUCTION, MEASURED IN LB",TOTAL,NOT SPECIFIED,STATE,51,51,VA,VIRGINIA,,,,,,,,00000000,,,9000,UNITED STATES,VIRGINIA,2023,MONTHLY,08,08,AUG,,2025-02-21 15:00:00.000,"118,000,000",
SURVEY,ANIMALS & PRODUCTS,DAIRY,MILK,ALL CLASSES,ALL PRODUCTION PRACTICES,ALL UTILIZATION PRACTICES,PRODUCTION,LB,"MILK - PRODUCTION, MEASURED IN LB",TOTAL,NOT SPECIFIED,STATE,51,51,VA,VIRGINIA,,,,,,,,00000000,,,9000,UNITED STATES,VIRGINIA,2023,MONTHLY,09,09,SEP,,2025-02-21 15:00:00.000,"114,000,000",
SURVEY,ANIMALS & PRODUCTS,DAIRY,MILK,ALL CLASSES,ALL PRODUCTION PRACTICES,ALL UTILIZATION PRACTICES,PRODUCTION,LB,"MILK - PRODUCTION, MEASURED IN LB",TOTAL,NOT SPECIFIED,STATE,51,51,VA,VIRGINIA,,,,,,,,00000000,,,9000,UNITED STATES,VIRGINIA,2023,MONTHLY,10,10,OCT,,2025-02-21 15:00:00.000,"117,000,000",
SURVEY,ANIMALS & PRODUCTS,DAIRY,MILK,ALL CLASSES,ALL PRODUCTION PRACTICES,ALL UTILIZATION PRACTICES,PRODUCTION,LB,"MILK - PRODUCTION, MEASURED IN LB",TOTAL,NOT SPECIFIED,STATE,51,51,VA,VIRGINIA,,,,,,,,00000000,,,9000,UNITED STATES,VIRGINIA,2023,MONTHLY,10,12,OCT THRU DEC,,2025-02-21 15:00:00.000,"350,000,000",
SURVEY,ANIMALS & PRODUCTS,DAIRY,MILK,ALL CLASSES,ALL PRODUCTION PRACTICES,ALL UTILIZATION PRACTICES,PRODUCTION,LB,"MILK - PRODUCTION, MEASURED IN LB",TOTAL,NOT SPECIFIED,STATE,51,51,VA,VIRGINIA,,,,,,,,00000000,,,9000,UNITED STATES,VIRGINIA,2023,MONTHLY,11,11,NOV,,2025-02-21 15:00:00.000,"114,000,000",
SURVEY,ANIMALS & PRODUCTS,DAIRY,MILK,ALL CLASSES,ALL PRODUCTION PRACTICES,ALL UTILIZATION PRACTICES,PRODUCTION,LB,"MILK - PRODUCTION, MEASURED IN LB",TOTAL,NOT SPECIFIED,STATE,51,51,VA,VIRGINIA,,,,,,,,00000000,,,9000,UNITED STATES,VIRGINIA,2023,MONTHLY,12,12,DEC,,2026-02-20 15:00:00.000,"119,000,000",
SURVEY,ANIMALS & PRODUCTS,DAIRY,MILK,ALL CLASSES,ALL PRODUCTION PRACTICES,ALL UTILIZATION PRACTICES,PRODUCTION,LB,"MILK - PRODUCTION, MEASURED IN LB",TOTAL,NOT SPECIFIED,STATE,53,53,WA,WASHINGTON,,,,,,,,00000000,,,9000,UNITED STATES,WASHINGTON,2023,MONTHLY,01,01,JAN,,2025-02-21 15:00:00.000,"518,000,000",
SURVEY,ANIMALS & PRODUCTS,DAIRY,MILK,ALL CLASSES,ALL PRODUCTION PRACTICES,ALL UTILIZATION PRACTICES,PRODUCTION,LB,"MILK - PRODUCTION, MEASURED IN LB",TOTAL,NOT SPECIFIED,STATE,53,53,WA,WASHINGTON,,,,,,,,00000000,,,9000,UNITED STATES,WASHINGTON,2023,MONTHLY,01,03,JAN THRU MAR,,2025-02-21 15:00:00.000,"1,538,000,000",
SURVEY,ANIMALS & PRODUCTS,DAIRY,MILK,ALL CLASSES,ALL PRODUCTION PRACTICES,ALL UTILIZATION PRACTICES,PRODUCTION,LB,"MILK - PRODUCTION, MEASURED IN LB",TOTAL,NOT SPECIFIED,STATE,53,53,WA,WASHINGTON,,,,,,,,00000000,,,9000,UNITED STATES,WASHINGTON,2023,MONTHLY,02,02,FEB,,2025-02-21 15:00:00.000,"479,000,000",
SURVEY,ANIMALS & PRODUCTS,DAIRY,MILK,ALL CLASSES,ALL PRODUCTION PRACTICES,ALL UTILIZATION PRACTICES,PRODUCTION,LB,"MILK - PRODUCTION, MEASURED IN LB",TOTAL,NOT SPECIFIED,STATE,53,53,WA,WASHINGTON,,,,,,,,00000000,,,9000,UNITED STATES,WASHINGTON,2023,MONTHLY,03,03,MAR,,2025-02-21 15:00:00.000,"541,000,000",
SURVEY,ANIMALS & PRODUCTS,DAIRY,MILK,ALL CLASSES,ALL PRODUCTION PRACTICES,ALL UTILIZATION PRACTICES,PRODUCTION,LB,"MILK - PRODUCTION, MEASURED IN LB",TOTAL,NOT SPECIFIED,STATE,53,53,WA,WASHINGTON,,,,,,,,00000000,,,9000,UNITED STATES,WASHINGTON,2023,MONTHLY,04,04,APR,,2025-02-21 15:00:00.000,"531,000,000",
SURVEY,ANIMALS & PRODUCTS,DAIRY,MILK,ALL CLASSES,ALL PRODUCTION PRACTICES,ALL UTILIZATION PRACTICES,PRODUCTION,LB,"MILK - PRODUCTION, MEASURED IN LB",TOTAL,NOT SPECIFIED,STATE,53,53,WA,WASHINGTON,,,,,,,,00000000,,,9000,UNITED STATES,WASHINGTON,2023,MONTHLY,04,06,APR THRU JUN,,2025-02-21 15:00:00.000,"1,591,000,000",
SURVEY,ANIMALS & PRODUCTS,DAIRY,MILK,ALL CLASSES,ALL PRODUCTION PRACTICES,ALL UTILIZATION PRACTICES,PRODUCTION,LB,"MILK - PRODUCTION, MEASURED IN LB",TOTAL,NOT SPECIFIED,STATE,53,53,WA,WASHINGTON,,,,,,,,00000000,,,9000,UNITED STATES,WASHINGTON,2023,MONTHLY,05,05,MAY,,2025-02-21 15:00:00.000,"541,000,000",
SURVEY,ANIMALS & PRODUCTS,DAIRY,MILK,ALL CLASSES,ALL PRODUCTION PRACTICES,ALL UTILIZATION PRACTICES,PRODUCTION,LB,"MILK - PRODUCTION, MEASURED IN LB",TOTAL,NOT SPECIFIED,STATE,53,53,WA,WASHINGTON,,,,,,,,00000000,,,9000,UNITED STATES,WASHINGTON,2023,MONTHLY,06,06,JUN,,2025-02-21 15:00:00.000,"519,000,000",
SURVEY,ANIMALS & PRODUCTS,DAIRY,MILK,ALL CLASSES,ALL PRODUCTION PRACTICES,ALL UTILIZATION PRACTICES,PRODUCTION,LB,"MILK - PRODUCTION, MEASURED IN LB",TOTAL,NOT SPECIFIED,STATE,53,53,WA,WASHINGTON,,,,,,,,00000000,,,9000,UNITED STATES,WASHINGTON,2023,MONTHLY,07,07,JUL,,2025-02-21 15:00:00.000,"527,000,000",
SURVEY,ANIMALS & PRODUCTS,DAIRY,MILK,ALL CLASSES,ALL PRODUCTION PRACTICES,ALL UTILIZATION PRACTICES,PRODUCTION,LB,"MILK - PRODUCTION, MEASURED IN LB",TOTAL,NOT SPECIFIED,STATE,53,53,WA,WASHINGTON,,,,,,,,00000000,,,9000,UNITED STATES,WASHINGTON,2023,MONTHLY,07,09,JUL THRU SEP,,2025-02-21 15:00:00.000,"1,567,000,000",
SURVEY,ANIMALS & PRODUCTS,DAIRY,MILK,ALL CLASSES,ALL PRODUCTION PRACTICES,ALL UTILIZATION PRACTICES,PRODUCTION,LB,"MILK - PRODUCTION, MEASURED IN LB",TOTAL,NOT SPECIFIED,STATE,53,53,WA,WASHINGTON,,,,,,,,00000000,,,9000,UNITED STATES,WASHINGTON,2023,MONTHLY,08,08,AUG,,2025-02-21 15:00:00.000,"527,000,000",
SURVEY,ANIMALS & PRODUCTS,DAIRY,MILK,ALL CLASSES,ALL PRODUCTION PRACTICES,ALL UTILIZATION PRACTICES,PRODUCTION,LB,"MILK - PRODUCTION, MEASURED IN LB",TOTAL,NOT SPECIFIED,STATE,53,53,WA,WASHINGTON,,,,,,,,00000000,,,9000,UNITED STATES,WASHINGTON,2023,MONTHLY,09,09,SEP,,2025-02-21 15:00:00.000,"513,000,000",
SURVEY,ANIMALS & PRODUCTS,DAIRY,MILK,ALL CLASSES,ALL PRODUCTION PRACTICES,ALL UTILIZATION PRACTICES,PRODUCTION,LB,"MILK - PRODUCTION, MEASURED IN LB",TOTAL,NOT SPECIFIED,STATE,53,53,WA,WASHINGTON,,,,,,,,00000000,,,9000,UNITED STATES,WASHINGTON,2023,MONTHLY,10,10,OCT,,2025-02-21 15:00:00.000,"517,000,000",
SURVEY,ANIMALS & PRODUCTS,DAIRY,MILK,ALL CLASSES,ALL PRODUCTION PRACTICES,ALL UTILIZATION PRACTICES,PRODUCTION,LB,"MILK - PRODUCTION, MEASURED IN LB",TOTAL,NOT SPECIFIED,STATE,53,53,WA,WASHINGTON,,,,,,,,00000000,,,9000,UNITED STATES,WASHINGTON,2023,MONTHLY,10,12,OCT THRU DEC,,2025-02-21 15:00:00.000,"1,531,000,000",
SURVEY,ANIMALS & PRODUCTS,DAIRY,MILK,ALL CLASSES,ALL PRODUCTION PRACTICES,ALL UTILIZATION PRACTICES,PRODUCTION,LB,"MILK - PRODUCTION, MEASURED IN LB",TOTAL,NOT SPECIFIED,STATE,53,53,WA,WASHINGTON,,,,,,,,00000000,,,9000,UNITED STATES,WASHINGTON,2023,MONTHLY,11,11,NOV,,2025-02-21 15:00:00.000,"495,000,000",
SURVEY,ANIMALS & PRODUCTS,DAIRY,MILK,ALL CLASSES,ALL PRODUCTION PRACTICES,ALL UTILIZATION PRACTICES,PRODUCTION,LB,"MILK - PRODUCTION, MEASURED IN LB",TOTAL,NOT SPECIFIED,STATE,53,53,WA,WASHINGTON,,,,,,,,00000000,,,9000,UNITED STATES,WASHINGTON,2023,MONTHLY,12,12,DEC,,2026-02-20 15:00:00.000,"519,000,000",
SURVEY,ANIMALS & PRODUCTS,DAIRY,MILK,ALL CLASSES,ALL PRODUCTION PRACTICES,ALL UTILIZATION PRACTICES,PRODUCTION,LB,"MILK - PRODUCTION, MEASURED IN LB",TOTAL,NOT SPECIFIED,STATE,54,54,WV,WEST VIRGINIA,,,,,,,,00000000,,,9000,UNITED STATES,WEST VIRGINIA,2023,MONTHLY,01,03,JAN THRU MAR,,2025-02-21 15:00:00.000,"17,000,000",
SURVEY,ANIMALS & PRODUCTS,DAIRY,MILK,ALL CLASSES,ALL PRODUCTION PRACTICES,ALL UTILIZATION PRACTICES,PRODUCTION,LB,"MILK - PRODUCTION, MEASURED IN LB",TOTAL,NOT SPECIFIED,STATE,54,54,WV,WEST VIRGINIA,,,,,,,,00000000,,,9000,UNITED STATES,WEST VIRGINIA,2023,MONTHLY,04,06,APR THRU JUN,,2025-02-21 15:00:00.000,"17,000,000",
SURVEY,ANIMALS & PRODUCTS,DAIRY,MILK,ALL CLASSES,ALL PRODUCTION PRACTICES,ALL UTILIZATION PRACTICES,PRODUCTION,LB,"MILK - PRODUCTION, MEASURED IN LB",TOTAL,NOT SPECIFIED,STATE,54,54,WV,WEST VIRGINIA,,,,,,,,00000000,,,9000,UNITED STATES,WEST VIRGINIA,2023,MONTHLY,07,09,JUL THRU SEP,,2025-02-21 15:00:00.000,"16,500,000",
SURVEY,ANIMALS & PRODUCTS,DAIRY,MILK,ALL CLASSES,ALL PRODUCTION PRACTICES,ALL UTILIZATION PRACTICES,PRODUCTION,LB,"MILK - PRODUCTION, MEASURED IN LB",TOTAL,NOT SPECIFIED,STATE,54,54,WV,WEST VIRGINIA,,,,,,,,00000000,,,9000,UNITED STATES,WEST VIRGINIA,2023,MONTHLY,10,12,OCT THRU DEC,,2025-02-21 15:00:00.000,"16,500,000",
SURVEY,ANIMALS & PRODUCTS,DAIRY,MILK,ALL CLASSES,ALL PRODUCTION PRACTICES,ALL UTILIZATION PRACTICES,PRODUCTION,LB,"MILK - PRODUCTION, MEASURED IN LB",TOTAL,NOT SPECIFIED,STATE,55,55,WI,WISCONSIN,,,,,,,,00000000,,,9000,UNITED STATES,WISCONSIN,2023,MONTHLY,01,01,JAN,,2025-02-21 15:00:00.000,"2,699,000,000",
SURVEY,ANIMALS & PRODUCTS,DAIRY,MILK,ALL CLASSES,ALL PRODUCTION PRACTICES,ALL UTILIZATION PRACTICES,PRODUCTION,LB,"MILK - PRODUCTION, MEASURED IN LB",TOTAL,NOT SPECIFIED,STATE,55,55,WI,WISCONSIN,,,,,,,,00000000,,,9000,UNITED STATES,WISCONSIN,2023,MONTHLY,01,03,JAN THRU MAR,,2025-02-21 15:00:00.000,"7,891,000,000",
SURVEY,ANIMALS & PRODUCTS,DAIRY,MILK,ALL CLASSES,ALL PRODUCTION PRACTICES,ALL UTILIZATION PRACTICES,PRODUCTION,LB,"MILK - PRODUCTION, MEASURED IN LB",TOTAL,NOT SPECIFIED,STATE,55,55,WI,WISCONSIN,,,,,,,,00000000,,,9000,UNITED STATES,WISCONSIN,2023,MONTHLY,02,02,FEB,,2025-02-21 15:00:00.000,"2,457,000,000",
SURVEY,ANIMALS & PRODUCTS,DAIRY,MILK,ALL CLASSES,ALL PRODUCTION PRACTICES,ALL UTILIZATION PRACTICES,PRODUCTION,LB,"MILK - PRODUCTION, MEASURED IN LB",TOTAL,NOT SPECIFIED,STATE,55,55,WI,WISCONSIN,,,,,,,,00000000,,,9000,UNITED STATES,WISCONSIN,2023,MONTHLY,03,03,MAR,,2025-02-21 15:00:00.000,"2,735,000,000",
SURVEY,ANIMALS & PRODUCTS,DAIRY,MILK,ALL CLASSES,ALL PRODUCTION PRACTICES,ALL UTILIZATION PRACTICES,PRODUCTION,LB,"MILK - PRODUCTION, MEASURED IN LB",TOTAL,NOT SPECIFIED,STATE,55,55,WI,WISCONSIN,,,,,,,,00000000,,,9000,UNITED STATES,WISCONSIN,2023,MONTHLY,04,04,APR,,2025-02-21 15:00:00.000,"2,656,000,000",
SURVEY,ANIMALS & PRODUCTS,DAIRY,MILK,ALL CLASSES,ALL PRODUCTION PRACTICES,ALL UTILIZATION PRACTICES,PRODUCTION,LB,"MILK - PRODUCTION, MEASURED IN LB",TOTAL,NOT SPECIFIED,STATE,55,55,WI,WISCONSIN,,,,,,,,00000000,,,9000,UNITED STATES,WISCONSIN,2023,MONTHLY,04,06,APR THRU JUN,,2025-02-21 15:00:00.000,"8,134,000,000",
SURVEY,ANIMALS & PRODUCTS,DAIRY,MILK,ALL CLASSES,ALL PRODUCTION PRACTICES,ALL UTILIZATION PRACTICES,PRODUCTION,LB,"MILK - PRODUCTION, MEASURED IN LB",TOTAL,NOT SPECIFIED,STATE,55,55,WI,WISCONSIN,,,,,,,,00000000,,,9000,UNITED STATES,WISCONSIN,2023,MONTHLY,05,05,MAY,,2025-02-21 15:00:00.000,"2,775,000,000",
SURVEY,ANIMALS & PRODUCTS,DAIRY,MILK,ALL CLASSES,ALL PRODUCTION PRACTICES,ALL UTILIZATION PRACTICES,PRODUCTION,LB,"MILK - PRODUCTION, MEASURED IN LB",TOTAL,NOT SPECIFIED,STATE,55,55,WI,WISCONSIN,,,,,,,,00000000,,,9000,UNITED STATES,WISCONSIN,2023,MONTHLY,06,06,JUN,,2025-02-21 15:00:00.000,"2,703,000,000",
SURVEY,ANIMALS & PRODUCTS,DAIRY,MILK,ALL CLASSES,ALL PRODUCTION PRACTICES,ALL UTILIZATION PRACTICES,PRODUCTION,LB,"MILK - PRODUCTION, MEASURED IN LB",TOTAL,NOT SPECIFIED,STATE,55,55,WI,WISCONSIN,,,,,,,,00000000,,,9000,UNITED STATES,WISCONSIN,2023,MONTHLY,07,07,JUL,,2025-02-21 15:00:00.000,"2,766,000,000",
SURVEY,ANIMALS & PRODUCTS,DAIRY,MILK,ALL CLASSES,ALL PRODUCTION PRACTICES,ALL UTILIZATION PRACTICES,PRODUCTION,LB,"MILK - PRODUCTION, MEASURED IN LB",TOTAL,NOT SPECIFIED,STATE,55,55,WI,WISCONSIN,,,,,,,,00000000,,,9000,UNITED STATES,WISCONSIN,2023,MONTHLY,07,09,JUL THRU SEP,,2025-02-21 15:00:00.000,"8,136,000,000",
SURVEY,ANIMALS & PRODUCTS,DAIRY,MILK,ALL CLASSES,ALL PRODUCTION PRACTICES,ALL UTILIZATION PRACTICES,PRODUCTION,LB,"MILK - PRODUCTION, MEASURED IN LB",TOTAL,NOT SPECIFIED,STATE,55,55,WI,WISCONSIN,,,,,,,,00000000,,,9000,UNITED STATES,WISCONSIN,2023,MONTHLY,08,08,AUG,,2025-02-21 15:00:00.000,"2,735,000,000",
SURVEY,ANIMALS & PRODUCTS,DAIRY,MILK,ALL CLASSES,ALL PRODUCTION PRACTICES,ALL UTILIZATION PRACTICES,PRODUCTION,LB,"MILK - PRODUCTION, MEASURED IN LB",TOTAL,NOT SPECIFIED,STATE,55,55,WI,WISCONSIN,,,,,,,,00000000,,,9000,UNITED STATES,WISCONSIN,2023,MONTHLY,09,09,SEP,,2025-02-21 15:00:00.000,"2,635,000,000",
SURVEY,ANIMALS & PRODUCTS,DAIRY,MILK,ALL CLASSES,ALL PRODUCTION PRACTICES,ALL UTILIZATION PRACTICES,PRODUCTION,LB,"MILK - PRODUCTION, MEASURED IN LB",TOTAL,NOT SPECIFIED,STATE,55,55,WI,WISCONSIN,,,,,,,,00000000,,,9000,UNITED STATES,WISCONSIN,2023,MONTHLY,10,10,OCT,,2025-02-21 15:00:00.000,"2,692,000,000",
SURVEY,ANIMALS & PRODUCTS,DAIRY,MILK,ALL CLASSES,ALL PRODUCTION PRACTICES,ALL UTILIZATION PRACTICES,PRODUCTION,LB,"MILK - PRODUCTION, MEASURED IN LB",TOTAL,NOT SPECIFIED,STATE,55,55,WI,WISCONSIN,,,,,,,,00000000,,,9000,UNITED STATES,WISCONSIN,2023,MONTHLY,10,12,OCT THRU DEC,,2025-02-21 15:00:00.000,"7,962,000,000",
SURVEY,ANIMALS & PRODUCTS,DAIRY,MILK,ALL CLASSES,ALL PRODUCTION PRACTICES,ALL UTILIZATION PRACTICES,PRODUCTION,LB,"MILK - PRODUCTION, MEASURED IN LB",TOTAL,NOT SPECIFIED,STATE,55,55,WI,WISCONSIN,,,,,,,,00000000,,,9000,UNITED STATES,WISCONSIN,2023,MONTHLY,11,11,NOV,,2025-02-21 15:00:00.000,"2,584,000,000",
SURVEY,ANIMALS & PRODUCTS,DAIRY,MILK,ALL CLASSES,ALL PRODUCTION PRACTICES,ALL UTILIZATION PRACTICES,PRODUCTION,LB,"MILK - PRODUCTION, MEASURED IN LB",TOTAL,NOT SPECIFIED,STATE,55,55,WI,WISCONSIN,,,,,,,,00000000,,,9000,UNITED STATES,WISCONSIN,2023,MONTHLY,12,12,DEC,,2026-02-20 15:00:00.000,"2,686,000,000",
SURVEY,ANIMALS & PRODUCTS,DAIRY,MILK,ALL CLASSES,ALL PRODUCTION PRACTICES,ALL UTILIZATION PRACTICES,PRODUCTION,LB,"MILK - PRODUCTION, MEASURED IN LB",TOTAL,NOT SPECIFIED,STATE,56,56,WY,WYOMING,,,,,,,,00000000,,,9000,UNITED STATES,WYOMING,2023,MONTHLY,01,03,JAN THRU MAR,,2025-02-21 15:00:00.000,"58,600,000",
SURVEY,ANIMALS & PRODUCTS,DAIRY,MILK,ALL CLASSES,ALL PRODUCTION PRACTICES,ALL UTILIZATION PRACTICES,PRODUCTION,LB,"MILK - PRODUCTION, MEASURED IN LB",TOTAL,NOT SPECIFIED,STATE,56,56,WY,WYOMING,,,,,,,,00000000,,,9000,UNITED STATES,WYOMING,2023,MONTHLY,04,06,APR THRU JUN,,2025-02-21 15:00:00.000,"60,800,000",
SURVEY,ANIMALS & PRODUCTS,DAIRY,MILK,ALL CLASSES,ALL PRODUCTION PRACTICES,ALL UTILIZATION PRACTICES,PRODUCTION,LB,"MILK - PRODUCTION, MEASURED IN LB",TOTAL,NOT SPECIFIED,STATE,56,56,WY,WYOMING,,,,,,,,00000000,,,9000,UNITED STATES,WYOMING,2023,MONTHLY,07,09,JUL THRU SEP,,2025-02-21 15:00:00.000,"62,500,000",
SURVEY,ANIMALS & PRODUCTS,DAIRY,MILK,ALL CLASSES,ALL PRODUCTION PRACTICES,ALL UTILIZATION PRACTICES,PRODUCTION,LB,"MILK - PRODUCTION, MEASURED IN LB",TOTAL,NOT SPECIFIED,STATE,56,56,WY,WYOMING,,,,,,,,00000000,,,9000,UNITED STATES,WYOMING,2023,MONTHLY,10,12,OCT THRU DEC,,2025-02-21 15:00:00.000,"62,000,000",
SURVEY,ANIMALS & PRODUCTS,DAIRY,MILK,ALL CLASSES,ALL PRODUCTION PRACTICES,ALL UTILIZATION PRACTICES,PRODUCTION,LB / HEAD,"MILK - PRODUCTION, MEASURED IN LB / HEAD",TOTAL,NOT SPECIFIED,STATE,04,04,AZ,ARIZONA,,,,,,,,00000000,,,9000,UNITED STATES,ARIZONA,2023,MONTHLY,01,01,JAN,,2025-02-21 15:00:00.000,"2,115",
SURVEY,ANIMALS & PRODUCTS,DAIRY,MILK,ALL CLASSES,ALL PRODUCTION PRACTICES,ALL UTILIZATION PRACTICES,PRODUCTION,LB / HEAD,"MILK - PRODUCTION, MEASURED IN LB / HEAD",TOTAL,NOT SPECIFIED,STATE,04,04,AZ,ARIZONA,,,,,,,,00000000,,,9000,UNITED STATES,ARIZONA,2023,MONTHLY,02,02,FEB,,2025-02-21 15:00:00.000,"2,000",
SURVEY,ANIMALS & PRODUCTS,DAIRY,MILK,ALL CLASSES,ALL PRODUCTION PRACTICES,ALL UTILIZATION PRACTICES,PRODUCTION,LB / HEAD,"MILK - PRODUCTION, MEASURED IN LB / HEAD",TOTAL,NOT SPECIFIED,STATE,04,04,AZ,ARIZONA,,,,,,,,00000000,,,9000,UNITED STATES,ARIZONA,2023,MONTHLY,03,03,MAR,,2025-02-21 15:00:00.000,"2,270",
SURVEY,ANIMALS & PRODUCTS,DAIRY,MILK,ALL CLASSES,ALL PRODUCTION PRACTICES,ALL UTILIZATION PRACTICES,PRODUCTION,LB / HEAD,"MILK - PRODUCTION, MEASURED IN LB / HEAD",TOTAL,NOT SPECIFIED,STATE,04,04,AZ,ARIZONA,,,,,,,,00000000,,,9000,UNITED STATES,ARIZONA,2023,MONTHLY,04,04,APR,,2025-02-21 15:00:00.000,"2,185",
SURVEY,ANIMALS & PRODUCTS,DAIRY,MILK,ALL CLASSES,ALL PRODUCTION PRACTICES,ALL UTILIZATION PRACTICES,PRODUCTION,LB / HEAD,"MILK - PRODUCTION, MEASURED IN LB / HEAD",TOTAL,NOT SPECIFIED,STATE,04,04,AZ,ARIZONA,,,,,,,,00000000,,,9000,UNITED STATES,ARIZONA,2023,MONTHLY,05,05,MAY,,2025-02-21 15:00:00.000,"2,190",
SURVEY,ANIMALS & PRODUCTS,DAIRY,MILK,ALL CLASSES,ALL PRODUCTION PRACTICES,ALL UTILIZATION PRACTICES,PRODUCTION,LB / HEAD,"MILK - PRODUCTION, MEASURED IN LB / HEAD",TOTAL,NOT SPECIFIED,STATE,04,04,AZ,ARIZONA,,,,,,,,00000000,,,9000,UNITED STATES,ARIZONA,2023,MONTHLY,06,06,JUN,,2025-02-21 15:00:00.000,"2,030",
SURVEY,ANIMALS & PRODUCTS,DAIRY,MILK,ALL CLASSES,ALL PRODUCTION PRACTICES,ALL UTILIZATION PRACTICES,PRODUCTION,LB / HEAD,"MILK - PRODUCTION, MEASURED IN LB / HEAD",TOTAL,NOT SPECIFIED,STATE,04,04,AZ,ARIZONA,,,,,,,,00000000,,,9000,UNITED STATES,ARIZONA,2023,MONTHLY,07,07,JUL,,2025-02-21 15:00:00.000,"1,910",
SURVEY,ANIMALS & PRODUCTS,DAIRY,MILK,ALL CLASSES,ALL PRODUCTION PRACTICES,ALL UTILIZATION PRACTICES,PRODUCTION,LB / HEAD,"MILK - PRODUCTION, MEASURED IN LB / HEAD",TOTAL,NOT SPECIFIED,STATE,04,04,AZ,ARIZONA,,,,,,,,00000000,,,9000,UNITED STATES,ARIZONA,2023,MONTHLY,08,08,AUG,,2025-02-21 15:00:00.000,"1,850",
SURVEY,ANIMALS & PRODUCTS,DAIRY,MILK,ALL CLASSES,ALL PRODUCTION PRACTICES,ALL UTILIZATION PRACTICES,PRODUCTION,LB / HEAD,"MILK - PRODUCTION, MEASURED IN LB / HEAD",TOTAL,NOT SPECIFIED,STATE,04,04,AZ,ARIZONA,,,,,,,,00000000,,,9000,UNITED STATES,ARIZONA,2023,MONTHLY,09,09,SEP,,2025-02-21 15:00:00.000,"1,835",
SURVEY,ANIMALS & PRODUCTS,DAIRY,MILK,ALL CLASSES,ALL PRODUCTION PRACTICES,ALL UTILIZATION PRACTICES,PRODUCTION,LB / HEAD,"MILK - PRODUCTION, MEASURED IN LB / HEAD",TOTAL,NOT SPECIFIED,STATE,04,04,AZ,ARIZONA,,,,,,,,00000000,,,9000,UNITED STATES,ARIZONA,2023,MONTHLY,10,10,OCT,,2025-02-21 15:00:00.000,"1,960",
SURVEY,ANIMALS & PRODUCTS,DAIRY,MILK,ALL CLASSES,ALL PRODUCTION PRACTICES,ALL UTILIZATION PRACTICES,PRODUCTION,LB / HEAD,"MILK - PRODUCTION, MEASURED IN LB / HEAD",TOTAL,NOT SPECIFIED,STATE,04,04,AZ,ARIZONA,,,,,,,,00000000,,,9000,UNITED STATES,ARIZONA,2023,MONTHLY,11,11,NOV,,2025-02-21 15:00:00.000,"1,960",
SURVEY,ANIMALS & PRODUCTS,DAIRY,MILK,ALL CLASSES,ALL PRODUCTION PRACTICES,ALL UTILIZATION PRACTICES,PRODUCTION,LB / HEAD,"MILK - PRODUCTION, MEASURED IN LB / HEAD",TOTAL,NOT SPECIFIED,STATE,04,04,AZ,ARIZONA,,,,,,,,00000000,,,9000,UNITED STATES,ARIZONA,2023,MONTHLY,12,12,DEC,,2025-02-21 15:00:00.000,"2,090",
SURVEY,ANIMALS & PRODUCTS,DAIRY,MILK,ALL CLASSES,ALL PRODUCTION PRACTICES,ALL UTILIZATION PRACTICES,PRODUCTION,LB / HEAD,"MILK - PRODUCTION, MEASURED IN LB / HEAD",TOTAL,NOT SPECIFIED,STATE,06,06,CA,CALIFORNIA,,,,,,,,00000000,,,9000,UNITED STATES,CALIFORNIA,2023,MONTHLY,01,01,JAN,,2025-02-21 15:00:00.000,"2,055",
SURVEY,ANIMALS & PRODUCTS,DAIRY,MILK,ALL CLASSES,ALL PRODUCTION PRACTICES,ALL UTILIZATION PRACTICES,PRODUCTION,LB / HEAD,"MILK - PRODUCTION, MEASURED IN LB / HEAD",TOTAL,NOT SPECIFIED,STATE,06,06,CA,CALIFORNIA,,,,,,,,00000000,,,9000,UNITED STATES,CALIFORNIA,2023,MONTHLY,02,02,FEB,,2025-02-21 15:00:00.000,"1,905",
SURVEY,ANIMALS & PRODUCTS,DAIRY,MILK,ALL CLASSES,ALL PRODUCTION PRACTICES,ALL UTILIZATION PRACTICES,PRODUCTION,LB / HEAD,"MILK - PRODUCTION, MEASURED IN LB / HEAD",TOTAL,NOT SPECIFIED,STATE,06,06,CA,CALIFORNIA,,,,,,,,00000000,,,9000,UNITED STATES,CALIFORNIA,2023,MONTHLY,03,03,MAR,,2025-02-21 15:00:00.000,"2,120",
SURVEY,ANIMALS & PRODUCTS,DAIRY,MILK,ALL CLASSES,ALL PRODUCTION PRACTICES,ALL UTILIZATION PRACTICES,PRODUCTION,LB / HEAD,"MILK - PRODUCTION, MEASURED IN LB / HEAD",TOTAL,NOT SPECIFIED,STATE,06,06,CA,CALIFORNIA,,,,,,,,00000000,,,9000,UNITED STATES,CALIFORNIA,2023,MONTHLY,04,04,APR,,2025-02-21 15:00:00.000,"2,060",
SURVEY,ANIMALS & PRODUCTS,DAIRY,MILK,ALL CLASSES,ALL PRODUCTION PRACTICES,ALL UTILIZATION PRACTICES,PRODUCTION,LB / HEAD,"MILK - PRODUCTION, MEASURED IN LB / HEAD",TOTAL,NOT SPECIFIED,STATE,06,06,CA,CALIFORNIA,,,,,,,,00000000,,,9000,UNITED STATES,CALIFORNIA,2023,MONTHLY,05,05,MAY,,2025-02-21 15:00:00.000,"2,125",
SURVEY,ANIMALS & PRODUCTS,DAIRY,MILK,ALL CLASSES,ALL PRODUCTION PRACTICES,ALL UTILIZATION PRACTICES,PRODUCTION,LB / HEAD,"MILK - PRODUCTION, MEASURED IN LB / HEAD",TOTAL,NOT SPECIFIED,STATE,06,06,CA,CALIFORNIA,,,,,,,,00000000,,,9000,UNITED STATES,CALIFORNIA,2023,MONTHLY,06,06,JUN,,2025-02-21 15:00:00.000,"1,995",
SURVEY,ANIMALS & PRODUCTS,DAIRY,MILK,ALL CLASSES,ALL PRODUCTION PRACTICES,ALL UTILIZATION PRACTICES,PRODUCTION,LB / HEAD,"MILK - PRODUCTION, MEASURED IN LB / HEAD",TOTAL,NOT SPECIFIED,STATE,06,06,CA,CALIFORNIA,,,,,,,,00000000,,,9000,UNITED STATES,CALIFORNIA,2023,MONTHLY,07,07,JUL,,2025-02-21 15:00:00.000,"1,940",
SURVEY,ANIMALS & PRODUCTS,DAIRY,MILK,ALL CLASSES,ALL PRODUCTION PRACTICES,ALL UTILIZATION PRACTICES,PRODUCTION,LB / HEAD,"MILK - PRODUCTION, MEASURED IN LB / HEAD",TOTAL,NOT SPECIFIED,STATE,06,06,CA,CALIFORNIA,,,,,,,,00000000,,,9000,UNITED STATES,CALIFORNIA,2023,MONTHLY,08,08,AUG,,2025-02-21 15:00:00.000,"1,930",
SURVEY,ANIMALS & PRODUCTS,DAIRY,MILK,ALL CLASSES,ALL PRODUCTION PRACTICES,ALL UTILIZATION PRACTICES,PRODUCTION,LB / HEAD,"MILK - PRODUCTION, MEASURED IN LB / HEAD",TOTAL,NOT SPECIFIED,STATE,06,06,CA,CALIFORNIA,,,,,,,,00000000,,,9000,UNITED STATES,CALIFORNIA,2023,MONTHLY,09,09,SEP,,2025-02-21 15:00:00.000,"1,875",
SURVEY,ANIMALS & PRODUCTS,DAIRY,MILK,ALL CLASSES,ALL PRODUCTION PRACTICES,ALL UTILIZATION PRACTICES,PRODUCTION,LB / HEAD,"MILK - PRODUCTION, MEASURED IN LB / HEAD",TOTAL,NOT SPECIFIED,STATE,06,06,CA,CALIFORNIA,,,,,,,,00000000,,,9000,UNITED STATES,CALIFORNIA,2023,MONTHLY,10,10,OCT,,2025-02-21 15:00:00.000,"1,935",
SURVEY,ANIMALS & PRODUCTS,DAIRY,MILK,ALL CLASSES,ALL PRODUCTION PRACTICES,ALL UTILIZATION PRACTICES,PRODUCTION,LB / HEAD,"MILK - PRODUCTION, MEASURED IN LB / HEAD",TOTAL,NOT SPECIFIED,STATE,06,06,CA,CALIFORNIA,,,,,,,,00000000,,,9000,UNITED STATES,CALIFORNIA,2023,MONTHLY,11,11,NOV,,2025-02-21 15:00:00.000,"1,905",
SURVEY,ANIMALS & PRODUCTS,DAIRY,MILK,ALL CLASSES,ALL PRODUCTION PRACTICES,ALL UTILIZATION PRACTICES,PRODUCTION,LB / HEAD,"MILK - PRODUCTION, MEASURED IN LB / HEAD",TOTAL,NOT SPECIFIED,STATE,06,06,CA,CALIFORNIA,,,,,,,,00000000,,,9000,UNITED STATES,CALIFORNIA,2023,MONTHLY,12,12,DEC,,2025-02-21 15:00:00.000,"2,015",
SURVEY,ANIMALS & PRODUCTS,DAIRY,MILK,ALL CLASSES,ALL PRODUCTION PRACTICES,ALL UTILIZATION PRACTICES,PRODUCTION,LB / HEAD,"MILK - PRODUCTION, MEASURED IN LB / HEAD",TOTAL,NOT SPECIFIED,STATE,08,08,CO,COLORADO,,,,,,,,00000000,,,9000,UNITED STATES,COLORADO,2023,MONTHLY,01,01,JAN,,2025-02-21 15:00:00.000,"2,205",
SURVEY,ANIMALS & PRODUCTS,DAIRY,MILK,ALL CLASSES,ALL PRODUCTION PRACTICES,ALL UTILIZATION PRACTICES,PRODUCTION,LB / HEAD,"MILK - PRODUCTION, MEASURED IN LB / HEAD",TOTAL,NOT SPECIFIED,STATE,08,08,CO,COLORADO,,,,,,,,00000000,,,9000,UNITED STATES,COLORADO,2023,MONTHLY,02,02,FEB,,2025-02-21 15:00:00.000,"1,995",
SURVEY,ANIMALS & PRODUCTS,DAIRY,MILK,ALL CLASSES,ALL PRODUCTION PRACTICES,ALL UTILIZATION PRACTICES,PRODUCTION,LB / HEAD,"MILK - PRODUCTION, MEASURED IN LB / HEAD",TOTAL,NOT SPECIFIED,STATE,08,08,CO,COLORADO,,,,,,,,00000000,,,9000,UNITED STATES,COLORADO,2023,MONTHLY,03,03,MAR,,2025-02-21 15:00:00.000,"2,230",
SURVEY,ANIMALS & PRODUCTS,DAIRY,MILK,ALL CLASSES,ALL PRODUCTION PRACTICES,ALL UTILIZATION PRACTICES,PRODUCTION,LB / HEAD,"MILK - PRODUCTION, MEASURED IN LB / HEAD",TOTAL,NOT SPECIFIED,STATE,08,08,CO,COLORADO,,,,,,,,00000000,,,9000,UNITED STATES,COLORADO,2023,MONTHLY,04,04,APR,,2025-02-21 15:00:00.000,"2,165",
SURVEY,ANIMALS & PRODUCTS,DAIRY,MILK,ALL CLASSES,ALL PRODUCTION PRACTICES,ALL UTILIZATION PRACTICES,PRODUCTION,LB / HEAD,"MILK - PRODUCTION, MEASURED IN LB / HEAD",TOTAL,NOT SPECIFIED,STATE,08,08,CO,COLORADO,,,,,,,,00000000,,,9000,UNITED STATES,COLORADO,2023,MONTHLY,05,05,MAY,,2025-02-21 15:00:00.000,"2,235",
SURVEY,ANIMALS & PRODUCTS,DAIRY,MILK,ALL CLASSES,ALL PRODUCTION PRACTICES,ALL UTILIZATION PRACTICES,PRODUCTION,LB / HEAD,"MILK - PRODUCTION, MEASURED IN LB / HEAD",TOTAL,NOT SPECIFIED,STATE,08,08,CO,COLORADO,,,,,,,,00000000,,,9000,UNITED STATES,COLORADO,2023,MONTHLY,06,06,JUN,,2025-02-21 15:00:00.000,"2,145",
SURVEY,ANIMALS & PRODUCTS,DAIRY,MILK,ALL CLASSES,ALL PRODUCTION PRACTICES,ALL UTILIZATION PRACTICES,PRODUCTION,LB / HEAD,"MILK - PRODUCTION, MEASURED IN LB / HEAD",TOTAL,NOT SPECIFIED,STATE,08,08,CO,COLORADO,,,,,,,,00000000,,,9000,UNITED STATES,COLORADO,2023,MONTHLY,07,07,JUL,,2025-02-21 15:00:00.000,"2,205",
SURVEY,ANIMALS & PRODUCTS,DAIRY,MILK,ALL CLASSES,ALL PRODUCTION PRACTICES,ALL UTILIZATION PRACTICES,PRODUCTION,LB / HEAD,"MILK - PRODUCTION, MEASURED IN LB / HEAD",TOTAL,NOT SPECIFIED,STATE,08,08,CO,COLORADO,,,,,,,,00000000,,,9000,UNITED STATES,COLORADO,2023,MONTHLY,08,08,AUG,,2025-02-21 15:00:00.000,"2,200",
SURVEY,ANIMALS & PRODUCTS,DAIRY,MILK,ALL CLASSES,ALL PRODUCTION PRACTICES,ALL UTILIZATION PRACTICES,PRODUCTION,LB / HEAD,"MILK - PRODUCTION, MEASURED IN LB / HEAD",TOTAL,NOT SPECIFIED,STATE,08,08,CO,COLORADO,,,,,,,,00000000,,,9000,UNITED STATES,COLORADO,2023,MONTHLY,09,09,SEP,,2025-02-21 15:00:00.000,"2,125",
SURVEY,ANIMALS & PRODUCTS,DAIRY,MILK,ALL CLASSES,ALL PRODUCTION PRACTICES,ALL UTILIZATION PRACTICES,PRODUCTION,LB / HEAD,"MILK - PRODUCTION, MEASURED IN LB / HEAD",TOTAL,NOT SPECIFIED,STATE,08,08,CO,COLORADO,,,,,,,,00000000,,,9000,UNITED STATES,COLORADO,2023,MONTHLY,10,10,OCT,,2025-02-21 15:00:00.000,"2,175",
SURVEY,ANIMALS & PRODUCTS,DAIRY,MILK,ALL CLASSES,ALL PRODUCTION PRACTICES,ALL UTILIZATION PRACTICES,PRODUCTION,LB / HEAD,"MILK - PRODUCTION, MEASURED IN LB / HEAD",TOTAL,NOT SPECIFIED,STATE,08,08,CO,COLORADO,,,,,,,,00000000,,,9000,UNITED STATES,COLORADO,2023,MONTHLY,11,11,NOV,,2025-02-21 15:00:00.000,"2,105",
SURVEY,ANIMALS & PRODUCTS,DAIRY,MILK,ALL CLASSES,ALL PRODUCTION PRACTICES,ALL UTILIZATION PRACTICES,PRODUCTION,LB / HEAD,"MILK - PRODUCTION, MEASURED IN LB / HEAD",TOTAL,NOT SPECIFIED,STATE,08,08,CO,COLORADO,,,,,,,,00000000,,,9000,UNITED STATES,COLORADO,2023,MONTHLY,12,12,DEC,,2025-02-21 15:00:00.000,"2,190",
SURVEY,ANIMALS & PRODUCTS,DAIRY,MILK,ALL CLASSES,ALL PRODUCTION PRACTICES,ALL UTILIZATION PRACTICES,PRODUCTION,LB / HEAD,"MILK - PRODUCTION, MEASURED IN LB / HEAD",TOTAL,NOT SPECIFIED,STATE,12,12,FL,FLORIDA,,,,,,,,00000000,,,9000,UNITED STATES,FLORIDA,2023,MONTHLY,01,01,JAN,,2025-02-21 15:00:00.000,"1,915",
SURVEY,ANIMALS & PRODUCTS,DAIRY,MILK,ALL CLASSES,ALL PRODUCTION PRACTICES,ALL UTILIZATION PRACTICES,PRODUCTION,LB / HEAD,"MILK - PRODUCTION, MEASURED IN LB / HEAD",TOTAL,NOT SPECIFIED,STATE,12,12,FL,FLORIDA,,,,,,,,00000000,,,9000,UNITED STATES,FLORIDA,2023,MONTHLY,02,02,FEB,,2025-02-21 15:00:00.000,"1,795",
SURVEY,ANIMALS & PRODUCTS,DAIRY,MILK,ALL CLASSES,ALL PRODUCTION PRACTICES,ALL UTILIZATION PRACTICES,PRODUCTION,LB / HEAD,"MILK - PRODUCTION, MEASURED IN LB / HEAD",TOTAL,NOT SPECIFIED,STATE,12,12,FL,FLORIDA,,,,,,,,00000000,,,9000,UNITED STATES,FLORIDA,2023,MONTHLY,03,03,MAR,,2025-02-21 15:00:00.000,"2,010",
SURVEY,ANIMALS & PRODUCTS,DAIRY,MILK,ALL CLASSES,ALL PRODUCTION PRACTICES,ALL UTILIZATION PRACTICES,PRODUCTION,LB / HEAD,"MILK - PRODUCTION, MEASURED IN LB / HEAD",TOTAL,NOT SPECIFIED,STATE,12,12,FL,FLORIDA,,,,,,,,00000000,,,9000,UNITED STATES,FLORIDA,2023,MONTHLY,04,04,APR,,2025-02-21 15:00:00.000,"1,905",
SURVEY,ANIMALS & PRODUCTS,DAIRY,MILK,ALL CLASSES,ALL PRODUCTION PRACTICES,ALL UTILIZATION PRACTICES,PRODUCTION,LB / HEAD,"MILK - PRODUCTION, MEASURED IN LB / HEAD",TOTAL,NOT SPECIFIED,STATE,12,12,FL,FLORIDA,,,,,,,,00000000,,,9000,UNITED STATES,FLORIDA,2023,MONTHLY,05,05,MAY,,2025-02-21 15:00:00.000,"1,940",
SURVEY,ANIMALS & PRODUCTS,DAIRY,MILK,ALL CLASSES,ALL PRODUCTION PRACTICES,ALL UTILIZATION PRACTICES,PRODUCTION,LB / HEAD,"MILK - PRODUCTION, MEASURED IN LB / HEAD",TOTAL,NOT SPECIFIED,STATE,12,12,FL,FLORIDA,,,,,,,,00000000,,,9000,UNITED STATES,FLORIDA,2023,MONTHLY,06,06,JUN,,2025-02-21 15:00:00.000,"1,815",
SURVEY,ANIMALS & PRODUCTS,DAIRY,MILK,ALL CLASSES,ALL PRODUCTION PRACTICES,ALL UTILIZATION PRACTICES,PRODUCTION,LB / HEAD,"MILK - PRODUCTION, MEASURED IN LB / HEAD",TOTAL,NOT SPECIFIED,STATE,12,12,FL,FLORIDA,,,,,,,,00000000,,,9000,UNITED STATES,FLORIDA,2023,MONTHLY,07,07,JUL,,2025-02-21 15:00:00.000,"1,680",
SURVEY,ANIMALS & PRODUCTS,DAIRY,MILK,ALL CLASSES,ALL PRODUCTION PRACTICES,ALL UTILIZATION PRACTICES,PRODUCTION,LB / HEAD,"MILK - PRODUCTION, MEASURED IN LB / HEAD",TOTAL,NOT SPECIFIED,STATE,12,12,FL,FLORIDA,,,,,,,,00000000,,,9000,UNITED STATES,FLORIDA,2023,MONTHLY,08,08,AUG,,2025-02-21 15:00:00.000,"1,605",
SURVEY,ANIMALS & PRODUCTS,DAIRY,MILK,ALL CLASSES,ALL PRODUCTION PRACTICES,ALL UTILIZATION PRACTICES,PRODUCTION,LB / HEAD,"MILK - PRODUCTION, MEASURED IN LB / HEAD",TOTAL,NOT SPECIFIED,STATE,12,12,FL,FLORIDA,,,,,,,,00000000,,,9000,UNITED STATES,FLORIDA,2023,MONTHLY,09,09,SEP,,2025-02-21 15:00:00.000,"1,510",
SURVEY,ANIMALS & PRODUCTS,DAIRY,MILK,ALL CLASSES,ALL PRODUCTION PRACTICES,ALL UTILIZATION PRACTICES,PRODUCTION,LB / HEAD,"MILK - PRODUCTION, MEASURED IN LB / HEAD",TOTAL,NOT SPECIFIED,STATE,12,12,FL,FLORIDA,,,,,,,,00000000,,,9000,UNITED STATES,FLORIDA,2023,MONTHLY,10,10,OCT,,2025-02-21 15:00:00.000,"1,580",
SURVEY,ANIMALS & PRODUCTS,DAIRY,MILK,ALL CLASSES,ALL PRODUCTION PRACTICES,ALL UTILIZATION PRACTICES,PRODUCTION,LB / HEAD,"MILK - PRODUCTION, MEASURED IN LB / HEAD",TOTAL,NOT SPECIFIED,STATE,12,12,FL,FLORIDA,,,,,,,,00000000,,,9000,UNITED STATES,FLORIDA,2023,MONTHLY,11,11,NOV,,2025-02-21 15:00:00.000,"1,615",
SURVEY,ANIMALS & PRODUCTS,DAIRY,MILK,ALL CLASSES,ALL PRODUCTION PRACTICES,ALL UTILIZATION PRACTICES,PRODUCTION,LB / HEAD,"MILK - PRODUCTION, MEASURED IN LB / HEAD",TOTAL,NOT SPECIFIED,STATE,12,12,FL,FLORIDA,,,,,,,,00000000,,,9000,UNITED STATES,FLORIDA,2023,MONTHLY,12,12,DEC,,2025-02-21 15:00:00.000,"1,705",
SURVEY,ANIMALS & PRODUCTS,DAIRY,MILK,ALL CLASSES,ALL PRODUCTION PRACTICES,ALL UTILIZATION PRACTICES,PRODUCTION,LB / HEAD,"MILK - PRODUCTION, MEASURED IN LB / HEAD",TOTAL,NOT SPECIFIED,STATE,13,13,GA,GEORGIA,,,,,,,,00000000,,,9000,UNITED STATES,GEORGIA,2023,MONTHLY,01,01,JAN,,2025-02-21 15:00:00.000,"1,900",
SURVEY,ANIMALS & PRODUCTS,DAIRY,MILK,ALL CLASSES,ALL PRODUCTION PRACTICES,ALL UTILIZATION PRACTICES,PRODUCTION,LB / HEAD,"MILK - PRODUCTION, MEASURED IN LB / HEAD",TOTAL,NOT SPECIFIED,STATE,13,13,GA,GEORGIA,,,,,,,,00000000,,,9000,UNITED STATES,GEORGIA,2023,MONTHLY,02,02,FEB,,2025-02-21 15:00:00.000,"1,790",
SURVEY,ANIMALS & PRODUCTS,DAIRY,MILK,ALL CLASSES,ALL PRODUCTION PRACTICES,ALL UTILIZATION PRACTICES,PRODUCTION,LB / HEAD,"MILK - PRODUCTION, MEASURED IN LB / HEAD",TOTAL,NOT SPECIFIED,STATE,13,13,GA,GEORGIA,,,,,,,,00000000,,,9000,UNITED STATES,GEORGIA,2023,MONTHLY,03,03,MAR,,2025-02-21 15:00:00.000,"1,980",
SURVEY,ANIMALS & PRODUCTS,DAIRY,MILK,ALL CLASSES,ALL PRODUCTION PRACTICES,ALL UTILIZATION PRACTICES,PRODUCTION,LB / HEAD,"MILK - PRODUCTION, MEASURED IN LB / HEAD",TOTAL,NOT SPECIFIED,STATE,13,13,GA,GEORGIA,,,,,,,,00000000,,,9000,UNITED STATES,GEORGIA,2023,MONTHLY,04,04,APR,,2025-02-21 15:00:00.000,"1,890",
SURVEY,ANIMALS & PRODUCTS,DAIRY,MILK,ALL CLASSES,ALL PRODUCTION PRACTICES,ALL UTILIZATION PRACTICES,PRODUCTION,LB / HEAD,"MILK - PRODUCTION, MEASURED IN LB / HEAD",TOTAL,NOT SPECIFIED,STATE,13,13,GA,GEORGIA,,,,,,,,00000000,,,9000,UNITED STATES,GEORGIA,2023,MONTHLY,05,05,MAY,,2025-02-21 15:00:00.000,"1,890",
SURVEY,ANIMALS & PRODUCTS,DAIRY,MILK,ALL CLASSES,ALL PRODUCTION PRACTICES,ALL UTILIZATION PRACTICES,PRODUCTION,LB / HEAD,"MILK - PRODUCTION, MEASURED IN LB / HEAD",TOTAL,NOT SPECIFIED,STATE,13,13,GA,GEORGIA,,,,,,,,00000000,,,9000,UNITED STATES,GEORGIA,2023,MONTHLY,06,06,JUN,,2025-02-21 15:00:00.000,"1,790",
SURVEY,ANIMALS & PRODUCTS,DAIRY,MILK,ALL CLASSES,ALL PRODUCTION PRACTICES,ALL UTILIZATION PRACTICES,PRODUCTION,LB / HEAD,"MILK - PRODUCTION, MEASURED IN LB / HEAD",TOTAL,NOT SPECIFIED,STATE,13,13,GA,GEORGIA,,,,,,,,00000000,,,9000,UNITED STATES,GEORGIA,2023,MONTHLY,07,07,JUL,,2025-02-21 15:00:00.000,"1,765",
SURVEY,ANIMALS & PRODUCTS,DAIRY,MILK,ALL CLASSES,ALL PRODUCTION PRACTICES,ALL UTILIZATION PRACTICES,PRODUCTION,LB / HEAD,"MILK - PRODUCTION, MEASURED IN LB / HEAD",TOTAL,NOT SPECIFIED,STATE,13,13,GA,GEORGIA,,,,,,,,00000000,,,9000,UNITED STATES,GEORGIA,2023,MONTHLY,08,08,AUG,,2025-02-21 15:00:00.000,"1,740",
SURVEY,ANIMALS & PRODUCTS,DAIRY,MILK,ALL CLASSES,ALL PRODUCTION PRACTICES,ALL UTILIZATION PRACTICES,PRODUCTION,LB / HEAD,"MILK - PRODUCTION, MEASURED IN LB / HEAD",TOTAL,NOT SPECIFIED,STATE,13,13,GA,GEORGIA,,,,,,,,00000000,,,9000,UNITED STATES,GEORGIA,2023,MONTHLY,09,09,SEP,,2025-02-21 15:00:00.000,"1,665",
SURVEY,ANIMALS & PRODUCTS,DAIRY,MILK,ALL CLASSES,ALL PRODUCTION PRACTICES,ALL UTILIZATION PRACTICES,PRODUCTION,LB / HEAD,"MILK - PRODUCTION, MEASURED IN LB / HEAD",TOTAL,NOT SPECIFIED,STATE,13,13,GA,GEORGIA,,,,,,,,00000000,,,9000,UNITED STATES,GEORGIA,2023,MONTHLY,10,10,OCT,,2025-02-21 15:00:00.000,"1,765",
SURVEY,ANIMALS & PRODUCTS,DAIRY,MILK,ALL CLASSES,ALL PRODUCTION PRACTICES,ALL UTILIZATION PRACTICES,PRODUCTION,LB / HEAD,"MILK - PRODUCTION, MEASURED IN LB / HEAD",TOTAL,NOT SPECIFIED,STATE,13,13,GA,GEORGIA,,,,,,,,00000000,,,9000,UNITED STATES,GEORGIA,2023,MONTHLY,11,11,NOV,,2025-02-21 15:00:00.000,"1,750",
SURVEY,ANIMALS & PRODUCTS,DAIRY,MILK,ALL CLASSES,ALL PRODUCTION PRACTICES,ALL UTILIZATION PRACTICES,PRODUCTION,LB / HEAD,"MILK - PRODUCTION, MEASURED IN LB / HEAD",TOTAL,NOT SPECIFIED,STATE,13,13,GA,GEORGIA,,,,,,,,00000000,,,9000,UNITED STATES,GEORGIA,2023,MONTHLY,12,12,DEC,,2025-02-21 15:00:00.000,"1,820",
SURVEY,ANIMALS & PRODUCTS,DAIRY,MILK,ALL CLASSES,ALL PRODUCTION PRACTICES,ALL UTILIZATION PRACTICES,PRODUCTION,LB / HEAD,"MILK - PRODUCTION, MEASURED IN LB / HEAD",TOTAL,NOT SPECIFIED,STATE,16,16,ID,IDAHO,,,,,,,,00000000,,,9000,UNITED STATES,IDAHO,2023,MONTHLY,01,01,JAN,,2025-02-21 15:00:00.000,"2,120",
SURVEY,ANIMALS & PRODUCTS,DAIRY,MILK,ALL CLASSES,ALL PRODUCTION PRACTICES,ALL UTILIZATION PRACTICES,PRODUCTION,LB / HEAD,"MILK - PRODUCTION, MEASURED IN LB / HEAD",TOTAL,NOT SPECIFIED,STATE,16,16,ID,IDAHO,,,,,,,,00000000,,,9000,UNITED STATES,IDAHO,2023,MONTHLY,02,02,FEB,,2025-02-21 15:00:00.000,"1,935",
SURVEY,ANIMALS & PRODUCTS,DAIRY,MILK,ALL CLASSES,ALL PRODUCTION PRACTICES,ALL UTILIZATION PRACTICES,PRODUCTION,LB / HEAD,"MILK - PRODUCTION, MEASURED IN LB / HEAD",TOTAL,NOT SPECIFIED,STATE,16,16,ID,IDAHO,,,,,,,,00000000,,,9000,UNITED STATES,IDAHO,2023,MONTHLY,03,03,MAR,,2025-02-21 15:00:00.000,"2,160",
SURVEY,ANIMALS & PRODUCTS,DAIRY,MILK,ALL CLASSES,ALL PRODUCTION PRACTICES,ALL UTILIZATION PRACTICES,PRODUCTION,LB / HEAD,"MILK - PRODUCTION, MEASURED IN LB / HEAD",TOTAL,NOT SPECIFIED,STATE,16,16,ID,IDAHO,,,,,,,,00000000,,,9000,UNITED STATES,IDAHO,2023,MONTHLY,04,04,APR,,2025-02-21 15:00:00.000,"2,105",
SURVEY,ANIMALS & PRODUCTS,DAIRY,MILK,ALL CLASSES,ALL PRODUCTION PRACTICES,ALL UTILIZATION PRACTICES,PRODUCTION,LB / HEAD,"MILK - PRODUCTION, MEASURED IN LB / HEAD",TOTAL,NOT SPECIFIED,STATE,16,16,ID,IDAHO,,,,,,,,00000000,,,9000,UNITED STATES,IDAHO,2023,MONTHLY,05,05,MAY,,2025-02-21 15:00:00.000,"2,215",
SURVEY,ANIMALS & PRODUCTS,DAIRY,MILK,ALL CLASSES,ALL PRODUCTION PRACTICES,ALL UTILIZATION PRACTICES,PRODUCTION,LB / HEAD,"MILK - PRODUCTION, MEASURED IN LB / HEAD",TOTAL,NOT SPECIFIED,STATE,16,16,ID,IDAHO,,,,,,,,00000000,,,9000,UNITED STATES,IDAHO,2023,MONTHLY,06,06,JUN,,2025-02-21 15:00:00.000,"2,145",
SURVEY,ANIMALS & PRODUCTS,DAIRY,MILK,ALL CLASSES,ALL PRODUCTION PRACTICES,ALL UTILIZATION PRACTICES,PRODUCTION,LB / HEAD,"MILK - PRODUCTION, MEASURED IN LB / HEAD",TOTAL,NOT SPECIFIED,STATE,16,16,ID,IDAHO,,,,,,,,00000000,,,9000,UNITED STATES,IDAHO,2023,MONTHLY,07,07,JUL,,2025-02-21 15:00:00.000,"2,195",
SURVEY,ANIMALS & PRODUCTS,DAIRY,MILK,ALL CLASSES,ALL PRODUCTION PRACTICES,ALL UTILIZATION PRACTICES,PRODUCTION,LB / HEAD,"MILK - PRODUCTION, MEASURED IN LB / HEAD",TOTAL,NOT SPECIFIED,STATE,16,16,ID,IDAHO,,,,,,,,00000000,,,9000,UNITED STATES,IDAHO,2023,MONTHLY,08,08,AUG,,2025-02-21 15:00:00.000,"2,175",
SURVEY,ANIMALS & PRODUCTS,DAIRY,MILK,ALL CLASSES,ALL PRODUCTION PRACTICES,ALL UTILIZATION PRACTICES,PRODUCTION,LB / HEAD,"MILK - PRODUCTION, MEASURED IN LB / HEAD",TOTAL,NOT SPECIFIED,STATE,16,16,ID,IDAHO,,,,,,,,00000000,,,9000,UNITED STATES,IDAHO,2023,MONTHLY,09,09,SEP,,2025-02-21 15:00:00.000,"2,065",
SURVEY,ANIMALS & PRODUCTS,DAIRY,MILK,ALL CLASSES,ALL PRODUCTION PRACTICES,ALL UTILIZATION PRACTICES,PRODUCTION,LB / HEAD,"MILK - PRODUCTION, MEASURED IN LB / HEAD",TOTAL,NOT SPECIFIED,STATE,16,16,ID,IDAHO,,,,,,,,00000000,,,9000,UNITED STATES,IDAHO,2023,MONTHLY,10,10,OCT,,2025-02-21 15:00:00.000,"2,080",
SURVEY,ANIMALS & PRODUCTS,DAIRY,MILK,ALL CLASSES,ALL PRODUCTION PRACTICES,ALL UTILIZATION PRACTICES,PRODUCTION,LB / HEAD,"MILK - PRODUCTION, MEASURED IN LB / HEAD",TOTAL,NOT SPECIFIED,STATE,16,16,ID,IDAHO,,,,,,,,00000000,,,9000,UNITED STATES,IDAHO,2023,MONTHLY,11,11,NOV,,2025-02-21 15:00:00.000,"1,995",
SURVEY,ANIMALS & PRODUCTS,DAIRY,MILK,ALL CLASSES,ALL PRODUCTION PRACTICES,ALL UTILIZATION PRACTICES,PRODUCTION,LB / HEAD,"MILK - PRODUCTION, MEASURED IN LB / HEAD",TOTAL,NOT SPECIFIED,STATE,16,16,ID,IDAHO,,,,,,,,00000000,,,9000,UNITED STATES,IDAHO,2023,MONTHLY,12,12,DEC,,2025-02-21 15:00:00.000,"2,060",
SURVEY,ANIMALS & PRODUCTS,DAIRY,MILK,ALL CLASSES,ALL PRODUCTION PRACTICES,ALL UTILIZATION PRACTICES,PRODUCTION,LB / HEAD,"MILK - PRODUCTION, MEASURED IN LB / HEAD",TOTAL,NOT SPECIFIED,STATE,17,17,IL,ILLINOIS,,,,,,,,00000000,,,9000,UNITED STATES,ILLINOIS,2023,MONTHLY,01,01,JAN,,2025-02-21 15:00:00.000,"1,850",
SURVEY,ANIMALS & PRODUCTS,DAIRY,MILK,ALL CLASSES,ALL PRODUCTION PRACTICES,ALL UTILIZATION PRACTICES,PRODUCTION,LB / HEAD,"MILK - PRODUCTION, MEASURED IN LB / HEAD",TOTAL,NOT SPECIFIED,STATE,17,17,IL,ILLINOIS,,,,,,,,00000000,,,9000,UNITED STATES,ILLINOIS,2023,MONTHLY,02,02,FEB,,2025-02-21 15:00:00.000,"1,710",
SURVEY,ANIMALS & PRODUCTS,DAIRY,MILK,ALL CLASSES,ALL PRODUCTION PRACTICES,ALL UTILIZATION PRACTICES,PRODUCTION,LB / HEAD,"MILK - PRODUCTION, MEASURED IN LB / HEAD",TOTAL,NOT SPECIFIED,STATE,17,17,IL,ILLINOIS,,,,,,,,00000000,,,9000,UNITED STATES,ILLINOIS,2023,MONTHLY,03,03,MAR,,2025-02-21 15:00:00.000,"1,930",
SURVEY,ANIMALS & PRODUCTS,DAIRY,MILK,ALL CLASSES,ALL PRODUCTION PRACTICES,ALL UTILIZATION PRACTICES,PRODUCTION,LB / HEAD,"MILK - PRODUCTION, MEASURED IN LB / HEAD",TOTAL,NOT SPECIFIED,STATE,17,17,IL,ILLINOIS,,,,,,,,00000000,,,9000,UNITED STATES,ILLINOIS,2023,MONTHLY,04,04,APR,,2025-02-21 15:00:00.000,"1,860",
SURVEY,ANIMALS & PRODUCTS,DAIRY,MILK,ALL CLASSES,ALL PRODUCTION PRACTICES,ALL UTILIZATION PRACTICES,PRODUCTION,LB / HEAD,"MILK - PRODUCTION, MEASURED IN LB / HEAD",TOTAL,NOT SPECIFIED,STATE,17,17,IL,ILLINOIS,,,,,,,,00000000,,,9000,UNITED STATES,ILLINOIS,2023,MONTHLY,05,05,MAY,,2025-02-21 15:00:00.000,"1,915",
SURVEY,ANIMALS & PRODUCTS,DAIRY,MILK,ALL CLASSES,ALL PRODUCTION PRACTICES,ALL UTILIZATION PRACTICES,PRODUCTION,LB / HEAD,"MILK - PRODUCTION, MEASURED IN LB / HEAD",TOTAL,NOT SPECIFIED,STATE,17,17,IL,ILLINOIS,,,,,,,,00000000,,,9000,UNITED STATES,ILLINOIS,2023,MONTHLY,06,06,JUN,,2025-02-21 15:00:00.000,"1,835",
SURVEY,ANIMALS & PRODUCTS,DAIRY,MILK,ALL CLASSES,ALL PRODUCTION PRACTICES,ALL UTILIZATION PRACTICES,PRODUCTION,LB / HEAD,"MILK - PRODUCTION, MEASURED IN LB / HEAD",TOTAL,NOT SPECIFIED,STATE,17,17,IL,ILLINOIS,,,,,,,,00000000,,,9000,UNITED STATES,ILLINOIS,2023,MONTHLY,07,07,JUL,,2025-02-21 15:00:00.000,"1,810",
SURVEY,ANIMALS & PRODUCTS,DAIRY,MILK,ALL CLASSES,ALL PRODUCTION PRACTICES,ALL UTILIZATION PRACTICES,PRODUCTION,LB / HEAD,"MILK - PRODUCTION, MEASURED IN LB / HEAD",TOTAL,NOT SPECIFIED,STATE,17,17,IL,ILLINOIS,,,,,,,,00000000,,,9000,UNITED STATES,ILLINOIS,2023,MONTHLY,08,08,AUG,,2025-02-21 15:00:00.000,"1,720",
SURVEY,ANIMALS & PRODUCTS,DAIRY,MILK,ALL CLASSES,ALL PRODUCTION PRACTICES,ALL UTILIZATION PRACTICES,PRODUCTION,LB / HEAD,"MILK - PRODUCTION, MEASURED IN LB / HEAD",TOTAL,NOT SPECIFIED,STATE,17,17,IL,ILLINOIS,,,,,,,,00000000,,,9000,UNITED STATES,ILLINOIS,2023,MONTHLY,09,09,SEP,,2025-02-21 15:00:00.000,"1,705",
SURVEY,ANIMALS & PRODUCTS,DAIRY,MILK,ALL CLASSES,ALL PRODUCTION PRACTICES,ALL UTILIZATION PRACTICES,PRODUCTION,LB / HEAD,"MILK - PRODUCTION, MEASURED IN LB / HEAD",TOTAL,NOT SPECIFIED,STATE,17,17,IL,ILLINOIS,,,,,,,,00000000,,,9000,UNITED STATES,ILLINOIS,2023,MONTHLY,10,10,OCT,,2025-02-21 15:00:00.000,"1,745",
SURVEY,ANIMALS & PRODUCTS,DAIRY,MILK,ALL CLASSES,ALL PRODUCTION PRACTICES,ALL UTILIZATION PRACTICES,PRODUCTION,LB / HEAD,"MILK - PRODUCTION, MEASURED IN LB / HEAD",TOTAL,NOT SPECIFIED,STATE,17,17,IL,ILLINOIS,,,,,,,,00000000,,,9000,UNITED STATES,ILLINOIS,2023,MONTHLY,11,11,NOV,,2025-02-21 15:00:00.000,"1,720",
SURVEY,ANIMALS & PRODUCTS,DAIRY,MILK,ALL CLASSES,ALL PRODUCTION PRACTICES,ALL UTILIZATION PRACTICES,PRODUCTION,LB / HEAD,"MILK - PRODUCTION, MEASURED IN LB / HEAD",TOTAL,NOT SPECIFIED,STATE,17,17,IL,ILLINOIS,,,,,,,,00000000,,,9000,UNITED STATES,ILLINOIS,2023,MONTHLY,12,12,DEC,,2025-02-21 15:00:00.000,"1,820",
SURVEY,ANIMALS & PRODUCTS,DAIRY,MILK,ALL CLASSES,ALL PRODUCTION PRACTICES,ALL UTILIZATION PRACTICES,PRODUCTION,LB / HEAD,"MILK - PRODUCTION, MEASURED IN LB / HEAD",TOTAL,NOT SPECIFIED,STATE,18,18,IN,INDIANA,,,,,,,,00000000,,,9000,UNITED STATES,INDIANA,2023,MONTHLY,01,01,JAN,,2025-02-21 15:00:00.000,"2,030",
SURVEY,ANIMALS & PRODUCTS,DAIRY,MILK,ALL CLASSES,ALL PRODUCTION PRACTICES,ALL UTILIZATION PRACTICES,PRODUCTION,LB / HEAD,"MILK - PRODUCTION, MEASURED IN LB / HEAD",TOTAL,NOT SPECIFIED,STATE,18,18,IN,INDIANA,,,,,,,,00000000,,,9000,UNITED STATES,INDIANA,2023,MONTHLY,02,02,FEB,,2025-02-21 15:00:00.000,"1,845",
SURVEY,ANIMALS & PRODUCTS,DAIRY,MILK,ALL CLASSES,ALL PRODUCTION PRACTICES,ALL UTILIZATION PRACTICES,PRODUCTION,LB / HEAD,"MILK - PRODUCTION, MEASURED IN LB / HEAD",TOTAL,NOT SPECIFIED,STATE,18,18,IN,INDIANA,,,,,,,,00000000,,,9000,UNITED STATES,INDIANA,2023,MONTHLY,03,03,MAR,,2025-02-21 15:00:00.000,"2,080",
SURVEY,ANIMALS & PRODUCTS,DAIRY,MILK,ALL CLASSES,ALL PRODUCTION PRACTICES,ALL UTILIZATION PRACTICES,PRODUCTION,LB / HEAD,"MILK - PRODUCTION, MEASURED IN LB / HEAD",TOTAL,NOT SPECIFIED,STATE,18,18,IN,INDIANA,,,,,,,,00000000,,,9000,UNITED STATES,INDIANA,2023,MONTHLY,04,04,APR,,2025-02-21 15:00:00.000,"2,010",
SURVEY,ANIMALS & PRODUCTS,DAIRY,MILK,ALL CLASSES,ALL PRODUCTION PRACTICES,ALL UTILIZATION PRACTICES,PRODUCTION,LB / HEAD,"MILK - PRODUCTION, MEASURED IN LB / HEAD",TOTAL,NOT SPECIFIED,STATE,18,18,IN,INDIANA,,,,,,,,00000000,,,9000,UNITED STATES,INDIANA,2023,MONTHLY,05,05,MAY,,2025-02-21 15:00:00.000,"2,070",
SURVEY,ANIMALS & PRODUCTS,DAIRY,MILK,ALL CLASSES,ALL PRODUCTION PRACTICES,ALL UTILIZATION PRACTICES,PRODUCTION,LB / HEAD,"MILK - PRODUCTION, MEASURED IN LB / HEAD",TOTAL,NOT SPECIFIED,STATE,18,18,IN,INDIANA,,,,,,,,00000000,,,9000,UNITED STATES,INDIANA,2023,MONTHLY,06,06,JUN,,2025-02-21 15:00:00.000,"2,010",
SURVEY,ANIMALS & PRODUCTS,DAIRY,MILK,ALL CLASSES,ALL PRODUCTION PRACTICES,ALL UTILIZATION PRACTICES,PRODUCTION,LB / HEAD,"MILK - PRODUCTION, MEASURED IN LB / HEAD",TOTAL,NOT SPECIFIED,STATE,18,18,IN,INDIANA,,,,,,,,00000000,,,9000,UNITED STATES,INDIANA,2023,MONTHLY,07,07,JUL,,2025-02-21 15:00:00.000,"2,005",
SURVEY,ANIMALS & PRODUCTS,DAIRY,MILK,ALL CLASSES,ALL PRODUCTION PRACTICES,ALL UTILIZATION PRACTICES,PRODUCTION,LB / HEAD,"MILK - PRODUCTION, MEASURED IN LB / HEAD",TOTAL,NOT SPECIFIED,STATE,18,18,IN,INDIANA,,,,,,,,00000000,,,9000,UNITED STATES,INDIANA,2023,MONTHLY,08,08,AUG,,2025-02-21 15:00:00.000,"1,970",
SURVEY,ANIMALS & PRODUCTS,DAIRY,MILK,ALL CLASSES,ALL PRODUCTION PRACTICES,ALL UTILIZATION PRACTICES,PRODUCTION,LB / HEAD,"MILK - PRODUCTION, MEASURED IN LB / HEAD",TOTAL,NOT SPECIFIED,STATE,18,18,IN,INDIANA,,,,,,,,00000000,,,9000,UNITED STATES,INDIANA,2023,MONTHLY,09,09,SEP,,2025-02-21 15:00:00.000,"1,910",
SURVEY,ANIMALS & PRODUCTS,DAIRY,MILK,ALL CLASSES,ALL PRODUCTION PRACTICES,ALL UTILIZATION PRACTICES,PRODUCTION,LB / HEAD,"MILK - PRODUCTION, MEASURED IN LB / HEAD",TOTAL,NOT SPECIFIED,STATE,18,18,IN,INDIANA,,,,,,,,00000000,,,9000,UNITED STATES,INDIANA,2023,MONTHLY,10,10,OCT,,2025-02-21 15:00:00.000,"1,965",
SURVEY,ANIMALS & PRODUCTS,DAIRY,MILK,ALL CLASSES,ALL PRODUCTION PRACTICES,ALL UTILIZATION PRACTICES,PRODUCTION,LB / HEAD,"MILK - PRODUCTION, MEASURED IN LB / HEAD",TOTAL,NOT SPECIFIED,STATE,18,18,IN,INDIANA,,,,,,,,00000000,,,9000,UNITED STATES,INDIANA,2023,MONTHLY,11,11,NOV,,2025-02-21 15:00:00.000,"1,915",
SURVEY,ANIMALS & PRODUCTS,DAIRY,MILK,ALL CLASSES,ALL PRODUCTION PRACTICES,ALL UTILIZATION PRACTICES,PRODUCTION,LB / HEAD,"MILK - PRODUCTION, MEASURED IN LB / HEAD",TOTAL,NOT SPECIFIED,STATE,18,18,IN,INDIANA,,,,,,,,00000000,,,9000,UNITED STATES,INDIANA,2023,MONTHLY,12,12,DEC,,2025-02-21 15:00:00.000,"1,995",
SURVEY,ANIMALS & PRODUCTS,DAIRY,MILK,ALL CLASSES,ALL PRODUCTION PRACTICES,ALL UTILIZATION PRACTICES,PRODUCTION,LB / HEAD,"MILK - PRODUCTION, MEASURED IN LB / HEAD",TOTAL,NOT SPECIFIED,STATE,19,19,IA,IOWA,,,,,,,,00000000,,,9000,UNITED STATES,IOWA,2023,MONTHLY,01,01,JAN,,2025-02-21 15:00:00.000,"2,095",
SURVEY,ANIMALS & PRODUCTS,DAIRY,MILK,ALL CLASSES,ALL PRODUCTION PRACTICES,ALL UTILIZATION PRACTICES,PRODUCTION,LB / HEAD,"MILK - PRODUCTION, MEASURED IN LB / HEAD",TOTAL,NOT SPECIFIED,STATE,19,19,IA,IOWA,,,,,,,,00000000,,,9000,UNITED STATES,IOWA,2023,MONTHLY,02,02,FEB,,2025-02-21 15:00:00.000,"1,915",
SURVEY,ANIMALS & PRODUCTS,DAIRY,MILK,ALL CLASSES,ALL PRODUCTION PRACTICES,ALL UTILIZATION PRACTICES,PRODUCTION,LB / HEAD,"MILK - PRODUCTION, MEASURED IN LB / HEAD",TOTAL,NOT SPECIFIED,STATE,19,19,IA,IOWA,,,,,,,,00000000,,,9000,UNITED STATES,IOWA,2023,MONTHLY,03,03,MAR,,2025-02-21 15:00:00.000,"2,130",
SURVEY,ANIMALS & PRODUCTS,DAIRY,MILK,ALL CLASSES,ALL PRODUCTION PRACTICES,ALL UTILIZATION PRACTICES,PRODUCTION,LB / HEAD,"MILK - PRODUCTION, MEASURED IN LB / HEAD",TOTAL,NOT SPECIFIED,STATE,19,19,IA,IOWA,,,,,,,,00000000,,,9000,UNITED STATES,IOWA,2023,MONTHLY,04,04,APR,,2025-02-21 15:00:00.000,"2,065",
SURVEY,ANIMALS & PRODUCTS,DAIRY,MILK,ALL CLASSES,ALL PRODUCTION PRACTICES,ALL UTILIZATION PRACTICES,PRODUCTION,LB / HEAD,"MILK - PRODUCTION, MEASURED IN LB / HEAD",TOTAL,NOT SPECIFIED,STATE,19,19,IA,IOWA,,,,,,,,00000000,,,9000,UNITED STATES,IOWA,2023,MONTHLY,05,05,MAY,,2025-02-21 15:00:00.000,"2,135",
SURVEY,ANIMALS & PRODUCTS,DAIRY,MILK,ALL CLASSES,ALL PRODUCTION PRACTICES,ALL UTILIZATION PRACTICES,PRODUCTION,LB / HEAD,"MILK - PRODUCTION, MEASURED IN LB / HEAD",TOTAL,NOT SPECIFIED,STATE,19,19,IA,IOWA,,,,,,,,00000000,,,9000,UNITED STATES,IOWA,2023,MONTHLY,06,06,JUN,,2025-02-21 15:00:00.000,"2,070",
SURVEY,ANIMALS & PRODUCTS,DAIRY,MILK,ALL CLASSES,ALL PRODUCTION PRACTICES,ALL UTILIZATION PRACTICES,PRODUCTION,LB / HEAD,"MILK - PRODUCTION, MEASURED IN LB / HEAD",TOTAL,NOT SPECIFIED,STATE,19,19,IA,IOWA,,,,,,,,00000000,,,9000,UNITED STATES,IOWA,2023,MONTHLY,07,07,JUL,,2025-02-21 15:00:00.000,"2,100",
SURVEY,ANIMALS & PRODUCTS,DAIRY,MILK,ALL CLASSES,ALL PRODUCTION PRACTICES,ALL UTILIZATION PRACTICES,PRODUCTION,LB / HEAD,"MILK - PRODUCTION, MEASURED IN LB / HEAD",TOTAL,NOT SPECIFIED,STATE,19,19,IA,IOWA,,,,,,,,00000000,,,9000,UNITED STATES,IOWA,2023,MONTHLY,08,08,AUG,,2025-02-21 15:00:00.000,"2,065",
SURVEY,ANIMALS & PRODUCTS,DAIRY,MILK,ALL CLASSES,ALL PRODUCTION PRACTICES,ALL UTILIZATION PRACTICES,PRODUCTION,LB / HEAD,"MILK - PRODUCTION, MEASURED IN LB / HEAD",TOTAL,NOT SPECIFIED,STATE,19,19,IA,IOWA,,,,,,,,00000000,,,9000,UNITED STATES,IOWA,2023,MONTHLY,09,09,SEP,,2025-02-21 15:00:00.000,"2,010",
SURVEY,ANIMALS & PRODUCTS,DAIRY,MILK,ALL CLASSES,ALL PRODUCTION PRACTICES,ALL UTILIZATION PRACTICES,PRODUCTION,LB / HEAD,"MILK - PRODUCTION, MEASURED IN LB / HEAD",TOTAL,NOT SPECIFIED,STATE,19,19,IA,IOWA,,,,,,,,00000000,,,9000,UNITED STATES,IOWA,2023,MONTHLY,10,10,OCT,,2025-02-21 15:00:00.000,"2,060",
SURVEY,ANIMALS & PRODUCTS,DAIRY,MILK,ALL CLASSES,ALL PRODUCTION PRACTICES,ALL UTILIZATION PRACTICES,PRODUCTION,LB / HEAD,"MILK - PRODUCTION, MEASURED IN LB / HEAD",TOTAL,NOT SPECIFIED,STATE,19,19,IA,IOWA,,,,,,,,00000000,,,9000,UNITED STATES,IOWA,2023,MONTHLY,11,11,NOV,,2025-02-21 15:00:00.000,"1,990",
SURVEY,ANIMALS & PRODUCTS,DAIRY,MILK,ALL CLASSES,ALL PRODUCTION PRACTICES,ALL UTILIZATION PRACTICES,PRODUCTION,LB / HEAD,"MILK - PRODUCTION, MEASURED IN LB / HEAD",TOTAL,NOT SPECIFIED,STATE,19,19,IA,IOWA,,,,,,,,00000000,,,9000,UNITED STATES,IOWA,2023,MONTHLY,12,12,DEC,,2025-02-21 15:00:00.000,"2,060",
SURVEY,ANIMALS & PRODUCTS,DAIRY,MILK,ALL CLASSES,ALL PRODUCTION PRACTICES,ALL UTILIZATION PRACTICES,PRODUCTION,LB / HEAD,"MILK - PRODUCTION, MEASURED IN LB / HEAD",TOTAL,NOT SPECIFIED,STATE,20,20,KS,KANSAS,,,,,,,,00000000,,,9000,UNITED STATES,KANSAS,2023,MONTHLY,01,01,JAN,,2025-02-21 15:00:00.000,"2,040",
SURVEY,ANIMALS & PRODUCTS,DAIRY,MILK,ALL CLASSES,ALL PRODUCTION PRACTICES,ALL UTILIZATION PRACTICES,PRODUCTION,LB / HEAD,"MILK - PRODUCTION, MEASURED IN LB / HEAD",TOTAL,NOT SPECIFIED,STATE,20,20,KS,KANSAS,,,,,,,,00000000,,,9000,UNITED STATES,KANSAS,2023,MONTHLY,02,02,FEB,,2025-02-21 15:00:00.000,"1,850",
SURVEY,ANIMALS & PRODUCTS,DAIRY,MILK,ALL CLASSES,ALL PRODUCTION PRACTICES,ALL UTILIZATION PRACTICES,PRODUCTION,LB / HEAD,"MILK - PRODUCTION, MEASURED IN LB / HEAD",TOTAL,NOT SPECIFIED,STATE,20,20,KS,KANSAS,,,,,,,,00000000,,,9000,UNITED STATES,KANSAS,2023,MONTHLY,03,03,MAR,,2025-02-21 15:00:00.000,"2,065",
SURVEY,ANIMALS & PRODUCTS,DAIRY,MILK,ALL CLASSES,ALL PRODUCTION PRACTICES,ALL UTILIZATION PRACTICES,PRODUCTION,LB / HEAD,"MILK - PRODUCTION, MEASURED IN LB / HEAD",TOTAL,NOT SPECIFIED,STATE,20,20,KS,KANSAS,,,,,,,,00000000,,,9000,UNITED STATES,KANSAS,2023,MONTHLY,04,04,APR,,2025-02-21 15:00:00.000,"2,000",
SURVEY,ANIMALS & PRODUCTS,DAIRY,MILK,ALL CLASSES,ALL PRODUCTION PRACTICES,ALL UTILIZATION PRACTICES,PRODUCTION,LB / HEAD,"MILK - PRODUCTION, MEASURED IN LB / HEAD",TOTAL,NOT SPECIFIED,STATE,20,20,KS,KANSAS,,,,,,,,00000000,,,9000,UNITED STATES,KANSAS,2023,MONTHLY,05,05,MAY,,2025-02-21 15:00:00.000,"2,055",
SURVEY,ANIMALS & PRODUCTS,DAIRY,MILK,ALL CLASSES,ALL PRODUCTION PRACTICES,ALL UTILIZATION PRACTICES,PRODUCTION,LB / HEAD,"MILK - PRODUCTION, MEASURED IN LB / HEAD",TOTAL,NOT SPECIFIED,STATE,20,20,KS,KANSAS,,,,,,,,00000000,,,9000,UNITED STATES,KANSAS,2023,MONTHLY,06,06,JUN,,2025-02-21 15:00:00.000,"1,955",
SURVEY,ANIMALS & PRODUCTS,DAIRY,MILK,ALL CLASSES,ALL PRODUCTION PRACTICES,ALL UTILIZATION PRACTICES,PRODUCTION,LB / HEAD,"MILK - PRODUCTION, MEASURED IN LB / HEAD",TOTAL,NOT SPECIFIED,STATE,20,20,KS,KANSAS,,,,,,,,00000000,,,9000,UNITED STATES,KANSAS,2023,MONTHLY,07,07,JUL,,2025-02-21 15:00:00.000,"1,985",
SURVEY,ANIMALS & PRODUCTS,DAIRY,MILK,ALL CLASSES,ALL PRODUCTION PRACTICES,ALL UTILIZATION PRACTICES,PRODUCTION,LB / HEAD,"MILK - PRODUCTION, MEASURED IN LB / HEAD",TOTAL,NOT SPECIFIED,STATE,20,20,KS,KANSAS,,,,,,,,00000000,,,9000,UNITED STATES,KANSAS,2023,MONTHLY,08,08,AUG,,2025-02-21 15:00:00.000,"1,970",
SURVEY,ANIMALS & PRODUCTS,DAIRY,MILK,ALL CLASSES,ALL PRODUCTION PRACTICES,ALL UTILIZATION PRACTICES,PRODUCTION,LB / HEAD,"MILK - PRODUCTION, MEASURED IN LB / HEAD",TOTAL,NOT SPECIFIED,STATE,20,20,KS,KANSAS,,,,,,,,00000000,,,9000,UNITED STATES,KANSAS,2023,MONTHLY,09,09,SEP,,2025-02-21 15:00:00.000,"1,955",
SURVEY,ANIMALS & PRODUCTS,DAIRY,MILK,ALL CLASSES,ALL PRODUCTION PRACTICES,ALL UTILIZATION PRACTICES,PRODUCTION,LB / HEAD,"MILK - PRODUCTION, MEASURED IN LB / HEAD",TOTAL,NOT SPECIFIED,STATE,20,20,KS,KANSAS,,,,,,,,00000000,,,9000,UNITED STATES,KANSAS,2023,MONTHLY,10,10,OCT,,2025-02-21 15:00:00.000,"2,015",
SURVEY,ANIMALS & PRODUCTS,DAIRY,MILK,ALL CLASSES,ALL PRODUCTION PRACTICES,ALL UTILIZATION PRACTICES,PRODUCTION,LB / HEAD,"MILK - PRODUCTION, MEASURED IN LB / HEAD",TOTAL,NOT SPECIFIED,STATE,20,20,KS,KANSAS,,,,,,,,00000000,,,9000,UNITED STATES,KANSAS,2023,MONTHLY,11,11,NOV,,2025-02-21 15:00:00.000,"1,945",
SURVEY,ANIMALS & PRODUCTS,DAIRY,MILK,ALL CLASSES,ALL PRODUCTION PRACTICES,ALL UTILIZATION PRACTICES,PRODUCTION,LB / HEAD,"MILK - PRODUCTION, MEASURED IN LB / HEAD",TOTAL,NOT SPECIFIED,STATE,20,20,KS,KANSAS,,,,,,,,00000000,,,9000,UNITED STATES,KANSAS,2023,MONTHLY,12,12,DEC,,2025-02-21 15:00:00.000,"1,990",
SURVEY,ANIMALS & PRODUCTS,DAIRY,MILK,ALL CLASSES,ALL PRODUCTION PRACTICES,ALL UTILIZATION PRACTICES,PRODUCTION,LB / HEAD,"MILK - PRODUCTION, MEASURED IN LB / HEAD",TOTAL,NOT SPECIFIED,STATE,26,26,MI,MICHIGAN,,,,,,,,00000000,,,9000,UNITED STATES,MICHIGAN,2023,MONTHLY,01,01,JAN,,2025-02-21 15:00:00.000,"2,345",
SURVEY,ANIMALS & PRODUCTS,DAIRY,MILK,ALL CLASSES,ALL PRODUCTION PRACTICES,ALL UTILIZATION PRACTICES,PRODUCTION,LB / HEAD,"MILK - PRODUCTION, MEASURED IN LB / HEAD",TOTAL,NOT SPECIFIED,STATE,26,26,MI,MICHIGAN,,,,,,,,00000000,,,9000,UNITED STATES,MICHIGAN,2023,MONTHLY,02,02,FEB,,2025-02-21 15:00:00.000,"2,135",
SURVEY,ANIMALS & PRODUCTS,DAIRY,MILK,ALL CLASSES,ALL PRODUCTION PRACTICES,ALL UTILIZATION PRACTICES,PRODUCTION,LB / HEAD,"MILK - PRODUCTION, MEASURED IN LB / HEAD",TOTAL,NOT SPECIFIED,STATE,26,26,MI,MICHIGAN,,,,,,,,00000000,,,9000,UNITED STATES,MICHIGAN,2023,MONTHLY,03,03,MAR,,2025-02-21 15:00:00.000,"2,380",
SURVEY,ANIMALS & PRODUCTS,DAIRY,MILK,ALL CLASSES,ALL PRODUCTION PRACTICES,ALL UTILIZATION PRACTICES,PRODUCTION,LB / HEAD,"MILK - PRODUCTION, MEASURED IN LB / HEAD",TOTAL,NOT SPECIFIED,STATE,26,26,MI,MICHIGAN,,,,,,,,00000000,,,9000,UNITED STATES,MICHIGAN,2023,MONTHLY,04,04,APR,,2025-02-21 15:00:00.000,"2,310",
SURVEY,ANIMALS & PRODUCTS,DAIRY,MILK,ALL CLASSES,ALL PRODUCTION PRACTICES,ALL UTILIZATION PRACTICES,PRODUCTION,LB / HEAD,"MILK - PRODUCTION, MEASURED IN LB / HEAD",TOTAL,NOT SPECIFIED,STATE,26,26,MI,MICHIGAN,,,,,,,,00000000,,,9000,UNITED STATES,MICHIGAN,2023,MONTHLY,05,05,MAY,,2025-02-21 15:00:00.000,"2,400",
SURVEY,ANIMALS & PRODUCTS,DAIRY,MILK,ALL CLASSES,ALL PRODUCTION PRACTICES,ALL UTILIZATION PRACTICES,PRODUCTION,LB / HEAD,"MILK - PRODUCTION, MEASURED IN LB / HEAD",TOTAL,NOT SPECIFIED,STATE,26,26,MI,MICHIGAN,,,,,,,,00000000,,,9000,UNITED STATES,MICHIGAN,2023,MONTHLY,06,06,JUN,,2025-02-21 15:00:00.000,"2,310",
SURVEY,ANIMALS & PRODUCTS,DAIRY,MILK,ALL CLASSES,ALL PRODUCTION PRACTICES,ALL UTILIZATION PRACTICES,PRODUCTION,LB / HEAD,"MILK - PRODUCTION, MEASURED IN LB / HEAD",TOTAL,NOT SPECIFIED,STATE,26,26,MI,MICHIGAN,,,,,,,,00000000,,,9000,UNITED STATES,MICHIGAN,2023,MONTHLY,07,07,JUL,,2025-02-21 15:00:00.000,"2,360",
SURVEY,ANIMALS & PRODUCTS,DAIRY,MILK,ALL CLASSES,ALL PRODUCTION PRACTICES,ALL UTILIZATION PRACTICES,PRODUCTION,LB / HEAD,"MILK - PRODUCTION, MEASURED IN LB / HEAD",TOTAL,NOT SPECIFIED,STATE,26,26,MI,MICHIGAN,,,,,,,,00000000,,,9000,UNITED STATES,MICHIGAN,2023,MONTHLY,08,08,AUG,,2025-02-21 15:00:00.000,"2,330",
SURVEY,ANIMALS & PRODUCTS,DAIRY,MILK,ALL CLASSES,ALL PRODUCTION PRACTICES,ALL UTILIZATION PRACTICES,PRODUCTION,LB / HEAD,"MILK - PRODUCTION, MEASURED IN LB / HEAD",TOTAL,NOT SPECIFIED,STATE,26,26,MI,MICHIGAN,,,,,,,,00000000,,,9000,UNITED STATES,MICHIGAN,2023,MONTHLY,09,09,SEP,,2025-02-21 15:00:00.000,"2,225",
SURVEY,ANIMALS & PRODUCTS,DAIRY,MILK,ALL CLASSES,ALL PRODUCTION PRACTICES,ALL UTILIZATION PRACTICES,PRODUCTION,LB / HEAD,"MILK - PRODUCTION, MEASURED IN LB / HEAD",TOTAL,NOT SPECIFIED,STATE,26,26,MI,MICHIGAN,,,,,,,,00000000,,,9000,UNITED STATES,MICHIGAN,2023,MONTHLY,10,10,OCT,,2025-02-21 15:00:00.000,"2,285",
SURVEY,ANIMALS & PRODUCTS,DAIRY,MILK,ALL CLASSES,ALL PRODUCTION PRACTICES,ALL UTILIZATION PRACTICES,PRODUCTION,LB / HEAD,"MILK - PRODUCTION, MEASURED IN LB / HEAD",TOTAL,NOT SPECIFIED,STATE,26,26,MI,MICHIGAN,,,,,,,,00000000,,,9000,UNITED STATES,MICHIGAN,2023,MONTHLY,11,11,NOV,,2025-02-21 15:00:00.000,"2,195",
SURVEY,ANIMALS & PRODUCTS,DAIRY,MILK,ALL CLASSES,ALL PRODUCTION PRACTICES,ALL UTILIZATION PRACTICES,PRODUCTION,LB / HEAD,"MILK - PRODUCTION, MEASURED IN LB / HEAD",TOTAL,NOT SPECIFIED,STATE,26,26,MI,MICHIGAN,,,,,,,,00000000,,,9000,UNITED STATES,MICHIGAN,2023,MONTHLY,12,12,DEC,,2025-02-21 15:00:00.000,"2,285",
SURVEY,ANIMALS & PRODUCTS,DAIRY,MILK,ALL CLASSES,ALL PRODUCTION PRACTICES,ALL UTILIZATION PRACTICES,PRODUCTION,LB / HEAD,"MILK - PRODUCTION, MEASURED IN LB / HEAD",TOTAL,NOT SPECIFIED,STATE,27,27,MN,MINNESOTA,,,,,,,,00000000,,,9000,UNITED STATES,MINNESOTA,2023,MONTHLY,01,01,JAN,,2025-02-21 15:00:00.000,"1,970",
SURVEY,ANIMALS & PRODUCTS,DAIRY,MILK,ALL CLASSES,ALL PRODUCTION PRACTICES,ALL UTILIZATION PRACTICES,PRODUCTION,LB / HEAD,"MILK - PRODUCTION, MEASURED IN LB / HEAD",TOTAL,NOT SPECIFIED,STATE,27,27,MN,MINNESOTA,,,,,,,,00000000,,,9000,UNITED STATES,MINNESOTA,2023,MONTHLY,02,02,FEB,,2025-02-21 15:00:00.000,"1,795",
SURVEY,ANIMALS & PRODUCTS,DAIRY,MILK,ALL CLASSES,ALL PRODUCTION PRACTICES,ALL UTILIZATION PRACTICES,PRODUCTION,LB / HEAD,"MILK - PRODUCTION, MEASURED IN LB / HEAD",TOTAL,NOT SPECIFIED,STATE,27,27,MN,MINNESOTA,,,,,,,,00000000,,,9000,UNITED STATES,MINNESOTA,2023,MONTHLY,03,03,MAR,,2025-02-21 15:00:00.000,"1,990",
SURVEY,ANIMALS & PRODUCTS,DAIRY,MILK,ALL CLASSES,ALL PRODUCTION PRACTICES,ALL UTILIZATION PRACTICES,PRODUCTION,LB / HEAD,"MILK - PRODUCTION, MEASURED IN LB / HEAD",TOTAL,NOT SPECIFIED,STATE,27,27,MN,MINNESOTA,,,,,,,,00000000,,,9000,UNITED STATES,MINNESOTA,2023,MONTHLY,04,04,APR,,2025-02-21 15:00:00.000,"1,925",
SURVEY,ANIMALS & PRODUCTS,DAIRY,MILK,ALL CLASSES,ALL PRODUCTION PRACTICES,ALL UTILIZATION PRACTICES,PRODUCTION,LB / HEAD,"MILK - PRODUCTION, MEASURED IN LB / HEAD",TOTAL,NOT SPECIFIED,STATE,27,27,MN,MINNESOTA,,,,,,,,00000000,,,9000,UNITED STATES,MINNESOTA,2023,MONTHLY,05,05,MAY,,2025-02-21 15:00:00.000,"1,995",
SURVEY,ANIMALS & PRODUCTS,DAIRY,MILK,ALL CLASSES,ALL PRODUCTION PRACTICES,ALL UTILIZATION PRACTICES,PRODUCTION,LB / HEAD,"MILK - PRODUCTION, MEASURED IN LB / HEAD",TOTAL,NOT SPECIFIED,STATE,27,27,MN,MINNESOTA,,,,,,,,00000000,,,9000,UNITED STATES,MINNESOTA,2023,MONTHLY,06,06,JUN,,2025-02-21 15:00:00.000,"1,945",
SURVEY,ANIMALS & PRODUCTS,DAIRY,MILK,ALL CLASSES,ALL PRODUCTION PRACTICES,ALL UTILIZATION PRACTICES,PRODUCTION,LB / HEAD,"MILK - PRODUCTION, MEASURED IN LB / HEAD",TOTAL,NOT SPECIFIED,STATE,27,27,MN,MINNESOTA,,,,,,,,00000000,,,9000,UNITED STATES,MINNESOTA,2023,MONTHLY,07,07,JUL,,2025-02-21 15:00:00.000,"2,000",
SURVEY,ANIMALS & PRODUCTS,DAIRY,MILK,ALL CLASSES,ALL PRODUCTION PRACTICES,ALL UTILIZATION PRACTICES,PRODUCTION,LB / HEAD,"MILK - PRODUCTION, MEASURED IN LB / HEAD",TOTAL,NOT SPECIFIED,STATE,27,27,MN,MINNESOTA,,,,,,,,00000000,,,9000,UNITED STATES,MINNESOTA,2023,MONTHLY,08,08,AUG,,2025-02-21 15:00:00.000,"1,970",
SURVEY,ANIMALS & PRODUCTS,DAIRY,MILK,ALL CLASSES,ALL PRODUCTION PRACTICES,ALL UTILIZATION PRACTICES,PRODUCTION,LB / HEAD,"MILK - PRODUCTION, MEASURED IN LB / HEAD",TOTAL,NOT SPECIFIED,STATE,27,27,MN,MINNESOTA,,,,,,,,00000000,,,9000,UNITED STATES,MINNESOTA,2023,MONTHLY,09,09,SEP,,2025-02-21 15:00:00.000,"1,905",
SURVEY,ANIMALS & PRODUCTS,DAIRY,MILK,ALL CLASSES,ALL PRODUCTION PRACTICES,ALL UTILIZATION PRACTICES,PRODUCTION,LB / HEAD,"MILK - PRODUCTION, MEASURED IN LB / HEAD",TOTAL,NOT SPECIFIED,STATE,27,27,MN,MINNESOTA,,,,,,,,00000000,,,9000,UNITED STATES,MINNESOTA,2023,MONTHLY,10,10,OCT,,2025-02-21 15:00:00.000,"1,935",
SURVEY,ANIMALS & PRODUCTS,DAIRY,MILK,ALL CLASSES,ALL PRODUCTION PRACTICES,ALL UTILIZATION PRACTICES,PRODUCTION,LB / HEAD,"MILK - PRODUCTION, MEASURED IN LB / HEAD",TOTAL,NOT SPECIFIED,STATE,27,27,MN,MINNESOTA,,,,,,,,00000000,,,9000,UNITED STATES,MINNESOTA,2023,MONTHLY,11,11,NOV,,2025-02-21 15:00:00.000,"1,855",
SURVEY,ANIMALS & PRODUCTS,DAIRY,MILK,ALL CLASSES,ALL PRODUCTION PRACTICES,ALL UTILIZATION PRACTICES,PRODUCTION,LB / HEAD,"MILK - PRODUCTION, MEASURED IN LB / HEAD",TOTAL,NOT SPECIFIED,STATE,27,27,MN,MINNESOTA,,,,,,,,00000000,,,9000,UNITED STATES,MINNESOTA,2023,MONTHLY,12,12,DEC,,2025-02-21 15:00:00.000,"1,930",
SURVEY,ANIMALS & PRODUCTS,DAIRY,MILK,ALL CLASSES,ALL PRODUCTION PRACTICES,ALL UTILIZATION PRACTICES,PRODUCTION,LB / HEAD,"MILK - PRODUCTION, MEASURED IN LB / HEAD",TOTAL,NOT SPECIFIED,STATE,35,35,NM,NEW MEXICO,,,,,,,,00000000,,,9000,UNITED STATES,NEW MEXICO,2023,MONTHLY,01,01,JAN,,2025-02-21 15:00:00.000,"2,155",
SURVEY,ANIMALS & PRODUCTS,DAIRY,MILK,ALL CLASSES,ALL PRODUCTION PRACTICES,ALL UTILIZATION PRACTICES,PRODUCTION,LB / HEAD,"MILK - PRODUCTION, MEASURED IN LB / HEAD",TOTAL,NOT SPECIFIED,STATE,35,35,NM,NEW MEXICO,,,,,,,,00000000,,,9000,UNITED STATES,NEW MEXICO,2023,MONTHLY,02,02,FEB,,2025-02-21 15:00:00.000,"1,955",
SURVEY,ANIMALS & PRODUCTS,DAIRY,MILK,ALL CLASSES,ALL PRODUCTION PRACTICES,ALL UTILIZATION PRACTICES,PRODUCTION,LB / HEAD,"MILK - PRODUCTION, MEASURED IN LB / HEAD",TOTAL,NOT SPECIFIED,STATE,35,35,NM,NEW MEXICO,,,,,,,,00000000,,,9000,UNITED STATES,NEW MEXICO,2023,MONTHLY,03,03,MAR,,2025-02-21 15:00:00.000,"2,220",
SURVEY,ANIMALS & PRODUCTS,DAIRY,MILK,ALL CLASSES,ALL PRODUCTION PRACTICES,ALL UTILIZATION PRACTICES,PRODUCTION,LB / HEAD,"MILK - PRODUCTION, MEASURED IN LB / HEAD",TOTAL,NOT SPECIFIED,STATE,35,35,NM,NEW MEXICO,,,,,,,,00000000,,,9000,UNITED STATES,NEW MEXICO,2023,MONTHLY,04,04,APR,,2025-02-21 15:00:00.000,"2,135",
SURVEY,ANIMALS & PRODUCTS,DAIRY,MILK,ALL CLASSES,ALL PRODUCTION PRACTICES,ALL UTILIZATION PRACTICES,PRODUCTION,LB / HEAD,"MILK - PRODUCTION, MEASURED IN LB / HEAD",TOTAL,NOT SPECIFIED,STATE,35,35,NM,NEW MEXICO,,,,,,,,00000000,,,9000,UNITED STATES,NEW MEXICO,2023,MONTHLY,05,05,MAY,,2025-02-21 15:00:00.000,"2,160",
SURVEY,ANIMALS & PRODUCTS,DAIRY,MILK,ALL CLASSES,ALL PRODUCTION PRACTICES,ALL UTILIZATION PRACTICES,PRODUCTION,LB / HEAD,"MILK - PRODUCTION, MEASURED IN LB / HEAD",TOTAL,NOT SPECIFIED,STATE,35,35,NM,NEW MEXICO,,,,,,,,00000000,,,9000,UNITED STATES,NEW MEXICO,2023,MONTHLY,06,06,JUN,,2025-02-21 15:00:00.000,"2,000",
SURVEY,ANIMALS & PRODUCTS,DAIRY,MILK,ALL CLASSES,ALL PRODUCTION PRACTICES,ALL UTILIZATION PRACTICES,PRODUCTION,LB / HEAD,"MILK - PRODUCTION, MEASURED IN LB / HEAD",TOTAL,NOT SPECIFIED,STATE,35,35,NM,NEW MEXICO,,,,,,,,00000000,,,9000,UNITED STATES,NEW MEXICO,2023,MONTHLY,07,07,JUL,,2025-02-21 15:00:00.000,"1,995",
SURVEY,ANIMALS & PRODUCTS,DAIRY,MILK,ALL CLASSES,ALL PRODUCTION PRACTICES,ALL UTILIZATION PRACTICES,PRODUCTION,LB / HEAD,"MILK - PRODUCTION, MEASURED IN LB / HEAD",TOTAL,NOT SPECIFIED,STATE,35,35,NM,NEW MEXICO,,,,,,,,00000000,,,9000,UNITED STATES,NEW MEXICO,2023,MONTHLY,08,08,AUG,,2025-02-21 15:00:00.000,"2,005",
SURVEY,ANIMALS & PRODUCTS,DAIRY,MILK,ALL CLASSES,ALL PRODUCTION PRACTICES,ALL UTILIZATION PRACTICES,PRODUCTION,LB / HEAD,"MILK - PRODUCTION, MEASURED IN LB / HEAD",TOTAL,NOT SPECIFIED,STATE,35,35,NM,NEW MEXICO,,,,,,,,00000000,,,9000,UNITED STATES,NEW MEXICO,2023,MONTHLY,09,09,SEP,,2025-02-21 15:00:00.000,"1,960",
SURVEY,ANIMALS & PRODUCTS,DAIRY,MILK,ALL CLASSES,ALL PRODUCTION PRACTICES,ALL UTILIZATION PRACTICES,PRODUCTION,LB / HEAD,"MILK - PRODUCTION, MEASURED IN LB / HEAD",TOTAL,NOT SPECIFIED,STATE,35,35,NM,NEW MEXICO,,,,,,,,00000000,,,9000,UNITED STATES,NEW MEXICO,2023,MONTHLY,10,10,OCT,,2025-02-21 15:00:00.000,"2,000",
SURVEY,ANIMALS & PRODUCTS,DAIRY,MILK,ALL CLASSES,ALL PRODUCTION PRACTICES,ALL UTILIZATION PRACTICES,PRODUCTION,LB / HEAD,"MILK - PRODUCTION, MEASURED IN LB / HEAD",TOTAL,NOT SPECIFIED,STATE,35,35,NM,NEW MEXICO,,,,,,,,00000000,,,9000,UNITED STATES,NEW MEXICO,2023,MONTHLY,11,11,NOV,,2025-02-21 15:00:00.000,"1,950",
SURVEY,ANIMALS & PRODUCTS,DAIRY,MILK,ALL CLASSES,ALL PRODUCTION PRACTICES,ALL UTILIZATION PRACTICES,PRODUCTION,LB / HEAD,"MILK - PRODUCTION, MEASURED IN LB / HEAD",TOTAL,NOT SPECIFIED,STATE,35,35,NM,NEW MEXICO,,,,,,,,00000000,,,9000,UNITED STATES,NEW MEXICO,2023,MONTHLY,12,12,DEC,,2025-02-21 15:00:00.000,"2,045",
SURVEY,ANIMALS & PRODUCTS,DAIRY,MILK,ALL CLASSES,ALL PRODUCTION PRACTICES,ALL UTILIZATION PRACTICES,PRODUCTION,LB / HEAD,"MILK - PRODUCTION, MEASURED IN LB / HEAD",TOTAL,NOT SPECIFIED,STATE,36,36,NY,NEW YORK,,,,,,,,00000000,,,9000,UNITED STATES,NEW YORK,2023,MONTHLY,01,01,JAN,,2025-02-21 15:00:00.000,"2,135",
SURVEY,ANIMALS & PRODUCTS,DAIRY,MILK,ALL CLASSES,ALL PRODUCTION PRACTICES,ALL UTILIZATION PRACTICES,PRODUCTION,LB / HEAD,"MILK - PRODUCTION, MEASURED IN LB / HEAD",TOTAL,NOT SPECIFIED,STATE,36,36,NY,NEW YORK,,,,,,,,00000000,,,9000,UNITED STATES,NEW YORK,2023,MONTHLY,02,02,FEB,,2025-02-21 15:00:00.000,"1,950",
SURVEY,ANIMALS & PRODUCTS,DAIRY,MILK,ALL CLASSES,ALL PRODUCTION PRACTICES,ALL UTILIZATION PRACTICES,PRODUCTION,LB / HEAD,"MILK - PRODUCTION, MEASURED IN LB / HEAD",TOTAL,NOT SPECIFIED,STATE,36,36,NY,NEW YORK,,,,,,,,00000000,,,9000,UNITED STATES,NEW YORK,2023,MONTHLY,03,03,MAR,,2025-02-21 15:00:00.000,"2,170",
SURVEY,ANIMALS & PRODUCTS,DAIRY,MILK,ALL CLASSES,ALL PRODUCTION PRACTICES,ALL UTILIZATION PRACTICES,PRODUCTION,LB / HEAD,"MILK - PRODUCTION, MEASURED IN LB / HEAD",TOTAL,NOT SPECIFIED,STATE,36,36,NY,NEW YORK,,,,,,,,00000000,,,9000,UNITED STATES,NEW YORK,2023,MONTHLY,04,04,APR,,2025-02-21 15:00:00.000,"2,130",
SURVEY,ANIMALS & PRODUCTS,DAIRY,MILK,ALL CLASSES,ALL PRODUCTION PRACTICES,ALL UTILIZATION PRACTICES,PRODUCTION,LB / HEAD,"MILK - PRODUCTION, MEASURED IN LB / HEAD",TOTAL,NOT SPECIFIED,STATE,36,36,NY,NEW YORK,,,,,,,,00000000,,,9000,UNITED STATES,NEW YORK,2023,MONTHLY,05,05,MAY,,2025-02-21 15:00:00.000,"2,230",
SURVEY,ANIMALS & PRODUCTS,DAIRY,MILK,ALL CLASSES,ALL PRODUCTION PRACTICES,ALL UTILIZATION PRACTICES,PRODUCTION,LB / HEAD,"MILK - PRODUCTION, MEASURED IN LB / HEAD",TOTAL,NOT SPECIFIED,STATE,36,36,NY,NEW YORK,,,,,,,,00000000,,,9000,UNITED STATES,NEW YORK,2023,MONTHLY,06,06,JUN,,2025-02-21 15:00:00.000,"2,155",
SURVEY,ANIMALS & PRODUCTS,DAIRY,MILK,ALL CLASSES,ALL PRODUCTION PRACTICES,ALL UTILIZATION PRACTICES,PRODUCTION,LB / HEAD,"MILK - PRODUCTION, MEASURED IN LB / HEAD",TOTAL,NOT SPECIFIED,STATE,36,36,NY,NEW YORK,,,,,,,,00000000,,,9000,UNITED STATES,NEW YORK,2023,MONTHLY,07,07,JUL,,2025-02-21 15:00:00.000,"2,190",
SURVEY,ANIMALS & PRODUCTS,DAIRY,MILK,ALL CLASSES,ALL PRODUCTION PRACTICES,ALL UTILIZATION PRACTICES,PRODUCTION,LB / HEAD,"MILK - PRODUCTION, MEASURED IN LB / HEAD",TOTAL,NOT SPECIFIED,STATE,36,36,NY,NEW YORK,,,,,,,,00000000,,,9000,UNITED STATES,NEW YORK,2023,MONTHLY,08,08,AUG,,2025-02-21 15:00:00.000,"2,185",
SURVEY,ANIMALS & PRODUCTS,DAIRY,MILK,ALL CLASSES,ALL PRODUCTION PRACTICES,ALL UTILIZATION PRACTICES,PRODUCTION,LB / HEAD,"MILK - PRODUCTION, MEASURED IN LB / HEAD",TOTAL,NOT SPECIFIED,STATE,36,36,NY,NEW YORK,,,,,,,,00000000,,,9000,UNITED STATES,NEW YORK,2023,MONTHLY,09,09,SEP,,2025-02-21 15:00:00.000,"2,070",
SURVEY,ANIMALS & PRODUCTS,DAIRY,MILK,ALL CLASSES,ALL PRODUCTION PRACTICES,ALL UTILIZATION PRACTICES,PRODUCTION,LB / HEAD,"MILK - PRODUCTION, MEASURED IN LB / HEAD",TOTAL,NOT SPECIFIED,STATE,36,36,NY,NEW YORK,,,,,,,,00000000,,,9000,UNITED STATES,NEW YORK,2023,MONTHLY,10,10,OCT,,2025-02-21 15:00:00.000,"2,125",
SURVEY,ANIMALS & PRODUCTS,DAIRY,MILK,ALL CLASSES,ALL PRODUCTION PRACTICES,ALL UTILIZATION PRACTICES,PRODUCTION,LB / HEAD,"MILK - PRODUCTION, MEASURED IN LB / HEAD",TOTAL,NOT SPECIFIED,STATE,36,36,NY,NEW YORK,,,,,,,,00000000,,,9000,UNITED STATES,NEW YORK,2023,MONTHLY,11,11,NOV,,2025-02-21 15:00:00.000,"2,040",
SURVEY,ANIMALS & PRODUCTS,DAIRY,MILK,ALL CLASSES,ALL PRODUCTION PRACTICES,ALL UTILIZATION PRACTICES,PRODUCTION,LB / HEAD,"MILK - PRODUCTION, MEASURED IN LB / HEAD",TOTAL,NOT SPECIFIED,STATE,36,36,NY,NEW YORK,,,,,,,,00000000,,,9000,UNITED STATES,NEW YORK,2023,MONTHLY,12,12,DEC,,2025-02-21 15:00:00.000,"2,110",
SURVEY,ANIMALS & PRODUCTS,DAIRY,MILK,ALL CLASSES,ALL PRODUCTION PRACTICES,ALL UTILIZATION PRACTICES,PRODUCTION,LB / HEAD,"MILK - PRODUCTION, MEASURED IN LB / HEAD",TOTAL,NOT SPECIFIED,STATE,39,39,OH,OHIO,,,,,,,,00000000,,,9000,UNITED STATES,OHIO,2023,MONTHLY,01,01,JAN,,2025-02-21 15:00:00.000,"1,885",
SURVEY,ANIMALS & PRODUCTS,DAIRY,MILK,ALL CLASSES,ALL PRODUCTION PRACTICES,ALL UTILIZATION PRACTICES,PRODUCTION,LB / HEAD,"MILK - PRODUCTION, MEASURED IN LB / HEAD",TOTAL,NOT SPECIFIED,STATE,39,39,OH,OHIO,,,,,,,,00000000,,,9000,UNITED STATES,OHIO,2023,MONTHLY,02,02,FEB,,2025-02-21 15:00:00.000,"1,730",
SURVEY,ANIMALS & PRODUCTS,DAIRY,MILK,ALL CLASSES,ALL PRODUCTION PRACTICES,ALL UTILIZATION PRACTICES,PRODUCTION,LB / HEAD,"MILK - PRODUCTION, MEASURED IN LB / HEAD",TOTAL,NOT SPECIFIED,STATE,39,39,OH,OHIO,,,,,,,,00000000,,,9000,UNITED STATES,OHIO,2023,MONTHLY,03,03,MAR,,2025-02-21 15:00:00.000,"1,945",
SURVEY,ANIMALS & PRODUCTS,DAIRY,MILK,ALL CLASSES,ALL PRODUCTION PRACTICES,ALL UTILIZATION PRACTICES,PRODUCTION,LB / HEAD,"MILK - PRODUCTION, MEASURED IN LB / HEAD",TOTAL,NOT SPECIFIED,STATE,39,39,OH,OHIO,,,,,,,,00000000,,,9000,UNITED STATES,OHIO,2023,MONTHLY,04,04,APR,,2025-02-21 15:00:00.000,"1,875",
SURVEY,ANIMALS & PRODUCTS,DAIRY,MILK,ALL CLASSES,ALL PRODUCTION PRACTICES,ALL UTILIZATION PRACTICES,PRODUCTION,LB / HEAD,"MILK - PRODUCTION, MEASURED IN LB / HEAD",TOTAL,NOT SPECIFIED,STATE,39,39,OH,OHIO,,,,,,,,00000000,,,9000,UNITED STATES,OHIO,2023,MONTHLY,05,05,MAY,,2025-02-21 15:00:00.000,"1,945",
SURVEY,ANIMALS & PRODUCTS,DAIRY,MILK,ALL CLASSES,ALL PRODUCTION PRACTICES,ALL UTILIZATION PRACTICES,PRODUCTION,LB / HEAD,"MILK - PRODUCTION, MEASURED IN LB / HEAD",TOTAL,NOT SPECIFIED,STATE,39,39,OH,OHIO,,,,,,,,00000000,,,9000,UNITED STATES,OHIO,2023,MONTHLY,06,06,JUN,,2025-02-21 15:00:00.000,"1,875",
SURVEY,ANIMALS & PRODUCTS,DAIRY,MILK,ALL CLASSES,ALL PRODUCTION PRACTICES,ALL UTILIZATION PRACTICES,PRODUCTION,LB / HEAD,"MILK - PRODUCTION, MEASURED IN LB / HEAD",TOTAL,NOT SPECIFIED,STATE,39,39,OH,OHIO,,,,,,,,00000000,,,9000,UNITED STATES,OHIO,2023,MONTHLY,07,07,JUL,,2025-02-21 15:00:00.000,"1,900",
SURVEY,ANIMALS & PRODUCTS,DAIRY,MILK,ALL CLASSES,ALL PRODUCTION PRACTICES,ALL UTILIZATION PRACTICES,PRODUCTION,LB / HEAD,"MILK - PRODUCTION, MEASURED IN LB / HEAD",TOTAL,NOT SPECIFIED,STATE,39,39,OH,OHIO,,,,,,,,00000000,,,9000,UNITED STATES,OHIO,2023,MONTHLY,08,08,AUG,,2025-02-21 15:00:00.000,"1,890",
SURVEY,ANIMALS & PRODUCTS,DAIRY,MILK,ALL CLASSES,ALL PRODUCTION PRACTICES,ALL UTILIZATION PRACTICES,PRODUCTION,LB / HEAD,"MILK - PRODUCTION, MEASURED IN LB / HEAD",TOTAL,NOT SPECIFIED,STATE,39,39,OH,OHIO,,,,,,,,00000000,,,9000,UNITED STATES,OHIO,2023,MONTHLY,09,09,SEP,,2025-02-21 15:00:00.000,"1,795",
SURVEY,ANIMALS & PRODUCTS,DAIRY,MILK,ALL CLASSES,ALL PRODUCTION PRACTICES,ALL UTILIZATION PRACTICES,PRODUCTION,LB / HEAD,"MILK - PRODUCTION, MEASURED IN LB / HEAD",TOTAL,NOT SPECIFIED,STATE,39,39,OH,OHIO,,,,,,,,00000000,,,9000,UNITED STATES,OHIO,2023,MONTHLY,10,10,OCT,,2025-02-21 15:00:00.000,"1,845",
SURVEY,ANIMALS & PRODUCTS,DAIRY,MILK,ALL CLASSES,ALL PRODUCTION PRACTICES,ALL UTILIZATION PRACTICES,PRODUCTION,LB / HEAD,"MILK - PRODUCTION, MEASURED IN LB / HEAD",TOTAL,NOT SPECIFIED,STATE,39,39,OH,OHIO,,,,,,,,00000000,,,9000,UNITED STATES,OHIO,2023,MONTHLY,11,11,NOV,,2025-02-21 15:00:00.000,"1,800",
SURVEY,ANIMALS & PRODUCTS,DAIRY,MILK,ALL CLASSES,ALL PRODUCTION PRACTICES,ALL UTILIZATION PRACTICES,PRODUCTION,LB / HEAD,"MILK - PRODUCTION, MEASURED IN LB / HEAD",TOTAL,NOT SPECIFIED,STATE,39,39,OH,OHIO,,,,,,,,00000000,,,9000,UNITED STATES,OHIO,2023,MONTHLY,12,12,DEC,,2025-02-21 15:00:00.000,"1,870",
SURVEY,ANIMALS & PRODUCTS,DAIRY,MILK,ALL CLASSES,ALL PRODUCTION PRACTICES,ALL UTILIZATION PRACTICES,PRODUCTION,LB / HEAD,"MILK - PRODUCTION, MEASURED IN LB / HEAD",TOTAL,NOT SPECIFIED,STATE,41,41,OR,OREGON,,,,,,,,00000000,,,9000,UNITED STATES,OREGON,2023,MONTHLY,01,01,JAN,,2025-02-21 15:00:00.000,"1,760",
SURVEY,ANIMALS & PRODUCTS,DAIRY,MILK,ALL CLASSES,ALL PRODUCTION PRACTICES,ALL UTILIZATION PRACTICES,PRODUCTION,LB / HEAD,"MILK - PRODUCTION, MEASURED IN LB / HEAD",TOTAL,NOT SPECIFIED,STATE,41,41,OR,OREGON,,,,,,,,00000000,,,9000,UNITED STATES,OREGON,2023,MONTHLY,02,02,FEB,,2025-02-21 15:00:00.000,"1,620",
SURVEY,ANIMALS & PRODUCTS,DAIRY,MILK,ALL CLASSES,ALL PRODUCTION PRACTICES,ALL UTILIZATION PRACTICES,PRODUCTION,LB / HEAD,"MILK - PRODUCTION, MEASURED IN LB / HEAD",TOTAL,NOT SPECIFIED,STATE,41,41,OR,OREGON,,,,,,,,00000000,,,9000,UNITED STATES,OREGON,2023,MONTHLY,03,03,MAR,,2025-02-21 15:00:00.000,"1,820",
SURVEY,ANIMALS & PRODUCTS,DAIRY,MILK,ALL CLASSES,ALL PRODUCTION PRACTICES,ALL UTILIZATION PRACTICES,PRODUCTION,LB / HEAD,"MILK - PRODUCTION, MEASURED IN LB / HEAD",TOTAL,NOT SPECIFIED,STATE,41,41,OR,OREGON,,,,,,,,00000000,,,9000,UNITED STATES,OREGON,2023,MONTHLY,04,04,APR,,2025-02-21 15:00:00.000,"1,770",
SURVEY,ANIMALS & PRODUCTS,DAIRY,MILK,ALL CLASSES,ALL PRODUCTION PRACTICES,ALL UTILIZATION PRACTICES,PRODUCTION,LB / HEAD,"MILK - PRODUCTION, MEASURED IN LB / HEAD",TOTAL,NOT SPECIFIED,STATE,41,41,OR,OREGON,,,,,,,,00000000,,,9000,UNITED STATES,OREGON,2023,MONTHLY,05,05,MAY,,2025-02-21 15:00:00.000,"1,830",
SURVEY,ANIMALS & PRODUCTS,DAIRY,MILK,ALL CLASSES,ALL PRODUCTION PRACTICES,ALL UTILIZATION PRACTICES,PRODUCTION,LB / HEAD,"MILK - PRODUCTION, MEASURED IN LB / HEAD",TOTAL,NOT SPECIFIED,STATE,41,41,OR,OREGON,,,,,,,,00000000,,,9000,UNITED STATES,OREGON,2023,MONTHLY,06,06,JUN,,2025-02-21 15:00:00.000,"1,760",
SURVEY,ANIMALS & PRODUCTS,DAIRY,MILK,ALL CLASSES,ALL PRODUCTION PRACTICES,ALL UTILIZATION PRACTICES,PRODUCTION,LB / HEAD,"MILK - PRODUCTION, MEASURED IN LB / HEAD",TOTAL,NOT SPECIFIED,STATE,41,41,OR,OREGON,,,,,,,,00000000,,,9000,UNITED STATES,OREGON,2023,MONTHLY,07,07,JUL,,2025-02-21 15:00:00.000,"1,800",
SURVEY,ANIMALS & PRODUCTS,DAIRY,MILK,ALL CLASSES,ALL PRODUCTION PRACTICES,ALL UTILIZATION PRACTICES,PRODUCTION,LB / HEAD,"MILK - PRODUCTION, MEASURED IN LB / HEAD",TOTAL,NOT SPECIFIED,STATE,41,41,OR,OREGON,,,,,,,,00000000,,,9000,UNITED STATES,OREGON,2023,MONTHLY,08,08,AUG,,2025-02-21 15:00:00.000,"1,775",
SURVEY,ANIMALS & PRODUCTS,DAIRY,MILK,ALL CLASSES,ALL PRODUCTION PRACTICES,ALL UTILIZATION PRACTICES,PRODUCTION,LB / HEAD,"MILK - PRODUCTION, MEASURED IN LB / HEAD",TOTAL,NOT SPECIFIED,STATE,41,41,OR,OREGON,,,,,,,,00000000,,,9000,UNITED STATES,OREGON,2023,MONTHLY,09,09,SEP,,2025-02-21 15:00:00.000,"1,715",
SURVEY,ANIMALS & PRODUCTS,DAIRY,MILK,ALL CLASSES,ALL PRODUCTION PRACTICES,ALL UTILIZATION PRACTICES,PRODUCTION,LB / HEAD,"MILK - PRODUCTION, MEASURED IN LB / HEAD",TOTAL,NOT SPECIFIED,STATE,41,41,OR,OREGON,,,,,,,,00000000,,,9000,UNITED STATES,OREGON,2023,MONTHLY,10,10,OCT,,2025-02-21 15:00:00.000,"1,745",
SURVEY,ANIMALS & PRODUCTS,DAIRY,MILK,ALL CLASSES,ALL PRODUCTION PRACTICES,ALL UTILIZATION PRACTICES,PRODUCTION,LB / HEAD,"MILK - PRODUCTION, MEASURED IN LB / HEAD",TOTAL,NOT SPECIFIED,STATE,41,41,OR,OREGON,,,,,,,,00000000,,,9000,UNITED STATES,OREGON,2023,MONTHLY,11,11,NOV,,2025-02-21 15:00:00.000,"1,675",
SURVEY,ANIMALS & PRODUCTS,DAIRY,MILK,ALL CLASSES,ALL PRODUCTION PRACTICES,ALL UTILIZATION PRACTICES,PRODUCTION,LB / HEAD,"MILK - PRODUCTION, MEASURED IN LB / HEAD",TOTAL,NOT SPECIFIED,STATE,41,41,OR,OREGON,,,,,,,,00000000,,,9000,UNITED STATES,OREGON,2023,MONTHLY,12,12,DEC,,2025-02-21 15:00:00.000,"1,725",
SURVEY,ANIMALS & PRODUCTS,DAIRY,MILK,ALL CLASSES,ALL PRODUCTION PRACTICES,ALL UTILIZATION PRACTICES,PRODUCTION,LB / HEAD,"MILK - PRODUCTION, MEASURED IN LB / HEAD",TOTAL,NOT SPECIFIED,STATE,42,42,PA,PENNSYLVANIA,,,,,,,,00000000,,,9000,UNITED STATES,PENNSYLVANIA,2023,MONTHLY,01,01,JAN,,2025-02-21 15:00:00.000,"1,820",
SURVEY,ANIMALS & PRODUCTS,DAIRY,MILK,ALL CLASSES,ALL PRODUCTION PRACTICES,ALL UTILIZATION PRACTICES,PRODUCTION,LB / HEAD,"MILK - PRODUCTION, MEASURED IN LB / HEAD",TOTAL,NOT SPECIFIED,STATE,42,42,PA,PENNSYLVANIA,,,,,,,,00000000,,,9000,UNITED STATES,PENNSYLVANIA,2023,MONTHLY,02,02,FEB,,2025-02-21 15:00:00.000,"1,675",
SURVEY,ANIMALS & PRODUCTS,DAIRY,MILK,ALL CLASSES,ALL PRODUCTION PRACTICES,ALL UTILIZATION PRACTICES,PRODUCTION,LB / HEAD,"MILK - PRODUCTION, MEASURED IN LB / HEAD",TOTAL,NOT SPECIFIED,STATE,42,42,PA,PENNSYLVANIA,,,,,,,,00000000,,,9000,UNITED STATES,PENNSYLVANIA,2023,MONTHLY,03,03,MAR,,2025-02-21 15:00:00.000,"1,870",
SURVEY,ANIMALS & PRODUCTS,DAIRY,MILK,ALL CLASSES,ALL PRODUCTION PRACTICES,ALL UTILIZATION PRACTICES,PRODUCTION,LB / HEAD,"MILK - PRODUCTION, MEASURED IN LB / HEAD",TOTAL,NOT SPECIFIED,STATE,42,42,PA,PENNSYLVANIA,,,,,,,,00000000,,,9000,UNITED STATES,PENNSYLVANIA,2023,MONTHLY,04,04,APR,,2025-02-21 15:00:00.000,"1,835",
SURVEY,ANIMALS & PRODUCTS,DAIRY,MILK,ALL CLASSES,ALL PRODUCTION PRACTICES,ALL UTILIZATION PRACTICES,PRODUCTION,LB / HEAD,"MILK - PRODUCTION, MEASURED IN LB / HEAD",TOTAL,NOT SPECIFIED,STATE,42,42,PA,PENNSYLVANIA,,,,,,,,00000000,,,9000,UNITED STATES,PENNSYLVANIA,2023,MONTHLY,05,05,MAY,,2025-02-21 15:00:00.000,"1,855",
SURVEY,ANIMALS & PRODUCTS,DAIRY,MILK,ALL CLASSES,ALL PRODUCTION PRACTICES,ALL UTILIZATION PRACTICES,PRODUCTION,LB / HEAD,"MILK - PRODUCTION, MEASURED IN LB / HEAD",TOTAL,NOT SPECIFIED,STATE,42,42,PA,PENNSYLVANIA,,,,,,,,00000000,,,9000,UNITED STATES,PENNSYLVANIA,2023,MONTHLY,06,06,JUN,,2025-02-21 15:00:00.000,"1,770",
SURVEY,ANIMALS & PRODUCTS,DAIRY,MILK,ALL CLASSES,ALL PRODUCTION PRACTICES,ALL UTILIZATION PRACTICES,PRODUCTION,LB / HEAD,"MILK - PRODUCTION, MEASURED IN LB / HEAD",TOTAL,NOT SPECIFIED,STATE,42,42,PA,PENNSYLVANIA,,,,,,,,00000000,,,9000,UNITED STATES,PENNSYLVANIA,2023,MONTHLY,07,07,JUL,,2025-02-21 15:00:00.000,"1,755",
SURVEY,ANIMALS & PRODUCTS,DAIRY,MILK,ALL CLASSES,ALL PRODUCTION PRACTICES,ALL UTILIZATION PRACTICES,PRODUCTION,LB / HEAD,"MILK - PRODUCTION, MEASURED IN LB / HEAD",TOTAL,NOT SPECIFIED,STATE,42,42,PA,PENNSYLVANIA,,,,,,,,00000000,,,9000,UNITED STATES,PENNSYLVANIA,2023,MONTHLY,08,08,AUG,,2025-02-21 15:00:00.000,"1,755",
SURVEY,ANIMALS & PRODUCTS,DAIRY,MILK,ALL CLASSES,ALL PRODUCTION PRACTICES,ALL UTILIZATION PRACTICES,PRODUCTION,LB / HEAD,"MILK - PRODUCTION, MEASURED IN LB / HEAD",TOTAL,NOT SPECIFIED,STATE,42,42,PA,PENNSYLVANIA,,,,,,,,00000000,,,9000,UNITED STATES,PENNSYLVANIA,2023,MONTHLY,09,09,SEP,,2025-02-21 15:00:00.000,"1,670",
SURVEY,ANIMALS & PRODUCTS,DAIRY,MILK,ALL CLASSES,ALL PRODUCTION PRACTICES,ALL UTILIZATION PRACTICES,PRODUCTION,LB / HEAD,"MILK - PRODUCTION, MEASURED IN LB / HEAD",TOTAL,NOT SPECIFIED,STATE,42,42,PA,PENNSYLVANIA,,,,,,,,00000000,,,9000,UNITED STATES,PENNSYLVANIA,2023,MONTHLY,10,10,OCT,,2025-02-21 15:00:00.000,"1,710",
SURVEY,ANIMALS & PRODUCTS,DAIRY,MILK,ALL CLASSES,ALL PRODUCTION PRACTICES,ALL UTILIZATION PRACTICES,PRODUCTION,LB / HEAD,"MILK - PRODUCTION, MEASURED IN LB / HEAD",TOTAL,NOT SPECIFIED,STATE,42,42,PA,PENNSYLVANIA,,,,,,,,00000000,,,9000,UNITED STATES,PENNSYLVANIA,2023,MONTHLY,11,11,NOV,,2025-02-21 15:00:00.000,"1,680",
SURVEY,ANIMALS & PRODUCTS,DAIRY,MILK,ALL CLASSES,ALL PRODUCTION PRACTICES,ALL UTILIZATION PRACTICES,PRODUCTION,LB / HEAD,"MILK - PRODUCTION, MEASURED IN LB / HEAD",TOTAL,NOT SPECIFIED,STATE,42,42,PA,PENNSYLVANIA,,,,,,,,00000000,,,9000,UNITED STATES,PENNSYLVANIA,2023,MONTHLY,12,12,DEC,,2025-02-21 15:00:00.000,"1,765",
SURVEY,ANIMALS & PRODUCTS,DAIRY,MILK,ALL CLASSES,ALL PRODUCTION PRACTICES,ALL UTILIZATION PRACTICES,PRODUCTION,LB / HEAD,"MILK - PRODUCTION, MEASURED IN LB / HEAD",TOTAL,NOT SPECIFIED,STATE,46,46,SD,SOUTH DAKOTA,,,,,,,,00000000,,,9000,UNITED STATES,SOUTH DAKOTA,2023,MONTHLY,01,01,JAN,,2025-02-21 15:00:00.000,"1,925",
SURVEY,ANIMALS & PRODUCTS,DAIRY,MILK,ALL CLASSES,ALL PRODUCTION PRACTICES,ALL UTILIZATION PRACTICES,PRODUCTION,LB / HEAD,"MILK - PRODUCTION, MEASURED IN LB / HEAD",TOTAL,NOT SPECIFIED,STATE,46,46,SD,SOUTH DAKOTA,,,,,,,,00000000,,,9000,UNITED STATES,SOUTH DAKOTA,2023,MONTHLY,02,02,FEB,,2025-02-21 15:00:00.000,"1,750",
SURVEY,ANIMALS & PRODUCTS,DAIRY,MILK,ALL CLASSES,ALL PRODUCTION PRACTICES,ALL UTILIZATION PRACTICES,PRODUCTION,LB / HEAD,"MILK - PRODUCTION, MEASURED IN LB / HEAD",TOTAL,NOT SPECIFIED,STATE,46,46,SD,SOUTH DAKOTA,,,,,,,,00000000,,,9000,UNITED STATES,SOUTH DAKOTA,2023,MONTHLY,03,03,MAR,,2025-02-21 15:00:00.000,"1,940",
SURVEY,ANIMALS & PRODUCTS,DAIRY,MILK,ALL CLASSES,ALL PRODUCTION PRACTICES,ALL UTILIZATION PRACTICES,PRODUCTION,LB / HEAD,"MILK - PRODUCTION, MEASURED IN LB / HEAD",TOTAL,NOT SPECIFIED,STATE,46,46,SD,SOUTH DAKOTA,,,,,,,,00000000,,,9000,UNITED STATES,SOUTH DAKOTA,2023,MONTHLY,04,04,APR,,2025-02-21 15:00:00.000,"1,895",
SURVEY,ANIMALS & PRODUCTS,DAIRY,MILK,ALL CLASSES,ALL PRODUCTION PRACTICES,ALL UTILIZATION PRACTICES,PRODUCTION,LB / HEAD,"MILK - PRODUCTION, MEASURED IN LB / HEAD",TOTAL,NOT SPECIFIED,STATE,46,46,SD,SOUTH DAKOTA,,,,,,,,00000000,,,9000,UNITED STATES,SOUTH DAKOTA,2023,MONTHLY,05,05,MAY,,2025-02-21 15:00:00.000,"1,975",
SURVEY,ANIMALS & PRODUCTS,DAIRY,MILK,ALL CLASSES,ALL PRODUCTION PRACTICES,ALL UTILIZATION PRACTICES,PRODUCTION,LB / HEAD,"MILK - PRODUCTION, MEASURED IN LB / HEAD",TOTAL,NOT SPECIFIED,STATE,46,46,SD,SOUTH DAKOTA,,,,,,,,00000000,,,9000,UNITED STATES,SOUTH DAKOTA,2023,MONTHLY,06,06,JUN,,2025-02-21 15:00:00.000,"1,925",
SURVEY,ANIMALS & PRODUCTS,DAIRY,MILK,ALL CLASSES,ALL PRODUCTION PRACTICES,ALL UTILIZATION PRACTICES,PRODUCTION,LB / HEAD,"MILK - PRODUCTION, MEASURED IN LB / HEAD",TOTAL,NOT SPECIFIED,STATE,46,46,SD,SOUTH DAKOTA,,,,,,,,00000000,,,9000,UNITED STATES,SOUTH DAKOTA,2023,MONTHLY,07,07,JUL,,2025-02-21 15:00:00.000,"1,985",
SURVEY,ANIMALS & PRODUCTS,DAIRY,MILK,ALL CLASSES,ALL PRODUCTION PRACTICES,ALL UTILIZATION PRACTICES,PRODUCTION,LB / HEAD,"MILK - PRODUCTION, MEASURED IN LB / HEAD",TOTAL,NOT SPECIFIED,STATE,46,46,SD,SOUTH DAKOTA,,,,,,,,00000000,,,9000,UNITED STATES,SOUTH DAKOTA,2023,MONTHLY,08,08,AUG,,2025-02-21 15:00:00.000,"1,975",
SURVEY,ANIMALS & PRODUCTS,DAIRY,MILK,ALL CLASSES,ALL PRODUCTION PRACTICES,ALL UTILIZATION PRACTICES,PRODUCTION,LB / HEAD,"MILK - PRODUCTION, MEASURED IN LB / HEAD",TOTAL,NOT SPECIFIED,STATE,46,46,SD,SOUTH DAKOTA,,,,,,,,00000000,,,9000,UNITED STATES,SOUTH DAKOTA,2023,MONTHLY,09,09,SEP,,2025-02-21 15:00:00.000,"1,925",
SURVEY,ANIMALS & PRODUCTS,DAIRY,MILK,ALL CLASSES,ALL PRODUCTION PRACTICES,ALL UTILIZATION PRACTICES,PRODUCTION,LB / HEAD,"MILK - PRODUCTION, MEASURED IN LB / HEAD",TOTAL,NOT SPECIFIED,STATE,46,46,SD,SOUTH DAKOTA,,,,,,,,00000000,,,9000,UNITED STATES,SOUTH DAKOTA,2023,MONTHLY,10,10,OCT,,2025-02-21 15:00:00.000,"1,955",
SURVEY,ANIMALS & PRODUCTS,DAIRY,MILK,ALL CLASSES,ALL PRODUCTION PRACTICES,ALL UTILIZATION PRACTICES,PRODUCTION,LB / HEAD,"MILK - PRODUCTION, MEASURED IN LB / HEAD",TOTAL,NOT SPECIFIED,STATE,46,46,SD,SOUTH DAKOTA,,,,,,,,00000000,,,9000,UNITED STATES,SOUTH DAKOTA,2023,MONTHLY,11,11,NOV,,2025-02-21 15:00:00.000,"1,860",
SURVEY,ANIMALS & PRODUCTS,DAIRY,MILK,ALL CLASSES,ALL PRODUCTION PRACTICES,ALL UTILIZATION PRACTICES,PRODUCTION,LB / HEAD,"MILK - PRODUCTION, MEASURED IN LB / HEAD",TOTAL,NOT SPECIFIED,STATE,46,46,SD,SOUTH DAKOTA,,,,,,,,00000000,,,9000,UNITED STATES,SOUTH DAKOTA,2023,MONTHLY,12,12,DEC,,2025-02-21 15:00:00.000,"1,895",
SURVEY,ANIMALS & PRODUCTS,DAIRY,MILK,ALL CLASSES,ALL PRODUCTION PRACTICES,ALL UTILIZATION PRACTICES,PRODUCTION,LB / HEAD,"MILK - PRODUCTION, MEASURED IN LB / HEAD",TOTAL,NOT SPECIFIED,STATE,48,48,TX,TEXAS,,,,,,,,00000000,,,9000,UNITED STATES,TEXAS,2023,MONTHLY,01,01,JAN,,2025-02-21 15:00:00.000,"2,230",
SURVEY,ANIMALS & PRODUCTS,DAIRY,MILK,ALL CLASSES,ALL PRODUCTION PRACTICES,ALL UTILIZATION PRACTICES,PRODUCTION,LB / HEAD,"MILK - PRODUCTION, MEASURED IN LB / HEAD",TOTAL,NOT SPECIFIED,STATE,48,48,TX,TEXAS,,,,,,,,00000000,,,9000,UNITED STATES,TEXAS,2023,MONTHLY,02,02,FEB,,2025-02-21 15:00:00.000,"2,025",
SURVEY,ANIMALS & PRODUCTS,DAIRY,MILK,ALL CLASSES,ALL PRODUCTION PRACTICES,ALL UTILIZATION PRACTICES,PRODUCTION,LB / HEAD,"MILK - PRODUCTION, MEASURED IN LB / HEAD",TOTAL,NOT SPECIFIED,STATE,48,48,TX,TEXAS,,,,,,,,00000000,,,9000,UNITED STATES,TEXAS,2023,MONTHLY,03,03,MAR,,2025-02-21 15:00:00.000,"2,280",
SURVEY,ANIMALS & PRODUCTS,DAIRY,MILK,ALL CLASSES,ALL PRODUCTION PRACTICES,ALL UTILIZATION PRACTICES,PRODUCTION,LB / HEAD,"MILK - PRODUCTION, MEASURED IN LB / HEAD",TOTAL,NOT SPECIFIED,STATE,48,48,TX,TEXAS,,,,,,,,00000000,,,9000,UNITED STATES,TEXAS,2023,MONTHLY,04,04,APR,,2025-02-21 15:00:00.000,"2,190",
SURVEY,ANIMALS & PRODUCTS,DAIRY,MILK,ALL CLASSES,ALL PRODUCTION PRACTICES,ALL UTILIZATION PRACTICES,PRODUCTION,LB / HEAD,"MILK - PRODUCTION, MEASURED IN LB / HEAD",TOTAL,NOT SPECIFIED,STATE,48,48,TX,TEXAS,,,,,,,,00000000,,,9000,UNITED STATES,TEXAS,2023,MONTHLY,05,05,MAY,,2025-02-21 15:00:00.000,"2,240",
SURVEY,ANIMALS & PRODUCTS,DAIRY,MILK,ALL CLASSES,ALL PRODUCTION PRACTICES,ALL UTILIZATION PRACTICES,PRODUCTION,LB / HEAD,"MILK - PRODUCTION, MEASURED IN LB / HEAD",TOTAL,NOT SPECIFIED,STATE,48,48,TX,TEXAS,,,,,,,,00000000,,,9000,UNITED STATES,TEXAS,2023,MONTHLY,06,06,JUN,,2025-02-21 15:00:00.000,"2,095",
SURVEY,ANIMALS & PRODUCTS,DAIRY,MILK,ALL CLASSES,ALL PRODUCTION PRACTICES,ALL UTILIZATION PRACTICES,PRODUCTION,LB / HEAD,"MILK - PRODUCTION, MEASURED IN LB / HEAD",TOTAL,NOT SPECIFIED,STATE,48,48,TX,TEXAS,,,,,,,,00000000,,,9000,UNITED STATES,TEXAS,2023,MONTHLY,07,07,JUL,,2025-02-21 15:00:00.000,"2,110",
SURVEY,ANIMALS & PRODUCTS,DAIRY,MILK,ALL CLASSES,ALL PRODUCTION PRACTICES,ALL UTILIZATION PRACTICES,PRODUCTION,LB / HEAD,"MILK - PRODUCTION, MEASURED IN LB / HEAD",TOTAL,NOT SPECIFIED,STATE,48,48,TX,TEXAS,,,,,,,,00000000,,,9000,UNITED STATES,TEXAS,2023,MONTHLY,08,08,AUG,,2025-02-21 15:00:00.000,"2,110",
SURVEY,ANIMALS & PRODUCTS,DAIRY,MILK,ALL CLASSES,ALL PRODUCTION PRACTICES,ALL UTILIZATION PRACTICES,PRODUCTION,LB / HEAD,"MILK - PRODUCTION, MEASURED IN LB / HEAD",TOTAL,NOT SPECIFIED,STATE,48,48,TX,TEXAS,,,,,,,,00000000,,,9000,UNITED STATES,TEXAS,2023,MONTHLY,09,09,SEP,,2025-02-21 15:00:00.000,"2,095",
SURVEY,ANIMALS & PRODUCTS,DAIRY,MILK,ALL CLASSES,ALL PRODUCTION PRACTICES,ALL UTILIZATION PRACTICES,PRODUCTION,LB / HEAD,"MILK - PRODUCTION, MEASURED IN LB / HEAD",TOTAL,NOT SPECIFIED,STATE,48,48,TX,TEXAS,,,,,,,,00000000,,,9000,UNITED STATES,TEXAS,2023,MONTHLY,10,10,OCT,,2025-02-21 15:00:00.000,"2,175",
SURVEY,ANIMALS & PRODUCTS,DAIRY,MILK,ALL CLASSES,ALL PRODUCTION PRACTICES,ALL UTILIZATION PRACTICES,PRODUCTION,LB / HEAD,"MILK - PRODUCTION, MEASURED IN LB / HEAD",TOTAL,NOT SPECIFIED,STATE,48,48,TX,TEXAS,,,,,,,,00000000,,,9000,UNITED STATES,TEXAS,2023,MONTHLY,11,11,NOV,,2025-02-21 15:00:00.000,"2,090",
SURVEY,ANIMALS & PRODUCTS,DAIRY,MILK,ALL CLASSES,ALL PRODUCTION PRACTICES,ALL UTILIZATION PRACTICES,PRODUCTION,LB / HEAD,"MILK - PRODUCTION, MEASURED IN LB / HEAD",TOTAL,NOT SPECIFIED,STATE,48,48,TX,TEXAS,,,,,,,,00000000,,,9000,UNITED STATES,TEXAS,2023,MONTHLY,12,12,DEC,,2025-02-21 15:00:00.000,"2,170",
SURVEY,ANIMALS & PRODUCTS,DAIRY,MILK,ALL CLASSES,ALL PRODUCTION PRACTICES,ALL UTILIZATION PRACTICES,PRODUCTION,LB / HEAD,"MILK - PRODUCTION, MEASURED IN LB / HEAD",TOTAL,NOT SPECIFIED,STATE,49,49,UT,UTAH,,,,,,,,00000000,,,9000,UNITED STATES,UTAH,2023,MONTHLY,01,01,JAN,,2025-02-21 15:00:00.000,"1,945",
SURVEY,ANIMALS & PRODUCTS,DAIRY,MILK,ALL CLASSES,ALL PRODUCTION PRACTICES,ALL UTILIZATION PRACTICES,PRODUCTION,LB / HEAD,"MILK - PRODUCTION, MEASURED IN LB / HEAD",TOTAL,NOT SPECIFIED,STATE,49,49,UT,UTAH,,,,,,,,00000000,,,9000,UNITED STATES,UTAH,2023,MONTHLY,02,02,FEB,,2025-02-21 15:00:00.000,"1,770",
SURVEY,ANIMALS & PRODUCTS,DAIRY,MILK,ALL CLASSES,ALL PRODUCTION PRACTICES,ALL UTILIZATION PRACTICES,PRODUCTION,LB / HEAD,"MILK - PRODUCTION, MEASURED IN LB / HEAD",TOTAL,NOT SPECIFIED,STATE,49,49,UT,UTAH,,,,,,,,00000000,,,9000,UNITED STATES,UTAH,2023,MONTHLY,03,03,MAR,,2025-02-21 15:00:00.000,"1,960",
SURVEY,ANIMALS & PRODUCTS,DAIRY,MILK,ALL CLASSES,ALL PRODUCTION PRACTICES,ALL UTILIZATION PRACTICES,PRODUCTION,LB / HEAD,"MILK - PRODUCTION, MEASURED IN LB / HEAD",TOTAL,NOT SPECIFIED,STATE,49,49,UT,UTAH,,,,,,,,00000000,,,9000,UNITED STATES,UTAH,2023,MONTHLY,04,04,APR,,2025-02-21 15:00:00.000,"1,930",
SURVEY,ANIMALS & PRODUCTS,DAIRY,MILK,ALL CLASSES,ALL PRODUCTION PRACTICES,ALL UTILIZATION PRACTICES,PRODUCTION,LB / HEAD,"MILK - PRODUCTION, MEASURED IN LB / HEAD",TOTAL,NOT SPECIFIED,STATE,49,49,UT,UTAH,,,,,,,,00000000,,,9000,UNITED STATES,UTAH,2023,MONTHLY,05,05,MAY,,2025-02-21 15:00:00.000,"2,030",
SURVEY,ANIMALS & PRODUCTS,DAIRY,MILK,ALL CLASSES,ALL PRODUCTION PRACTICES,ALL UTILIZATION PRACTICES,PRODUCTION,LB / HEAD,"MILK - PRODUCTION, MEASURED IN LB / HEAD",TOTAL,NOT SPECIFIED,STATE,49,49,UT,UTAH,,,,,,,,00000000,,,9000,UNITED STATES,UTAH,2023,MONTHLY,06,06,JUN,,2025-02-21 15:00:00.000,"1,980",
SURVEY,ANIMALS & PRODUCTS,DAIRY,MILK,ALL CLASSES,ALL PRODUCTION PRACTICES,ALL UTILIZATION PRACTICES,PRODUCTION,LB / HEAD,"MILK - PRODUCTION, MEASURED IN LB / HEAD",TOTAL,NOT SPECIFIED,STATE,49,49,UT,UTAH,,,,,,,,00000000,,,9000,UNITED STATES,UTAH,2023,MONTHLY,07,07,JUL,,2025-02-21 15:00:00.000,"2,000",
SURVEY,ANIMALS & PRODUCTS,DAIRY,MILK,ALL CLASSES,ALL PRODUCTION PRACTICES,ALL UTILIZATION PRACTICES,PRODUCTION,LB / HEAD,"MILK - PRODUCTION, MEASURED IN LB / HEAD",TOTAL,NOT SPECIFIED,STATE,49,49,UT,UTAH,,,,,,,,00000000,,,9000,UNITED STATES,UTAH,2023,MONTHLY,08,08,AUG,,2025-02-21 15:00:00.000,"1,980",
SURVEY,ANIMALS & PRODUCTS,DAIRY,MILK,ALL CLASSES,ALL PRODUCTION PRACTICES,ALL UTILIZATION PRACTICES,PRODUCTION,LB / HEAD,"MILK - PRODUCTION, MEASURED IN LB / HEAD",TOTAL,NOT SPECIFIED,STATE,49,49,UT,UTAH,,,,,,,,00000000,,,9000,UNITED STATES,UTAH,2023,MONTHLY,09,09,SEP,,2025-02-21 15:00:00.000,"1,910",
SURVEY,ANIMALS & PRODUCTS,DAIRY,MILK,ALL CLASSES,ALL PRODUCTION PRACTICES,ALL UTILIZATION PRACTICES,PRODUCTION,LB / HEAD,"MILK - PRODUCTION, MEASURED IN LB / HEAD",TOTAL,NOT SPECIFIED,STATE,49,49,UT,UTAH,,,,,,,,00000000,,,9000,UNITED STATES,UTAH,2023,MONTHLY,10,10,OCT,,2025-02-21 15:00:00.000,"1,940",
SURVEY,ANIMALS & PRODUCTS,DAIRY,MILK,ALL CLASSES,ALL PRODUCTION PRACTICES,ALL UTILIZATION PRACTICES,PRODUCTION,LB / HEAD,"MILK - PRODUCTION, MEASURED IN LB / HEAD",TOTAL,NOT SPECIFIED,STATE,49,49,UT,UTAH,,,,,,,,00000000,,,9000,UNITED STATES,UTAH,2023,MONTHLY,11,11,NOV,,2025-02-21 15:00:00.000,"1,875",
SURVEY,ANIMALS & PRODUCTS,DAIRY,MILK,ALL CLASSES,ALL PRODUCTION PRACTICES,ALL UTILIZATION PRACTICES,PRODUCTION,LB / HEAD,"MILK - PRODUCTION, MEASURED IN LB / HEAD",TOTAL,NOT SPECIFIED,STATE,49,49,UT,UTAH,,,,,,,,00000000,,,9000,UNITED STATES,UTAH,2023,MONTHLY,12,12,DEC,,2025-02-21 15:00:00.000,"1,925",
SURVEY,ANIMALS & PRODUCTS,DAIRY,MILK,ALL CLASSES,ALL PRODUCTION PRACTICES,ALL UTILIZATION PRACTICES,PRODUCTION,LB / HEAD,"MILK - PRODUCTION, MEASURED IN LB / HEAD",TOTAL,NOT SPECIFIED,STATE,50,50,VT,VERMONT,,,,,,,,00000000,,,9000,UNITED STATES,VERMONT,2023,MONTHLY,01,01,JAN,,2025-02-21 15:00:00.000,"1,855",
SURVEY,ANIMALS & PRODUCTS,DAIRY,MILK,ALL CLASSES,ALL PRODUCTION PRACTICES,ALL UTILIZATION PRACTICES,PRODUCTION,LB / HEAD,"MILK - PRODUCTION, MEASURED IN LB / HEAD",TOTAL,NOT SPECIFIED,STATE,50,50,VT,VERMONT,,,,,,,,00000000,,,9000,UNITED STATES,VERMONT,2023,MONTHLY,02,02,FEB,,2025-02-21 15:00:00.000,"1,665",
SURVEY,ANIMALS & PRODUCTS,DAIRY,MILK,ALL CLASSES,ALL PRODUCTION PRACTICES,ALL UTILIZATION PRACTICES,PRODUCTION,LB / HEAD,"MILK - PRODUCTION, MEASURED IN LB / HEAD",TOTAL,NOT SPECIFIED,STATE,50,50,VT,VERMONT,,,,,,,,00000000,,,9000,UNITED STATES,VERMONT,2023,MONTHLY,03,03,MAR,,2025-02-21 15:00:00.000,"1,860",
SURVEY,ANIMALS & PRODUCTS,DAIRY,MILK,ALL CLASSES,ALL PRODUCTION PRACTICES,ALL UTILIZATION PRACTICES,PRODUCTION,LB / HEAD,"MILK - PRODUCTION, MEASURED IN LB / HEAD",TOTAL,NOT SPECIFIED,STATE,50,50,VT,VERMONT,,,,,,,,00000000,,,9000,UNITED STATES,VERMONT,2023,MONTHLY,04,04,APR,,2025-02-21 15:00:00.000,"1,820",
SURVEY,ANIMALS & PRODUCTS,DAIRY,MILK,ALL CLASSES,ALL PRODUCTION PRACTICES,ALL UTILIZATION PRACTICES,PRODUCTION,LB / HEAD,"MILK - PRODUCTION, MEASURED IN LB / HEAD",TOTAL,NOT SPECIFIED,STATE,50,50,VT,VERMONT,,,,,,,,00000000,,,9000,UNITED STATES,VERMONT,2023,MONTHLY,05,05,MAY,,2025-02-21 15:00:00.000,"1,890",
SURVEY,ANIMALS & PRODUCTS,DAIRY,MILK,ALL CLASSES,ALL PRODUCTION PRACTICES,ALL UTILIZATION PRACTICES,PRODUCTION,LB / HEAD,"MILK - PRODUCTION, MEASURED IN LB / HEAD",TOTAL,NOT SPECIFIED,STATE,50,50,VT,VERMONT,,,,,,,,00000000,,,9000,UNITED STATES,VERMONT,2023,MONTHLY,06,06,JUN,,2025-02-21 15:00:00.000,"1,805",
SURVEY,ANIMALS & PRODUCTS,DAIRY,MILK,ALL CLASSES,ALL PRODUCTION PRACTICES,ALL UTILIZATION PRACTICES,PRODUCTION,LB / HEAD,"MILK - PRODUCTION, MEASURED IN LB / HEAD",TOTAL,NOT SPECIFIED,STATE,50,50,VT,VERMONT,,,,,,,,00000000,,,9000,UNITED STATES,VERMONT,2023,MONTHLY,07,07,JUL,,2025-02-21 15:00:00.000,"1,840",
SURVEY,ANIMALS & PRODUCTS,DAIRY,MILK,ALL CLASSES,ALL PRODUCTION PRACTICES,ALL UTILIZATION PRACTICES,PRODUCTION,LB / HEAD,"MILK - PRODUCTION, MEASURED IN LB / HEAD",TOTAL,NOT SPECIFIED,STATE,50,50,VT,VERMONT,,,,,,,,00000000,,,9000,UNITED STATES,VERMONT,2023,MONTHLY,08,08,AUG,,2025-02-21 15:00:00.000,"1,845",
SURVEY,ANIMALS & PRODUCTS,DAIRY,MILK,ALL CLASSES,ALL PRODUCTION PRACTICES,ALL UTILIZATION PRACTICES,PRODUCTION,LB / HEAD,"MILK - PRODUCTION, MEASURED IN LB / HEAD",TOTAL,NOT SPECIFIED,STATE,50,50,VT,VERMONT,,,,,,,,00000000,,,9000,UNITED STATES,VERMONT,2023,MONTHLY,09,09,SEP,,2025-02-21 15:00:00.000,"1,750",
SURVEY,ANIMALS & PRODUCTS,DAIRY,MILK,ALL CLASSES,ALL PRODUCTION PRACTICES,ALL UTILIZATION PRACTICES,PRODUCTION,LB / HEAD,"MILK - PRODUCTION, MEASURED IN LB / HEAD",TOTAL,NOT SPECIFIED,STATE,50,50,VT,VERMONT,,,,,,,,00000000,,,9000,UNITED STATES,VERMONT,2023,MONTHLY,10,10,OCT,,2025-02-21 15:00:00.000,"1,805",
SURVEY,ANIMALS & PRODUCTS,DAIRY,MILK,ALL CLASSES,ALL PRODUCTION PRACTICES,ALL UTILIZATION PRACTICES,PRODUCTION,LB / HEAD,"MILK - PRODUCTION, MEASURED IN LB / HEAD",TOTAL,NOT SPECIFIED,STATE,50,50,VT,VERMONT,,,,,,,,00000000,,,9000,UNITED STATES,VERMONT,2023,MONTHLY,11,11,NOV,,2025-02-21 15:00:00.000,"1,735",
SURVEY,ANIMALS & PRODUCTS,DAIRY,MILK,ALL CLASSES,ALL PRODUCTION PRACTICES,ALL UTILIZATION PRACTICES,PRODUCTION,LB / HEAD,"MILK - PRODUCTION, MEASURED IN LB / HEAD",TOTAL,NOT SPECIFIED,STATE,50,50,VT,VERMONT,,,,,,,,00000000,,,9000,UNITED STATES,VERMONT,2023,MONTHLY,12,12,DEC,,2025-02-21 15:00:00.000,"1,800",
SURVEY,ANIMALS & PRODUCTS,DAIRY,MILK,ALL CLASSES,ALL PRODUCTION PRACTICES,ALL UTILIZATION PRACTICES,PRODUCTION,LB / HEAD,"MILK - PRODUCTION, MEASURED IN LB / HEAD",TOTAL,NOT SPECIFIED,STATE,51,51,VA,VIRGINIA,,,,,,,,00000000,,,9000,UNITED STATES,VIRGINIA,2023,MONTHLY,01,01,JAN,,2025-02-21 15:00:00.000,"1,780",
SURVEY,ANIMALS & PRODUCTS,DAIRY,MILK,ALL CLASSES,ALL PRODUCTION PRACTICES,ALL UTILIZATION PRACTICES,PRODUCTION,LB / HEAD,"MILK - PRODUCTION, MEASURED IN LB / HEAD",TOTAL,NOT SPECIFIED,STATE,51,51,VA,VIRGINIA,,,,,,,,00000000,,,9000,UNITED STATES,VIRGINIA,2023,MONTHLY,02,02,FEB,,2025-02-21 15:00:00.000,"1,640",
SURVEY,ANIMALS & PRODUCTS,DAIRY,MILK,ALL CLASSES,ALL PRODUCTION PRACTICES,ALL UTILIZATION PRACTICES,PRODUCTION,LB / HEAD,"MILK - PRODUCTION, MEASURED IN LB / HEAD",TOTAL,NOT SPECIFIED,STATE,51,51,VA,VIRGINIA,,,,,,,,00000000,,,9000,UNITED STATES,VIRGINIA,2023,MONTHLY,03,03,MAR,,2025-02-21 15:00:00.000,"1,865",
SURVEY,ANIMALS & PRODUCTS,DAIRY,MILK,ALL CLASSES,ALL PRODUCTION PRACTICES,ALL UTILIZATION PRACTICES,PRODUCTION,LB / HEAD,"MILK - PRODUCTION, MEASURED IN LB / HEAD",TOTAL,NOT SPECIFIED,STATE,51,51,VA,VIRGINIA,,,,,,,,00000000,,,9000,UNITED STATES,VIRGINIA,2023,MONTHLY,04,04,APR,,2025-02-21 15:00:00.000,"1,800",
SURVEY,ANIMALS & PRODUCTS,DAIRY,MILK,ALL CLASSES,ALL PRODUCTION PRACTICES,ALL UTILIZATION PRACTICES,PRODUCTION,LB / HEAD,"MILK - PRODUCTION, MEASURED IN LB / HEAD",TOTAL,NOT SPECIFIED,STATE,51,51,VA,VIRGINIA,,,,,,,,00000000,,,9000,UNITED STATES,VIRGINIA,2023,MONTHLY,05,05,MAY,,2025-02-21 15:00:00.000,"1,845",
SURVEY,ANIMALS & PRODUCTS,DAIRY,MILK,ALL CLASSES,ALL PRODUCTION PRACTICES,ALL UTILIZATION PRACTICES,PRODUCTION,LB / HEAD,"MILK - PRODUCTION, MEASURED IN LB / HEAD",TOTAL,NOT SPECIFIED,STATE,51,51,VA,VIRGINIA,,,,,,,,00000000,,,9000,UNITED STATES,VIRGINIA,2023,MONTHLY,06,06,JUN,,2025-02-21 15:00:00.000,"1,720",
SURVEY,ANIMALS & PRODUCTS,DAIRY,MILK,ALL CLASSES,ALL PRODUCTION PRACTICES,ALL UTILIZATION PRACTICES,PRODUCTION,LB / HEAD,"MILK - PRODUCTION, MEASURED IN LB / HEAD",TOTAL,NOT SPECIFIED,STATE,51,51,VA,VIRGINIA,,,,,,,,00000000,,,9000,UNITED STATES,VIRGINIA,2023,MONTHLY,07,07,JUL,,2025-02-21 15:00:00.000,"1,740",
SURVEY,ANIMALS & PRODUCTS,DAIRY,MILK,ALL CLASSES,ALL PRODUCTION PRACTICES,ALL UTILIZATION PRACTICES,PRODUCTION,LB / HEAD,"MILK - PRODUCTION, MEASURED IN LB / HEAD",TOTAL,NOT SPECIFIED,STATE,51,51,VA,VIRGINIA,,,,,,,,00000000,,,9000,UNITED STATES,VIRGINIA,2023,MONTHLY,08,08,AUG,,2025-02-21 15:00:00.000,"1,730",
SURVEY,ANIMALS & PRODUCTS,DAIRY,MILK,ALL CLASSES,ALL PRODUCTION PRACTICES,ALL UTILIZATION PRACTICES,PRODUCTION,LB / HEAD,"MILK - PRODUCTION, MEASURED IN LB / HEAD",TOTAL,NOT SPECIFIED,STATE,51,51,VA,VIRGINIA,,,,,,,,00000000,,,9000,UNITED STATES,VIRGINIA,2023,MONTHLY,09,09,SEP,,2025-02-21 15:00:00.000,"1,650",
SURVEY,ANIMALS & PRODUCTS,DAIRY,MILK,ALL CLASSES,ALL PRODUCTION PRACTICES,ALL UTILIZATION PRACTICES,PRODUCTION,LB / HEAD,"MILK - PRODUCTION, MEASURED IN LB / HEAD",TOTAL,NOT SPECIFIED,STATE,51,51,VA,VIRGINIA,,,,,,,,00000000,,,9000,UNITED STATES,VIRGINIA,2023,MONTHLY,10,10,OCT,,2025-02-21 15:00:00.000,"1,700",
SURVEY,ANIMALS & PRODUCTS,DAIRY,MILK,ALL CLASSES,ALL PRODUCTION PRACTICES,ALL UTILIZATION PRACTICES,PRODUCTION,LB / HEAD,"MILK - PRODUCTION, MEASURED IN LB / HEAD",TOTAL,NOT SPECIFIED,STATE,51,51,VA,VIRGINIA,,,,,,,,00000000,,,9000,UNITED STATES,VIRGINIA,2023,MONTHLY,11,11,NOV,,2025-02-21 15:00:00.000,"1,670",
SURVEY,ANIMALS & PRODUCTS,DAIRY,MILK,ALL CLASSES,ALL PRODUCTION PRACTICES,ALL UTILIZATION PRACTICES,PRODUCTION,LB / HEAD,"MILK - PRODUCTION, MEASURED IN LB / HEAD",TOTAL,NOT SPECIFIED,STATE,51,51,VA,VIRGINIA,,,,,,,,00000000,,,9000,UNITED STATES,VIRGINIA,2023,MONTHLY,12,12,DEC,,2025-02-21 15:00:00.000,"1,750",
SURVEY,ANIMALS & PRODUCTS,DAIRY,MILK,ALL CLASSES,ALL PRODUCTION PRACTICES,ALL UTILIZATION PRACTICES,PRODUCTION,LB / HEAD,"MILK - PRODUCTION, MEASURED IN LB / HEAD",TOTAL,NOT SPECIFIED,STATE,53,53,WA,WASHINGTON,,,,,,,,00000000,,,9000,UNITED STATES,WASHINGTON,2023,MONTHLY,01,01,JAN,,2025-02-21 15:00:00.000,"2,030",
SURVEY,ANIMALS & PRODUCTS,DAIRY,MILK,ALL CLASSES,ALL PRODUCTION PRACTICES,ALL UTILIZATION PRACTICES,PRODUCTION,LB / HEAD,"MILK - PRODUCTION, MEASURED IN LB / HEAD",TOTAL,NOT SPECIFIED,STATE,53,53,WA,WASHINGTON,,,,,,,,00000000,,,9000,UNITED STATES,WASHINGTON,2023,MONTHLY,02,02,FEB,,2025-02-21 15:00:00.000,"1,865",
SURVEY,ANIMALS & PRODUCTS,DAIRY,MILK,ALL CLASSES,ALL PRODUCTION PRACTICES,ALL UTILIZATION PRACTICES,PRODUCTION,LB / HEAD,"MILK - PRODUCTION, MEASURED IN LB / HEAD",TOTAL,NOT SPECIFIED,STATE,53,53,WA,WASHINGTON,,,,,,,,00000000,,,9000,UNITED STATES,WASHINGTON,2023,MONTHLY,03,03,MAR,,2025-02-21 15:00:00.000,"2,080",
SURVEY,ANIMALS & PRODUCTS,DAIRY,MILK,ALL CLASSES,ALL PRODUCTION PRACTICES,ALL UTILIZATION PRACTICES,PRODUCTION,LB / HEAD,"MILK - PRODUCTION, MEASURED IN LB / HEAD",TOTAL,NOT SPECIFIED,STATE,53,53,WA,WASHINGTON,,,,,,,,00000000,,,9000,UNITED STATES,WASHINGTON,2023,MONTHLY,04,04,APR,,2025-02-21 15:00:00.000,"2,035",
SURVEY,ANIMALS & PRODUCTS,DAIRY,MILK,ALL CLASSES,ALL PRODUCTION PRACTICES,ALL UTILIZATION PRACTICES,PRODUCTION,LB / HEAD,"MILK - PRODUCTION, MEASURED IN LB / HEAD",TOTAL,NOT SPECIFIED,STATE,53,53,WA,WASHINGTON,,,,,,,,00000000,,,9000,UNITED STATES,WASHINGTON,2023,MONTHLY,05,05,MAY,,2025-02-21 15:00:00.000,"2,095",
SURVEY,ANIMALS & PRODUCTS,DAIRY,MILK,ALL CLASSES,ALL PRODUCTION PRACTICES,ALL UTILIZATION PRACTICES,PRODUCTION,LB / HEAD,"MILK - PRODUCTION, MEASURED IN LB / HEAD",TOTAL,NOT SPECIFIED,STATE,53,53,WA,WASHINGTON,,,,,,,,00000000,,,9000,UNITED STATES,WASHINGTON,2023,MONTHLY,06,06,JUN,,2025-02-21 15:00:00.000,"2,010",
SURVEY,ANIMALS & PRODUCTS,DAIRY,MILK,ALL CLASSES,ALL PRODUCTION PRACTICES,ALL UTILIZATION PRACTICES,PRODUCTION,LB / HEAD,"MILK - PRODUCTION, MEASURED IN LB / HEAD",TOTAL,NOT SPECIFIED,STATE,53,53,WA,WASHINGTON,,,,,,,,00000000,,,9000,UNITED STATES,WASHINGTON,2023,MONTHLY,07,07,JUL,,2025-02-21 15:00:00.000,"2,050",
SURVEY,ANIMALS & PRODUCTS,DAIRY,MILK,ALL CLASSES,ALL PRODUCTION PRACTICES,ALL UTILIZATION PRACTICES,PRODUCTION,LB / HEAD,"MILK - PRODUCTION, MEASURED IN LB / HEAD",TOTAL,NOT SPECIFIED,STATE,53,53,WA,WASHINGTON,,,,,,,,00000000,,,9000,UNITED STATES,WASHINGTON,2023,MONTHLY,08,08,AUG,,2025-02-21 15:00:00.000,"2,050",
SURVEY,ANIMALS & PRODUCTS,DAIRY,MILK,ALL CLASSES,ALL PRODUCTION PRACTICES,ALL UTILIZATION PRACTICES,PRODUCTION,LB / HEAD,"MILK - PRODUCTION, MEASURED IN LB / HEAD",TOTAL,NOT SPECIFIED,STATE,53,53,WA,WASHINGTON,,,,,,,,00000000,,,9000,UNITED STATES,WASHINGTON,2023,MONTHLY,09,09,SEP,,2025-02-21 15:00:00.000,"1,995",
SURVEY,ANIMALS & PRODUCTS,DAIRY,MILK,ALL CLASSES,ALL PRODUCTION PRACTICES,ALL UTILIZATION PRACTICES,PRODUCTION,LB / HEAD,"MILK - PRODUCTION, MEASURED IN LB / HEAD",TOTAL,NOT SPECIFIED,STATE,53,53,WA,WASHINGTON,,,,,,,,00000000,,,9000,UNITED STATES,WASHINGTON,2023,MONTHLY,10,10,OCT,,2025-02-21 15:00:00.000,"2,010",
SURVEY,ANIMALS & PRODUCTS,DAIRY,MILK,ALL CLASSES,ALL PRODUCTION PRACTICES,ALL UTILIZATION PRACTICES,PRODUCTION,LB / HEAD,"MILK - PRODUCTION, MEASURED IN LB / HEAD",TOTAL,NOT SPECIFIED,STATE,53,53,WA,WASHINGTON,,,,,,,,00000000,,,9000,UNITED STATES,WASHINGTON,2023,MONTHLY,11,11,NOV,,2025-02-21 15:00:00.000,"1,925",
SURVEY,ANIMALS & PRODUCTS,DAIRY,MILK,ALL CLASSES,ALL PRODUCTION PRACTICES,ALL UTILIZATION PRACTICES,PRODUCTION,LB / HEAD,"MILK - PRODUCTION, MEASURED IN LB / HEAD",TOTAL,NOT SPECIFIED,STATE,53,53,WA,WASHINGTON,,,,,,,,00000000,,,9000,UNITED STATES,WASHINGTON,2023,MONTHLY,12,12,DEC,,2025-02-21 15:00:00.000,"2,010",
SURVEY,ANIMALS & PRODUCTS,DAIRY,MILK,ALL CLASSES,ALL PRODUCTION PRACTICES,ALL UTILIZATION PRACTICES,PRODUCTION,LB / HEAD,"MILK - PRODUCTION, MEASURED IN LB / HEAD",TOTAL,NOT SPECIFIED,STATE,55,55,WI,WISCONSIN,,,,,,,,00000000,,,9000,UNITED STATES,WISCONSIN,2023,MONTHLY,01,01,JAN,,2025-02-21 15:00:00.000,"2,125",
SURVEY,ANIMALS & PRODUCTS,DAIRY,MILK,ALL CLASSES,ALL PRODUCTION PRACTICES,ALL UTILIZATION PRACTICES,PRODUCTION,LB / HEAD,"MILK - PRODUCTION, MEASURED IN LB / HEAD",TOTAL,NOT SPECIFIED,STATE,55,55,WI,WISCONSIN,,,,,,,,00000000,,,9000,UNITED STATES,WISCONSIN,2023,MONTHLY,02,02,FEB,,2025-02-21 15:00:00.000,"1,935",
SURVEY,ANIMALS & PRODUCTS,DAIRY,MILK,ALL CLASSES,ALL PRODUCTION PRACTICES,ALL UTILIZATION PRACTICES,PRODUCTION,LB / HEAD,"MILK - PRODUCTION, MEASURED IN LB / HEAD",TOTAL,NOT SPECIFIED,STATE,55,55,WI,WISCONSIN,,,,,,,,00000000,,,9000,UNITED STATES,WISCONSIN,2023,MONTHLY,03,03,MAR,,2025-02-21 15:00:00.000,"2,155",
SURVEY,ANIMALS & PRODUCTS,DAIRY,MILK,ALL CLASSES,ALL PRODUCTION PRACTICES,ALL UTILIZATION PRACTICES,PRODUCTION,LB / HEAD,"MILK - PRODUCTION, MEASURED IN LB / HEAD",TOTAL,NOT SPECIFIED,STATE,55,55,WI,WISCONSIN,,,,,,,,00000000,,,9000,UNITED STATES,WISCONSIN,2023,MONTHLY,04,04,APR,,2025-02-21 15:00:00.000,"2,095",
SURVEY,ANIMALS & PRODUCTS,DAIRY,MILK,ALL CLASSES,ALL PRODUCTION PRACTICES,ALL UTILIZATION PRACTICES,PRODUCTION,LB / HEAD,"MILK - PRODUCTION, MEASURED IN LB / HEAD",TOTAL,NOT SPECIFIED,STATE,55,55,WI,WISCONSIN,,,,,,,,00000000,,,9000,UNITED STATES,WISCONSIN,2023,MONTHLY,05,05,MAY,,2025-02-21 15:00:00.000,"2,185",
SURVEY,ANIMALS & PRODUCTS,DAIRY,MILK,ALL CLASSES,ALL PRODUCTION PRACTICES,ALL UTILIZATION PRACTICES,PRODUCTION,LB / HEAD,"MILK - PRODUCTION, MEASURED IN LB / HEAD",TOTAL,NOT SPECIFIED,STATE,55,55,WI,WISCONSIN,,,,,,,,00000000,,,9000,UNITED STATES,WISCONSIN,2023,MONTHLY,06,06,JUN,,2025-02-21 15:00:00.000,"2,130",
SURVEY,ANIMALS & PRODUCTS,DAIRY,MILK,ALL CLASSES,ALL PRODUCTION PRACTICES,ALL UTILIZATION PRACTICES,PRODUCTION,LB / HEAD,"MILK - PRODUCTION, MEASURED IN LB / HEAD",TOTAL,NOT SPECIFIED,STATE,55,55,WI,WISCONSIN,,,,,,,,00000000,,,9000,UNITED STATES,WISCONSIN,2023,MONTHLY,07,07,JUL,,2025-02-21 15:00:00.000,"2,180",
SURVEY,ANIMALS & PRODUCTS,DAIRY,MILK,ALL CLASSES,ALL PRODUCTION PRACTICES,ALL UTILIZATION PRACTICES,PRODUCTION,LB / HEAD,"MILK - PRODUCTION, MEASURED IN LB / HEAD",TOTAL,NOT SPECIFIED,STATE,55,55,WI,WISCONSIN,,,,,,,,00000000,,,9000,UNITED STATES,WISCONSIN,2023,MONTHLY,08,08,AUG,,2025-02-21 15:00:00.000,"2,155",
SURVEY,ANIMALS & PRODUCTS,DAIRY,MILK,ALL CLASSES,ALL PRODUCTION PRACTICES,ALL UTILIZATION PRACTICES,PRODUCTION,LB / HEAD,"MILK - PRODUCTION, MEASURED IN LB / HEAD",TOTAL,NOT SPECIFIED,STATE,55,55,WI,WISCONSIN,,,,,,,,00000000,,,9000,UNITED STATES,WISCONSIN,2023,MONTHLY,09,09,SEP,,2025-02-21 15:00:00.000,"2,075",
SURVEY,ANIMALS & PRODUCTS,DAIRY,MILK,ALL CLASSES,ALL PRODUCTION PRACTICES,ALL UTILIZATION PRACTICES,PRODUCTION,LB / HEAD,"MILK - PRODUCTION, MEASURED IN LB / HEAD",TOTAL,NOT SPECIFIED,STATE,55,55,WI,WISCONSIN,,,,,,,,00000000,,,9000,UNITED STATES,WISCONSIN,2023,MONTHLY,10,10,OCT,,2025-02-21 15:00:00.000,"2,120",
SURVEY,ANIMALS & PRODUCTS,DAIRY,MILK,ALL CLASSES,ALL PRODUCTION PRACTICES,ALL UTILIZATION PRACTICES,PRODUCTION,LB / HEAD,"MILK - PRODUCTION, MEASURED IN LB / HEAD",TOTAL,NOT SPECIFIED,STATE,55,55,WI,WISCONSIN,,,,,,,,00000000,,,9000,UNITED STATES,WISCONSIN,2023,MONTHLY,11,11,NOV,,2025-02-21 15:00:00.000,"2,035",
SURVEY,ANIMALS & PRODUCTS,DAIRY,MILK,ALL CLASSES,ALL PRODUCTION PRACTICES,ALL UTILIZATION PRACTICES,PRODUCTION,LB / HEAD,"MILK - PRODUCTION, MEASURED IN LB / HEAD",TOTAL,NOT SPECIFIED,STATE,55,55,WI,WISCONSIN,,,,,,,,00000000,,,9000,UNITED STATES,WISCONSIN,2023,MONTHLY,12,12,DEC,,2025-02-21 15:00:00.000,"2,115",
SURVEY,ANIMALS & PRODUCTS,DAIRY,MILK,"DRY, NONFAT, HUMAN",ALL PRODUCTION PRACTICES,ALL UTILIZATION PRACTICES,PRODUCTION,LB,"MILK, DRY, NONFAT, HUMAN - PRODUCTION, MEASURED IN LB",TOTAL,NOT SPECIFIED,STATE,,98,OT,OTHER STATES,,,,,,,,00000000,,,9000,UNITED STATES,OTHER STATES,2023,MONTHLY,01,01,JAN,,2025-04-25 15:00:00.000,"81,592,000",
SURVEY,ANIMALS & PRODUCTS,DAIRY,MILK,"DRY, NONFAT, HUMAN",ALL PRODUCTION PRACTICES,ALL UTILIZATION PRACTICES,PRODUCTION,LB,"MILK, DRY, NONFAT, HUMAN - PRODUCTION, MEASURED IN LB",TOTAL,NOT SPECIFIED,STATE,,98,OT,OTHER STATES,,,,,,,,00000000,,,9000,UNITED STATES,OTHER STATES,2023,MONTHLY,02,02,FEB,,2025-04-25 15:00:00.000,"87,395,000",
SURVEY,ANIMALS & PRODUCTS,DAIRY,MILK,"DRY, NONFAT, HUMAN",ALL PRODUCTION PRACTICES,ALL UTILIZATION PRACTICES,PRODUCTION,LB,"MILK, DRY, NONFAT, HUMAN - PRODUCTION, MEASURED IN LB",TOTAL,NOT SPECIFIED,STATE,,98,OT,OTHER STATES,,,,,,,,00000000,,,9000,UNITED STATES,OTHER STATES,2023,MONTHLY,03,03,MAR,,2025-04-25 15:00:00.000,"92,052,000",
SURVEY,ANIMALS & PRODUCTS,DAIRY,MILK,"DRY, NONFAT, HUMAN",ALL PRODUCTION PRACTICES,ALL UTILIZATION PRACTICES,PRODUCTION,LB,"MILK, DRY, NONFAT, HUMAN - PRODUCTION, MEASURED IN LB",TOTAL,NOT SPECIFIED,STATE,,98,OT,OTHER STATES,,,,,,,,00000000,,,9000,UNITED STATES,OTHER STATES,2023,MONTHLY,04,04,APR,,2025-04-25 15:00:00.000,"90,383,000",
SURVEY,ANIMALS & PRODUCTS,DAIRY,MILK,"DRY, NONFAT, HUMAN",ALL PRODUCTION PRACTICES,ALL UTILIZATION PRACTICES,PRODUCTION,LB,"MILK, DRY, NONFAT, HUMAN - PRODUCTION, MEASURED IN LB",TOTAL,NOT SPECIFIED,STATE,,98,OT,OTHER STATES,,,,,,,,00000000,,,9000,UNITED STATES,OTHER STATES,2023,MONTHLY,05,05,MAY,,2025-04-25 15:00:00.000,"95,298,000",
SURVEY,ANIMALS & PRODUCTS,DAIRY,MILK,"DRY, NONFAT, HUMAN",ALL PRODUCTION PRACTICES,ALL UTILIZATION PRACTICES,PRODUCTION,LB,"MILK, DRY, NONFAT, HUMAN - PRODUCTION, MEASURED IN LB",TOTAL,NOT SPECIFIED,STATE,,98,OT,OTHER STATES,,,,,,,,00000000,,,9000,UNITED STATES,OTHER STATES,2023,MONTHLY,06,06,JUN,,2025-04-25 15:00:00.000,"82,835,000",
SURVEY,ANIMALS & PRODUCTS,DAIRY,MILK,"DRY, NONFAT, HUMAN",ALL PRODUCTION PRACTICES,ALL UTILIZATION PRACTICES,PRODUCTION,LB,"MILK, DRY, NONFAT, HUMAN - PRODUCTION, MEASURED IN LB",TOTAL,NOT SPECIFIED,STATE,,98,OT,OTHER STATES,,,,,,,,00000000,,,9000,UNITED STATES,OTHER STATES,2023,MONTHLY,07,07,JUL,,2025-04-25 15:00:00.000,"72,886,000",
SURVEY,ANIMALS & PRODUCTS,DAIRY,MILK,"DRY, NONFAT, HUMAN",ALL PRODUCTION PRACTICES,ALL UTILIZATION PRACTICES,PRODUCTION,LB,"MILK, DRY, NONFAT, HUMAN - PRODUCTION, MEASURED IN LB",TOTAL,NOT SPECIFIED,STATE,,98,OT,OTHER STATES,,,,,,,,00000000,,,9000,UNITED STATES,OTHER STATES,2023,MONTHLY,08,08,AUG,,2025-04-25 15:00:00.000,"61,970,000",
SURVEY,ANIMALS & PRODUCTS,DAIRY,MILK,"DRY, NONFAT, HUMAN",ALL PRODUCTION PRACTICES,ALL UTILIZATION PRACTICES,PRODUCTION,LB,"MILK, DRY, NONFAT, HUMAN - PRODUCTION, MEASURED IN LB",TOTAL,NOT SPECIFIED,STATE,,98,OT,OTHER STATES,,,,,,,,00000000,,,9000,UNITED STATES,OTHER STATES,2023,MONTHLY,09,09,SEP,,2025-04-25 15:00:00.000,"51,191,000",
SURVEY,ANIMALS & PRODUCTS,DAIRY,MILK,"DRY, NONFAT, HUMAN",ALL PRODUCTION PRACTICES,ALL UTILIZATION PRACTICES,PRODUCTION,LB,"MILK, DRY, NONFAT, HUMAN - PRODUCTION, MEASURED IN LB",TOTAL,NOT SPECIFIED,STATE,,98,OT,OTHER STATES,,,,,,,,00000000,,,9000,UNITED STATES,OTHER STATES,2023,MONTHLY,10,10,OCT,,2025-04-25 15:00:00.000,"62,438,000",
SURVEY,ANIMALS & PRODUCTS,DAIRY,MILK,"DRY, NONFAT, HUMAN",ALL PRODUCTION PRACTICES,ALL UTILIZATION PRACTICES,PRODUCTION,LB,"MILK, DRY, NONFAT, HUMAN - PRODUCTION, MEASURED IN LB",TOTAL,NOT SPECIFIED,STATE,,98,OT,OTHER STATES,,,,,,,,00000000,,,9000,UNITED STATES,OTHER STATES,2023,MONTHLY,11,11,NOV,,2025-04-25 15:00:00.000,"62,784,000",
SURVEY,ANIMALS & PRODUCTS,DAIRY,MILK,"DRY, NONFAT, HUMAN",ALL PRODUCTION PRACTICES,ALL UTILIZATION PRACTICES,PRODUCTION,LB,"MILK, DRY, NONFAT, HUMAN - PRODUCTION, MEASURED IN LB",TOTAL,NOT SPECIFIED,STATE,,98,OT,OTHER STATES,,,,,,,,00000000,,,9000,UNITED STATES,OTHER STATES,2023,MONTHLY,12,12,DEC,,2025-04-25 15:00:00.000,"71,103,000",
SURVEY,ANIMALS & PRODUCTS,DAIRY,MILK,"DRY, NONFAT, HUMAN",ALL PRODUCTION PRACTICES,ALL UTILIZATION PRACTICES,PRODUCTION,LB,"MILK, DRY, NONFAT, HUMAN - PRODUCTION, MEASURED IN LB",TOTAL,NOT SPECIFIED,STATE,06,06,CA,CALIFORNIA,,,,,,,,00000000,,,9000,UNITED STATES,CALIFORNIA,2023,MONTHLY,01,01,JAN,,2025-04-25 15:00:00.000,"79,250,000",
SURVEY,ANIMALS & PRODUCTS,DAIRY,MILK,"DRY, NONFAT, HUMAN",ALL PRODUCTION PRACTICES,ALL UTILIZATION PRACTICES,PRODUCTION,LB,"MILK, DRY, NONFAT, HUMAN - PRODUCTION, MEASURED IN LB",TOTAL,NOT SPECIFIED,STATE,06,06,CA,CALIFORNIA,,,,,,,,00000000,,,9000,UNITED STATES,CALIFORNIA,2023,MONTHLY,02,02,FEB,,2025-04-25 15:00:00.000,"75,007,000",
SURVEY,ANIMALS & PRODUCTS,DAIRY,MILK,"DRY, NONFAT, HUMAN",ALL PRODUCTION PRACTICES,ALL UTILIZATION PRACTICES,PRODUCTION,LB,"MILK, DRY, NONFAT, HUMAN - PRODUCTION, MEASURED IN LB",TOTAL,NOT SPECIFIED,STATE,06,06,CA,CALIFORNIA,,,,,,,,00000000,,,9000,UNITED STATES,CALIFORNIA,2023,MONTHLY,03,03,MAR,,2025-04-25 15:00:00.000,"92,345,000",
SURVEY,ANIMALS & PRODUCTS,DAIRY,MILK,"DRY, NONFAT, HUMAN",ALL PRODUCTION PRACTICES,ALL UTILIZATION PRACTICES,PRODUCTION,LB,"MILK, DRY, NONFAT, HUMAN - PRODUCTION, MEASURED IN LB",TOTAL,NOT SPECIFIED,STATE,06,06,CA,CALIFORNIA,,,,,,,,00000000,,,9000,UNITED STATES,CALIFORNIA,2023,MONTHLY,04,04,APR,,2025-04-25 15:00:00.000,"91,451,000",
SURVEY,ANIMALS & PRODUCTS,DAIRY,MILK,"DRY, NONFAT, HUMAN",ALL PRODUCTION PRACTICES,ALL UTILIZATION PRACTICES,PRODUCTION,LB,"MILK, DRY, NONFAT, HUMAN - PRODUCTION, MEASURED IN LB",TOTAL,NOT SPECIFIED,STATE,06,06,CA,CALIFORNIA,,,,,,,,00000000,,,9000,UNITED STATES,CALIFORNIA,2023,MONTHLY,05,05,MAY,,2025-04-25 15:00:00.000,"93,095,000",
SURVEY,ANIMALS & PRODUCTS,DAIRY,MILK,"DRY, NONFAT, HUMAN",ALL PRODUCTION PRACTICES,ALL UTILIZATION PRACTICES,PRODUCTION,LB,"MILK, DRY, NONFAT, HUMAN - PRODUCTION, MEASURED IN LB",TOTAL,NOT SPECIFIED,STATE,06,06,CA,CALIFORNIA,,,,,,,,00000000,,,9000,UNITED STATES,CALIFORNIA,2023,MONTHLY,06,06,JUN,,2025-04-25 15:00:00.000,"74,702,000",
SURVEY,ANIMALS & PRODUCTS,DAIRY,MILK,"DRY, NONFAT, HUMAN",ALL PRODUCTION PRACTICES,ALL UTILIZATION PRACTICES,PRODUCTION,LB,"MILK, DRY, NONFAT, HUMAN - PRODUCTION, MEASURED IN LB",TOTAL,NOT SPECIFIED,STATE,06,06,CA,CALIFORNIA,,,,,,,,00000000,,,9000,UNITED STATES,CALIFORNIA,2023,MONTHLY,07,07,JUL,,2025-04-25 15:00:00.000,"46,488,000",
SURVEY,ANIMALS & PRODUCTS,DAIRY,MILK,"DRY, NONFAT, HUMAN",ALL PRODUCTION PRACTICES,ALL UTILIZATION PRACTICES,PRODUCTION,LB,"MILK, DRY, NONFAT, HUMAN - PRODUCTION, MEASURED IN LB",TOTAL,NOT SPECIFIED,STATE,06,06,CA,CALIFORNIA,,,,,,,,00000000,,,9000,UNITED STATES,CALIFORNIA,2023,MONTHLY,08,08,AUG,,2025-04-25 15:00:00.000,"36,464,000",
SURVEY,ANIMALS & PRODUCTS,DAIRY,MILK,"DRY, NONFAT, HUMAN",ALL PRODUCTION PRACTICES,ALL UTILIZATION PRACTICES,PRODUCTION,LB,"MILK, DRY, NONFAT, HUMAN - PRODUCTION, MEASURED IN LB",TOTAL,NOT SPECIFIED,STATE,06,06,CA,CALIFORNIA,,,,,,,,00000000,,,9000,UNITED STATES,CALIFORNIA,2023,MONTHLY,09,09,SEP,,2025-04-25 15:00:00.000,"37,072,000",
SURVEY,ANIMALS & PRODUCTS,DAIRY,MILK,"DRY, NONFAT, HUMAN",ALL PRODUCTION PRACTICES,ALL UTILIZATION PRACTICES,PRODUCTION,LB,"MILK, DRY, NONFAT, HUMAN - PRODUCTION, MEASURED IN LB",TOTAL,NOT SPECIFIED,STATE,06,06,CA,CALIFORNIA,,,,,,,,00000000,,,9000,UNITED STATES,CALIFORNIA,2023,MONTHLY,10,10,OCT,,2025-04-25 15:00:00.000,"55,810,000",
SURVEY,ANIMALS & PRODUCTS,DAIRY,MILK,"DRY, NONFAT, HUMAN",ALL PRODUCTION PRACTICES,ALL UTILIZATION PRACTICES,PRODUCTION,LB,"MILK, DRY, NONFAT, HUMAN - PRODUCTION, MEASURED IN LB",TOTAL,NOT SPECIFIED,STATE,06,06,CA,CALIFORNIA,,,,,,,,00000000,,,9000,UNITED STATES,CALIFORNIA,2023,MONTHLY,11,11,NOV,,2025-04-25 15:00:00.000,"43,156,000",
SURVEY,ANIMALS & PRODUCTS,DAIRY,MILK,"DRY, NONFAT, HUMAN",ALL PRODUCTION PRACTICES,ALL UTILIZATION PRACTICES,PRODUCTION,LB,"MILK, DRY, NONFAT, HUMAN - PRODUCTION, MEASURED IN LB",TOTAL,NOT SPECIFIED,STATE,06,06,CA,CALIFORNIA,,,,,,,,00000000,,,9000,UNITED STATES,CALIFORNIA,2023,MONTHLY,12,12,DEC,,2025-04-25 15:00:00.000,"62,017,000",
SURVEY,ANIMALS & PRODUCTS,DAIRY,MILK,"DRY, NONFAT, HUMAN",ALL PRODUCTION PRACTICES,ALL UTILIZATION PRACTICES,PRODUCTION,LB,"MILK, DRY, NONFAT, HUMAN - PRODUCTION, MEASURED IN LB",TOTAL,NOT SPECIFIED,STATE,42,42,PA,PENNSYLVANIA,,,,,,,,00000000,,,9000,UNITED STATES,PENNSYLVANIA,2023,MONTHLY,01,01,JAN,,2025-04-25 15:00:00.000,"14,760,000",
SURVEY,ANIMALS & PRODUCTS,DAIRY,MILK,"DRY, NONFAT, HUMAN",ALL PRODUCTION PRACTICES,ALL UTILIZATION PRACTICES,PRODUCTION,LB,"MILK, DRY, NONFAT, HUMAN - PRODUCTION, MEASURED IN LB",TOTAL,NOT SPECIFIED,STATE,42,42,PA,PENNSYLVANIA,,,,,,,,00000000,,,9000,UNITED STATES,PENNSYLVANIA,2023,MONTHLY,02,02,FEB,,2025-04-25 15:00:00.000,"15,181,000",
SURVEY,ANIMALS & PRODUCTS,DAIRY,MILK,"DRY, NONFAT, HUMAN",ALL PRODUCTION PRACTICES,ALL UTILIZATION PRACTICES,PRODUCTION,LB,"MILK, DRY, NONFAT, HUMAN - PRODUCTION, MEASURED IN LB",TOTAL,NOT SPECIFIED,STATE,42,42,PA,PENNSYLVANIA,,,,,,,,00000000,,,9000,UNITED STATES,PENNSYLVANIA,2023,MONTHLY,03,03,MAR,,2025-04-25 15:00:00.000,"14,993,000",
SURVEY,ANIMALS & PRODUCTS,DAIRY,MILK,"DRY, NONFAT, HUMAN",ALL PRODUCTION PRACTICES,ALL UTILIZATION PRACTICES,PRODUCTION,LB,"MILK, DRY, NONFAT, HUMAN - PRODUCTION, MEASURED IN LB",TOTAL,NOT SPECIFIED,STATE,42,42,PA,PENNSYLVANIA,,,,,,,,00000000,,,9000,UNITED STATES,PENNSYLVANIA,2023,MONTHLY,04,04,APR,,2025-04-25 15:00:00.000,"16,687,000",
SURVEY,ANIMALS & PRODUCTS,DAIRY,MILK,"DRY, NONFAT, HUMAN",ALL PRODUCTION PRACTICES,ALL UTILIZATION PRACTICES,PRODUCTION,LB,"MILK, DRY, NONFAT, HUMAN - PRODUCTION, MEASURED IN LB",TOTAL,NOT SPECIFIED,STATE,42,42,PA,PENNSYLVANIA,,,,,,,,00000000,,,9000,UNITED STATES,PENNSYLVANIA,2023,MONTHLY,05,05,MAY,,2025-04-25 15:00:00.000,"18,139,000",
SURVEY,ANIMALS & PRODUCTS,DAIRY,MILK,"DRY, NONFAT, HUMAN",ALL PRODUCTION PRACTICES,ALL UTILIZATION PRACTICES,PRODUCTION,LB,"MILK, DRY, NONFAT, HUMAN - PRODUCTION, MEASURED IN LB",TOTAL,NOT SPECIFIED,STATE,42,42,PA,PENNSYLVANIA,,,,,,,,00000000,,,9000,UNITED STATES,PENNSYLVANIA,2023,MONTHLY,06,06,JUN,,2025-04-25 15:00:00.000,"15,556,000",
SURVEY,ANIMALS & PRODUCTS,DAIRY,MILK,"DRY, NONFAT, HUMAN",ALL PRODUCTION PRACTICES,ALL UTILIZATION PRACTICES,PRODUCTION,LB,"MILK, DRY, NONFAT, HUMAN - PRODUCTION, MEASURED IN LB",TOTAL,NOT SPECIFIED,STATE,42,42,PA,PENNSYLVANIA,,,,,,,,00000000,,,9000,UNITED STATES,PENNSYLVANIA,2023,MONTHLY,07,07,JUL,,2025-04-25 15:00:00.000,"13,982,000",
SURVEY,ANIMALS & PRODUCTS,DAIRY,MILK,"DRY, NONFAT, HUMAN",ALL PRODUCTION PRACTICES,ALL UTILIZATION PRACTICES,PRODUCTION,LB,"MILK, DRY, NONFAT, HUMAN - PRODUCTION, MEASURED IN LB",TOTAL,NOT SPECIFIED,STATE,42,42,PA,PENNSYLVANIA,,,,,,,,00000000,,,9000,UNITED STATES,PENNSYLVANIA,2023,MONTHLY,08,08,AUG,,2025-04-25 15:00:00.000,"13,645,000",
SURVEY,ANIMALS & PRODUCTS,DAIRY,MILK,"DRY, NONFAT, HUMAN",ALL PRODUCTION PRACTICES,ALL UTILIZATION PRACTICES,PRODUCTION,LB,"MILK, DRY, NONFAT, HUMAN - PRODUCTION, MEASURED IN LB",TOTAL,NOT SPECIFIED,STATE,42,42,PA,PENNSYLVANIA,,,,,,,,00000000,,,9000,UNITED STATES,PENNSYLVANIA,2023,MONTHLY,09,09,SEP,,2025-04-25 15:00:00.000,"11,709,000",
SURVEY,ANIMALS & PRODUCTS,DAIRY,MILK,"DRY, NONFAT, HUMAN",ALL PRODUCTION PRACTICES,ALL UTILIZATION PRACTICES,PRODUCTION,LB,"MILK, DRY, NONFAT, HUMAN - PRODUCTION, MEASURED IN LB",TOTAL,NOT SPECIFIED,STATE,42,42,PA,PENNSYLVANIA,,,,,,,,00000000,,,9000,UNITED STATES,PENNSYLVANIA,2023,MONTHLY,10,10,OCT,,2025-04-25 15:00:00.000,"10,315,000",
SURVEY,ANIMALS & PRODUCTS,DAIRY,MILK,"DRY, NONFAT, HUMAN",ALL PRODUCTION PRACTICES,ALL UTILIZATION PRACTICES,PRODUCTION,LB,"MILK, DRY, NONFAT, HUMAN - PRODUCTION, MEASURED IN LB",TOTAL,NOT SPECIFIED,STATE,42,42,PA,PENNSYLVANIA,,,,,,,,00000000,,,9000,UNITED STATES,PENNSYLVANIA,2023,MONTHLY,11,11,NOV,,2025-04-25 15:00:00.000,"10,875,000",
SURVEY,ANIMALS & PRODUCTS,DAIRY,MILK,"DRY, NONFAT, HUMAN",ALL PRODUCTION PRACTICES,ALL UTILIZATION PRACTICES,PRODUCTION,LB,"MILK, DRY, NONFAT, HUMAN - PRODUCTION, MEASURED IN LB",TOTAL,NOT SPECIFIED,STATE,42,42,PA,PENNSYLVANIA,,,,,,,,00000000,,,9000,UNITED STATES,PENNSYLVANIA,2023,MONTHLY,12,12,DEC,,2025-04-25 15:00:00.000,"13,769,000",
SURVEY,ANIMALS & PRODUCTS,DAIRY,MILK,"SKIM, UNSWEETENED, CONDENSED",ALL PRODUCTION PRACTICES,BULK,PRODUCTION,LB,"MILK, SKIM, UNSWEETENED, CONDENSED, BULK - PRODUCTION, MEASURED IN LB",TOTAL,NOT SPECIFIED,STATE,,98,OT,OTHER STATES,,,,,,,,00000000,,,9000,UNITED STATES,OTHER STATES,2023,MONTHLY,01,01,JAN,,2025-04-25 15:00:00.000,"105,539,000",
SURVEY,ANIMALS & PRODUCTS,DAIRY,MILK,"SKIM, UNSWEETENED, CONDENSED",ALL PRODUCTION PRACTICES,BULK,PRODUCTION,LB,"MILK, SKIM, UNSWEETENED, CONDENSED, BULK - PRODUCTION, MEASURED IN LB",TOTAL,NOT SPECIFIED,STATE,,98,OT,OTHER STATES,,,,,,,,00000000,,,9000,UNITED STATES,OTHER STATES,2023,MONTHLY,02,02,FEB,,2025-04-25 15:00:00.000,"93,911,000",
SURVEY,ANIMALS & PRODUCTS,DAIRY,MILK,"SKIM, UNSWEETENED, CONDENSED",ALL PRODUCTION PRACTICES,BULK,PRODUCTION,LB,"MILK, SKIM, UNSWEETENED, CONDENSED, BULK - PRODUCTION, MEASURED IN LB",TOTAL,NOT SPECIFIED,STATE,,98,OT,OTHER STATES,,,,,,,,00000000,,,9000,UNITED STATES,OTHER STATES,2023,MONTHLY,03,03,MAR,,2025-04-25 15:00:00.000,"109,572,000",
SURVEY,ANIMALS & PRODUCTS,DAIRY,MILK,"SKIM, UNSWEETENED, CONDENSED",ALL PRODUCTION PRACTICES,BULK,PRODUCTION,LB,"MILK, SKIM, UNSWEETENED, CONDENSED, BULK - PRODUCTION, MEASURED IN LB",TOTAL,NOT SPECIFIED,STATE,,98,OT,OTHER STATES,,,,,,,,00000000,,,9000,UNITED STATES,OTHER STATES,2023,MONTHLY,04,04,APR,,2025-04-25 15:00:00.000,"104,234,000",
SURVEY,ANIMALS & PRODUCTS,DAIRY,MILK,"SKIM, UNSWEETENED, CONDENSED",ALL PRODUCTION PRACTICES,BULK,PRODUCTION,LB,"MILK, SKIM, UNSWEETENED, CONDENSED, BULK - PRODUCTION, MEASURED IN LB",TOTAL,NOT SPECIFIED,STATE,,98,OT,OTHER STATES,,,,,,,,00000000,,,9000,UNITED STATES,OTHER STATES,2023,MONTHLY,05,05,MAY,,2025-04-25 15:00:00.000,"110,923,000",
SURVEY,ANIMALS & PRODUCTS,DAIRY,MILK,"SKIM, UNSWEETENED, CONDENSED",ALL PRODUCTION PRACTICES,BULK,PRODUCTION,LB,"MILK, SKIM, UNSWEETENED, CONDENSED, BULK - PRODUCTION, MEASURED IN LB",TOTAL,NOT SPECIFIED,STATE,,98,OT,OTHER STATES,,,,,,,,00000000,,,9000,UNITED STATES,OTHER STATES,2023,MONTHLY,06,06,JUN,,2025-04-25 15:00:00.000,"114,433,000",
SURVEY,ANIMALS & PRODUCTS,DAIRY,MILK,"SKIM, UNSWEETENED, CONDENSED",ALL PRODUCTION PRACTICES,BULK,PRODUCTION,LB,"MILK, SKIM, UNSWEETENED, CONDENSED, BULK - PRODUCTION, MEASURED IN LB",TOTAL,NOT SPECIFIED,STATE,,98,OT,OTHER STATES,,,,,,,,00000000,,,9000,UNITED STATES,OTHER STATES,2023,MONTHLY,07,07,JUL,,2025-04-25 15:00:00.000,"115,479,000",
SURVEY,ANIMALS & PRODUCTS,DAIRY,MILK,"SKIM, UNSWEETENED, CONDENSED",ALL PRODUCTION PRACTICES,BULK,PRODUCTION,LB,"MILK, SKIM, UNSWEETENED, CONDENSED, BULK - PRODUCTION, MEASURED IN LB",TOTAL,NOT SPECIFIED,STATE,,98,OT,OTHER STATES,,,,,,,,00000000,,,9000,UNITED STATES,OTHER STATES,2023,MONTHLY,08,08,AUG,,2025-04-25 15:00:00.000,"112,260,000",
SURVEY,ANIMALS & PRODUCTS,DAIRY,MILK,"SKIM, UNSWEETENED, CONDENSED",ALL PRODUCTION PRACTICES,BULK,PRODUCTION,LB,"MILK, SKIM, UNSWEETENED, CONDENSED, BULK - PRODUCTION, MEASURED IN LB",TOTAL,NOT SPECIFIED,STATE,,98,OT,OTHER STATES,,,,,,,,00000000,,,9000,UNITED STATES,OTHER STATES,2023,MONTHLY,09,09,SEP,,2025-04-25 15:00:00.000,"89,932,000",
SURVEY,ANIMALS & PRODUCTS,DAIRY,MILK,"SKIM, UNSWEETENED, CONDENSED",ALL PRODUCTION PRACTICES,BULK,PRODUCTION,LB,"MILK, SKIM, UNSWEETENED, CONDENSED, BULK - PRODUCTION, MEASURED IN LB",TOTAL,NOT SPECIFIED,STATE,,98,OT,OTHER STATES,,,,,,,,00000000,,,9000,UNITED STATES,OTHER STATES,2023,MONTHLY,10,10,OCT,,2025-04-25 15:00:00.000,"97,202,000",
SURVEY,ANIMALS & PRODUCTS,DAIRY,MILK,"SKIM, UNSWEETENED, CONDENSED",ALL PRODUCTION PRACTICES,BULK,PRODUCTION,LB,"MILK, SKIM, UNSWEETENED, CONDENSED, BULK - PRODUCTION, MEASURED IN LB",TOTAL,NOT SPECIFIED,STATE,,98,OT,OTHER STATES,,,,,,,,00000000,,,9000,UNITED STATES,OTHER STATES,2023,MONTHLY,11,11,NOV,,2025-04-25 15:00:00.000,"89,625,000",
SURVEY,ANIMALS & PRODUCTS,DAIRY,MILK,"SKIM, UNSWEETENED, CONDENSED",ALL PRODUCTION PRACTICES,BULK,PRODUCTION,LB,"MILK, SKIM, UNSWEETENED, CONDENSED, BULK - PRODUCTION, MEASURED IN LB",TOTAL,NOT SPECIFIED,STATE,,98,OT,OTHER STATES,,,,,,,,00000000,,,9000,UNITED STATES,OTHER STATES,2023,MONTHLY,12,12,DEC,,2025-04-25 15:00:00.000,"94,527,000",
SURVEY,ANIMALS & PRODUCTS,DAIRY,MILK,"SKIM, UNSWEETENED, CONDENSED",ALL PRODUCTION PRACTICES,BULK,PRODUCTION,LB,"MILK, SKIM, UNSWEETENED, CONDENSED, BULK - PRODUCTION, MEASURED IN LB",TOTAL,NOT SPECIFIED,STATE,06,06,CA,CALIFORNIA,,,,,,,,00000000,,,9000,UNITED STATES,CALIFORNIA,2023,MONTHLY,01,01,JAN,,2025-04-25 15:00:00.000,"8,756,000",
SURVEY,ANIMALS & PRODUCTS,DAIRY,MILK,"SKIM, UNSWEETENED, CONDENSED",ALL PRODUCTION PRACTICES,BULK,PRODUCTION,LB,"MILK, SKIM, UNSWEETENED, CONDENSED, BULK - PRODUCTION, MEASURED IN LB",TOTAL,NOT SPECIFIED,STATE,06,06,CA,CALIFORNIA,,,,,,,,00000000,,,9000,UNITED STATES,CALIFORNIA,2023,MONTHLY,02,02,FEB,,2025-04-25 15:00:00.000,"8,013,000",
SURVEY,ANIMALS & PRODUCTS,DAIRY,MILK,"SKIM, UNSWEETENED, CONDENSED",ALL PRODUCTION PRACTICES,BULK,PRODUCTION,LB,"MILK, SKIM, UNSWEETENED, CONDENSED, BULK - PRODUCTION, MEASURED IN LB",TOTAL,NOT SPECIFIED,STATE,06,06,CA,CALIFORNIA,,,,,,,,00000000,,,9000,UNITED STATES,CALIFORNIA,2023,MONTHLY,03,03,MAR,,2025-04-25 15:00:00.000,"8,368,000",
SURVEY,ANIMALS & PRODUCTS,DAIRY,MILK,"SKIM, UNSWEETENED, CONDENSED",ALL PRODUCTION PRACTICES,BULK,PRODUCTION,LB,"MILK, SKIM, UNSWEETENED, CONDENSED, BULK - PRODUCTION, MEASURED IN LB",TOTAL,NOT SPECIFIED,STATE,06,06,CA,CALIFORNIA,,,,,,,,00000000,,,9000,UNITED STATES,CALIFORNIA,2023,MONTHLY,04,04,APR,,2025-04-25 15:00:00.000,"9,130,000",
SURVEY,ANIMALS & PRODUCTS,DAIRY,MILK,"SKIM, UNSWEETENED, CONDENSED",ALL PRODUCTION PRACTICES,BULK,PRODUCTION,LB,"MILK, SKIM, UNSWEETENED, CONDENSED, BULK - PRODUCTION, MEASURED IN LB",TOTAL,NOT SPECIFIED,STATE,06,06,CA,CALIFORNIA,,,,,,,,00000000,,,9000,UNITED STATES,CALIFORNIA,2023,MONTHLY,05,05,MAY,,2025-04-25 15:00:00.000,"9,019,000",
SURVEY,ANIMALS & PRODUCTS,DAIRY,MILK,"SKIM, UNSWEETENED, CONDENSED",ALL PRODUCTION PRACTICES,BULK,PRODUCTION,LB,"MILK, SKIM, UNSWEETENED, CONDENSED, BULK - PRODUCTION, MEASURED IN LB",TOTAL,NOT SPECIFIED,STATE,06,06,CA,CALIFORNIA,,,,,,,,00000000,,,9000,UNITED STATES,CALIFORNIA,2023,MONTHLY,06,06,JUN,,2025-04-25 15:00:00.000,"8,625,000",
SURVEY,ANIMALS & PRODUCTS,DAIRY,MILK,"SKIM, UNSWEETENED, CONDENSED",ALL PRODUCTION PRACTICES,BULK,PRODUCTION,LB,"MILK, SKIM, UNSWEETENED, CONDENSED, BULK - PRODUCTION, MEASURED IN LB",TOTAL,NOT SPECIFIED,STATE,06,06,CA,CALIFORNIA,,,,,,,,00000000,,,9000,UNITED STATES,CALIFORNIA,2023,MONTHLY,07,07,JUL,,2025-04-25 15:00:00.000,"10,055,000",
SURVEY,ANIMALS & PRODUCTS,DAIRY,MILK,"SKIM, UNSWEETENED, CONDENSED",ALL PRODUCTION PRACTICES,BULK,PRODUCTION,LB,"MILK, SKIM, UNSWEETENED, CONDENSED, BULK - PRODUCTION, MEASURED IN LB",TOTAL,NOT SPECIFIED,STATE,06,06,CA,CALIFORNIA,,,,,,,,00000000,,,9000,UNITED STATES,CALIFORNIA,2023,MONTHLY,08,08,AUG,,2025-04-25 15:00:00.000,"9,778,000",
SURVEY,ANIMALS & PRODUCTS,DAIRY,MILK,"SKIM, UNSWEETENED, CONDENSED",ALL PRODUCTION PRACTICES,BULK,PRODUCTION,LB,"MILK, SKIM, UNSWEETENED, CONDENSED, BULK - PRODUCTION, MEASURED IN LB",TOTAL,NOT SPECIFIED,STATE,06,06,CA,CALIFORNIA,,,,,,,,00000000,,,9000,UNITED STATES,CALIFORNIA,2023,MONTHLY,09,09,SEP,,2025-04-25 15:00:00.000,"9,462,000",
SURVEY,ANIMALS & PRODUCTS,DAIRY,MILK,"SKIM, UNSWEETENED, CONDENSED",ALL PRODUCTION PRACTICES,BULK,PRODUCTION,LB,"MILK, SKIM, UNSWEETENED, CONDENSED, BULK - PRODUCTION, MEASURED IN LB",TOTAL,NOT SPECIFIED,STATE,06,06,CA,CALIFORNIA,,,,,,,,00000000,,,9000,UNITED STATES,CALIFORNIA,2023,MONTHLY,10,10,OCT,,2025-04-25 15:00:00.000,"10,243,000",
SURVEY,ANIMALS & PRODUCTS,DAIRY,MILK,"SKIM, UNSWEETENED, CONDENSED",ALL PRODUCTION PRACTICES,BULK,PRODUCTION,LB,"MILK, SKIM, UNSWEETENED, CONDENSED, BULK - PRODUCTION, MEASURED IN LB",TOTAL,NOT SPECIFIED,STATE,06,06,CA,CALIFORNIA,,,,,,,,00000000,,,9000,UNITED STATES,CALIFORNIA,2023,MONTHLY,11,11,NOV,,2025-04-25 15:00:00.000,"8,990,000",
SURVEY,ANIMALS & PRODUCTS,DAIRY,MILK,"SKIM, UNSWEETENED, CONDENSED",ALL PRODUCTION PRACTICES,BULK,PRODUCTION,LB,"MILK, SKIM, UNSWEETENED, CONDENSED, BULK - PRODUCTION, MEASURED IN LB",TOTAL,NOT SPECIFIED,STATE,06,06,CA,CALIFORNIA,,,,,,,,00000000,,,9000,UNITED STATES,CALIFORNIA,2023,MONTHLY,12,12,DEC,,2025-04-25 15:00:00.000,"8,008,000",
SURVEY,ANIMALS & PRODUCTS,DAIRY,MILK,"SKIM, UNSWEETENED, CONDENSED",ALL PRODUCTION PRACTICES,BULK,PRODUCTION,LB,"MILK, SKIM, UNSWEETENED, CONDENSED, BULK - PRODUCTION, MEASURED IN LB",TOTAL,NOT SPECIFIED,STATE,36,36,NY,NEW YORK,,,,,,,,00000000,,,9000,UNITED STATES,NEW YORK,2023,MONTHLY,01,01,JAN,,2025-04-25 15:00:00.000,"5,065,000",
SURVEY,ANIMALS & PRODUCTS,DAIRY,MILK,"SKIM, UNSWEETENED, CONDENSED",ALL PRODUCTION PRACTICES,BULK,PRODUCTION,LB,"MILK, SKIM, UNSWEETENED, CONDENSED, BULK - PRODUCTION, MEASURED IN LB",TOTAL,NOT SPECIFIED,STATE,36,36,NY,NEW YORK,,,,,,,,00000000,,,9000,UNITED STATES,NEW YORK,2023,MONTHLY,02,02,FEB,,2025-04-25 15:00:00.000,"6,025,000",
SURVEY,ANIMALS & PRODUCTS,DAIRY,MILK,"SKIM, UNSWEETENED, CONDENSED",ALL PRODUCTION PRACTICES,BULK,PRODUCTION,LB,"MILK, SKIM, UNSWEETENED, CONDENSED, BULK - PRODUCTION, MEASURED IN LB",TOTAL,NOT SPECIFIED,STATE,36,36,NY,NEW YORK,,,,,,,,00000000,,,9000,UNITED STATES,NEW YORK,2023,MONTHLY,03,03,MAR,,2025-04-25 15:00:00.000,"4,407,000",
SURVEY,ANIMALS & PRODUCTS,DAIRY,MILK,"SKIM, UNSWEETENED, CONDENSED",ALL PRODUCTION PRACTICES,BULK,PRODUCTION,LB,"MILK, SKIM, UNSWEETENED, CONDENSED, BULK - PRODUCTION, MEASURED IN LB",TOTAL,NOT SPECIFIED,STATE,36,36,NY,NEW YORK,,,,,,,,00000000,,,9000,UNITED STATES,NEW YORK,2023,MONTHLY,04,04,APR,,2025-04-25 15:00:00.000,"5,459,000",
SURVEY,ANIMALS & PRODUCTS,DAIRY,MILK,"SKIM, UNSWEETENED, CONDENSED",ALL PRODUCTION PRACTICES,BULK,PRODUCTION,LB,"MILK, SKIM, UNSWEETENED, CONDENSED, BULK - PRODUCTION, MEASURED IN LB",TOTAL,NOT SPECIFIED,STATE,36,36,NY,NEW YORK,,,,,,,,00000000,,,9000,UNITED STATES,NEW YORK,2023,MONTHLY,05,05,MAY,,2025-04-25 15:00:00.000,"7,664,000",
SURVEY,ANIMALS & PRODUCTS,DAIRY,MILK,"SKIM, UNSWEETENED, CONDENSED",ALL PRODUCTION PRACTICES,BULK,PRODUCTION,LB,"MILK, SKIM, UNSWEETENED, CONDENSED, BULK - PRODUCTION, MEASURED IN LB",TOTAL,NOT SPECIFIED,STATE,36,36,NY,NEW YORK,,,,,,,,00000000,,,9000,UNITED STATES,NEW YORK,2023,MONTHLY,06,06,JUN,,2025-04-25 15:00:00.000,"7,715,000",
SURVEY,ANIMALS & PRODUCTS,DAIRY,MILK,"SKIM, UNSWEETENED, CONDENSED",ALL PRODUCTION PRACTICES,BULK,PRODUCTION,LB,"MILK, SKIM, UNSWEETENED, CONDENSED, BULK - PRODUCTION, MEASURED IN LB",TOTAL,NOT SPECIFIED,STATE,36,36,NY,NEW YORK,,,,,,,,00000000,,,9000,UNITED STATES,NEW YORK,2023,MONTHLY,07,07,JUL,,2025-04-25 15:00:00.000,"8,161,000",
SURVEY,ANIMALS & PRODUCTS,DAIRY,MILK,"SKIM, UNSWEETENED, CONDENSED",ALL PRODUCTION PRACTICES,BULK,PRODUCTION,LB,"MILK, SKIM, UNSWEETENED, CONDENSED, BULK - PRODUCTION, MEASURED IN LB",TOTAL,NOT SPECIFIED,STATE,36,36,NY,NEW YORK,,,,,,,,00000000,,,9000,UNITED STATES,NEW YORK,2023,MONTHLY,08,08,AUG,,2025-04-25 15:00:00.000,"6,593,000",
SURVEY,ANIMALS & PRODUCTS,DAIRY,MILK,"SKIM, UNSWEETENED, CONDENSED",ALL PRODUCTION PRACTICES,BULK,PRODUCTION,LB,"MILK, SKIM, UNSWEETENED, CONDENSED, BULK - PRODUCTION, MEASURED IN LB",TOTAL,NOT SPECIFIED,STATE,36,36,NY,NEW YORK,,,,,,,,00000000,,,9000,UNITED STATES,NEW YORK,2023,MONTHLY,09,09,SEP,,2025-04-25 15:00:00.000,"8,834,000",
SURVEY,ANIMALS & PRODUCTS,DAIRY,MILK,"SKIM, UNSWEETENED, CONDENSED",ALL PRODUCTION PRACTICES,BULK,PRODUCTION,LB,"MILK, SKIM, UNSWEETENED, CONDENSED, BULK - PRODUCTION, MEASURED IN LB",TOTAL,NOT SPECIFIED,STATE,36,36,NY,NEW YORK,,,,,,,,00000000,,,9000,UNITED STATES,NEW YORK,2023,MONTHLY,10,10,OCT,,2025-04-25 15:00:00.000,"8,488,000",
SURVEY,ANIMALS & PRODUCTS,DAIRY,MILK,"SKIM, UNSWEETENED, CONDENSED",ALL PRODUCTION PRACTICES,BULK,PRODUCTION,LB,"MILK, SKIM, UNSWEETENED, CONDENSED, BULK - PRODUCTION, MEASURED IN LB",TOTAL,NOT SPECIFIED,STATE,36,36,NY,NEW YORK,,,,,,,,00000000,,,9000,UNITED STATES,NEW YORK,2023,MONTHLY,11,11,NOV,,2025-04-25 15:00:00.000,"5,390,000",
SURVEY,ANIMALS & PRODUCTS,DAIRY,MILK,"SKIM, UNSWEETENED, CONDENSED",ALL PRODUCTION PRACTICES,BULK,PRODUCTION,LB,"MILK, SKIM, UNSWEETENED, CONDENSED, BULK - PRODUCTION, MEASURED IN LB",TOTAL,NOT SPECIFIED,STATE,36,36,NY,NEW YORK,,,,,,,,00000000,,,9000,UNITED STATES,NEW YORK,2023,MONTHLY,12,12,DEC,,2025-04-25 15:00:00.000,"5,045,000",
SURVEY,ANIMALS & PRODUCTS,DAIRY,MILK,ALL CLASSES,ALL PRODUCTION PRACTICES,ALL UTILIZATION PRACTICES,PRODUCTION,LB,"MILK - PRODUCTION, MEASURED IN LB",TOTAL,NOT SPECIFIED,STATE,,98,OT,OTHER STATES,,,,,,,,00000000,,,9000,UNITED STATES,OTHER STATES,2024,MONTHLY,01,03,JAN THRU MAR,,2026-02-20 15:00:00.000,"1,700,000",
SURVEY,ANIMALS & PRODUCTS,DAIRY,MILK,ALL CLASSES,ALL PRODUCTION PRACTICES,ALL UTILIZATION PRACTICES,PRODUCTION,LB,"MILK - PRODUCTION, MEASURED IN LB",TOTAL,NOT SPECIFIED,STATE,,98,OT,OTHER STATES,,,,,,,,00000000,,,9000,UNITED STATES,OTHER STATES,2024,MONTHLY,04,06,APR THRU JUN,,2026-02-20 15:00:00.000,"2,100,000",
SURVEY,ANIMALS & PRODUCTS,DAIRY,MILK,ALL CLASSES,ALL PRODUCTION PRACTICES,ALL UTILIZATION PRACTICES,PRODUCTION,LB,"MILK - PRODUCTION, MEASURED IN LB",TOTAL,NOT SPECIFIED,STATE,,98,OT,OTHER STATES,,,,,,,,00000000,,,9000,UNITED STATES,OTHER STATES,2024,MONTHLY,07,09,JUL THRU SEP,,2026-02-20 15:00:00.000,"2,100,000",
SURVEY,ANIMALS & PRODUCTS,DAIRY,MILK,ALL CLASSES,ALL PRODUCTION PRACTICES,ALL UTILIZATION PRACTICES,PRODUCTION,LB,"MILK - PRODUCTION, MEASURED IN LB",TOTAL,NOT SPECIFIED,STATE,,98,OT,OTHER STATES,,,,,,,,00000000,,,9000,UNITED STATES,OTHER STATES,2024,MONTHLY,10,12,OCT THRU DEC,,2026-02-20 15:00:00.000,"2,000,000",
SURVEY,ANIMALS & PRODUCTS,DAIRY,MILK,ALL CLASSES,ALL PRODUCTION PRACTICES,ALL UTILIZATION PRACTICES,PRODUCTION,LB,"MILK - PRODUCTION, MEASURED IN LB",TOTAL,NOT SPECIFIED,STATE,01,01,AL,ALABAMA,,,,,,,,00000000,,,9000,UNITED STATES,ALABAMA,2024,MONTHLY,01,03,JAN THRU MAR,,2026-02-20 15:00:00.000,"8,500,000",
SURVEY,ANIMALS & PRODUCTS,DAIRY,MILK,ALL CLASSES,ALL PRODUCTION PRACTICES,ALL UTILIZATION PRACTICES,PRODUCTION,LB,"MILK - PRODUCTION, MEASURED IN LB",TOTAL,NOT SPECIFIED,STATE,01,01,AL,ALABAMA,,,,,,,,00000000,,,9000,UNITED STATES,ALABAMA,2024,MONTHLY,04,06,APR THRU JUN,,2026-02-20 15:00:00.000,"7,500,000",
SURVEY,ANIMALS & PRODUCTS,DAIRY,MILK,ALL CLASSES,ALL PRODUCTION PRACTICES,ALL UTILIZATION PRACTICES,PRODUCTION,LB,"MILK - PRODUCTION, MEASURED IN LB",TOTAL,NOT SPECIFIED,STATE,01,01,AL,ALABAMA,,,,,,,,00000000,,,9000,UNITED STATES,ALABAMA,2024,MONTHLY,07,09,JUL THRU SEP,,2026-02-20 15:00:00.000,"5,500,000",
SURVEY,ANIMALS & PRODUCTS,DAIRY,MILK,ALL CLASSES,ALL PRODUCTION PRACTICES,ALL UTILIZATION PRACTICES,PRODUCTION,LB,"MILK - PRODUCTION, MEASURED IN LB",TOTAL,NOT SPECIFIED,STATE,01,01,AL,ALABAMA,,,,,,,,00000000,,,9000,UNITED STATES,ALABAMA,2024,MONTHLY,10,12,OCT THRU DEC,,2026-02-20 15:00:00.000,"6,500,000",
SURVEY,ANIMALS & PRODUCTS,DAIRY,MILK,ALL CLASSES,ALL PRODUCTION PRACTICES,ALL UTILIZATION PRACTICES,PRODUCTION,LB,"MILK - PRODUCTION, MEASURED IN LB",TOTAL,NOT SPECIFIED,STATE,04,04,AZ,ARIZONA,,,,,,,,00000000,,,9000,UNITED STATES,ARIZONA,2024,MONTHLY,01,01,JAN,,2026-02-20 15:00:00.000,"417,000,000",
SURVEY,ANIMALS & PRODUCTS,DAIRY,MILK,ALL CLASSES,ALL PRODUCTION PRACTICES,ALL UTILIZATION PRACTICES,PRODUCTION,LB,"MILK - PRODUCTION, MEASURED IN LB",TOTAL,NOT SPECIFIED,STATE,04,04,AZ,ARIZONA,,,,,,,,00000000,,,9000,UNITED STATES,ARIZONA,2024,MONTHLY,01,03,JAN THRU MAR,,2026-02-20 15:00:00.000,"1,257,000,000",
SURVEY,ANIMALS & PRODUCTS,DAIRY,MILK,ALL CLASSES,ALL PRODUCTION PRACTICES,ALL UTILIZATION PRACTICES,PRODUCTION,LB,"MILK - PRODUCTION, MEASURED IN LB",TOTAL,NOT SPECIFIED,STATE,04,04,AZ,ARIZONA,,,,,,,,00000000,,,9000,UNITED STATES,ARIZONA,2024,MONTHLY,02,02,FEB,,2026-02-20 15:00:00.000,"400,000,000",
SURVEY,ANIMALS & PRODUCTS,DAIRY,MILK,ALL CLASSES,ALL PRODUCTION PRACTICES,ALL UTILIZATION PRACTICES,PRODUCTION,LB,"MILK - PRODUCTION, MEASURED IN LB",TOTAL,NOT SPECIFIED,STATE,04,04,AZ,ARIZONA,,,,,,,,00000000,,,9000,UNITED STATES,ARIZONA,2024,MONTHLY,03,03,MAR,,2026-02-20 15:00:00.000,"440,000,000",
SURVEY,ANIMALS & PRODUCTS,DAIRY,MILK,ALL CLASSES,ALL PRODUCTION PRACTICES,ALL UTILIZATION PRACTICES,PRODUCTION,LB,"MILK - PRODUCTION, MEASURED IN LB",TOTAL,NOT SPECIFIED,STATE,04,04,AZ,ARIZONA,,,,,,,,00000000,,,9000,UNITED STATES,ARIZONA,2024,MONTHLY,04,04,APR,,2026-02-20 15:00:00.000,"421,000,000",
SURVEY,ANIMALS & PRODUCTS,DAIRY,MILK,ALL CLASSES,ALL PRODUCTION PRACTICES,ALL UTILIZATION PRACTICES,PRODUCTION,LB,"MILK - PRODUCTION, MEASURED IN LB",TOTAL,NOT SPECIFIED,STATE,04,04,AZ,ARIZONA,,,,,,,,00000000,,,9000,UNITED STATES,ARIZONA,2024,MONTHLY,04,06,APR THRU JUN,,2026-02-20 15:00:00.000,"1,224,000,000",
SURVEY,ANIMALS & PRODUCTS,DAIRY,MILK,ALL CLASSES,ALL PRODUCTION PRACTICES,ALL UTILIZATION PRACTICES,PRODUCTION,LB,"MILK - PRODUCTION, MEASURED IN LB",TOTAL,NOT SPECIFIED,STATE,04,04,AZ,ARIZONA,,,,,,,,00000000,,,9000,UNITED STATES,ARIZONA,2024,MONTHLY,05,05,MAY,,2026-02-20 15:00:00.000,"420,000,000",
SURVEY,ANIMALS & PRODUCTS,DAIRY,MILK,ALL CLASSES,ALL PRODUCTION PRACTICES,ALL UTILIZATION PRACTICES,PRODUCTION,LB,"MILK - PRODUCTION, MEASURED IN LB",TOTAL,NOT SPECIFIED,STATE,04,04,AZ,ARIZONA,,,,,,,,00000000,,,9000,UNITED STATES,ARIZONA,2024,MONTHLY,06,06,JUN,,2026-02-20 15:00:00.000,"383,000,000",
SURVEY,ANIMALS & PRODUCTS,DAIRY,MILK,ALL CLASSES,ALL PRODUCTION PRACTICES,ALL UTILIZATION PRACTICES,PRODUCTION,LB,"MILK - PRODUCTION, MEASURED IN LB",TOTAL,NOT SPECIFIED,STATE,04,04,AZ,ARIZONA,,,,,,,,00000000,,,9000,UNITED STATES,ARIZONA,2024,MONTHLY,07,07,JUL,,2026-02-20 15:00:00.000,"362,000,000",
SURVEY,ANIMALS & PRODUCTS,DAIRY,MILK,ALL CLASSES,ALL PRODUCTION PRACTICES,ALL UTILIZATION PRACTICES,PRODUCTION,LB,"MILK - PRODUCTION, MEASURED IN LB",TOTAL,NOT SPECIFIED,STATE,04,04,AZ,ARIZONA,,,,,,,,00000000,,,9000,UNITED STATES,ARIZONA,2024,MONTHLY,07,09,JUL THRU SEP,,2026-02-20 15:00:00.000,"1,074,000,000",
SURVEY,ANIMALS & PRODUCTS,DAIRY,MILK,ALL CLASSES,ALL PRODUCTION PRACTICES,ALL UTILIZATION PRACTICES,PRODUCTION,LB,"MILK - PRODUCTION, MEASURED IN LB",TOTAL,NOT SPECIFIED,STATE,04,04,AZ,ARIZONA,,,,,,,,00000000,,,9000,UNITED STATES,ARIZONA,2024,MONTHLY,08,08,AUG,,2026-02-20 15:00:00.000,"357,000,000",
SURVEY,ANIMALS & PRODUCTS,DAIRY,MILK,ALL CLASSES,ALL PRODUCTION PRACTICES,ALL UTILIZATION PRACTICES,PRODUCTION,LB,"MILK - PRODUCTION, MEASURED IN LB",TOTAL,NOT SPECIFIED,STATE,04,04,AZ,ARIZONA,,,,,,,,00000000,,,9000,UNITED STATES,ARIZONA,2024,MONTHLY,09,09,SEP,,2026-02-20 15:00:00.000,"355,000,000",
SURVEY,ANIMALS & PRODUCTS,DAIRY,MILK,ALL CLASSES,ALL PRODUCTION PRACTICES,ALL UTILIZATION PRACTICES,PRODUCTION,LB,"MILK - PRODUCTION, MEASURED IN LB",TOTAL,NOT SPECIFIED,STATE,04,04,AZ,ARIZONA,,,,,,,,00000000,,,9000,UNITED STATES,ARIZONA,2024,MONTHLY,10,10,OCT,,2026-02-20 15:00:00.000,"372,000,000",
SURVEY,ANIMALS & PRODUCTS,DAIRY,MILK,ALL CLASSES,ALL PRODUCTION PRACTICES,ALL UTILIZATION PRACTICES,PRODUCTION,LB,"MILK - PRODUCTION, MEASURED IN LB",TOTAL,NOT SPECIFIED,STATE,04,04,AZ,ARIZONA,,,,,,,,00000000,,,9000,UNITED STATES,ARIZONA,2024,MONTHLY,10,12,OCT THRU DEC,,2026-02-20 15:00:00.000,"1,137,000,000",
SURVEY,ANIMALS & PRODUCTS,DAIRY,MILK,ALL CLASSES,ALL PRODUCTION PRACTICES,ALL UTILIZATION PRACTICES,PRODUCTION,LB,"MILK - PRODUCTION, MEASURED IN LB",TOTAL,NOT SPECIFIED,STATE,04,04,AZ,ARIZONA,,,,,,,,00000000,,,9000,UNITED STATES,ARIZONA,2024,MONTHLY,11,11,NOV,,2026-02-20 15:00:00.000,"369,000,000",
SURVEY,ANIMALS & PRODUCTS,DAIRY,MILK,ALL CLASSES,ALL PRODUCTION PRACTICES,ALL UTILIZATION PRACTICES,PRODUCTION,LB,"MILK - PRODUCTION, MEASURED IN LB",TOTAL,NOT SPECIFIED,STATE,04,04,AZ,ARIZONA,,,,,,,,00000000,,,9000,UNITED STATES,ARIZONA,2024,MONTHLY,12,12,DEC,,2026-02-20 15:00:00.000,"396,000,000",
SURVEY,ANIMALS & PRODUCTS,DAIRY,MILK,ALL CLASSES,ALL PRODUCTION PRACTICES,ALL UTILIZATION PRACTICES,PRODUCTION,LB,"MILK - PRODUCTION, MEASURED IN LB",TOTAL,NOT SPECIFIED,STATE,05,05,AR,ARKANSAS,,,,,,,,00000000,,,9000,UNITED STATES,ARKANSAS,2024,MONTHLY,01,03,JAN THRU MAR,,2026-02-20 15:00:00.000,"7,500,000",
SURVEY,ANIMALS & PRODUCTS,DAIRY,MILK,ALL CLASSES,ALL PRODUCTION PRACTICES,ALL UTILIZATION PRACTICES,PRODUCTION,LB,"MILK - PRODUCTION, MEASURED IN LB",TOTAL,NOT SPECIFIED,STATE,05,05,AR,ARKANSAS,,,,,,,,00000000,,,9000,UNITED STATES,ARKANSAS,2024,MONTHLY,04,06,APR THRU JUN,,2026-02-20 15:00:00.000,"7,000,000",
SURVEY,ANIMALS & PRODUCTS,DAIRY,MILK,ALL CLASSES,ALL PRODUCTION PRACTICES,ALL UTILIZATION PRACTICES,PRODUCTION,LB,"MILK - PRODUCTION, MEASURED IN LB",TOTAL,NOT SPECIFIED,STATE,05,05,AR,ARKANSAS,,,,,,,,00000000,,,9000,UNITED STATES,ARKANSAS,2024,MONTHLY,07,09,JUL THRU SEP,,2026-02-20 15:00:00.000,"6,000,000",
SURVEY,ANIMALS & PRODUCTS,DAIRY,MILK,ALL CLASSES,ALL PRODUCTION PRACTICES,ALL UTILIZATION PRACTICES,PRODUCTION,LB,"MILK - PRODUCTION, MEASURED IN LB",TOTAL,NOT SPECIFIED,STATE,05,05,AR,ARKANSAS,,,,,,,,00000000,,,9000,UNITED STATES,ARKANSAS,2024,MONTHLY,10,12,OCT THRU DEC,,2026-02-20 15:00:00.000,"5,500,000",
SURVEY,ANIMALS & PRODUCTS,DAIRY,MILK,ALL CLASSES,ALL PRODUCTION PRACTICES,ALL UTILIZATION PRACTICES,PRODUCTION,LB,"MILK - PRODUCTION, MEASURED IN LB",TOTAL,NOT SPECIFIED,STATE,06,06,CA,CALIFORNIA,,,,,,,,00000000,,,9000,UNITED STATES,CALIFORNIA,2024,MONTHLY,01,01,JAN,,2026-02-20 15:00:00.000,"3,538,000,000",
SURVEY,ANIMALS & PRODUCTS,DAIRY,MILK,ALL CLASSES,ALL PRODUCTION PRACTICES,ALL UTILIZATION PRACTICES,PRODUCTION,LB,"MILK - PRODUCTION, MEASURED IN LB",TOTAL,NOT SPECIFIED,STATE,06,06,CA,CALIFORNIA,,,,,,,,00000000,,,9000,UNITED STATES,CALIFORNIA,2024,MONTHLY,01,03,JAN THRU MAR,,2026-02-20 15:00:00.000,"10,562,000,000",
SURVEY,ANIMALS & PRODUCTS,DAIRY,MILK,ALL CLASSES,ALL PRODUCTION PRACTICES,ALL UTILIZATION PRACTICES,PRODUCTION,LB,"MILK - PRODUCTION, MEASURED IN LB",TOTAL,NOT SPECIFIED,STATE,06,06,CA,CALIFORNIA,,,,,,,,00000000,,,9000,UNITED STATES,CALIFORNIA,2024,MONTHLY,02,02,FEB,,2026-02-20 15:00:00.000,"3,367,000,000",
SURVEY,ANIMALS & PRODUCTS,DAIRY,MILK,ALL CLASSES,ALL PRODUCTION PRACTICES,ALL UTILIZATION PRACTICES,PRODUCTION,LB,"MILK - PRODUCTION, MEASURED IN LB",TOTAL,NOT SPECIFIED,STATE,06,06,CA,CALIFORNIA,,,,,,,,00000000,,,9000,UNITED STATES,CALIFORNIA,2024,MONTHLY,03,03,MAR,,2026-02-20 15:00:00.000,"3,657,000,000",
SURVEY,ANIMALS & PRODUCTS,DAIRY,MILK,ALL CLASSES,ALL PRODUCTION PRACTICES,ALL UTILIZATION PRACTICES,PRODUCTION,LB,"MILK - PRODUCTION, MEASURED IN LB",TOTAL,NOT SPECIFIED,STATE,06,06,CA,CALIFORNIA,,,,,,,,00000000,,,9000,UNITED STATES,CALIFORNIA,2024,MONTHLY,04,04,APR,,2026-02-20 15:00:00.000,"3,529,000,000",
SURVEY,ANIMALS & PRODUCTS,DAIRY,MILK,ALL CLASSES,ALL PRODUCTION PRACTICES,ALL UTILIZATION PRACTICES,PRODUCTION,LB,"MILK - PRODUCTION, MEASURED IN LB",TOTAL,NOT SPECIFIED,STATE,06,06,CA,CALIFORNIA,,,,,,,,00000000,,,9000,UNITED STATES,CALIFORNIA,2024,MONTHLY,04,06,APR THRU JUN,,2026-02-20 15:00:00.000,"10,453,000,000",
SURVEY,ANIMALS & PRODUCTS,DAIRY,MILK,ALL CLASSES,ALL PRODUCTION PRACTICES,ALL UTILIZATION PRACTICES,PRODUCTION,LB,"MILK - PRODUCTION, MEASURED IN LB",TOTAL,NOT SPECIFIED,STATE,06,06,CA,CALIFORNIA,,,,,,,,00000000,,,9000,UNITED STATES,CALIFORNIA,2024,MONTHLY,05,05,MAY,,2026-02-20 15:00:00.000,"3,578,000,000",
SURVEY,ANIMALS & PRODUCTS,DAIRY,MILK,ALL CLASSES,ALL PRODUCTION PRACTICES,ALL UTILIZATION PRACTICES,PRODUCTION,LB,"MILK - PRODUCTION, MEASURED IN LB",TOTAL,NOT SPECIFIED,STATE,06,06,CA,CALIFORNIA,,,,,,,,00000000,,,9000,UNITED STATES,CALIFORNIA,2024,MONTHLY,06,06,JUN,,2026-02-20 15:00:00.000,"3,346,000,000",
SURVEY,ANIMALS & PRODUCTS,DAIRY,MILK,ALL CLASSES,ALL PRODUCTION PRACTICES,ALL UTILIZATION PRACTICES,PRODUCTION,LB,"MILK - PRODUCTION, MEASURED IN LB",TOTAL,NOT SPECIFIED,STATE,06,06,CA,CALIFORNIA,,,,,,,,00000000,,,9000,UNITED STATES,CALIFORNIA,2024,MONTHLY,07,07,JUL,,2026-02-20 15:00:00.000,"3,312,000,000",
SURVEY,ANIMALS & PRODUCTS,DAIRY,MILK,ALL CLASSES,ALL PRODUCTION PRACTICES,ALL UTILIZATION PRACTICES,PRODUCTION,LB,"MILK - PRODUCTION, MEASURED IN LB",TOTAL,NOT SPECIFIED,STATE,06,06,CA,CALIFORNIA,,,,,,,,00000000,,,9000,UNITED STATES,CALIFORNIA,2024,MONTHLY,07,09,JUL THRU SEP,,2026-02-20 15:00:00.000,"9,903,000,000",
SURVEY,ANIMALS & PRODUCTS,DAIRY,MILK,ALL CLASSES,ALL PRODUCTION PRACTICES,ALL UTILIZATION PRACTICES,PRODUCTION,LB,"MILK - PRODUCTION, MEASURED IN LB",TOTAL,NOT SPECIFIED,STATE,06,06,CA,CALIFORNIA,,,,,,,,00000000,,,9000,UNITED STATES,CALIFORNIA,2024,MONTHLY,08,08,AUG,,2026-02-20 15:00:00.000,"3,380,000,000",
SURVEY,ANIMALS & PRODUCTS,DAIRY,MILK,ALL CLASSES,ALL PRODUCTION PRACTICES,ALL UTILIZATION PRACTICES,PRODUCTION,LB,"MILK - PRODUCTION, MEASURED IN LB",TOTAL,NOT SPECIFIED,STATE,06,06,CA,CALIFORNIA,,,,,,,,00000000,,,9000,UNITED STATES,CALIFORNIA,2024,MONTHLY,09,09,SEP,,2026-02-20 15:00:00.000,"3,211,000,000",
SURVEY,ANIMALS & PRODUCTS,DAIRY,MILK,ALL CLASSES,ALL PRODUCTION PRACTICES,ALL UTILIZATION PRACTICES,PRODUCTION,LB,"MILK - PRODUCTION, MEASURED IN LB",TOTAL,NOT SPECIFIED,STATE,06,06,CA,CALIFORNIA,,,,,,,,00000000,,,9000,UNITED STATES,CALIFORNIA,2024,MONTHLY,10,10,OCT,,2026-02-20 15:00:00.000,"3,196,000,000",
SURVEY,ANIMALS & PRODUCTS,DAIRY,MILK,ALL CLASSES,ALL PRODUCTION PRACTICES,ALL UTILIZATION PRACTICES,PRODUCTION,LB,"MILK - PRODUCTION, MEASURED IN LB",TOTAL,NOT SPECIFIED,STATE,06,06,CA,CALIFORNIA,,,,,,,,00000000,,,9000,UNITED STATES,CALIFORNIA,2024,MONTHLY,10,12,OCT THRU DEC,,2026-02-20 15:00:00.000,"9,370,000,000",
SURVEY,ANIMALS & PRODUCTS,DAIRY,MILK,ALL CLASSES,ALL PRODUCTION PRACTICES,ALL UTILIZATION PRACTICES,PRODUCTION,LB,"MILK - PRODUCTION, MEASURED IN LB",TOTAL,NOT SPECIFIED,STATE,06,06,CA,CALIFORNIA,,,,,,,,00000000,,,9000,UNITED STATES,CALIFORNIA,2024,MONTHLY,11,11,NOV,,2026-02-20 15:00:00.000,"2,999,000,000",
SURVEY,ANIMALS & PRODUCTS,DAIRY,MILK,ALL CLASSES,ALL PRODUCTION PRACTICES,ALL UTILIZATION PRACTICES,PRODUCTION,LB,"MILK - PRODUCTION, MEASURED IN LB",TOTAL,NOT SPECIFIED,STATE,06,06,CA,CALIFORNIA,,,,,,,,00000000,,,9000,UNITED STATES,CALIFORNIA,2024,MONTHLY,12,12,DEC,,2026-02-20 15:00:00.000,"3,175,000,000",
SURVEY,ANIMALS & PRODUCTS,DAIRY,MILK,ALL CLASSES,ALL PRODUCTION PRACTICES,ALL UTILIZATION PRACTICES,PRODUCTION,LB,"MILK - PRODUCTION, MEASURED IN LB",TOTAL,NOT SPECIFIED,STATE,08,08,CO,COLORADO,,,,,,,,00000000,,,9000,UNITED STATES,COLORADO,2024,MONTHLY,01,01,JAN,,2026-02-20 15:00:00.000,"437,000,000",
SURVEY,ANIMALS & PRODUCTS,DAIRY,MILK,ALL CLASSES,ALL PRODUCTION PRACTICES,ALL UTILIZATION PRACTICES,PRODUCTION,LB,"MILK - PRODUCTION, MEASURED IN LB",TOTAL,NOT SPECIFIED,STATE,08,08,CO,COLORADO,,,,,,,,00000000,,,9000,UNITED STATES,COLORADO,2024,MONTHLY,01,03,JAN THRU MAR,,2026-02-20 15:00:00.000,"1,307,000,000",
SURVEY,ANIMALS & PRODUCTS,DAIRY,MILK,ALL CLASSES,ALL PRODUCTION PRACTICES,ALL UTILIZATION PRACTICES,PRODUCTION,LB,"MILK - PRODUCTION, MEASURED IN LB",TOTAL,NOT SPECIFIED,STATE,08,08,CO,COLORADO,,,,,,,,00000000,,,9000,UNITED STATES,COLORADO,2024,MONTHLY,02,02,FEB,,2026-02-20 15:00:00.000,"416,000,000",
SURVEY,ANIMALS & PRODUCTS,DAIRY,MILK,ALL CLASSES,ALL PRODUCTION PRACTICES,ALL UTILIZATION PRACTICES,PRODUCTION,LB,"MILK - PRODUCTION, MEASURED IN LB",TOTAL,NOT SPECIFIED,STATE,08,08,CO,COLORADO,,,,,,,,00000000,,,9000,UNITED STATES,COLORADO,2024,MONTHLY,03,03,MAR,,2026-02-20 15:00:00.000,"454,000,000",
SURVEY,ANIMALS & PRODUCTS,DAIRY,MILK,ALL CLASSES,ALL PRODUCTION PRACTICES,ALL UTILIZATION PRACTICES,PRODUCTION,LB,"MILK - PRODUCTION, MEASURED IN LB",TOTAL,NOT SPECIFIED,STATE,08,08,CO,COLORADO,,,,,,,,00000000,,,9000,UNITED STATES,COLORADO,2024,MONTHLY,04,04,APR,,2026-02-20 15:00:00.000,"441,000,000",
SURVEY,ANIMALS & PRODUCTS,DAIRY,MILK,ALL CLASSES,ALL PRODUCTION PRACTICES,ALL UTILIZATION PRACTICES,PRODUCTION,LB,"MILK - PRODUCTION, MEASURED IN LB",TOTAL,NOT SPECIFIED,STATE,08,08,CO,COLORADO,,,,,,,,00000000,,,9000,UNITED STATES,COLORADO,2024,MONTHLY,04,06,APR THRU JUN,,2026-02-20 15:00:00.000,"1,316,000,000",
SURVEY,ANIMALS & PRODUCTS,DAIRY,MILK,ALL CLASSES,ALL PRODUCTION PRACTICES,ALL UTILIZATION PRACTICES,PRODUCTION,LB,"MILK - PRODUCTION, MEASURED IN LB",TOTAL,NOT SPECIFIED,STATE,08,08,CO,COLORADO,,,,,,,,00000000,,,9000,UNITED STATES,COLORADO,2024,MONTHLY,05,05,MAY,,2026-02-20 15:00:00.000,"453,000,000",
SURVEY,ANIMALS & PRODUCTS,DAIRY,MILK,ALL CLASSES,ALL PRODUCTION PRACTICES,ALL UTILIZATION PRACTICES,PRODUCTION,LB,"MILK - PRODUCTION, MEASURED IN LB",TOTAL,NOT SPECIFIED,STATE,08,08,CO,COLORADO,,,,,,,,00000000,,,9000,UNITED STATES,COLORADO,2024,MONTHLY,06,06,JUN,,2026-02-20 15:00:00.000,"422,000,000",
SURVEY,ANIMALS & PRODUCTS,DAIRY,MILK,ALL CLASSES,ALL PRODUCTION PRACTICES,ALL UTILIZATION PRACTICES,PRODUCTION,LB,"MILK - PRODUCTION, MEASURED IN LB",TOTAL,NOT SPECIFIED,STATE,08,08,CO,COLORADO,,,,,,,,00000000,,,9000,UNITED STATES,COLORADO,2024,MONTHLY,07,07,JUL,,2026-02-20 15:00:00.000,"431,000,000",
SURVEY,ANIMALS & PRODUCTS,DAIRY,MILK,ALL CLASSES,ALL PRODUCTION PRACTICES,ALL UTILIZATION PRACTICES,PRODUCTION,LB,"MILK - PRODUCTION, MEASURED IN LB",TOTAL,NOT SPECIFIED,STATE,08,08,CO,COLORADO,,,,,,,,00000000,,,9000,UNITED STATES,COLORADO,2024,MONTHLY,07,09,JUL THRU SEP,,2026-02-20 15:00:00.000,"1,304,000,000",
SURVEY,ANIMALS & PRODUCTS,DAIRY,MILK,ALL CLASSES,ALL PRODUCTION PRACTICES,ALL UTILIZATION PRACTICES,PRODUCTION,LB,"MILK - PRODUCTION, MEASURED IN LB",TOTAL,NOT SPECIFIED,STATE,08,08,CO,COLORADO,,,,,,,,00000000,,,9000,UNITED STATES,COLORADO,2024,MONTHLY,08,08,AUG,,2026-02-20 15:00:00.000,"441,000,000",
SURVEY,ANIMALS & PRODUCTS,DAIRY,MILK,ALL CLASSES,ALL PRODUCTION PRACTICES,ALL UTILIZATION PRACTICES,PRODUCTION,LB,"MILK - PRODUCTION, MEASURED IN LB",TOTAL,NOT SPECIFIED,STATE,08,08,CO,COLORADO,,,,,,,,00000000,,,9000,UNITED STATES,COLORADO,2024,MONTHLY,09,09,SEP,,2026-02-20 15:00:00.000,"432,000,000",
SURVEY,ANIMALS & PRODUCTS,DAIRY,MILK,ALL CLASSES,ALL PRODUCTION PRACTICES,ALL UTILIZATION PRACTICES,PRODUCTION,LB,"MILK - PRODUCTION, MEASURED IN LB",TOTAL,NOT SPECIFIED,STATE,08,08,CO,COLORADO,,,,,,,,00000000,,,9000,UNITED STATES,COLORADO,2024,MONTHLY,10,10,OCT,,2026-02-20 15:00:00.000,"450,000,000",
SURVEY,ANIMALS & PRODUCTS,DAIRY,MILK,ALL CLASSES,ALL PRODUCTION PRACTICES,ALL UTILIZATION PRACTICES,PRODUCTION,LB,"MILK - PRODUCTION, MEASURED IN LB",TOTAL,NOT SPECIFIED,STATE,08,08,CO,COLORADO,,,,,,,,00000000,,,9000,UNITED STATES,COLORADO,2024,MONTHLY,10,12,OCT THRU DEC,,2026-02-20 15:00:00.000,"1,329,000,000",
SURVEY,ANIMALS & PRODUCTS,DAIRY,MILK,ALL CLASSES,ALL PRODUCTION PRACTICES,ALL UTILIZATION PRACTICES,PRODUCTION,LB,"MILK - PRODUCTION, MEASURED IN LB",TOTAL,NOT SPECIFIED,STATE,08,08,CO,COLORADO,,,,,,,,00000000,,,9000,UNITED STATES,COLORADO,2024,MONTHLY,11,11,NOV,,2026-02-20 15:00:00.000,"429,000,000",
SURVEY,ANIMALS & PRODUCTS,DAIRY,MILK,ALL CLASSES,ALL PRODUCTION PRACTICES,ALL UTILIZATION PRACTICES,PRODUCTION,LB,"MILK - PRODUCTION, MEASURED IN LB",TOTAL,NOT SPECIFIED,STATE,08,08,CO,COLORADO,,,,,,,,00000000,,,9000,UNITED STATES,COLORADO,2024,MONTHLY,12,12,DEC,,2026-02-20 15:00:00.000,"450,000,000",
SURVEY,ANIMALS & PRODUCTS,DAIRY,MILK,ALL CLASSES,ALL PRODUCTION PRACTICES,ALL UTILIZATION PRACTICES,PRODUCTION,LB,"MILK - PRODUCTION, MEASURED IN LB",TOTAL,NOT SPECIFIED,STATE,09,09,CT,CONNECTICUT,,,,,,,,00000000,,,9000,UNITED STATES,CONNECTICUT,2024,MONTHLY,01,03,JAN THRU MAR,,2026-02-20 15:00:00.000,"107,000,000",
SURVEY,ANIMALS & PRODUCTS,DAIRY,MILK,ALL CLASSES,ALL PRODUCTION PRACTICES,ALL UTILIZATION PRACTICES,PRODUCTION,LB,"MILK - PRODUCTION, MEASURED IN LB",TOTAL,NOT SPECIFIED,STATE,09,09,CT,CONNECTICUT,,,,,,,,00000000,,,9000,UNITED STATES,CONNECTICUT,2024,MONTHLY,04,06,APR THRU JUN,,2026-02-20 15:00:00.000,"108,000,000",
SURVEY,ANIMALS & PRODUCTS,DAIRY,MILK,ALL CLASSES,ALL PRODUCTION PRACTICES,ALL UTILIZATION PRACTICES,PRODUCTION,LB,"MILK - PRODUCTION, MEASURED IN LB",TOTAL,NOT SPECIFIED,STATE,09,09,CT,CONNECTICUT,,,,,,,,00000000,,,9000,UNITED STATES,CONNECTICUT,2024,MONTHLY,07,09,JUL THRU SEP,,2026-02-20 15:00:00.000,"105,000,000",
SURVEY,ANIMALS & PRODUCTS,DAIRY,MILK,ALL CLASSES,ALL PRODUCTION PRACTICES,ALL UTILIZATION PRACTICES,PRODUCTION,LB,"MILK - PRODUCTION, MEASURED IN LB",TOTAL,NOT SPECIFIED,STATE,09,09,CT,CONNECTICUT,,,,,,,,00000000,,,9000,UNITED STATES,CONNECTICUT,2024,MONTHLY,10,12,OCT THRU DEC,,2026-02-20 15:00:00.000,"104,000,000",
SURVEY,ANIMALS & PRODUCTS,DAIRY,MILK,ALL CLASSES,ALL PRODUCTION PRACTICES,ALL UTILIZATION PRACTICES,PRODUCTION,LB,"MILK - PRODUCTION, MEASURED IN LB",TOTAL,NOT SPECIFIED,STATE,10,10,DE,DELAWARE,,,,,,,,00000000,,,9000,UNITED STATES,DELAWARE,2024,MONTHLY,01,03,JAN THRU MAR,,2026-02-20 15:00:00.000,"12,900,000",
SURVEY,ANIMALS & PRODUCTS,DAIRY,MILK,ALL CLASSES,ALL PRODUCTION PRACTICES,ALL UTILIZATION PRACTICES,PRODUCTION,LB,"MILK - PRODUCTION, MEASURED IN LB",TOTAL,NOT SPECIFIED,STATE,10,10,DE,DELAWARE,,,,,,,,00000000,,,9000,UNITED STATES,DELAWARE,2024,MONTHLY,04,06,APR THRU JUN,,2026-02-20 15:00:00.000,"12,300,000",
SURVEY,ANIMALS & PRODUCTS,DAIRY,MILK,ALL CLASSES,ALL PRODUCTION PRACTICES,ALL UTILIZATION PRACTICES,PRODUCTION,LB,"MILK - PRODUCTION, MEASURED IN LB",TOTAL,NOT SPECIFIED,STATE,10,10,DE,DELAWARE,,,,,,,,00000000,,,9000,UNITED STATES,DELAWARE,2024,MONTHLY,07,09,JUL THRU SEP,,2026-02-20 15:00:00.000,"10,800,000",
SURVEY,ANIMALS & PRODUCTS,DAIRY,MILK,ALL CLASSES,ALL PRODUCTION PRACTICES,ALL UTILIZATION PRACTICES,PRODUCTION,LB,"MILK - PRODUCTION, MEASURED IN LB",TOTAL,NOT SPECIFIED,STATE,10,10,DE,DELAWARE,,,,,,,,00000000,,,9000,UNITED STATES,DELAWARE,2024,MONTHLY,10,12,OCT THRU DEC,,2026-02-20 15:00:00.000,"11,200,000",
SURVEY,ANIMALS & PRODUCTS,DAIRY,MILK,ALL CLASSES,ALL PRODUCTION PRACTICES,ALL UTILIZATION PRACTICES,PRODUCTION,LB,"MILK - PRODUCTION, MEASURED IN LB",TOTAL,NOT SPECIFIED,STATE,12,12,FL,FLORIDA,,,,,,,,00000000,,,9000,UNITED STATES,FLORIDA,2024,MONTHLY,01,01,JAN,,2026-02-20 15:00:00.000,"180,000,000",
SURVEY,ANIMALS & PRODUCTS,DAIRY,MILK,ALL CLASSES,ALL PRODUCTION PRACTICES,ALL UTILIZATION PRACTICES,PRODUCTION,LB,"MILK - PRODUCTION, MEASURED IN LB",TOTAL,NOT SPECIFIED,STATE,12,12,FL,FLORIDA,,,,,,,,00000000,,,9000,UNITED STATES,FLORIDA,2024,MONTHLY,01,03,JAN THRU MAR,,2026-02-20 15:00:00.000,"545,000,000",
SURVEY,ANIMALS & PRODUCTS,DAIRY,MILK,ALL CLASSES,ALL PRODUCTION PRACTICES,ALL UTILIZATION PRACTICES,PRODUCTION,LB,"MILK - PRODUCTION, MEASURED IN LB",TOTAL,NOT SPECIFIED,STATE,12,12,FL,FLORIDA,,,,,,,,00000000,,,9000,UNITED STATES,FLORIDA,2024,MONTHLY,02,02,FEB,,2026-02-20 15:00:00.000,"172,000,000",
SURVEY,ANIMALS & PRODUCTS,DAIRY,MILK,ALL CLASSES,ALL PRODUCTION PRACTICES,ALL UTILIZATION PRACTICES,PRODUCTION,LB,"MILK - PRODUCTION, MEASURED IN LB",TOTAL,NOT SPECIFIED,STATE,12,12,FL,FLORIDA,,,,,,,,00000000,,,9000,UNITED STATES,FLORIDA,2024,MONTHLY,03,03,MAR,,2026-02-20 15:00:00.000,"193,000,000",
SURVEY,ANIMALS & PRODUCTS,DAIRY,MILK,ALL CLASSES,ALL PRODUCTION PRACTICES,ALL UTILIZATION PRACTICES,PRODUCTION,LB,"MILK - PRODUCTION, MEASURED IN LB",TOTAL,NOT SPECIFIED,STATE,12,12,FL,FLORIDA,,,,,,,,00000000,,,9000,UNITED STATES,FLORIDA,2024,MONTHLY,04,04,APR,,2026-02-20 15:00:00.000,"191,000,000",
SURVEY,ANIMALS & PRODUCTS,DAIRY,MILK,ALL CLASSES,ALL PRODUCTION PRACTICES,ALL UTILIZATION PRACTICES,PRODUCTION,LB,"MILK - PRODUCTION, MEASURED IN LB",TOTAL,NOT SPECIFIED,STATE,12,12,FL,FLORIDA,,,,,,,,00000000,,,9000,UNITED STATES,FLORIDA,2024,MONTHLY,04,06,APR THRU JUN,,2026-02-20 15:00:00.000,"537,000,000",
SURVEY,ANIMALS & PRODUCTS,DAIRY,MILK,ALL CLASSES,ALL PRODUCTION PRACTICES,ALL UTILIZATION PRACTICES,PRODUCTION,LB,"MILK - PRODUCTION, MEASURED IN LB",TOTAL,NOT SPECIFIED,STATE,12,12,FL,FLORIDA,,,,,,,,00000000,,,9000,UNITED STATES,FLORIDA,2024,MONTHLY,05,05,MAY,,2026-02-20 15:00:00.000,"178,000,000",
SURVEY,ANIMALS & PRODUCTS,DAIRY,MILK,ALL CLASSES,ALL PRODUCTION PRACTICES,ALL UTILIZATION PRACTICES,PRODUCTION,LB,"MILK - PRODUCTION, MEASURED IN LB",TOTAL,NOT SPECIFIED,STATE,12,12,FL,FLORIDA,,,,,,,,00000000,,,9000,UNITED STATES,FLORIDA,2024,MONTHLY,06,06,JUN,,2026-02-20 15:00:00.000,"168,000,000",
SURVEY,ANIMALS & PRODUCTS,DAIRY,MILK,ALL CLASSES,ALL PRODUCTION PRACTICES,ALL UTILIZATION PRACTICES,PRODUCTION,LB,"MILK - PRODUCTION, MEASURED IN LB",TOTAL,NOT SPECIFIED,STATE,12,12,FL,FLORIDA,,,,,,,,00000000,,,9000,UNITED STATES,FLORIDA,2024,MONTHLY,07,07,JUL,,2026-02-20 15:00:00.000,"165,000,000",
SURVEY,ANIMALS & PRODUCTS,DAIRY,MILK,ALL CLASSES,ALL PRODUCTION PRACTICES,ALL UTILIZATION PRACTICES,PRODUCTION,LB,"MILK - PRODUCTION, MEASURED IN LB",TOTAL,NOT SPECIFIED,STATE,12,12,FL,FLORIDA,,,,,,,,00000000,,,9000,UNITED STATES,FLORIDA,2024,MONTHLY,07,09,JUL THRU SEP,,2026-02-20 15:00:00.000,"470,000,000",
SURVEY,ANIMALS & PRODUCTS,DAIRY,MILK,ALL CLASSES,ALL PRODUCTION PRACTICES,ALL UTILIZATION PRACTICES,PRODUCTION,LB,"MILK - PRODUCTION, MEASURED IN LB",TOTAL,NOT SPECIFIED,STATE,12,12,FL,FLORIDA,,,,,,,,00000000,,,9000,UNITED STATES,FLORIDA,2024,MONTHLY,08,08,AUG,,2026-02-20 15:00:00.000,"156,000,000",
SURVEY,ANIMALS & PRODUCTS,DAIRY,MILK,ALL CLASSES,ALL PRODUCTION PRACTICES,ALL UTILIZATION PRACTICES,PRODUCTION,LB,"MILK - PRODUCTION, MEASURED IN LB",TOTAL,NOT SPECIFIED,STATE,12,12,FL,FLORIDA,,,,,,,,00000000,,,9000,UNITED STATES,FLORIDA,2024,MONTHLY,09,09,SEP,,2026-02-20 15:00:00.000,"149,000,000",
SURVEY,ANIMALS & PRODUCTS,DAIRY,MILK,ALL CLASSES,ALL PRODUCTION PRACTICES,ALL UTILIZATION PRACTICES,PRODUCTION,LB,"MILK - PRODUCTION, MEASURED IN LB",TOTAL,NOT SPECIFIED,STATE,12,12,FL,FLORIDA,,,,,,,,00000000,,,9000,UNITED STATES,FLORIDA,2024,MONTHLY,10,10,OCT,,2026-02-20 15:00:00.000,"154,000,000",
SURVEY,ANIMALS & PRODUCTS,DAIRY,MILK,ALL CLASSES,ALL PRODUCTION PRACTICES,ALL UTILIZATION PRACTICES,PRODUCTION,LB,"MILK - PRODUCTION, MEASURED IN LB",TOTAL,NOT SPECIFIED,STATE,12,12,FL,FLORIDA,,,,,,,,00000000,,,9000,UNITED STATES,FLORIDA,2024,MONTHLY,10,12,OCT THRU DEC,,2026-02-20 15:00:00.000,"477,000,000",
SURVEY,ANIMALS & PRODUCTS,DAIRY,MILK,ALL CLASSES,ALL PRODUCTION PRACTICES,ALL UTILIZATION PRACTICES,PRODUCTION,LB,"MILK - PRODUCTION, MEASURED IN LB",TOTAL,NOT SPECIFIED,STATE,12,12,FL,FLORIDA,,,,,,,,00000000,,,9000,UNITED STATES,FLORIDA,2024,MONTHLY,11,11,NOV,,2026-02-20 15:00:00.000,"155,000,000",
SURVEY,ANIMALS & PRODUCTS,DAIRY,MILK,ALL CLASSES,ALL PRODUCTION PRACTICES,ALL UTILIZATION PRACTICES,PRODUCTION,LB,"MILK - PRODUCTION, MEASURED IN LB",TOTAL,NOT SPECIFIED,STATE,12,12,FL,FLORIDA,,,,,,,,00000000,,,9000,UNITED STATES,FLORIDA,2024,MONTHLY,12,12,DEC,,2026-02-20 15:00:00.000,"168,000,000",
SURVEY,ANIMALS & PRODUCTS,DAIRY,MILK,ALL CLASSES,ALL PRODUCTION PRACTICES,ALL UTILIZATION PRACTICES,PRODUCTION,LB,"MILK - PRODUCTION, MEASURED IN LB",TOTAL,NOT SPECIFIED,STATE,13,13,GA,GEORGIA,,,,,,,,00000000,,,9000,UNITED STATES,GEORGIA,2024,MONTHLY,01,01,JAN,,2026-02-20 15:00:00.000,"164,000,000",
SURVEY,ANIMALS & PRODUCTS,DAIRY,MILK,ALL CLASSES,ALL PRODUCTION PRACTICES,ALL UTILIZATION PRACTICES,PRODUCTION,LB,"MILK - PRODUCTION, MEASURED IN LB",TOTAL,NOT SPECIFIED,STATE,13,13,GA,GEORGIA,,,,,,,,00000000,,,9000,UNITED STATES,GEORGIA,2024,MONTHLY,01,03,JAN THRU MAR,,2026-02-20 15:00:00.000,"491,000,000",
SURVEY,ANIMALS & PRODUCTS,DAIRY,MILK,ALL CLASSES,ALL PRODUCTION PRACTICES,ALL UTILIZATION PRACTICES,PRODUCTION,LB,"MILK - PRODUCTION, MEASURED IN LB",TOTAL,NOT SPECIFIED,STATE,13,13,GA,GEORGIA,,,,,,,,00000000,,,9000,UNITED STATES,GEORGIA,2024,MONTHLY,02,02,FEB,,2026-02-20 15:00:00.000,"157,000,000",
SURVEY,ANIMALS & PRODUCTS,DAIRY,MILK,ALL CLASSES,ALL PRODUCTION PRACTICES,ALL UTILIZATION PRACTICES,PRODUCTION,LB,"MILK - PRODUCTION, MEASURED IN LB",TOTAL,NOT SPECIFIED,STATE,13,13,GA,GEORGIA,,,,,,,,00000000,,,9000,UNITED STATES,GEORGIA,2024,MONTHLY,03,03,MAR,,2026-02-20 15:00:00.000,"170,000,000",
SURVEY,ANIMALS & PRODUCTS,DAIRY,MILK,ALL CLASSES,ALL PRODUCTION PRACTICES,ALL UTILIZATION PRACTICES,PRODUCTION,LB,"MILK - PRODUCTION, MEASURED IN LB",TOTAL,NOT SPECIFIED,STATE,13,13,GA,GEORGIA,,,,,,,,00000000,,,9000,UNITED STATES,GEORGIA,2024,MONTHLY,04,04,APR,,2026-02-20 15:00:00.000,"166,000,000",
SURVEY,ANIMALS & PRODUCTS,DAIRY,MILK,ALL CLASSES,ALL PRODUCTION PRACTICES,ALL UTILIZATION PRACTICES,PRODUCTION,LB,"MILK - PRODUCTION, MEASURED IN LB",TOTAL,NOT SPECIFIED,STATE,13,13,GA,GEORGIA,,,,,,,,00000000,,,9000,UNITED STATES,GEORGIA,2024,MONTHLY,04,06,APR THRU JUN,,2026-02-20 15:00:00.000,"487,000,000",
SURVEY,ANIMALS & PRODUCTS,DAIRY,MILK,ALL CLASSES,ALL PRODUCTION PRACTICES,ALL UTILIZATION PRACTICES,PRODUCTION,LB,"MILK - PRODUCTION, MEASURED IN LB",TOTAL,NOT SPECIFIED,STATE,13,13,GA,GEORGIA,,,,,,,,00000000,,,9000,UNITED STATES,GEORGIA,2024,MONTHLY,05,05,MAY,,2026-02-20 15:00:00.000,"164,000,000",
SURVEY,ANIMALS & PRODUCTS,DAIRY,MILK,ALL CLASSES,ALL PRODUCTION PRACTICES,ALL UTILIZATION PRACTICES,PRODUCTION,LB,"MILK - PRODUCTION, MEASURED IN LB",TOTAL,NOT SPECIFIED,STATE,13,13,GA,GEORGIA,,,,,,,,00000000,,,9000,UNITED STATES,GEORGIA,2024,MONTHLY,06,06,JUN,,2026-02-20 15:00:00.000,"157,000,000",
SURVEY,ANIMALS & PRODUCTS,DAIRY,MILK,ALL CLASSES,ALL PRODUCTION PRACTICES,ALL UTILIZATION PRACTICES,PRODUCTION,LB,"MILK - PRODUCTION, MEASURED IN LB",TOTAL,NOT SPECIFIED,STATE,13,13,GA,GEORGIA,,,,,,,,00000000,,,9000,UNITED STATES,GEORGIA,2024,MONTHLY,07,07,JUL,,2026-02-20 15:00:00.000,"156,000,000",
SURVEY,ANIMALS & PRODUCTS,DAIRY,MILK,ALL CLASSES,ALL PRODUCTION PRACTICES,ALL UTILIZATION PRACTICES,PRODUCTION,LB,"MILK - PRODUCTION, MEASURED IN LB",TOTAL,NOT SPECIFIED,STATE,13,13,GA,GEORGIA,,,,,,,,00000000,,,9000,UNITED STATES,GEORGIA,2024,MONTHLY,07,09,JUL THRU SEP,,2026-02-20 15:00:00.000,"466,000,000",
SURVEY,ANIMALS & PRODUCTS,DAIRY,MILK,ALL CLASSES,ALL PRODUCTION PRACTICES,ALL UTILIZATION PRACTICES,PRODUCTION,LB,"MILK - PRODUCTION, MEASURED IN LB",TOTAL,NOT SPECIFIED,STATE,13,13,GA,GEORGIA,,,,,,,,00000000,,,9000,UNITED STATES,GEORGIA,2024,MONTHLY,08,08,AUG,,2026-02-20 15:00:00.000,"157,000,000",
SURVEY,ANIMALS & PRODUCTS,DAIRY,MILK,ALL CLASSES,ALL PRODUCTION PRACTICES,ALL UTILIZATION PRACTICES,PRODUCTION,LB,"MILK - PRODUCTION, MEASURED IN LB",TOTAL,NOT SPECIFIED,STATE,13,13,GA,GEORGIA,,,,,,,,00000000,,,9000,UNITED STATES,GEORGIA,2024,MONTHLY,09,09,SEP,,2026-02-20 15:00:00.000,"153,000,000",
SURVEY,ANIMALS & PRODUCTS,DAIRY,MILK,ALL CLASSES,ALL PRODUCTION PRACTICES,ALL UTILIZATION PRACTICES,PRODUCTION,LB,"MILK - PRODUCTION, MEASURED IN LB",TOTAL,NOT SPECIFIED,STATE,13,13,GA,GEORGIA,,,,,,,,00000000,,,9000,UNITED STATES,GEORGIA,2024,MONTHLY,10,10,OCT,,2026-02-20 15:00:00.000,"164,000,000",
SURVEY,ANIMALS & PRODUCTS,DAIRY,MILK,ALL CLASSES,ALL PRODUCTION PRACTICES,ALL UTILIZATION PRACTICES,PRODUCTION,LB,"MILK - PRODUCTION, MEASURED IN LB",TOTAL,NOT SPECIFIED,STATE,13,13,GA,GEORGIA,,,,,,,,00000000,,,9000,UNITED STATES,GEORGIA,2024,MONTHLY,10,12,OCT THRU DEC,,2026-02-20 15:00:00.000,"496,000,000",
SURVEY,ANIMALS & PRODUCTS,DAIRY,MILK,ALL CLASSES,ALL PRODUCTION PRACTICES,ALL UTILIZATION PRACTICES,PRODUCTION,LB,"MILK - PRODUCTION, MEASURED IN LB",TOTAL,NOT SPECIFIED,STATE,13,13,GA,GEORGIA,,,,,,,,00000000,,,9000,UNITED STATES,GEORGIA,2024,MONTHLY,11,11,NOV,,2026-02-20 15:00:00.000,"161,000,000",
SURVEY,ANIMALS & PRODUCTS,DAIRY,MILK,ALL CLASSES,ALL PRODUCTION PRACTICES,ALL UTILIZATION PRACTICES,PRODUCTION,LB,"MILK - PRODUCTION, MEASURED IN LB",TOTAL,NOT SPECIFIED,STATE,13,13,GA,GEORGIA,,,,,,,,00000000,,,9000,UNITED STATES,GEORGIA,2024,MONTHLY,12,12,DEC,,2026-02-20 15:00:00.000,"171,000,000",
SURVEY,ANIMALS & PRODUCTS,DAIRY,MILK,ALL CLASSES,ALL PRODUCTION PRACTICES,ALL UTILIZATION PRACTICES,PRODUCTION,LB,"MILK - PRODUCTION, MEASURED IN LB",TOTAL,NOT SPECIFIED,STATE,16,16,ID,IDAHO,,,,,,,,00000000,,,9000,UNITED STATES,IDAHO,2024,MONTHLY,01,01,JAN,,2026-02-20 15:00:00.000,"1,382,000,000",
SURVEY,ANIMALS & PRODUCTS,DAIRY,MILK,ALL CLASSES,ALL PRODUCTION PRACTICES,ALL UTILIZATION PRACTICES,PRODUCTION,LB,"MILK - PRODUCTION, MEASURED IN LB",TOTAL,NOT SPECIFIED,STATE,16,16,ID,IDAHO,,,,,,,,00000000,,,9000,UNITED STATES,IDAHO,2024,MONTHLY,01,03,JAN THRU MAR,,2026-02-20 15:00:00.000,"4,125,000,000",
SURVEY,ANIMALS & PRODUCTS,DAIRY,MILK,ALL CLASSES,ALL PRODUCTION PRACTICES,ALL UTILIZATION PRACTICES,PRODUCTION,LB,"MILK - PRODUCTION, MEASURED IN LB",TOTAL,NOT SPECIFIED,STATE,16,16,ID,IDAHO,,,,,,,,00000000,,,9000,UNITED STATES,IDAHO,2024,MONTHLY,02,02,FEB,,2026-02-20 15:00:00.000,"1,310,000,000",
SURVEY,ANIMALS & PRODUCTS,DAIRY,MILK,ALL CLASSES,ALL PRODUCTION PRACTICES,ALL UTILIZATION PRACTICES,PRODUCTION,LB,"MILK - PRODUCTION, MEASURED IN LB",TOTAL,NOT SPECIFIED,STATE,16,16,ID,IDAHO,,,,,,,,00000000,,,9000,UNITED STATES,IDAHO,2024,MONTHLY,03,03,MAR,,2026-02-20 15:00:00.000,"1,433,000,000",
SURVEY,ANIMALS & PRODUCTS,DAIRY,MILK,ALL CLASSES,ALL PRODUCTION PRACTICES,ALL UTILIZATION PRACTICES,PRODUCTION,LB,"MILK - PRODUCTION, MEASURED IN LB",TOTAL,NOT SPECIFIED,STATE,16,16,ID,IDAHO,,,,,,,,00000000,,,9000,UNITED STATES,IDAHO,2024,MONTHLY,04,04,APR,,2026-02-20 15:00:00.000,"1,412,000,000",
SURVEY,ANIMALS & PRODUCTS,DAIRY,MILK,ALL CLASSES,ALL PRODUCTION PRACTICES,ALL UTILIZATION PRACTICES,PRODUCTION,LB,"MILK - PRODUCTION, MEASURED IN LB",TOTAL,NOT SPECIFIED,STATE,16,16,ID,IDAHO,,,,,,,,00000000,,,9000,UNITED STATES,IDAHO,2024,MONTHLY,04,06,APR THRU JUN,,2026-02-20 15:00:00.000,"4,248,000,000",
SURVEY,ANIMALS & PRODUCTS,DAIRY,MILK,ALL CLASSES,ALL PRODUCTION PRACTICES,ALL UTILIZATION PRACTICES,PRODUCTION,LB,"MILK - PRODUCTION, MEASURED IN LB",TOTAL,NOT SPECIFIED,STATE,16,16,ID,IDAHO,,,,,,,,00000000,,,9000,UNITED STATES,IDAHO,2024,MONTHLY,05,05,MAY,,2026-02-20 15:00:00.000,"1,439,000,000",
SURVEY,ANIMALS & PRODUCTS,DAIRY,MILK,ALL CLASSES,ALL PRODUCTION PRACTICES,ALL UTILIZATION PRACTICES,PRODUCTION,LB,"MILK - PRODUCTION, MEASURED IN LB",TOTAL,NOT SPECIFIED,STATE,16,16,ID,IDAHO,,,,,,,,00000000,,,9000,UNITED STATES,IDAHO,2024,MONTHLY,06,06,JUN,,2026-02-20 15:00:00.000,"1,397,000,000",
SURVEY,ANIMALS & PRODUCTS,DAIRY,MILK,ALL CLASSES,ALL PRODUCTION PRACTICES,ALL UTILIZATION PRACTICES,PRODUCTION,LB,"MILK - PRODUCTION, MEASURED IN LB",TOTAL,NOT SPECIFIED,STATE,16,16,ID,IDAHO,,,,,,,,00000000,,,9000,UNITED STATES,IDAHO,2024,MONTHLY,07,07,JUL,,2026-02-20 15:00:00.000,"1,467,000,000",
SURVEY,ANIMALS & PRODUCTS,DAIRY,MILK,ALL CLASSES,ALL PRODUCTION PRACTICES,ALL UTILIZATION PRACTICES,PRODUCTION,LB,"MILK - PRODUCTION, MEASURED IN LB",TOTAL,NOT SPECIFIED,STATE,16,16,ID,IDAHO,,,,,,,,00000000,,,9000,UNITED STATES,IDAHO,2024,MONTHLY,07,09,JUL THRU SEP,,2026-02-20 15:00:00.000,"4,360,000,000",
SURVEY,ANIMALS & PRODUCTS,DAIRY,MILK,ALL CLASSES,ALL PRODUCTION PRACTICES,ALL UTILIZATION PRACTICES,PRODUCTION,LB,"MILK - PRODUCTION, MEASURED IN LB",TOTAL,NOT SPECIFIED,STATE,16,16,ID,IDAHO,,,,,,,,00000000,,,9000,UNITED STATES,IDAHO,2024,MONTHLY,08,08,AUG,,2026-02-20 15:00:00.000,"1,478,000,000",
SURVEY,ANIMALS & PRODUCTS,DAIRY,MILK,ALL CLASSES,ALL PRODUCTION PRACTICES,ALL UTILIZATION PRACTICES,PRODUCTION,LB,"MILK - PRODUCTION, MEASURED IN LB",TOTAL,NOT SPECIFIED,STATE,16,16,ID,IDAHO,,,,,,,,00000000,,,9000,UNITED STATES,IDAHO,2024,MONTHLY,09,09,SEP,,2026-02-20 15:00:00.000,"1,415,000,000",
SURVEY,ANIMALS & PRODUCTS,DAIRY,MILK,ALL CLASSES,ALL PRODUCTION PRACTICES,ALL UTILIZATION PRACTICES,PRODUCTION,LB,"MILK - PRODUCTION, MEASURED IN LB",TOTAL,NOT SPECIFIED,STATE,16,16,ID,IDAHO,,,,,,,,00000000,,,9000,UNITED STATES,IDAHO,2024,MONTHLY,10,10,OCT,,2026-02-20 15:00:00.000,"1,448,000,000",
SURVEY,ANIMALS & PRODUCTS,DAIRY,MILK,ALL CLASSES,ALL PRODUCTION PRACTICES,ALL UTILIZATION PRACTICES,PRODUCTION,LB,"MILK - PRODUCTION, MEASURED IN LB",TOTAL,NOT SPECIFIED,STATE,16,16,ID,IDAHO,,,,,,,,00000000,,,9000,UNITED STATES,IDAHO,2024,MONTHLY,10,12,OCT THRU DEC,,2026-02-20 15:00:00.000,"4,289,000,000",
SURVEY,ANIMALS & PRODUCTS,DAIRY,MILK,ALL CLASSES,ALL PRODUCTION PRACTICES,ALL UTILIZATION PRACTICES,PRODUCTION,LB,"MILK - PRODUCTION, MEASURED IN LB",TOTAL,NOT SPECIFIED,STATE,16,16,ID,IDAHO,,,,,,,,00000000,,,9000,UNITED STATES,IDAHO,2024,MONTHLY,11,11,NOV,,2026-02-20 15:00:00.000,"1,391,000,000",
SURVEY,ANIMALS & PRODUCTS,DAIRY,MILK,ALL CLASSES,ALL PRODUCTION PRACTICES,ALL UTILIZATION PRACTICES,PRODUCTION,LB,"MILK - PRODUCTION, MEASURED IN LB",TOTAL,NOT SPECIFIED,STATE,16,16,ID,IDAHO,,,,,,,,00000000,,,9000,UNITED STATES,IDAHO,2024,MONTHLY,12,12,DEC,,2026-02-20 15:00:00.000,"1,450,000,000",
SURVEY,ANIMALS & PRODUCTS,DAIRY,MILK,ALL CLASSES,ALL PRODUCTION PRACTICES,ALL UTILIZATION PRACTICES,PRODUCTION,LB,"MILK - PRODUCTION, MEASURED IN LB",TOTAL,NOT SPECIFIED,STATE,17,17,IL,ILLINOIS,,,,,,,,00000000,,,9000,UNITED STATES,ILLINOIS,2024,MONTHLY,01,01,JAN,,2026-02-20 15:00:00.000,"147,000,000",
SURVEY,ANIMALS & PRODUCTS,DAIRY,MILK,ALL CLASSES,ALL PRODUCTION PRACTICES,ALL UTILIZATION PRACTICES,PRODUCTION,LB,"MILK - PRODUCTION, MEASURED IN LB",TOTAL,NOT SPECIFIED,STATE,17,17,IL,ILLINOIS,,,,,,,,00000000,,,9000,UNITED STATES,ILLINOIS,2024,MONTHLY,01,03,JAN THRU MAR,,2026-02-20 15:00:00.000,"442,000,000",
SURVEY,ANIMALS & PRODUCTS,DAIRY,MILK,ALL CLASSES,ALL PRODUCTION PRACTICES,ALL UTILIZATION PRACTICES,PRODUCTION,LB,"MILK - PRODUCTION, MEASURED IN LB",TOTAL,NOT SPECIFIED,STATE,17,17,IL,ILLINOIS,,,,,,,,00000000,,,9000,UNITED STATES,ILLINOIS,2024,MONTHLY,02,02,FEB,,2026-02-20 15:00:00.000,"141,000,000",
SURVEY,ANIMALS & PRODUCTS,DAIRY,MILK,ALL CLASSES,ALL PRODUCTION PRACTICES,ALL UTILIZATION PRACTICES,PRODUCTION,LB,"MILK - PRODUCTION, MEASURED IN LB",TOTAL,NOT SPECIFIED,STATE,17,17,IL,ILLINOIS,,,,,,,,00000000,,,9000,UNITED STATES,ILLINOIS,2024,MONTHLY,03,03,MAR,,2026-02-20 15:00:00.000,"154,000,000",
SURVEY,ANIMALS & PRODUCTS,DAIRY,MILK,ALL CLASSES,ALL PRODUCTION PRACTICES,ALL UTILIZATION PRACTICES,PRODUCTION,LB,"MILK - PRODUCTION, MEASURED IN LB",TOTAL,NOT SPECIFIED,STATE,17,17,IL,ILLINOIS,,,,,,,,00000000,,,9000,UNITED STATES,ILLINOIS,2024,MONTHLY,04,04,APR,,2026-02-20 15:00:00.000,"149,000,000",
SURVEY,ANIMALS & PRODUCTS,DAIRY,MILK,ALL CLASSES,ALL PRODUCTION PRACTICES,ALL UTILIZATION PRACTICES,PRODUCTION,LB,"MILK - PRODUCTION, MEASURED IN LB",TOTAL,NOT SPECIFIED,STATE,17,17,IL,ILLINOIS,,,,,,,,00000000,,,9000,UNITED STATES,ILLINOIS,2024,MONTHLY,04,06,APR THRU JUN,,2026-02-20 15:00:00.000,"439,000,000",
SURVEY,ANIMALS & PRODUCTS,DAIRY,MILK,ALL CLASSES,ALL PRODUCTION PRACTICES,ALL UTILIZATION PRACTICES,PRODUCTION,LB,"MILK - PRODUCTION, MEASURED IN LB",TOTAL,NOT SPECIFIED,STATE,17,17,IL,ILLINOIS,,,,,,,,00000000,,,9000,UNITED STATES,ILLINOIS,2024,MONTHLY,05,05,MAY,,2026-02-20 15:00:00.000,"151,000,000",
SURVEY,ANIMALS & PRODUCTS,DAIRY,MILK,ALL CLASSES,ALL PRODUCTION PRACTICES,ALL UTILIZATION PRACTICES,PRODUCTION,LB,"MILK - PRODUCTION, MEASURED IN LB",TOTAL,NOT SPECIFIED,STATE,17,17,IL,ILLINOIS,,,,,,,,00000000,,,9000,UNITED STATES,ILLINOIS,2024,MONTHLY,06,06,JUN,,2026-02-20 15:00:00.000,"139,000,000",
SURVEY,ANIMALS & PRODUCTS,DAIRY,MILK,ALL CLASSES,ALL PRODUCTION PRACTICES,ALL UTILIZATION PRACTICES,PRODUCTION,LB,"MILK - PRODUCTION, MEASURED IN LB",TOTAL,NOT SPECIFIED,STATE,17,17,IL,ILLINOIS,,,,,,,,00000000,,,9000,UNITED STATES,ILLINOIS,2024,MONTHLY,07,07,JUL,,2026-02-20 15:00:00.000,"139,000,000",
SURVEY,ANIMALS & PRODUCTS,DAIRY,MILK,ALL CLASSES,ALL PRODUCTION PRACTICES,ALL UTILIZATION PRACTICES,PRODUCTION,LB,"MILK - PRODUCTION, MEASURED IN LB",TOTAL,NOT SPECIFIED,STATE,17,17,IL,ILLINOIS,,,,,,,,00000000,,,9000,UNITED STATES,ILLINOIS,2024,MONTHLY,07,09,JUL THRU SEP,,2026-02-20 15:00:00.000,"404,000,000",
SURVEY,ANIMALS & PRODUCTS,DAIRY,MILK,ALL CLASSES,ALL PRODUCTION PRACTICES,ALL UTILIZATION PRACTICES,PRODUCTION,LB,"MILK - PRODUCTION, MEASURED IN LB",TOTAL,NOT SPECIFIED,STATE,17,17,IL,ILLINOIS,,,,,,,,00000000,,,9000,UNITED STATES,ILLINOIS,2024,MONTHLY,08,08,AUG,,2026-02-20 15:00:00.000,"134,000,000",
SURVEY,ANIMALS & PRODUCTS,DAIRY,MILK,ALL CLASSES,ALL PRODUCTION PRACTICES,ALL UTILIZATION PRACTICES,PRODUCTION,LB,"MILK - PRODUCTION, MEASURED IN LB",TOTAL,NOT SPECIFIED,STATE,17,17,IL,ILLINOIS,,,,,,,,00000000,,,9000,UNITED STATES,ILLINOIS,2024,MONTHLY,09,09,SEP,,2026-02-20 15:00:00.000,"131,000,000",
SURVEY,ANIMALS & PRODUCTS,DAIRY,MILK,ALL CLASSES,ALL PRODUCTION PRACTICES,ALL UTILIZATION PRACTICES,PRODUCTION,LB,"MILK - PRODUCTION, MEASURED IN LB",TOTAL,NOT SPECIFIED,STATE,17,17,IL,ILLINOIS,,,,,,,,00000000,,,9000,UNITED STATES,ILLINOIS,2024,MONTHLY,10,10,OCT,,2026-02-20 15:00:00.000,"137,000,000",
SURVEY,ANIMALS & PRODUCTS,DAIRY,MILK,ALL CLASSES,ALL PRODUCTION PRACTICES,ALL UTILIZATION PRACTICES,PRODUCTION,LB,"MILK - PRODUCTION, MEASURED IN LB",TOTAL,NOT SPECIFIED,STATE,17,17,IL,ILLINOIS,,,,,,,,00000000,,,9000,UNITED STATES,ILLINOIS,2024,MONTHLY,10,12,OCT THRU DEC,,2026-02-20 15:00:00.000,"411,000,000",
SURVEY,ANIMALS & PRODUCTS,DAIRY,MILK,ALL CLASSES,ALL PRODUCTION PRACTICES,ALL UTILIZATION PRACTICES,PRODUCTION,LB,"MILK - PRODUCTION, MEASURED IN LB",TOTAL,NOT SPECIFIED,STATE,17,17,IL,ILLINOIS,,,,,,,,00000000,,,9000,UNITED STATES,ILLINOIS,2024,MONTHLY,11,11,NOV,,2026-02-20 15:00:00.000,"134,000,000",
SURVEY,ANIMALS & PRODUCTS,DAIRY,MILK,ALL CLASSES,ALL PRODUCTION PRACTICES,ALL UTILIZATION PRACTICES,PRODUCTION,LB,"MILK - PRODUCTION, MEASURED IN LB",TOTAL,NOT SPECIFIED,STATE,17,17,IL,ILLINOIS,,,,,,,,00000000,,,9000,UNITED STATES,ILLINOIS,2024,MONTHLY,12,12,DEC,,2026-02-20 15:00:00.000,"140,000,000",
SURVEY,ANIMALS & PRODUCTS,DAIRY,MILK,ALL CLASSES,ALL PRODUCTION PRACTICES,ALL UTILIZATION PRACTICES,PRODUCTION,LB,"MILK - PRODUCTION, MEASURED IN LB",TOTAL,NOT SPECIFIED,STATE,18,18,IN,INDIANA,,,,,,,,00000000,,,9000,UNITED STATES,INDIANA,2024,MONTHLY,01,01,JAN,,2026-02-20 15:00:00.000,"380,000,000",
SURVEY,ANIMALS & PRODUCTS,DAIRY,MILK,ALL CLASSES,ALL PRODUCTION PRACTICES,ALL UTILIZATION PRACTICES,PRODUCTION,LB,"MILK - PRODUCTION, MEASURED IN LB",TOTAL,NOT SPECIFIED,STATE,18,18,IN,INDIANA,,,,,,,,00000000,,,9000,UNITED STATES,INDIANA,2024,MONTHLY,01,03,JAN THRU MAR,,2026-02-20 15:00:00.000,"1,124,000,000",
SURVEY,ANIMALS & PRODUCTS,DAIRY,MILK,ALL CLASSES,ALL PRODUCTION PRACTICES,ALL UTILIZATION PRACTICES,PRODUCTION,LB,"MILK - PRODUCTION, MEASURED IN LB",TOTAL,NOT SPECIFIED,STATE,18,18,IN,INDIANA,,,,,,,,00000000,,,9000,UNITED STATES,INDIANA,2024,MONTHLY,02,02,FEB,,2026-02-20 15:00:00.000,"355,000,000",
SURVEY,ANIMALS & PRODUCTS,DAIRY,MILK,ALL CLASSES,ALL PRODUCTION PRACTICES,ALL UTILIZATION PRACTICES,PRODUCTION,LB,"MILK - PRODUCTION, MEASURED IN LB",TOTAL,NOT SPECIFIED,STATE,18,18,IN,INDIANA,,,,,,,,00000000,,,9000,UNITED STATES,INDIANA,2024,MONTHLY,03,03,MAR,,2026-02-20 15:00:00.000,"389,000,000",
SURVEY,ANIMALS & PRODUCTS,DAIRY,MILK,ALL CLASSES,ALL PRODUCTION PRACTICES,ALL UTILIZATION PRACTICES,PRODUCTION,LB,"MILK - PRODUCTION, MEASURED IN LB",TOTAL,NOT SPECIFIED,STATE,18,18,IN,INDIANA,,,,,,,,00000000,,,9000,UNITED STATES,INDIANA,2024,MONTHLY,04,04,APR,,2026-02-20 15:00:00.000,"377,000,000",
SURVEY,ANIMALS & PRODUCTS,DAIRY,MILK,ALL CLASSES,ALL PRODUCTION PRACTICES,ALL UTILIZATION PRACTICES,PRODUCTION,LB,"MILK - PRODUCTION, MEASURED IN LB",TOTAL,NOT SPECIFIED,STATE,18,18,IN,INDIANA,,,,,,,,00000000,,,9000,UNITED STATES,INDIANA,2024,MONTHLY,04,06,APR THRU JUN,,2026-02-20 15:00:00.000,"1,139,000,000",
SURVEY,ANIMALS & PRODUCTS,DAIRY,MILK,ALL CLASSES,ALL PRODUCTION PRACTICES,ALL UTILIZATION PRACTICES,PRODUCTION,LB,"MILK - PRODUCTION, MEASURED IN LB",TOTAL,NOT SPECIFIED,STATE,18,18,IN,INDIANA,,,,,,,,00000000,,,9000,UNITED STATES,INDIANA,2024,MONTHLY,05,05,MAY,,2026-02-20 15:00:00.000,"388,000,000",
SURVEY,ANIMALS & PRODUCTS,DAIRY,MILK,ALL CLASSES,ALL PRODUCTION PRACTICES,ALL UTILIZATION PRACTICES,PRODUCTION,LB,"MILK - PRODUCTION, MEASURED IN LB",TOTAL,NOT SPECIFIED,STATE,18,18,IN,INDIANA,,,,,,,,00000000,,,9000,UNITED STATES,INDIANA,2024,MONTHLY,06,06,JUN,,2026-02-20 15:00:00.000,"374,000,000",
SURVEY,ANIMALS & PRODUCTS,DAIRY,MILK,ALL CLASSES,ALL PRODUCTION PRACTICES,ALL UTILIZATION PRACTICES,PRODUCTION,LB,"MILK - PRODUCTION, MEASURED IN LB",TOTAL,NOT SPECIFIED,STATE,18,18,IN,INDIANA,,,,,,,,00000000,,,9000,UNITED STATES,INDIANA,2024,MONTHLY,07,07,JUL,,2026-02-20 15:00:00.000,"381,000,000",
SURVEY,ANIMALS & PRODUCTS,DAIRY,MILK,ALL CLASSES,ALL PRODUCTION PRACTICES,ALL UTILIZATION PRACTICES,PRODUCTION,LB,"MILK - PRODUCTION, MEASURED IN LB",TOTAL,NOT SPECIFIED,STATE,18,18,IN,INDIANA,,,,,,,,00000000,,,9000,UNITED STATES,INDIANA,2024,MONTHLY,07,09,JUL THRU SEP,,2026-02-20 15:00:00.000,"1,121,000,000",
SURVEY,ANIMALS & PRODUCTS,DAIRY,MILK,ALL CLASSES,ALL PRODUCTION PRACTICES,ALL UTILIZATION PRACTICES,PRODUCTION,LB,"MILK - PRODUCTION, MEASURED IN LB",TOTAL,NOT SPECIFIED,STATE,18,18,IN,INDIANA,,,,,,,,00000000,,,9000,UNITED STATES,INDIANA,2024,MONTHLY,08,08,AUG,,2026-02-20 15:00:00.000,"375,000,000",
SURVEY,ANIMALS & PRODUCTS,DAIRY,MILK,ALL CLASSES,ALL PRODUCTION PRACTICES,ALL UTILIZATION PRACTICES,PRODUCTION,LB,"MILK - PRODUCTION, MEASURED IN LB",TOTAL,NOT SPECIFIED,STATE,18,18,IN,INDIANA,,,,,,,,00000000,,,9000,UNITED STATES,INDIANA,2024,MONTHLY,09,09,SEP,,2026-02-20 15:00:00.000,"365,000,000",
SURVEY,ANIMALS & PRODUCTS,DAIRY,MILK,ALL CLASSES,ALL PRODUCTION PRACTICES,ALL UTILIZATION PRACTICES,PRODUCTION,LB,"MILK - PRODUCTION, MEASURED IN LB",TOTAL,NOT SPECIFIED,STATE,18,18,IN,INDIANA,,,,,,,,00000000,,,9000,UNITED STATES,INDIANA,2024,MONTHLY,10,10,OCT,,2026-02-20 15:00:00.000,"376,000,000",
SURVEY,ANIMALS & PRODUCTS,DAIRY,MILK,ALL CLASSES,ALL PRODUCTION PRACTICES,ALL UTILIZATION PRACTICES,PRODUCTION,LB,"MILK - PRODUCTION, MEASURED IN LB",TOTAL,NOT SPECIFIED,STATE,18,18,IN,INDIANA,,,,,,,,00000000,,,9000,UNITED STATES,INDIANA,2024,MONTHLY,10,12,OCT THRU DEC,,2026-02-20 15:00:00.000,"1,132,000,000",
SURVEY,ANIMALS & PRODUCTS,DAIRY,MILK,ALL CLASSES,ALL PRODUCTION PRACTICES,ALL UTILIZATION PRACTICES,PRODUCTION,LB,"MILK - PRODUCTION, MEASURED IN LB",TOTAL,NOT SPECIFIED,STATE,18,18,IN,INDIANA,,,,,,,,00000000,,,9000,UNITED STATES,INDIANA,2024,MONTHLY,11,11,NOV,,2026-02-20 15:00:00.000,"374,000,000",
SURVEY,ANIMALS & PRODUCTS,DAIRY,MILK,ALL CLASSES,ALL PRODUCTION PRACTICES,ALL UTILIZATION PRACTICES,PRODUCTION,LB,"MILK - PRODUCTION, MEASURED IN LB",TOTAL,NOT SPECIFIED,STATE,18,18,IN,INDIANA,,,,,,,,00000000,,,9000,UNITED STATES,INDIANA,2024,MONTHLY,12,12,DEC,,2026-02-20 15:00:00.000,"382,000,000",
SURVEY,ANIMALS & PRODUCTS,DAIRY,MILK,ALL CLASSES,ALL PRODUCTION PRACTICES,ALL UTILIZATION PRACTICES,PRODUCTION,LB,"MILK - PRODUCTION, MEASURED IN LB",TOTAL,NOT SPECIFIED,STATE,19,19,IA,IOWA,,,,,,,,00000000,,,9000,UNITED STATES,IOWA,2024,MONTHLY,01,01,JAN,,2026-02-20 15:00:00.000,"506,000,000",
SURVEY,ANIMALS & PRODUCTS,DAIRY,MILK,ALL CLASSES,ALL PRODUCTION PRACTICES,ALL UTILIZATION PRACTICES,PRODUCTION,LB,"MILK - PRODUCTION, MEASURED IN LB",TOTAL,NOT SPECIFIED,STATE,19,19,IA,IOWA,,,,,,,,00000000,,,9000,UNITED STATES,IOWA,2024,MONTHLY,01,03,JAN THRU MAR,,2026-02-20 15:00:00.000,"1,510,000,000",
SURVEY,ANIMALS & PRODUCTS,DAIRY,MILK,ALL CLASSES,ALL PRODUCTION PRACTICES,ALL UTILIZATION PRACTICES,PRODUCTION,LB,"MILK - PRODUCTION, MEASURED IN LB",TOTAL,NOT SPECIFIED,STATE,19,19,IA,IOWA,,,,,,,,00000000,,,9000,UNITED STATES,IOWA,2024,MONTHLY,02,02,FEB,,2026-02-20 15:00:00.000,"484,000,000",
SURVEY,ANIMALS & PRODUCTS,DAIRY,MILK,ALL CLASSES,ALL PRODUCTION PRACTICES,ALL UTILIZATION PRACTICES,PRODUCTION,LB,"MILK - PRODUCTION, MEASURED IN LB",TOTAL,NOT SPECIFIED,STATE,19,19,IA,IOWA,,,,,,,,00000000,,,9000,UNITED STATES,IOWA,2024,MONTHLY,03,03,MAR,,2026-02-20 15:00:00.000,"520,000,000",
SURVEY,ANIMALS & PRODUCTS,DAIRY,MILK,ALL CLASSES,ALL PRODUCTION PRACTICES,ALL UTILIZATION PRACTICES,PRODUCTION,LB,"MILK - PRODUCTION, MEASURED IN LB",TOTAL,NOT SPECIFIED,STATE,19,19,IA,IOWA,,,,,,,,00000000,,,9000,UNITED STATES,IOWA,2024,MONTHLY,04,04,APR,,2026-02-20 15:00:00.000,"509,000,000",
SURVEY,ANIMALS & PRODUCTS,DAIRY,MILK,ALL CLASSES,ALL PRODUCTION PRACTICES,ALL UTILIZATION PRACTICES,PRODUCTION,LB,"MILK - PRODUCTION, MEASURED IN LB",TOTAL,NOT SPECIFIED,STATE,19,19,IA,IOWA,,,,,,,,00000000,,,9000,UNITED STATES,IOWA,2024,MONTHLY,04,06,APR THRU JUN,,2026-02-20 15:00:00.000,"1,518,000,000",
SURVEY,ANIMALS & PRODUCTS,DAIRY,MILK,ALL CLASSES,ALL PRODUCTION PRACTICES,ALL UTILIZATION PRACTICES,PRODUCTION,LB,"MILK - PRODUCTION, MEASURED IN LB",TOTAL,NOT SPECIFIED,STATE,19,19,IA,IOWA,,,,,,,,00000000,,,9000,UNITED STATES,IOWA,2024,MONTHLY,05,05,MAY,,2026-02-20 15:00:00.000,"522,000,000",
SURVEY,ANIMALS & PRODUCTS,DAIRY,MILK,ALL CLASSES,ALL PRODUCTION PRACTICES,ALL UTILIZATION PRACTICES,PRODUCTION,LB,"MILK - PRODUCTION, MEASURED IN LB",TOTAL,NOT SPECIFIED,STATE,19,19,IA,IOWA,,,,,,,,00000000,,,9000,UNITED STATES,IOWA,2024,MONTHLY,06,06,JUN,,2026-02-20 15:00:00.000,"487,000,000",
SURVEY,ANIMALS & PRODUCTS,DAIRY,MILK,ALL CLASSES,ALL PRODUCTION PRACTICES,ALL UTILIZATION PRACTICES,PRODUCTION,LB,"MILK - PRODUCTION, MEASURED IN LB",TOTAL,NOT SPECIFIED,STATE,19,19,IA,IOWA,,,,,,,,00000000,,,9000,UNITED STATES,IOWA,2024,MONTHLY,07,07,JUL,,2026-02-20 15:00:00.000,"502,000,000",
SURVEY,ANIMALS & PRODUCTS,DAIRY,MILK,ALL CLASSES,ALL PRODUCTION PRACTICES,ALL UTILIZATION PRACTICES,PRODUCTION,LB,"MILK - PRODUCTION, MEASURED IN LB",TOTAL,NOT SPECIFIED,STATE,19,19,IA,IOWA,,,,,,,,00000000,,,9000,UNITED STATES,IOWA,2024,MONTHLY,07,09,JUL THRU SEP,,2026-02-20 15:00:00.000,"1,484,000,000",
SURVEY,ANIMALS & PRODUCTS,DAIRY,MILK,ALL CLASSES,ALL PRODUCTION PRACTICES,ALL UTILIZATION PRACTICES,PRODUCTION,LB,"MILK - PRODUCTION, MEASURED IN LB",TOTAL,NOT SPECIFIED,STATE,19,19,IA,IOWA,,,,,,,,00000000,,,9000,UNITED STATES,IOWA,2024,MONTHLY,08,08,AUG,,2026-02-20 15:00:00.000,"496,000,000",
SURVEY,ANIMALS & PRODUCTS,DAIRY,MILK,ALL CLASSES,ALL PRODUCTION PRACTICES,ALL UTILIZATION PRACTICES,PRODUCTION,LB,"MILK - PRODUCTION, MEASURED IN LB",TOTAL,NOT SPECIFIED,STATE,19,19,IA,IOWA,,,,,,,,00000000,,,9000,UNITED STATES,IOWA,2024,MONTHLY,09,09,SEP,,2026-02-20 15:00:00.000,"486,000,000",
SURVEY,ANIMALS & PRODUCTS,DAIRY,MILK,ALL CLASSES,ALL PRODUCTION PRACTICES,ALL UTILIZATION PRACTICES,PRODUCTION,LB,"MILK - PRODUCTION, MEASURED IN LB",TOTAL,NOT SPECIFIED,STATE,19,19,IA,IOWA,,,,,,,,00000000,,,9000,UNITED STATES,IOWA,2024,MONTHLY,10,10,OCT,,2026-02-20 15:00:00.000,"508,000,000",
SURVEY,ANIMALS & PRODUCTS,DAIRY,MILK,ALL CLASSES,ALL PRODUCTION PRACTICES,ALL UTILIZATION PRACTICES,PRODUCTION,LB,"MILK - PRODUCTION, MEASURED IN LB",TOTAL,NOT SPECIFIED,STATE,19,19,IA,IOWA,,,,,,,,00000000,,,9000,UNITED STATES,IOWA,2024,MONTHLY,10,12,OCT THRU DEC,,2026-02-20 15:00:00.000,"1,500,000,000",
SURVEY,ANIMALS & PRODUCTS,DAIRY,MILK,ALL CLASSES,ALL PRODUCTION PRACTICES,ALL UTILIZATION PRACTICES,PRODUCTION,LB,"MILK - PRODUCTION, MEASURED IN LB",TOTAL,NOT SPECIFIED,STATE,19,19,IA,IOWA,,,,,,,,00000000,,,9000,UNITED STATES,IOWA,2024,MONTHLY,11,11,NOV,,2026-02-20 15:00:00.000,"487,000,000",
SURVEY,ANIMALS & PRODUCTS,DAIRY,MILK,ALL CLASSES,ALL PRODUCTION PRACTICES,ALL UTILIZATION PRACTICES,PRODUCTION,LB,"MILK - PRODUCTION, MEASURED IN LB",TOTAL,NOT SPECIFIED,STATE,19,19,IA,IOWA,,,,,,,,00000000,,,9000,UNITED STATES,IOWA,2024,MONTHLY,12,12,DEC,,2026-02-20 15:00:00.000,"505,000,000",
SURVEY,ANIMALS & PRODUCTS,DAIRY,MILK,ALL CLASSES,ALL PRODUCTION PRACTICES,ALL UTILIZATION PRACTICES,PRODUCTION,LB,"MILK - PRODUCTION, MEASURED IN LB",TOTAL,NOT SPECIFIED,STATE,20,20,KS,KANSAS,,,,,,,,00000000,,,9000,UNITED STATES,KANSAS,2024,MONTHLY,01,01,JAN,,2026-02-20 15:00:00.000,"351,000,000",
SURVEY,ANIMALS & PRODUCTS,DAIRY,MILK,ALL CLASSES,ALL PRODUCTION PRACTICES,ALL UTILIZATION PRACTICES,PRODUCTION,LB,"MILK - PRODUCTION, MEASURED IN LB",TOTAL,NOT SPECIFIED,STATE,20,20,KS,KANSAS,,,,,,,,00000000,,,9000,UNITED STATES,KANSAS,2024,MONTHLY,01,03,JAN THRU MAR,,2026-02-20 15:00:00.000,"1,053,000,000",
SURVEY,ANIMALS & PRODUCTS,DAIRY,MILK,ALL CLASSES,ALL PRODUCTION PRACTICES,ALL UTILIZATION PRACTICES,PRODUCTION,LB,"MILK - PRODUCTION, MEASURED IN LB",TOTAL,NOT SPECIFIED,STATE,20,20,KS,KANSAS,,,,,,,,00000000,,,9000,UNITED STATES,KANSAS,2024,MONTHLY,02,02,FEB,,2026-02-20 15:00:00.000,"337,000,000",
SURVEY,ANIMALS & PRODUCTS,DAIRY,MILK,ALL CLASSES,ALL PRODUCTION PRACTICES,ALL UTILIZATION PRACTICES,PRODUCTION,LB,"MILK - PRODUCTION, MEASURED IN LB",TOTAL,NOT SPECIFIED,STATE,20,20,KS,KANSAS,,,,,,,,00000000,,,9000,UNITED STATES,KANSAS,2024,MONTHLY,03,03,MAR,,2026-02-20 15:00:00.000,"365,000,000",
SURVEY,ANIMALS & PRODUCTS,DAIRY,MILK,ALL CLASSES,ALL PRODUCTION PRACTICES,ALL UTILIZATION PRACTICES,PRODUCTION,LB,"MILK - PRODUCTION, MEASURED IN LB",TOTAL,NOT SPECIFIED,STATE,20,20,KS,KANSAS,,,,,,,,00000000,,,9000,UNITED STATES,KANSAS,2024,MONTHLY,04,04,APR,,2026-02-20 15:00:00.000,"343,000,000",
SURVEY,ANIMALS & PRODUCTS,DAIRY,MILK,ALL CLASSES,ALL PRODUCTION PRACTICES,ALL UTILIZATION PRACTICES,PRODUCTION,LB,"MILK - PRODUCTION, MEASURED IN LB",TOTAL,NOT SPECIFIED,STATE,20,20,KS,KANSAS,,,,,,,,00000000,,,9000,UNITED STATES,KANSAS,2024,MONTHLY,04,06,APR THRU JUN,,2026-02-20 15:00:00.000,"1,036,000,000",
SURVEY,ANIMALS & PRODUCTS,DAIRY,MILK,ALL CLASSES,ALL PRODUCTION PRACTICES,ALL UTILIZATION PRACTICES,PRODUCTION,LB,"MILK - PRODUCTION, MEASURED IN LB",TOTAL,NOT SPECIFIED,STATE,20,20,KS,KANSAS,,,,,,,,00000000,,,9000,UNITED STATES,KANSAS,2024,MONTHLY,05,05,MAY,,2026-02-20 15:00:00.000,"357,000,000",
SURVEY,ANIMALS & PRODUCTS,DAIRY,MILK,ALL CLASSES,ALL PRODUCTION PRACTICES,ALL UTILIZATION PRACTICES,PRODUCTION,LB,"MILK - PRODUCTION, MEASURED IN LB",TOTAL,NOT SPECIFIED,STATE,20,20,KS,KANSAS,,,,,,,,00000000,,,9000,UNITED STATES,KANSAS,2024,MONTHLY,06,06,JUN,,2026-02-20 15:00:00.000,"336,000,000",
SURVEY,ANIMALS & PRODUCTS,DAIRY,MILK,ALL CLASSES,ALL PRODUCTION PRACTICES,ALL UTILIZATION PRACTICES,PRODUCTION,LB,"MILK - PRODUCTION, MEASURED IN LB",TOTAL,NOT SPECIFIED,STATE,20,20,KS,KANSAS,,,,,,,,00000000,,,9000,UNITED STATES,KANSAS,2024,MONTHLY,07,07,JUL,,2026-02-20 15:00:00.000,"354,000,000",
SURVEY,ANIMALS & PRODUCTS,DAIRY,MILK,ALL CLASSES,ALL PRODUCTION PRACTICES,ALL UTILIZATION PRACTICES,PRODUCTION,LB,"MILK - PRODUCTION, MEASURED IN LB",TOTAL,NOT SPECIFIED,STATE,20,20,KS,KANSAS,,,,,,,,00000000,,,9000,UNITED STATES,KANSAS,2024,MONTHLY,07,09,JUL THRU SEP,,2026-02-20 15:00:00.000,"1,066,000,000",
SURVEY,ANIMALS & PRODUCTS,DAIRY,MILK,ALL CLASSES,ALL PRODUCTION PRACTICES,ALL UTILIZATION PRACTICES,PRODUCTION,LB,"MILK - PRODUCTION, MEASURED IN LB",TOTAL,NOT SPECIFIED,STATE,20,20,KS,KANSAS,,,,,,,,00000000,,,9000,UNITED STATES,KANSAS,2024,MONTHLY,08,08,AUG,,2026-02-20 15:00:00.000,"357,000,000",
SURVEY,ANIMALS & PRODUCTS,DAIRY,MILK,ALL CLASSES,ALL PRODUCTION PRACTICES,ALL UTILIZATION PRACTICES,PRODUCTION,LB,"MILK - PRODUCTION, MEASURED IN LB",TOTAL,NOT SPECIFIED,STATE,20,20,KS,KANSAS,,,,,,,,00000000,,,9000,UNITED STATES,KANSAS,2024,MONTHLY,09,09,SEP,,2026-02-20 15:00:00.000,"355,000,000",
SURVEY,ANIMALS & PRODUCTS,DAIRY,MILK,ALL CLASSES,ALL PRODUCTION PRACTICES,ALL UTILIZATION PRACTICES,PRODUCTION,LB,"MILK - PRODUCTION, MEASURED IN LB",TOTAL,NOT SPECIFIED,STATE,20,20,KS,KANSAS,,,,,,,,00000000,,,9000,UNITED STATES,KANSAS,2024,MONTHLY,10,10,OCT,,2026-02-20 15:00:00.000,"363,000,000",
SURVEY,ANIMALS & PRODUCTS,DAIRY,MILK,ALL CLASSES,ALL PRODUCTION PRACTICES,ALL UTILIZATION PRACTICES,PRODUCTION,LB,"MILK - PRODUCTION, MEASURED IN LB",TOTAL,NOT SPECIFIED,STATE,20,20,KS,KANSAS,,,,,,,,00000000,,,9000,UNITED STATES,KANSAS,2024,MONTHLY,10,12,OCT THRU DEC,,2026-02-20 15:00:00.000,"1,071,000,000",
SURVEY,ANIMALS & PRODUCTS,DAIRY,MILK,ALL CLASSES,ALL PRODUCTION PRACTICES,ALL UTILIZATION PRACTICES,PRODUCTION,LB,"MILK - PRODUCTION, MEASURED IN LB",TOTAL,NOT SPECIFIED,STATE,20,20,KS,KANSAS,,,,,,,,00000000,,,9000,UNITED STATES,KANSAS,2024,MONTHLY,11,11,NOV,,2026-02-20 15:00:00.000,"349,000,000",
SURVEY,ANIMALS & PRODUCTS,DAIRY,MILK,ALL CLASSES,ALL PRODUCTION PRACTICES,ALL UTILIZATION PRACTICES,PRODUCTION,LB,"MILK - PRODUCTION, MEASURED IN LB",TOTAL,NOT SPECIFIED,STATE,20,20,KS,KANSAS,,,,,,,,00000000,,,9000,UNITED STATES,KANSAS,2024,MONTHLY,12,12,DEC,,2026-02-20 15:00:00.000,"359,000,000",
SURVEY,ANIMALS & PRODUCTS,DAIRY,MILK,ALL CLASSES,ALL PRODUCTION PRACTICES,ALL UTILIZATION PRACTICES,PRODUCTION,LB,"MILK - PRODUCTION, MEASURED IN LB",TOTAL,NOT SPECIFIED,STATE,21,21,KY,KENTUCKY,,,,,,,,00000000,,,9000,UNITED STATES,KENTUCKY,2024,MONTHLY,01,03,JAN THRU MAR,,2026-02-20 15:00:00.000,"223,000,000",
SURVEY,ANIMALS & PRODUCTS,DAIRY,MILK,ALL CLASSES,ALL PRODUCTION PRACTICES,ALL UTILIZATION PRACTICES,PRODUCTION,LB,"MILK - PRODUCTION, MEASURED IN LB",TOTAL,NOT SPECIFIED,STATE,21,21,KY,KENTUCKY,,,,,,,,00000000,,,9000,UNITED STATES,KENTUCKY,2024,MONTHLY,04,06,APR THRU JUN,,2026-02-20 15:00:00.000,"225,000,000",
SURVEY,ANIMALS & PRODUCTS,DAIRY,MILK,ALL CLASSES,ALL PRODUCTION PRACTICES,ALL UTILIZATION PRACTICES,PRODUCTION,LB,"MILK - PRODUCTION, MEASURED IN LB",TOTAL,NOT SPECIFIED,STATE,21,21,KY,KENTUCKY,,,,,,,,00000000,,,9000,UNITED STATES,KENTUCKY,2024,MONTHLY,07,09,JUL THRU SEP,,2026-02-20 15:00:00.000,"198,000,000",
SURVEY,ANIMALS & PRODUCTS,DAIRY,MILK,ALL CLASSES,ALL PRODUCTION PRACTICES,ALL UTILIZATION PRACTICES,PRODUCTION,LB,"MILK - PRODUCTION, MEASURED IN LB",TOTAL,NOT SPECIFIED,STATE,21,21,KY,KENTUCKY,,,,,,,,00000000,,,9000,UNITED STATES,KENTUCKY,2024,MONTHLY,10,12,OCT THRU DEC,,2026-02-20 15:00:00.000,"200,000,000",
SURVEY,ANIMALS & PRODUCTS,DAIRY,MILK,ALL CLASSES,ALL PRODUCTION PRACTICES,ALL UTILIZATION PRACTICES,PRODUCTION,LB,"MILK - PRODUCTION, MEASURED IN LB",TOTAL,NOT SPECIFIED,STATE,22,22,LA,LOUISIANA,,,,,,,,00000000,,,9000,UNITED STATES,LOUISIANA,2024,MONTHLY,01,03,JAN THRU MAR,,2026-02-20 15:00:00.000,"29,000,000",
SURVEY,ANIMALS & PRODUCTS,DAIRY,MILK,ALL CLASSES,ALL PRODUCTION PRACTICES,ALL UTILIZATION PRACTICES,PRODUCTION,LB,"MILK - PRODUCTION, MEASURED IN LB",TOTAL,NOT SPECIFIED,STATE,22,22,LA,LOUISIANA,,,,,,,,00000000,,,9000,UNITED STATES,LOUISIANA,2024,MONTHLY,04,06,APR THRU JUN,,2026-02-20 15:00:00.000,"26,000,000",
SURVEY,ANIMALS & PRODUCTS,DAIRY,MILK,ALL CLASSES,ALL PRODUCTION PRACTICES,ALL UTILIZATION PRACTICES,PRODUCTION,LB,"MILK - PRODUCTION, MEASURED IN LB",TOTAL,NOT SPECIFIED,STATE,22,22,LA,LOUISIANA,,,,,,,,00000000,,,9000,UNITED STATES,LOUISIANA,2024,MONTHLY,07,09,JUL THRU SEP,,2026-02-20 15:00:00.000,"18,000,000",
SURVEY,ANIMALS & PRODUCTS,DAIRY,MILK,ALL CLASSES,ALL PRODUCTION PRACTICES,ALL UTILIZATION PRACTICES,PRODUCTION,LB,"MILK - PRODUCTION, MEASURED IN LB",TOTAL,NOT SPECIFIED,STATE,22,22,LA,LOUISIANA,,,,,,,,00000000,,,9000,UNITED STATES,LOUISIANA,2024,MONTHLY,10,12,OCT THRU DEC,,2026-02-20 15:00:00.000,"22,000,000",
SURVEY,ANIMALS & PRODUCTS,DAIRY,MILK,ALL CLASSES,ALL PRODUCTION PRACTICES,ALL UTILIZATION PRACTICES,PRODUCTION,LB,"MILK - PRODUCTION, MEASURED IN LB",TOTAL,NOT SPECIFIED,STATE,23,23,ME,MAINE,,,,,,,,00000000,,,9000,UNITED STATES,MAINE,2024,MONTHLY,01,03,JAN THRU MAR,,2026-02-20 15:00:00.000,"134,000,000",
SURVEY,ANIMALS & PRODUCTS,DAIRY,MILK,ALL CLASSES,ALL PRODUCTION PRACTICES,ALL UTILIZATION PRACTICES,PRODUCTION,LB,"MILK - PRODUCTION, MEASURED IN LB",TOTAL,NOT SPECIFIED,STATE,23,23,ME,MAINE,,,,,,,,00000000,,,9000,UNITED STATES,MAINE,2024,MONTHLY,04,06,APR THRU JUN,,2026-02-20 15:00:00.000,"142,000,000",
SURVEY,ANIMALS & PRODUCTS,DAIRY,MILK,ALL CLASSES,ALL PRODUCTION PRACTICES,ALL UTILIZATION PRACTICES,PRODUCTION,LB,"MILK - PRODUCTION, MEASURED IN LB",TOTAL,NOT SPECIFIED,STATE,23,23,ME,MAINE,,,,,,,,00000000,,,9000,UNITED STATES,MAINE,2024,MONTHLY,07,09,JUL THRU SEP,,2026-02-20 15:00:00.000,"136,000,000",
SURVEY,ANIMALS & PRODUCTS,DAIRY,MILK,ALL CLASSES,ALL PRODUCTION PRACTICES,ALL UTILIZATION PRACTICES,PRODUCTION,LB,"MILK - PRODUCTION, MEASURED IN LB",TOTAL,NOT SPECIFIED,STATE,23,23,ME,MAINE,,,,,,,,00000000,,,9000,UNITED STATES,MAINE,2024,MONTHLY,10,12,OCT THRU DEC,,2026-02-20 15:00:00.000,"133,000,000",
SURVEY,ANIMALS & PRODUCTS,DAIRY,MILK,ALL CLASSES,ALL PRODUCTION PRACTICES,ALL UTILIZATION PRACTICES,PRODUCTION,LB,"MILK - PRODUCTION, MEASURED IN LB",TOTAL,NOT SPECIFIED,STATE,24,24,MD,MARYLAND,,,,,,,,00000000,,,9000,UNITED STATES,MARYLAND,2024,MONTHLY,01,03,JAN THRU MAR,,2026-02-20 15:00:00.000,"222,000,000",
SURVEY,ANIMALS & PRODUCTS,DAIRY,MILK,ALL CLASSES,ALL PRODUCTION PRACTICES,ALL UTILIZATION PRACTICES,PRODUCTION,LB,"MILK - PRODUCTION, MEASURED IN LB",TOTAL,NOT SPECIFIED,STATE,24,24,MD,MARYLAND,,,,,,,,00000000,,,9000,UNITED STATES,MARYLAND,2024,MONTHLY,04,06,APR THRU JUN,,2026-02-20 15:00:00.000,"199,000,000",
SURVEY,ANIMALS & PRODUCTS,DAIRY,MILK,ALL CLASSES,ALL PRODUCTION PRACTICES,ALL UTILIZATION PRACTICES,PRODUCTION,LB,"MILK - PRODUCTION, MEASURED IN LB",TOTAL,NOT SPECIFIED,STATE,24,24,MD,MARYLAND,,,,,,,,00000000,,,9000,UNITED STATES,MARYLAND,2024,MONTHLY,07,09,JUL THRU SEP,,2026-02-20 15:00:00.000,"197,000,000",
SURVEY,ANIMALS & PRODUCTS,DAIRY,MILK,ALL CLASSES,ALL PRODUCTION PRACTICES,ALL UTILIZATION PRACTICES,PRODUCTION,LB,"MILK - PRODUCTION, MEASURED IN LB",TOTAL,NOT SPECIFIED,STATE,24,24,MD,MARYLAND,,,,,,,,00000000,,,9000,UNITED STATES,MARYLAND,2024,MONTHLY,10,12,OCT THRU DEC,,2026-02-20 15:00:00.000,"201,000,000",
SURVEY,ANIMALS & PRODUCTS,DAIRY,MILK,ALL CLASSES,ALL PRODUCTION PRACTICES,ALL UTILIZATION PRACTICES,PRODUCTION,LB,"MILK - PRODUCTION, MEASURED IN LB",TOTAL,NOT SPECIFIED,STATE,25,25,MA,MASSACHUSETTS,,,,,,,,00000000,,,9000,UNITED STATES,MASSACHUSETTS,2024,MONTHLY,01,03,JAN THRU MAR,,2026-02-20 15:00:00.000,"44,000,000",
SURVEY,ANIMALS & PRODUCTS,DAIRY,MILK,ALL CLASSES,ALL PRODUCTION PRACTICES,ALL UTILIZATION PRACTICES,PRODUCTION,LB,"MILK - PRODUCTION, MEASURED IN LB",TOTAL,NOT SPECIFIED,STATE,25,25,MA,MASSACHUSETTS,,,,,,,,00000000,,,9000,UNITED STATES,MASSACHUSETTS,2024,MONTHLY,04,06,APR THRU JUN,,2026-02-20 15:00:00.000,"47,000,000",
SURVEY,ANIMALS & PRODUCTS,DAIRY,MILK,ALL CLASSES,ALL PRODUCTION PRACTICES,ALL UTILIZATION PRACTICES,PRODUCTION,LB,"MILK - PRODUCTION, MEASURED IN LB",TOTAL,NOT SPECIFIED,STATE,25,25,MA,MASSACHUSETTS,,,,,,,,00000000,,,9000,UNITED STATES,MASSACHUSETTS,2024,MONTHLY,07,09,JUL THRU SEP,,2026-02-20 15:00:00.000,"45,000,000",
SURVEY,ANIMALS & PRODUCTS,DAIRY,MILK,ALL CLASSES,ALL PRODUCTION PRACTICES,ALL UTILIZATION PRACTICES,PRODUCTION,LB,"MILK - PRODUCTION, MEASURED IN LB",TOTAL,NOT SPECIFIED,STATE,25,25,MA,MASSACHUSETTS,,,,,,,,00000000,,,9000,UNITED STATES,MASSACHUSETTS,2024,MONTHLY,10,12,OCT THRU DEC,,2026-02-20 15:00:00.000,"44,000,000",
SURVEY,ANIMALS & PRODUCTS,DAIRY,MILK,ALL CLASSES,ALL PRODUCTION PRACTICES,ALL UTILIZATION PRACTICES,PRODUCTION,LB,"MILK - PRODUCTION, MEASURED IN LB",TOTAL,NOT SPECIFIED,STATE,26,26,MI,MICHIGAN,,,,,,,,00000000,,,9000,UNITED STATES,MICHIGAN,2024,MONTHLY,01,01,JAN,,2026-02-20 15:00:00.000,"1,018,000,000",
SURVEY,ANIMALS & PRODUCTS,DAIRY,MILK,ALL CLASSES,ALL PRODUCTION PRACTICES,ALL UTILIZATION PRACTICES,PRODUCTION,LB,"MILK - PRODUCTION, MEASURED IN LB",TOTAL,NOT SPECIFIED,STATE,26,26,MI,MICHIGAN,,,,,,,,00000000,,,9000,UNITED STATES,MICHIGAN,2024,MONTHLY,01,03,JAN THRU MAR,,2026-02-20 15:00:00.000,"3,024,000,000",
SURVEY,ANIMALS & PRODUCTS,DAIRY,MILK,ALL CLASSES,ALL PRODUCTION PRACTICES,ALL UTILIZATION PRACTICES,PRODUCTION,LB,"MILK - PRODUCTION, MEASURED IN LB",TOTAL,NOT SPECIFIED,STATE,26,26,MI,MICHIGAN,,,,,,,,00000000,,,9000,UNITED STATES,MICHIGAN,2024,MONTHLY,02,02,FEB,,2026-02-20 15:00:00.000,"966,000,000",
SURVEY,ANIMALS & PRODUCTS,DAIRY,MILK,ALL CLASSES,ALL PRODUCTION PRACTICES,ALL UTILIZATION PRACTICES,PRODUCTION,LB,"MILK - PRODUCTION, MEASURED IN LB",TOTAL,NOT SPECIFIED,STATE,26,26,MI,MICHIGAN,,,,,,,,00000000,,,9000,UNITED STATES,MICHIGAN,2024,MONTHLY,03,03,MAR,,2026-02-20 15:00:00.000,"1,040,000,000",
SURVEY,ANIMALS & PRODUCTS,DAIRY,MILK,ALL CLASSES,ALL PRODUCTION PRACTICES,ALL UTILIZATION PRACTICES,PRODUCTION,LB,"MILK - PRODUCTION, MEASURED IN LB",TOTAL,NOT SPECIFIED,STATE,26,26,MI,MICHIGAN,,,,,,,,00000000,,,9000,UNITED STATES,MICHIGAN,2024,MONTHLY,04,04,APR,,2026-02-20 15:00:00.000,"1,012,000,000",
SURVEY,ANIMALS & PRODUCTS,DAIRY,MILK,ALL CLASSES,ALL PRODUCTION PRACTICES,ALL UTILIZATION PRACTICES,PRODUCTION,LB,"MILK - PRODUCTION, MEASURED IN LB",TOTAL,NOT SPECIFIED,STATE,26,26,MI,MICHIGAN,,,,,,,,00000000,,,9000,UNITED STATES,MICHIGAN,2024,MONTHLY,04,06,APR THRU JUN,,2026-02-20 15:00:00.000,"3,046,000,000",
SURVEY,ANIMALS & PRODUCTS,DAIRY,MILK,ALL CLASSES,ALL PRODUCTION PRACTICES,ALL UTILIZATION PRACTICES,PRODUCTION,LB,"MILK - PRODUCTION, MEASURED IN LB",TOTAL,NOT SPECIFIED,STATE,26,26,MI,MICHIGAN,,,,,,,,00000000,,,9000,UNITED STATES,MICHIGAN,2024,MONTHLY,05,05,MAY,,2026-02-20 15:00:00.000,"1,040,000,000",
SURVEY,ANIMALS & PRODUCTS,DAIRY,MILK,ALL CLASSES,ALL PRODUCTION PRACTICES,ALL UTILIZATION PRACTICES,PRODUCTION,LB,"MILK - PRODUCTION, MEASURED IN LB",TOTAL,NOT SPECIFIED,STATE,26,26,MI,MICHIGAN,,,,,,,,00000000,,,9000,UNITED STATES,MICHIGAN,2024,MONTHLY,06,06,JUN,,2026-02-20 15:00:00.000,"994,000,000",
SURVEY,ANIMALS & PRODUCTS,DAIRY,MILK,ALL CLASSES,ALL PRODUCTION PRACTICES,ALL UTILIZATION PRACTICES,PRODUCTION,LB,"MILK - PRODUCTION, MEASURED IN LB",TOTAL,NOT SPECIFIED,STATE,26,26,MI,MICHIGAN,,,,,,,,00000000,,,9000,UNITED STATES,MICHIGAN,2024,MONTHLY,07,07,JUL,,2026-02-20 15:00:00.000,"1,029,000,000",
SURVEY,ANIMALS & PRODUCTS,DAIRY,MILK,ALL CLASSES,ALL PRODUCTION PRACTICES,ALL UTILIZATION PRACTICES,PRODUCTION,LB,"MILK - PRODUCTION, MEASURED IN LB",TOTAL,NOT SPECIFIED,STATE,26,26,MI,MICHIGAN,,,,,,,,00000000,,,9000,UNITED STATES,MICHIGAN,2024,MONTHLY,07,09,JUL THRU SEP,,2026-02-20 15:00:00.000,"3,029,000,000",
SURVEY,ANIMALS & PRODUCTS,DAIRY,MILK,ALL CLASSES,ALL PRODUCTION PRACTICES,ALL UTILIZATION PRACTICES,PRODUCTION,LB,"MILK - PRODUCTION, MEASURED IN LB",TOTAL,NOT SPECIFIED,STATE,26,26,MI,MICHIGAN,,,,,,,,00000000,,,9000,UNITED STATES,MICHIGAN,2024,MONTHLY,08,08,AUG,,2026-02-20 15:00:00.000,"1,014,000,000",
SURVEY,ANIMALS & PRODUCTS,DAIRY,MILK,ALL CLASSES,ALL PRODUCTION PRACTICES,ALL UTILIZATION PRACTICES,PRODUCTION,LB,"MILK - PRODUCTION, MEASURED IN LB",TOTAL,NOT SPECIFIED,STATE,26,26,MI,MICHIGAN,,,,,,,,00000000,,,9000,UNITED STATES,MICHIGAN,2024,MONTHLY,09,09,SEP,,2026-02-20 15:00:00.000,"986,000,000",
SURVEY,ANIMALS & PRODUCTS,DAIRY,MILK,ALL CLASSES,ALL PRODUCTION PRACTICES,ALL UTILIZATION PRACTICES,PRODUCTION,LB,"MILK - PRODUCTION, MEASURED IN LB",TOTAL,NOT SPECIFIED,STATE,26,26,MI,MICHIGAN,,,,,,,,00000000,,,9000,UNITED STATES,MICHIGAN,2024,MONTHLY,10,10,OCT,,2026-02-20 15:00:00.000,"1,023,000,000",
SURVEY,ANIMALS & PRODUCTS,DAIRY,MILK,ALL CLASSES,ALL PRODUCTION PRACTICES,ALL UTILIZATION PRACTICES,PRODUCTION,LB,"MILK - PRODUCTION, MEASURED IN LB",TOTAL,NOT SPECIFIED,STATE,26,26,MI,MICHIGAN,,,,,,,,00000000,,,9000,UNITED STATES,MICHIGAN,2024,MONTHLY,10,12,OCT THRU DEC,,2026-02-20 15:00:00.000,"3,034,000,000",
SURVEY,ANIMALS & PRODUCTS,DAIRY,MILK,ALL CLASSES,ALL PRODUCTION PRACTICES,ALL UTILIZATION PRACTICES,PRODUCTION,LB,"MILK - PRODUCTION, MEASURED IN LB",TOTAL,NOT SPECIFIED,STATE,26,26,MI,MICHIGAN,,,,,,,,00000000,,,9000,UNITED STATES,MICHIGAN,2024,MONTHLY,11,11,NOV,,2026-02-20 15:00:00.000,"983,000,000",
SURVEY,ANIMALS & PRODUCTS,DAIRY,MILK,ALL CLASSES,ALL PRODUCTION PRACTICES,ALL UTILIZATION PRACTICES,PRODUCTION,LB,"MILK - PRODUCTION, MEASURED IN LB",TOTAL,NOT SPECIFIED,STATE,26,26,MI,MICHIGAN,,,,,,,,00000000,,,9000,UNITED STATES,MICHIGAN,2024,MONTHLY,12,12,DEC,,2026-02-20 15:00:00.000,"1,028,000,000",
SURVEY,ANIMALS & PRODUCTS,DAIRY,MILK,ALL CLASSES,ALL PRODUCTION PRACTICES,ALL UTILIZATION PRACTICES,PRODUCTION,LB,"MILK - PRODUCTION, MEASURED IN LB",TOTAL,NOT SPECIFIED,STATE,27,27,MN,MINNESOTA,,,,,,,,00000000,,,9000,UNITED STATES,MINNESOTA,2024,MONTHLY,01,01,JAN,,2026-02-20 15:00:00.000,"878,000,000",
SURVEY,ANIMALS & PRODUCTS,DAIRY,MILK,ALL CLASSES,ALL PRODUCTION PRACTICES,ALL UTILIZATION PRACTICES,PRODUCTION,LB,"MILK - PRODUCTION, MEASURED IN LB",TOTAL,NOT SPECIFIED,STATE,27,27,MN,MINNESOTA,,,,,,,,00000000,,,9000,UNITED STATES,MINNESOTA,2024,MONTHLY,01,03,JAN THRU MAR,,2026-02-20 15:00:00.000,"2,605,000,000",
SURVEY,ANIMALS & PRODUCTS,DAIRY,MILK,ALL CLASSES,ALL PRODUCTION PRACTICES,ALL UTILIZATION PRACTICES,PRODUCTION,LB,"MILK - PRODUCTION, MEASURED IN LB",TOTAL,NOT SPECIFIED,STATE,27,27,MN,MINNESOTA,,,,,,,,00000000,,,9000,UNITED STATES,MINNESOTA,2024,MONTHLY,02,02,FEB,,2026-02-20 15:00:00.000,"833,000,000",
SURVEY,ANIMALS & PRODUCTS,DAIRY,MILK,ALL CLASSES,ALL PRODUCTION PRACTICES,ALL UTILIZATION PRACTICES,PRODUCTION,LB,"MILK - PRODUCTION, MEASURED IN LB",TOTAL,NOT SPECIFIED,STATE,27,27,MN,MINNESOTA,,,,,,,,00000000,,,9000,UNITED STATES,MINNESOTA,2024,MONTHLY,03,03,MAR,,2026-02-20 15:00:00.000,"894,000,000",
SURVEY,ANIMALS & PRODUCTS,DAIRY,MILK,ALL CLASSES,ALL PRODUCTION PRACTICES,ALL UTILIZATION PRACTICES,PRODUCTION,LB,"MILK - PRODUCTION, MEASURED IN LB",TOTAL,NOT SPECIFIED,STATE,27,27,MN,MINNESOTA,,,,,,,,00000000,,,9000,UNITED STATES,MINNESOTA,2024,MONTHLY,04,04,APR,,2026-02-20 15:00:00.000,"867,000,000",
SURVEY,ANIMALS & PRODUCTS,DAIRY,MILK,ALL CLASSES,ALL PRODUCTION PRACTICES,ALL UTILIZATION PRACTICES,PRODUCTION,LB,"MILK - PRODUCTION, MEASURED IN LB",TOTAL,NOT SPECIFIED,STATE,27,27,MN,MINNESOTA,,,,,,,,00000000,,,9000,UNITED STATES,MINNESOTA,2024,MONTHLY,04,06,APR THRU JUN,,2026-02-20 15:00:00.000,"2,625,000,000",
SURVEY,ANIMALS & PRODUCTS,DAIRY,MILK,ALL CLASSES,ALL PRODUCTION PRACTICES,ALL UTILIZATION PRACTICES,PRODUCTION,LB,"MILK - PRODUCTION, MEASURED IN LB",TOTAL,NOT SPECIFIED,STATE,27,27,MN,MINNESOTA,,,,,,,,00000000,,,9000,UNITED STATES,MINNESOTA,2024,MONTHLY,05,05,MAY,,2026-02-20 15:00:00.000,"901,000,000",
SURVEY,ANIMALS & PRODUCTS,DAIRY,MILK,ALL CLASSES,ALL PRODUCTION PRACTICES,ALL UTILIZATION PRACTICES,PRODUCTION,LB,"MILK - PRODUCTION, MEASURED IN LB",TOTAL,NOT SPECIFIED,STATE,27,27,MN,MINNESOTA,,,,,,,,00000000,,,9000,UNITED STATES,MINNESOTA,2024,MONTHLY,06,06,JUN,,2026-02-20 15:00:00.000,"857,000,000",
SURVEY,ANIMALS & PRODUCTS,DAIRY,MILK,ALL CLASSES,ALL PRODUCTION PRACTICES,ALL UTILIZATION PRACTICES,PRODUCTION,LB,"MILK - PRODUCTION, MEASURED IN LB",TOTAL,NOT SPECIFIED,STATE,27,27,MN,MINNESOTA,,,,,,,,00000000,,,9000,UNITED STATES,MINNESOTA,2024,MONTHLY,07,07,JUL,,2026-02-20 15:00:00.000,"875,000,000",
SURVEY,ANIMALS & PRODUCTS,DAIRY,MILK,ALL CLASSES,ALL PRODUCTION PRACTICES,ALL UTILIZATION PRACTICES,PRODUCTION,LB,"MILK - PRODUCTION, MEASURED IN LB",TOTAL,NOT SPECIFIED,STATE,27,27,MN,MINNESOTA,,,,,,,,00000000,,,9000,UNITED STATES,MINNESOTA,2024,MONTHLY,07,09,JUL THRU SEP,,2026-02-20 15:00:00.000,"2,593,000,000",
SURVEY,ANIMALS & PRODUCTS,DAIRY,MILK,ALL CLASSES,ALL PRODUCTION PRACTICES,ALL UTILIZATION PRACTICES,PRODUCTION,LB,"MILK - PRODUCTION, MEASURED IN LB",TOTAL,NOT SPECIFIED,STATE,27,27,MN,MINNESOTA,,,,,,,,00000000,,,9000,UNITED STATES,MINNESOTA,2024,MONTHLY,08,08,AUG,,2026-02-20 15:00:00.000,"869,000,000",
SURVEY,ANIMALS & PRODUCTS,DAIRY,MILK,ALL CLASSES,ALL PRODUCTION PRACTICES,ALL UTILIZATION PRACTICES,PRODUCTION,LB,"MILK - PRODUCTION, MEASURED IN LB",TOTAL,NOT SPECIFIED,STATE,27,27,MN,MINNESOTA,,,,,,,,00000000,,,9000,UNITED STATES,MINNESOTA,2024,MONTHLY,09,09,SEP,,2026-02-20 15:00:00.000,"849,000,000",
SURVEY,ANIMALS & PRODUCTS,DAIRY,MILK,ALL CLASSES,ALL PRODUCTION PRACTICES,ALL UTILIZATION PRACTICES,PRODUCTION,LB,"MILK - PRODUCTION, MEASURED IN LB",TOTAL,NOT SPECIFIED,STATE,27,27,MN,MINNESOTA,,,,,,,,00000000,,,9000,UNITED STATES,MINNESOTA,2024,MONTHLY,10,10,OCT,,2026-02-20 15:00:00.000,"869,000,000",
SURVEY,ANIMALS & PRODUCTS,DAIRY,MILK,ALL CLASSES,ALL PRODUCTION PRACTICES,ALL UTILIZATION PRACTICES,PRODUCTION,LB,"MILK - PRODUCTION, MEASURED IN LB",TOTAL,NOT SPECIFIED,STATE,27,27,MN,MINNESOTA,,,,,,,,00000000,,,9000,UNITED STATES,MINNESOTA,2024,MONTHLY,10,12,OCT THRU DEC,,2026-02-20 15:00:00.000,"2,573,000,000",
SURVEY,ANIMALS & PRODUCTS,DAIRY,MILK,ALL CLASSES,ALL PRODUCTION PRACTICES,ALL UTILIZATION PRACTICES,PRODUCTION,LB,"MILK - PRODUCTION, MEASURED IN LB",TOTAL,NOT SPECIFIED,STATE,27,27,MN,MINNESOTA,,,,,,,,00000000,,,9000,UNITED STATES,MINNESOTA,2024,MONTHLY,11,11,NOV,,2026-02-20 15:00:00.000,"835,000,000",
SURVEY,ANIMALS & PRODUCTS,DAIRY,MILK,ALL CLASSES,ALL PRODUCTION PRACTICES,ALL UTILIZATION PRACTICES,PRODUCTION,LB,"MILK - PRODUCTION, MEASURED IN LB",TOTAL,NOT SPECIFIED,STATE,27,27,MN,MINNESOTA,,,,,,,,00000000,,,9000,UNITED STATES,MINNESOTA,2024,MONTHLY,12,12,DEC,,2026-02-20 15:00:00.000,"869,000,000",
SURVEY,ANIMALS & PRODUCTS,DAIRY,MILK,ALL CLASSES,ALL PRODUCTION PRACTICES,ALL UTILIZATION PRACTICES,PRODUCTION,LB,"MILK - PRODUCTION, MEASURED IN LB",TOTAL,NOT SPECIFIED,STATE,28,28,MS,MISSISSIPPI,,,,,,,,00000000,,,9000,UNITED STATES,MISSISSIPPI,2024,MONTHLY,01,03,JAN THRU MAR,,2026-02-20 15:00:00.000,"19,000,000",
SURVEY,ANIMALS & PRODUCTS,DAIRY,MILK,ALL CLASSES,ALL PRODUCTION PRACTICES,ALL UTILIZATION PRACTICES,PRODUCTION,LB,"MILK - PRODUCTION, MEASURED IN LB",TOTAL,NOT SPECIFIED,STATE,28,28,MS,MISSISSIPPI,,,,,,,,00000000,,,9000,UNITED STATES,MISSISSIPPI,2024,MONTHLY,04,06,APR THRU JUN,,2026-02-20 15:00:00.000,"18,000,000",
SURVEY,ANIMALS & PRODUCTS,DAIRY,MILK,ALL CLASSES,ALL PRODUCTION PRACTICES,ALL UTILIZATION PRACTICES,PRODUCTION,LB,"MILK - PRODUCTION, MEASURED IN LB",TOTAL,NOT SPECIFIED,STATE,28,28,MS,MISSISSIPPI,,,,,,,,00000000,,,9000,UNITED STATES,MISSISSIPPI,2024,MONTHLY,07,09,JUL THRU SEP,,2026-02-20 15:00:00.000,"13,500,000",
SURVEY,ANIMALS & PRODUCTS,DAIRY,MILK,ALL CLASSES,ALL PRODUCTION PRACTICES,ALL UTILIZATION PRACTICES,PRODUCTION,LB,"MILK - PRODUCTION, MEASURED IN LB",TOTAL,NOT SPECIFIED,STATE,28,28,MS,MISSISSIPPI,,,,,,,,00000000,,,9000,UNITED STATES,MISSISSIPPI,2024,MONTHLY,10,12,OCT THRU DEC,,2026-02-20 15:00:00.000,"14,500,000",
SURVEY,ANIMALS & PRODUCTS,DAIRY,MILK,ALL CLASSES,ALL PRODUCTION PRACTICES,ALL UTILIZATION PRACTICES,PRODUCTION,LB,"MILK - PRODUCTION, MEASURED IN LB",TOTAL,NOT SPECIFIED,STATE,29,29,MO,MISSOURI,,,,,,,,00000000,,,9000,UNITED STATES,MISSOURI,2024,MONTHLY,01,03,JAN THRU MAR,,2026-02-20 15:00:00.000,"209,000,000",
SURVEY,ANIMALS & PRODUCTS,DAIRY,MILK,ALL CLASSES,ALL PRODUCTION PRACTICES,ALL UTILIZATION PRACTICES,PRODUCTION,LB,"MILK - PRODUCTION, MEASURED IN LB",TOTAL,NOT SPECIFIED,STATE,29,29,MO,MISSOURI,,,,,,,,00000000,,,9000,UNITED STATES,MISSOURI,2024,MONTHLY,04,06,APR THRU JUN,,2026-02-20 15:00:00.000,"218,000,000",
SURVEY,ANIMALS & PRODUCTS,DAIRY,MILK,ALL CLASSES,ALL PRODUCTION PRACTICES,ALL UTILIZATION PRACTICES,PRODUCTION,LB,"MILK - PRODUCTION, MEASURED IN LB",TOTAL,NOT SPECIFIED,STATE,29,29,MO,MISSOURI,,,,,,,,00000000,,,9000,UNITED STATES,MISSOURI,2024,MONTHLY,07,09,JUL THRU SEP,,2026-02-20 15:00:00.000,"186,000,000",
SURVEY,ANIMALS & PRODUCTS,DAIRY,MILK,ALL CLASSES,ALL PRODUCTION PRACTICES,ALL UTILIZATION PRACTICES,PRODUCTION,LB,"MILK - PRODUCTION, MEASURED IN LB",TOTAL,NOT SPECIFIED,STATE,29,29,MO,MISSOURI,,,,,,,,00000000,,,9000,UNITED STATES,MISSOURI,2024,MONTHLY,10,12,OCT THRU DEC,,2026-02-20 15:00:00.000,"185,000,000",
SURVEY,ANIMALS & PRODUCTS,DAIRY,MILK,ALL CLASSES,ALL PRODUCTION PRACTICES,ALL UTILIZATION PRACTICES,PRODUCTION,LB,"MILK - PRODUCTION, MEASURED IN LB",TOTAL,NOT SPECIFIED,STATE,30,30,MT,MONTANA,,,,,,,,00000000,,,9000,UNITED STATES,MONTANA,2024,MONTHLY,01,03,JAN THRU MAR,,2026-02-20 15:00:00.000,"51,000,000",
SURVEY,ANIMALS & PRODUCTS,DAIRY,MILK,ALL CLASSES,ALL PRODUCTION PRACTICES,ALL UTILIZATION PRACTICES,PRODUCTION,LB,"MILK - PRODUCTION, MEASURED IN LB",TOTAL,NOT SPECIFIED,STATE,30,30,MT,MONTANA,,,,,,,,00000000,,,9000,UNITED STATES,MONTANA,2024,MONTHLY,04,06,APR THRU JUN,,2026-02-20 15:00:00.000,"50,000,000",
SURVEY,ANIMALS & PRODUCTS,DAIRY,MILK,ALL CLASSES,ALL PRODUCTION PRACTICES,ALL UTILIZATION PRACTICES,PRODUCTION,LB,"MILK - PRODUCTION, MEASURED IN LB",TOTAL,NOT SPECIFIED,STATE,30,30,MT,MONTANA,,,,,,,,00000000,,,9000,UNITED STATES,MONTANA,2024,MONTHLY,07,09,JUL THRU SEP,,2026-02-20 15:00:00.000,"49,000,000",
SURVEY,ANIMALS & PRODUCTS,DAIRY,MILK,ALL CLASSES,ALL PRODUCTION PRACTICES,ALL UTILIZATION PRACTICES,PRODUCTION,LB,"MILK - PRODUCTION, MEASURED IN LB",TOTAL,NOT SPECIFIED,STATE,30,30,MT,MONTANA,,,,,,,,00000000,,,9000,UNITED STATES,MONTANA,2024,MONTHLY,10,12,OCT THRU DEC,,2026-02-20 15:00:00.000,"48,000,000",
SURVEY,ANIMALS & PRODUCTS,DAIRY,MILK,ALL CLASSES,ALL PRODUCTION PRACTICES,ALL UTILIZATION PRACTICES,PRODUCTION,LB,"MILK - PRODUCTION, MEASURED IN LB",TOTAL,NOT SPECIFIED,STATE,31,31,NE,NEBRASKA,,,,,,,,00000000,,,9000,UNITED STATES,NEBRASKA,2024,MONTHLY,01,03,JAN THRU MAR,,2026-02-20 15:00:00.000,"315,000,000",
SURVEY,ANIMALS & PRODUCTS,DAIRY,MILK,ALL CLASSES,ALL PRODUCTION PRACTICES,ALL UTILIZATION PRACTICES,PRODUCTION,LB,"MILK - PRODUCTION, MEASURED IN LB",TOTAL,NOT SPECIFIED,STATE,31,31,NE,NEBRASKA,,,,,,,,00000000,,,9000,UNITED STATES,NEBRASKA,2024,MONTHLY,04,06,APR THRU JUN,,2026-02-20 15:00:00.000,"314,000,000",
SURVEY,ANIMALS & PRODUCTS,DAIRY,MILK,ALL CLASSES,ALL PRODUCTION PRACTICES,ALL UTILIZATION PRACTICES,PRODUCTION,LB,"MILK - PRODUCTION, MEASURED IN LB",TOTAL,NOT SPECIFIED,STATE,31,31,NE,NEBRASKA,,,,,,,,00000000,,,9000,UNITED STATES,NEBRASKA,2024,MONTHLY,07,09,JUL THRU SEP,,2026-02-20 15:00:00.000,"309,000,000",
SURVEY,ANIMALS & PRODUCTS,DAIRY,MILK,ALL CLASSES,ALL PRODUCTION PRACTICES,ALL UTILIZATION PRACTICES,PRODUCTION,LB,"MILK - PRODUCTION, MEASURED IN LB",TOTAL,NOT SPECIFIED,STATE,31,31,NE,NEBRASKA,,,,,,,,00000000,,,9000,UNITED STATES,NEBRASKA,2024,MONTHLY,10,12,OCT THRU DEC,,2026-02-20 15:00:00.000,"309,000,000",
SURVEY,ANIMALS & PRODUCTS,DAIRY,MILK,ALL CLASSES,ALL PRODUCTION PRACTICES,ALL UTILIZATION PRACTICES,PRODUCTION,LB,"MILK - PRODUCTION, MEASURED IN LB",TOTAL,NOT SPECIFIED,STATE,32,32,NV,NEVADA,,,,,,,,00000000,,,9000,UNITED STATES,NEVADA,2024,MONTHLY,01,03,JAN THRU MAR,,2026-02-20 15:00:00.000,"190,000,000",
SURVEY,ANIMALS & PRODUCTS,DAIRY,MILK,ALL CLASSES,ALL PRODUCTION PRACTICES,ALL UTILIZATION PRACTICES,PRODUCTION,LB,"MILK - PRODUCTION, MEASURED IN LB",TOTAL,NOT SPECIFIED,STATE,32,32,NV,NEVADA,,,,,,,,00000000,,,9000,UNITED STATES,NEVADA,2024,MONTHLY,04,06,APR THRU JUN,,2026-02-20 15:00:00.000,"195,000,000",
SURVEY,ANIMALS & PRODUCTS,DAIRY,MILK,ALL CLASSES,ALL PRODUCTION PRACTICES,ALL UTILIZATION PRACTICES,PRODUCTION,LB,"MILK - PRODUCTION, MEASURED IN LB",TOTAL,NOT SPECIFIED,STATE,32,32,NV,NEVADA,,,,,,,,00000000,,,9000,UNITED STATES,NEVADA,2024,MONTHLY,07,09,JUL THRU SEP,,2026-02-20 15:00:00.000,"196,000,000",
SURVEY,ANIMALS & PRODUCTS,DAIRY,MILK,ALL CLASSES,ALL PRODUCTION PRACTICES,ALL UTILIZATION PRACTICES,PRODUCTION,LB,"MILK - PRODUCTION, MEASURED IN LB",TOTAL,NOT SPECIFIED,STATE,32,32,NV,NEVADA,,,,,,,,00000000,,,9000,UNITED STATES,NEVADA,2024,MONTHLY,10,12,OCT THRU DEC,,2026-02-20 15:00:00.000,"197,000,000",
SURVEY,ANIMALS & PRODUCTS,DAIRY,MILK,ALL CLASSES,ALL PRODUCTION PRACTICES,ALL UTILIZATION PRACTICES,PRODUCTION,LB,"MILK - PRODUCTION, MEASURED IN LB",TOTAL,NOT SPECIFIED,STATE,33,33,NH,NEW HAMPSHIRE,,,,,,,,00000000,,,9000,UNITED STATES,NEW HAMPSHIRE,2024,MONTHLY,01,03,JAN THRU MAR,,2026-02-20 15:00:00.000,"52,000,000",
SURVEY,ANIMALS & PRODUCTS,DAIRY,MILK,ALL CLASSES,ALL PRODUCTION PRACTICES,ALL UTILIZATION PRACTICES,PRODUCTION,LB,"MILK - PRODUCTION, MEASURED IN LB",TOTAL,NOT SPECIFIED,STATE,33,33,NH,NEW HAMPSHIRE,,,,,,,,00000000,,,9000,UNITED STATES,NEW HAMPSHIRE,2024,MONTHLY,04,06,APR THRU JUN,,2026-02-20 15:00:00.000,"52,000,000",
SURVEY,ANIMALS & PRODUCTS,DAIRY,MILK,ALL CLASSES,ALL PRODUCTION PRACTICES,ALL UTILIZATION PRACTICES,PRODUCTION,LB,"MILK - PRODUCTION, MEASURED IN LB",TOTAL,NOT SPECIFIED,STATE,33,33,NH,NEW HAMPSHIRE,,,,,,,,00000000,,,9000,UNITED STATES,NEW HAMPSHIRE,2024,MONTHLY,07,09,JUL THRU SEP,,2026-02-20 15:00:00.000,"50,000,000",
SURVEY,ANIMALS & PRODUCTS,DAIRY,MILK,ALL CLASSES,ALL PRODUCTION PRACTICES,ALL UTILIZATION PRACTICES,PRODUCTION,LB,"MILK - PRODUCTION, MEASURED IN LB",TOTAL,NOT SPECIFIED,STATE,33,33,NH,NEW HAMPSHIRE,,,,,,,,00000000,,,9000,UNITED STATES,NEW HAMPSHIRE,2024,MONTHLY,10,12,OCT THRU DEC,,2026-02-20 15:00:00.000,"50,000,000",
SURVEY,ANIMALS & PRODUCTS,DAIRY,MILK,ALL CLASSES,ALL PRODUCTION PRACTICES,ALL UTILIZATION PRACTICES,PRODUCTION,LB,"MILK - PRODUCTION, MEASURED IN LB",TOTAL,NOT SPECIFIED,STATE,34,34,NJ,NEW JERSEY,,,,,,,,00000000,,,9000,UNITED STATES,NEW JERSEY,2024,MONTHLY,01,03,JAN THRU MAR,,2026-02-20 15:00:00.000,"22,000,000",
SURVEY,ANIMALS & PRODUCTS,DAIRY,MILK,ALL CLASSES,ALL PRODUCTION PRACTICES,ALL UTILIZATION PRACTICES,PRODUCTION,LB,"MILK - PRODUCTION, MEASURED IN LB",TOTAL,NOT SPECIFIED,STATE,34,34,NJ,NEW JERSEY,,,,,,,,00000000,,,9000,UNITED STATES,NEW JERSEY,2024,MONTHLY,04,06,APR THRU JUN,,2026-02-20 15:00:00.000,"22,000,000",
SURVEY,ANIMALS & PRODUCTS,DAIRY,MILK,ALL CLASSES,ALL PRODUCTION PRACTICES,ALL UTILIZATION PRACTICES,PRODUCTION,LB,"MILK - PRODUCTION, MEASURED IN LB",TOTAL,NOT SPECIFIED,STATE,34,34,NJ,NEW JERSEY,,,,,,,,00000000,,,9000,UNITED STATES,NEW JERSEY,2024,MONTHLY,07,09,JUL THRU SEP,,2026-02-20 15:00:00.000,"20,000,000",
SURVEY,ANIMALS & PRODUCTS,DAIRY,MILK,ALL CLASSES,ALL PRODUCTION PRACTICES,ALL UTILIZATION PRACTICES,PRODUCTION,LB,"MILK - PRODUCTION, MEASURED IN LB",TOTAL,NOT SPECIFIED,STATE,34,34,NJ,NEW JERSEY,,,,,,,,00000000,,,9000,UNITED STATES,NEW JERSEY,2024,MONTHLY,10,12,OCT THRU DEC,,2026-02-20 15:00:00.000,"20,000,000",
SURVEY,ANIMALS & PRODUCTS,DAIRY,MILK,ALL CLASSES,ALL PRODUCTION PRACTICES,ALL UTILIZATION PRACTICES,PRODUCTION,LB,"MILK - PRODUCTION, MEASURED IN LB",TOTAL,NOT SPECIFIED,STATE,35,35,NM,NEW MEXICO,,,,,,,,00000000,,,9000,UNITED STATES,NEW MEXICO,2024,MONTHLY,01,01,JAN,,2026-02-20 15:00:00.000,"511,000,000",
SURVEY,ANIMALS & PRODUCTS,DAIRY,MILK,ALL CLASSES,ALL PRODUCTION PRACTICES,ALL UTILIZATION PRACTICES,PRODUCTION,LB,"MILK - PRODUCTION, MEASURED IN LB",TOTAL,NOT SPECIFIED,STATE,35,35,NM,NEW MEXICO,,,,,,,,00000000,,,9000,UNITED STATES,NEW MEXICO,2024,MONTHLY,01,03,JAN THRU MAR,,2026-02-20 15:00:00.000,"1,532,000,000",
SURVEY,ANIMALS & PRODUCTS,DAIRY,MILK,ALL CLASSES,ALL PRODUCTION PRACTICES,ALL UTILIZATION PRACTICES,PRODUCTION,LB,"MILK - PRODUCTION, MEASURED IN LB",TOTAL,NOT SPECIFIED,STATE,35,35,NM,NEW MEXICO,,,,,,,,00000000,,,9000,UNITED STATES,NEW MEXICO,2024,MONTHLY,02,02,FEB,,2026-02-20 15:00:00.000,"493,000,000",
SURVEY,ANIMALS & PRODUCTS,DAIRY,MILK,ALL CLASSES,ALL PRODUCTION PRACTICES,ALL UTILIZATION PRACTICES,PRODUCTION,LB,"MILK - PRODUCTION, MEASURED IN LB",TOTAL,NOT SPECIFIED,STATE,35,35,NM,NEW MEXICO,,,,,,,,00000000,,,9000,UNITED STATES,NEW MEXICO,2024,MONTHLY,03,03,MAR,,2026-02-20 15:00:00.000,"528,000,000",
SURVEY,ANIMALS & PRODUCTS,DAIRY,MILK,ALL CLASSES,ALL PRODUCTION PRACTICES,ALL UTILIZATION PRACTICES,PRODUCTION,LB,"MILK - PRODUCTION, MEASURED IN LB",TOTAL,NOT SPECIFIED,STATE,35,35,NM,NEW MEXICO,,,,,,,,00000000,,,9000,UNITED STATES,NEW MEXICO,2024,MONTHLY,04,04,APR,,2026-02-20 15:00:00.000,"498,000,000",
SURVEY,ANIMALS & PRODUCTS,DAIRY,MILK,ALL CLASSES,ALL PRODUCTION PRACTICES,ALL UTILIZATION PRACTICES,PRODUCTION,LB,"MILK - PRODUCTION, MEASURED IN LB",TOTAL,NOT SPECIFIED,STATE,35,35,NM,NEW MEXICO,,,,,,,,00000000,,,9000,UNITED STATES,NEW MEXICO,2024,MONTHLY,04,06,APR THRU JUN,,2026-02-20 15:00:00.000,"1,495,000,000",
SURVEY,ANIMALS & PRODUCTS,DAIRY,MILK,ALL CLASSES,ALL PRODUCTION PRACTICES,ALL UTILIZATION PRACTICES,PRODUCTION,LB,"MILK - PRODUCTION, MEASURED IN LB",TOTAL,NOT SPECIFIED,STATE,35,35,NM,NEW MEXICO,,,,,,,,00000000,,,9000,UNITED STATES,NEW MEXICO,2024,MONTHLY,05,05,MAY,,2026-02-20 15:00:00.000,"516,000,000",
SURVEY,ANIMALS & PRODUCTS,DAIRY,MILK,ALL CLASSES,ALL PRODUCTION PRACTICES,ALL UTILIZATION PRACTICES,PRODUCTION,LB,"MILK - PRODUCTION, MEASURED IN LB",TOTAL,NOT SPECIFIED,STATE,35,35,NM,NEW MEXICO,,,,,,,,00000000,,,9000,UNITED STATES,NEW MEXICO,2024,MONTHLY,06,06,JUN,,2026-02-20 15:00:00.000,"481,000,000",
SURVEY,ANIMALS & PRODUCTS,DAIRY,MILK,ALL CLASSES,ALL PRODUCTION PRACTICES,ALL UTILIZATION PRACTICES,PRODUCTION,LB,"MILK - PRODUCTION, MEASURED IN LB",TOTAL,NOT SPECIFIED,STATE,35,35,NM,NEW MEXICO,,,,,,,,00000000,,,9000,UNITED STATES,NEW MEXICO,2024,MONTHLY,07,07,JUL,,2026-02-20 15:00:00.000,"491,000,000",
SURVEY,ANIMALS & PRODUCTS,DAIRY,MILK,ALL CLASSES,ALL PRODUCTION PRACTICES,ALL UTILIZATION PRACTICES,PRODUCTION,LB,"MILK - PRODUCTION, MEASURED IN LB",TOTAL,NOT SPECIFIED,STATE,35,35,NM,NEW MEXICO,,,,,,,,00000000,,,9000,UNITED STATES,NEW MEXICO,2024,MONTHLY,07,09,JUL THRU SEP,,2026-02-20 15:00:00.000,"1,444,000,000",
SURVEY,ANIMALS & PRODUCTS,DAIRY,MILK,ALL CLASSES,ALL PRODUCTION PRACTICES,ALL UTILIZATION PRACTICES,PRODUCTION,LB,"MILK - PRODUCTION, MEASURED IN LB",TOTAL,NOT SPECIFIED,STATE,35,35,NM,NEW MEXICO,,,,,,,,00000000,,,9000,UNITED STATES,NEW MEXICO,2024,MONTHLY,08,08,AUG,,2026-02-20 15:00:00.000,"480,000,000",
SURVEY,ANIMALS & PRODUCTS,DAIRY,MILK,ALL CLASSES,ALL PRODUCTION PRACTICES,ALL UTILIZATION PRACTICES,PRODUCTION,LB,"MILK - PRODUCTION, MEASURED IN LB",TOTAL,NOT SPECIFIED,STATE,35,35,NM,NEW MEXICO,,,,,,,,00000000,,,9000,UNITED STATES,NEW MEXICO,2024,MONTHLY,09,09,SEP,,2026-02-20 15:00:00.000,"473,000,000",
SURVEY,ANIMALS & PRODUCTS,DAIRY,MILK,ALL CLASSES,ALL PRODUCTION PRACTICES,ALL UTILIZATION PRACTICES,PRODUCTION,LB,"MILK - PRODUCTION, MEASURED IN LB",TOTAL,NOT SPECIFIED,STATE,35,35,NM,NEW MEXICO,,,,,,,,00000000,,,9000,UNITED STATES,NEW MEXICO,2024,MONTHLY,10,10,OCT,,2026-02-20 15:00:00.000,"497,000,000",
SURVEY,ANIMALS & PRODUCTS,DAIRY,MILK,ALL CLASSES,ALL PRODUCTION PRACTICES,ALL UTILIZATION PRACTICES,PRODUCTION,LB,"MILK - PRODUCTION, MEASURED IN LB",TOTAL,NOT SPECIFIED,STATE,35,35,NM,NEW MEXICO,,,,,,,,00000000,,,9000,UNITED STATES,NEW MEXICO,2024,MONTHLY,10,12,OCT THRU DEC,,2026-02-20 15:00:00.000,"1,461,000,000",
SURVEY,ANIMALS & PRODUCTS,DAIRY,MILK,ALL CLASSES,ALL PRODUCTION PRACTICES,ALL UTILIZATION PRACTICES,PRODUCTION,LB,"MILK - PRODUCTION, MEASURED IN LB",TOTAL,NOT SPECIFIED,STATE,35,35,NM,NEW MEXICO,,,,,,,,00000000,,,9000,UNITED STATES,NEW MEXICO,2024,MONTHLY,11,11,NOV,,2026-02-20 15:00:00.000,"470,000,000",
SURVEY,ANIMALS & PRODUCTS,DAIRY,MILK,ALL CLASSES,ALL PRODUCTION PRACTICES,ALL UTILIZATION PRACTICES,PRODUCTION,LB,"MILK - PRODUCTION, MEASURED IN LB",TOTAL,NOT SPECIFIED,STATE,35,35,NM,NEW MEXICO,,,,,,,,00000000,,,9000,UNITED STATES,NEW MEXICO,2024,MONTHLY,12,12,DEC,,2026-02-20 15:00:00.000,"494,000,000",
SURVEY,ANIMALS & PRODUCTS,DAIRY,MILK,ALL CLASSES,ALL PRODUCTION PRACTICES,ALL UTILIZATION PRACTICES,PRODUCTION,LB,"MILK - PRODUCTION, MEASURED IN LB",TOTAL,NOT SPECIFIED,STATE,36,36,NY,NEW YORK,,,,,,,,00000000,,,9000,UNITED STATES,NEW YORK,2024,MONTHLY,01,01,JAN,,2026-02-20 15:00:00.000,"1,339,000,000",
SURVEY,ANIMALS & PRODUCTS,DAIRY,MILK,ALL CLASSES,ALL PRODUCTION PRACTICES,ALL UTILIZATION PRACTICES,PRODUCTION,LB,"MILK - PRODUCTION, MEASURED IN LB",TOTAL,NOT SPECIFIED,STATE,36,36,NY,NEW YORK,,,,,,,,00000000,,,9000,UNITED STATES,NEW YORK,2024,MONTHLY,01,03,JAN THRU MAR,,2026-02-20 15:00:00.000,"3,992,000,000",
SURVEY,ANIMALS & PRODUCTS,DAIRY,MILK,ALL CLASSES,ALL PRODUCTION PRACTICES,ALL UTILIZATION PRACTICES,PRODUCTION,LB,"MILK - PRODUCTION, MEASURED IN LB",TOTAL,NOT SPECIFIED,STATE,36,36,NY,NEW YORK,,,,,,,,00000000,,,9000,UNITED STATES,NEW YORK,2024,MONTHLY,02,02,FEB,,2026-02-20 15:00:00.000,"1,273,000,000",
SURVEY,ANIMALS & PRODUCTS,DAIRY,MILK,ALL CLASSES,ALL PRODUCTION PRACTICES,ALL UTILIZATION PRACTICES,PRODUCTION,LB,"MILK - PRODUCTION, MEASURED IN LB",TOTAL,NOT SPECIFIED,STATE,36,36,NY,NEW YORK,,,,,,,,00000000,,,9000,UNITED STATES,NEW YORK,2024,MONTHLY,03,03,MAR,,2026-02-20 15:00:00.000,"1,380,000,000",
SURVEY,ANIMALS & PRODUCTS,DAIRY,MILK,ALL CLASSES,ALL PRODUCTION PRACTICES,ALL UTILIZATION PRACTICES,PRODUCTION,LB,"MILK - PRODUCTION, MEASURED IN LB",TOTAL,NOT SPECIFIED,STATE,36,36,NY,NEW YORK,,,,,,,,00000000,,,9000,UNITED STATES,NEW YORK,2024,MONTHLY,04,04,APR,,2026-02-20 15:00:00.000,"1,355,000,000",
SURVEY,ANIMALS & PRODUCTS,DAIRY,MILK,ALL CLASSES,ALL PRODUCTION PRACTICES,ALL UTILIZATION PRACTICES,PRODUCTION,LB,"MILK - PRODUCTION, MEASURED IN LB",TOTAL,NOT SPECIFIED,STATE,36,36,NY,NEW YORK,,,,,,,,00000000,,,9000,UNITED STATES,NEW YORK,2024,MONTHLY,04,06,APR THRU JUN,,2026-02-20 15:00:00.000,"4,106,000,000",
SURVEY,ANIMALS & PRODUCTS,DAIRY,MILK,ALL CLASSES,ALL PRODUCTION PRACTICES,ALL UTILIZATION PRACTICES,PRODUCTION,LB,"MILK - PRODUCTION, MEASURED IN LB",TOTAL,NOT SPECIFIED,STATE,36,36,NY,NEW YORK,,,,,,,,00000000,,,9000,UNITED STATES,NEW YORK,2024,MONTHLY,05,05,MAY,,2026-02-20 15:00:00.000,"1,409,000,000",
SURVEY,ANIMALS & PRODUCTS,DAIRY,MILK,ALL CLASSES,ALL PRODUCTION PRACTICES,ALL UTILIZATION PRACTICES,PRODUCTION,LB,"MILK - PRODUCTION, MEASURED IN LB",TOTAL,NOT SPECIFIED,STATE,36,36,NY,NEW YORK,,,,,,,,00000000,,,9000,UNITED STATES,NEW YORK,2024,MONTHLY,06,06,JUN,,2026-02-20 15:00:00.000,"1,342,000,000",
SURVEY,ANIMALS & PRODUCTS,DAIRY,MILK,ALL CLASSES,ALL PRODUCTION PRACTICES,ALL UTILIZATION PRACTICES,PRODUCTION,LB,"MILK - PRODUCTION, MEASURED IN LB",TOTAL,NOT SPECIFIED,STATE,36,36,NY,NEW YORK,,,,,,,,00000000,,,9000,UNITED STATES,NEW YORK,2024,MONTHLY,07,07,JUL,,2026-02-20 15:00:00.000,"1,377,000,000",
SURVEY,ANIMALS & PRODUCTS,DAIRY,MILK,ALL CLASSES,ALL PRODUCTION PRACTICES,ALL UTILIZATION PRACTICES,PRODUCTION,LB,"MILK - PRODUCTION, MEASURED IN LB",TOTAL,NOT SPECIFIED,STATE,36,36,NY,NEW YORK,,,,,,,,00000000,,,9000,UNITED STATES,NEW YORK,2024,MONTHLY,07,09,JUL THRU SEP,,2026-02-20 15:00:00.000,"4,052,000,000",
SURVEY,ANIMALS & PRODUCTS,DAIRY,MILK,ALL CLASSES,ALL PRODUCTION PRACTICES,ALL UTILIZATION PRACTICES,PRODUCTION,LB,"MILK - PRODUCTION, MEASURED IN LB",TOTAL,NOT SPECIFIED,STATE,36,36,NY,NEW YORK,,,,,,,,00000000,,,9000,UNITED STATES,NEW YORK,2024,MONTHLY,08,08,AUG,,2026-02-20 15:00:00.000,"1,361,000,000",
SURVEY,ANIMALS & PRODUCTS,DAIRY,MILK,ALL CLASSES,ALL PRODUCTION PRACTICES,ALL UTILIZATION PRACTICES,PRODUCTION,LB,"MILK - PRODUCTION, MEASURED IN LB",TOTAL,NOT SPECIFIED,STATE,36,36,NY,NEW YORK,,,,,,,,00000000,,,9000,UNITED STATES,NEW YORK,2024,MONTHLY,09,09,SEP,,2026-02-20 15:00:00.000,"1,314,000,000",
SURVEY,ANIMALS & PRODUCTS,DAIRY,MILK,ALL CLASSES,ALL PRODUCTION PRACTICES,ALL UTILIZATION PRACTICES,PRODUCTION,LB,"MILK - PRODUCTION, MEASURED IN LB",TOTAL,NOT SPECIFIED,STATE,36,36,NY,NEW YORK,,,,,,,,00000000,,,9000,UNITED STATES,NEW YORK,2024,MONTHLY,10,10,OCT,,2026-02-20 15:00:00.000,"1,331,000,000",
SURVEY,ANIMALS & PRODUCTS,DAIRY,MILK,ALL CLASSES,ALL PRODUCTION PRACTICES,ALL UTILIZATION PRACTICES,PRODUCTION,LB,"MILK - PRODUCTION, MEASURED IN LB",TOTAL,NOT SPECIFIED,STATE,36,36,NY,NEW YORK,,,,,,,,00000000,,,9000,UNITED STATES,NEW YORK,2024,MONTHLY,10,12,OCT THRU DEC,,2026-02-20 15:00:00.000,"3,960,000,000",
SURVEY,ANIMALS & PRODUCTS,DAIRY,MILK,ALL CLASSES,ALL PRODUCTION PRACTICES,ALL UTILIZATION PRACTICES,PRODUCTION,LB,"MILK - PRODUCTION, MEASURED IN LB",TOTAL,NOT SPECIFIED,STATE,36,36,NY,NEW YORK,,,,,,,,00000000,,,9000,UNITED STATES,NEW YORK,2024,MONTHLY,11,11,NOV,,2026-02-20 15:00:00.000,"1,293,000,000",
SURVEY,ANIMALS & PRODUCTS,DAIRY,MILK,ALL CLASSES,ALL PRODUCTION PRACTICES,ALL UTILIZATION PRACTICES,PRODUCTION,LB,"MILK - PRODUCTION, MEASURED IN LB",TOTAL,NOT SPECIFIED,STATE,36,36,NY,NEW YORK,,,,,,,,00000000,,,9000,UNITED STATES,NEW YORK,2024,MONTHLY,12,12,DEC,,2026-02-20 15:00:00.000,"1,336,000,000",
SURVEY,ANIMALS & PRODUCTS,DAIRY,MILK,ALL CLASSES,ALL PRODUCTION PRACTICES,ALL UTILIZATION PRACTICES,PRODUCTION,LB,"MILK - PRODUCTION, MEASURED IN LB",TOTAL,NOT SPECIFIED,STATE,37,37,NC,NORTH CAROLINA,,,,,,,,00000000,,,9000,UNITED STATES,NORTH CAROLINA,2024,MONTHLY,01,03,JAN THRU MAR,,2026-02-20 15:00:00.000,"228,000,000",
SURVEY,ANIMALS & PRODUCTS,DAIRY,MILK,ALL CLASSES,ALL PRODUCTION PRACTICES,ALL UTILIZATION PRACTICES,PRODUCTION,LB,"MILK - PRODUCTION, MEASURED IN LB",TOTAL,NOT SPECIFIED,STATE,37,37,NC,NORTH CAROLINA,,,,,,,,00000000,,,9000,UNITED STATES,NORTH CAROLINA,2024,MONTHLY,04,06,APR THRU JUN,,2026-02-20 15:00:00.000,"225,000,000",
SURVEY,ANIMALS & PRODUCTS,DAIRY,MILK,ALL CLASSES,ALL PRODUCTION PRACTICES,ALL UTILIZATION PRACTICES,PRODUCTION,LB,"MILK - PRODUCTION, MEASURED IN LB",TOTAL,NOT SPECIFIED,STATE,37,37,NC,NORTH CAROLINA,,,,,,,,00000000,,,9000,UNITED STATES,NORTH CAROLINA,2024,MONTHLY,07,09,JUL THRU SEP,,2026-02-20 15:00:00.000,"201,000,000",
SURVEY,ANIMALS & PRODUCTS,DAIRY,MILK,ALL CLASSES,ALL PRODUCTION PRACTICES,ALL UTILIZATION PRACTICES,PRODUCTION,LB,"MILK - PRODUCTION, MEASURED IN LB",TOTAL,NOT SPECIFIED,STATE,37,37,NC,NORTH CAROLINA,,,,,,,,00000000,,,9000,UNITED STATES,NORTH CAROLINA,2024,MONTHLY,10,12,OCT THRU DEC,,2026-02-20 15:00:00.000,"203,000,000",
SURVEY,ANIMALS & PRODUCTS,DAIRY,MILK,ALL CLASSES,ALL PRODUCTION PRACTICES,ALL UTILIZATION PRACTICES,PRODUCTION,LB,"MILK - PRODUCTION, MEASURED IN LB",TOTAL,NOT SPECIFIED,STATE,38,38,ND,NORTH DAKOTA,,,,,,,,00000000,,,9000,UNITED STATES,NORTH DAKOTA,2024,MONTHLY,01,03,JAN THRU MAR,,2026-02-20 15:00:00.000,"58,000,000",
SURVEY,ANIMALS & PRODUCTS,DAIRY,MILK,ALL CLASSES,ALL PRODUCTION PRACTICES,ALL UTILIZATION PRACTICES,PRODUCTION,LB,"MILK - PRODUCTION, MEASURED IN LB",TOTAL,NOT SPECIFIED,STATE,38,38,ND,NORTH DAKOTA,,,,,,,,00000000,,,9000,UNITED STATES,NORTH DAKOTA,2024,MONTHLY,04,06,APR THRU JUN,,2026-02-20 15:00:00.000,"57,000,000",
SURVEY,ANIMALS & PRODUCTS,DAIRY,MILK,ALL CLASSES,ALL PRODUCTION PRACTICES,ALL UTILIZATION PRACTICES,PRODUCTION,LB,"MILK - PRODUCTION, MEASURED IN LB",TOTAL,NOT SPECIFIED,STATE,38,38,ND,NORTH DAKOTA,,,,,,,,00000000,,,9000,UNITED STATES,NORTH DAKOTA,2024,MONTHLY,07,09,JUL THRU SEP,,2026-02-20 15:00:00.000,"57,000,000",
SURVEY,ANIMALS & PRODUCTS,DAIRY,MILK,ALL CLASSES,ALL PRODUCTION PRACTICES,ALL UTILIZATION PRACTICES,PRODUCTION,LB,"MILK - PRODUCTION, MEASURED IN LB",TOTAL,NOT SPECIFIED,STATE,38,38,ND,NORTH DAKOTA,,,,,,,,00000000,,,9000,UNITED STATES,NORTH DAKOTA,2024,MONTHLY,10,12,OCT THRU DEC,,2026-02-20 15:00:00.000,"56,000,000",
SURVEY,ANIMALS & PRODUCTS,DAIRY,MILK,ALL CLASSES,ALL PRODUCTION PRACTICES,ALL UTILIZATION PRACTICES,PRODUCTION,LB,"MILK - PRODUCTION, MEASURED IN LB",TOTAL,NOT SPECIFIED,STATE,39,39,OH,OHIO,,,,,,,,00000000,,,9000,UNITED STATES,OHIO,2024,MONTHLY,01,01,JAN,,2026-02-20 15:00:00.000,"481,000,000",
SURVEY,ANIMALS & PRODUCTS,DAIRY,MILK,ALL CLASSES,ALL PRODUCTION PRACTICES,ALL UTILIZATION PRACTICES,PRODUCTION,LB,"MILK - PRODUCTION, MEASURED IN LB",TOTAL,NOT SPECIFIED,STATE,39,39,OH,OHIO,,,,,,,,00000000,,,9000,UNITED STATES,OHIO,2024,MONTHLY,01,03,JAN THRU MAR,,2026-02-20 15:00:00.000,"1,426,000,000",
SURVEY,ANIMALS & PRODUCTS,DAIRY,MILK,ALL CLASSES,ALL PRODUCTION PRACTICES,ALL UTILIZATION PRACTICES,PRODUCTION,LB,"MILK - PRODUCTION, MEASURED IN LB",TOTAL,NOT SPECIFIED,STATE,39,39,OH,OHIO,,,,,,,,00000000,,,9000,UNITED STATES,OHIO,2024,MONTHLY,02,02,FEB,,2026-02-20 15:00:00.000,"453,000,000",
SURVEY,ANIMALS & PRODUCTS,DAIRY,MILK,ALL CLASSES,ALL PRODUCTION PRACTICES,ALL UTILIZATION PRACTICES,PRODUCTION,LB,"MILK - PRODUCTION, MEASURED IN LB",TOTAL,NOT SPECIFIED,STATE,39,39,OH,OHIO,,,,,,,,00000000,,,9000,UNITED STATES,OHIO,2024,MONTHLY,03,03,MAR,,2026-02-20 15:00:00.000,"492,000,000",
SURVEY,ANIMALS & PRODUCTS,DAIRY,MILK,ALL CLASSES,ALL PRODUCTION PRACTICES,ALL UTILIZATION PRACTICES,PRODUCTION,LB,"MILK - PRODUCTION, MEASURED IN LB",TOTAL,NOT SPECIFIED,STATE,39,39,OH,OHIO,,,,,,,,00000000,,,9000,UNITED STATES,OHIO,2024,MONTHLY,04,04,APR,,2026-02-20 15:00:00.000,"479,000,000",
SURVEY,ANIMALS & PRODUCTS,DAIRY,MILK,ALL CLASSES,ALL PRODUCTION PRACTICES,ALL UTILIZATION PRACTICES,PRODUCTION,LB,"MILK - PRODUCTION, MEASURED IN LB",TOTAL,NOT SPECIFIED,STATE,39,39,OH,OHIO,,,,,,,,00000000,,,9000,UNITED STATES,OHIO,2024,MONTHLY,04,06,APR THRU JUN,,2026-02-20 15:00:00.000,"1,437,000,000",
SURVEY,ANIMALS & PRODUCTS,DAIRY,MILK,ALL CLASSES,ALL PRODUCTION PRACTICES,ALL UTILIZATION PRACTICES,PRODUCTION,LB,"MILK - PRODUCTION, MEASURED IN LB",TOTAL,NOT SPECIFIED,STATE,39,39,OH,OHIO,,,,,,,,00000000,,,9000,UNITED STATES,OHIO,2024,MONTHLY,05,05,MAY,,2026-02-20 15:00:00.000,"488,000,000",
SURVEY,ANIMALS & PRODUCTS,DAIRY,MILK,ALL CLASSES,ALL PRODUCTION PRACTICES,ALL UTILIZATION PRACTICES,PRODUCTION,LB,"MILK - PRODUCTION, MEASURED IN LB",TOTAL,NOT SPECIFIED,STATE,39,39,OH,OHIO,,,,,,,,00000000,,,9000,UNITED STATES,OHIO,2024,MONTHLY,06,06,JUN,,2026-02-20 15:00:00.000,"470,000,000",
SURVEY,ANIMALS & PRODUCTS,DAIRY,MILK,ALL CLASSES,ALL PRODUCTION PRACTICES,ALL UTILIZATION PRACTICES,PRODUCTION,LB,"MILK - PRODUCTION, MEASURED IN LB",TOTAL,NOT SPECIFIED,STATE,39,39,OH,OHIO,,,,,,,,00000000,,,9000,UNITED STATES,OHIO,2024,MONTHLY,07,07,JUL,,2026-02-20 15:00:00.000,"484,000,000",
SURVEY,ANIMALS & PRODUCTS,DAIRY,MILK,ALL CLASSES,ALL PRODUCTION PRACTICES,ALL UTILIZATION PRACTICES,PRODUCTION,LB,"MILK - PRODUCTION, MEASURED IN LB",TOTAL,NOT SPECIFIED,STATE,39,39,OH,OHIO,,,,,,,,00000000,,,9000,UNITED STATES,OHIO,2024,MONTHLY,07,09,JUL THRU SEP,,2026-02-20 15:00:00.000,"1,422,000,000",
SURVEY,ANIMALS & PRODUCTS,DAIRY,MILK,ALL CLASSES,ALL PRODUCTION PRACTICES,ALL UTILIZATION PRACTICES,PRODUCTION,LB,"MILK - PRODUCTION, MEASURED IN LB",TOTAL,NOT SPECIFIED,STATE,39,39,OH,OHIO,,,,,,,,00000000,,,9000,UNITED STATES,OHIO,2024,MONTHLY,08,08,AUG,,2026-02-20 15:00:00.000,"481,000,000",
SURVEY,ANIMALS & PRODUCTS,DAIRY,MILK,ALL CLASSES,ALL PRODUCTION PRACTICES,ALL UTILIZATION PRACTICES,PRODUCTION,LB,"MILK - PRODUCTION, MEASURED IN LB",TOTAL,NOT SPECIFIED,STATE,39,39,OH,OHIO,,,,,,,,00000000,,,9000,UNITED STATES,OHIO,2024,MONTHLY,09,09,SEP,,2026-02-20 15:00:00.000,"457,000,000",
SURVEY,ANIMALS & PRODUCTS,DAIRY,MILK,ALL CLASSES,ALL PRODUCTION PRACTICES,ALL UTILIZATION PRACTICES,PRODUCTION,LB,"MILK - PRODUCTION, MEASURED IN LB",TOTAL,NOT SPECIFIED,STATE,39,39,OH,OHIO,,,,,,,,00000000,,,9000,UNITED STATES,OHIO,2024,MONTHLY,10,10,OCT,,2026-02-20 15:00:00.000,"474,000,000",
SURVEY,ANIMALS & PRODUCTS,DAIRY,MILK,ALL CLASSES,ALL PRODUCTION PRACTICES,ALL UTILIZATION PRACTICES,PRODUCTION,LB,"MILK - PRODUCTION, MEASURED IN LB",TOTAL,NOT SPECIFIED,STATE,39,39,OH,OHIO,,,,,,,,00000000,,,9000,UNITED STATES,OHIO,2024,MONTHLY,10,12,OCT THRU DEC,,2026-02-20 15:00:00.000,"1,411,000,000",
SURVEY,ANIMALS & PRODUCTS,DAIRY,MILK,ALL CLASSES,ALL PRODUCTION PRACTICES,ALL UTILIZATION PRACTICES,PRODUCTION,LB,"MILK - PRODUCTION, MEASURED IN LB",TOTAL,NOT SPECIFIED,STATE,39,39,OH,OHIO,,,,,,,,00000000,,,9000,UNITED STATES,OHIO,2024,MONTHLY,11,11,NOV,,2026-02-20 15:00:00.000,"459,000,000",
SURVEY,ANIMALS & PRODUCTS,DAIRY,MILK,ALL CLASSES,ALL PRODUCTION PRACTICES,ALL UTILIZATION PRACTICES,PRODUCTION,LB,"MILK - PRODUCTION, MEASURED IN LB",TOTAL,NOT SPECIFIED,STATE,39,39,OH,OHIO,,,,,,,,00000000,,,9000,UNITED STATES,OHIO,2024,MONTHLY,12,12,DEC,,2026-02-20 15:00:00.000,"478,000,000",
SURVEY,ANIMALS & PRODUCTS,DAIRY,MILK,ALL CLASSES,ALL PRODUCTION PRACTICES,ALL UTILIZATION PRACTICES,PRODUCTION,LB,"MILK - PRODUCTION, MEASURED IN LB",TOTAL,NOT SPECIFIED,STATE,40,40,OK,OKLAHOMA,,,,,,,,00000000,,,9000,UNITED STATES,OKLAHOMA,2024,MONTHLY,01,03,JAN THRU MAR,,2026-02-20 15:00:00.000,"188,000,000",
SURVEY,ANIMALS & PRODUCTS,DAIRY,MILK,ALL CLASSES,ALL PRODUCTION PRACTICES,ALL UTILIZATION PRACTICES,PRODUCTION,LB,"MILK - PRODUCTION, MEASURED IN LB",TOTAL,NOT SPECIFIED,STATE,40,40,OK,OKLAHOMA,,,,,,,,00000000,,,9000,UNITED STATES,OKLAHOMA,2024,MONTHLY,04,06,APR THRU JUN,,2026-02-20 15:00:00.000,"191,000,000",
SURVEY,ANIMALS & PRODUCTS,DAIRY,MILK,ALL CLASSES,ALL PRODUCTION PRACTICES,ALL UTILIZATION PRACTICES,PRODUCTION,LB,"MILK - PRODUCTION, MEASURED IN LB",TOTAL,NOT SPECIFIED,STATE,40,40,OK,OKLAHOMA,,,,,,,,00000000,,,9000,UNITED STATES,OKLAHOMA,2024,MONTHLY,07,09,JUL THRU SEP,,2026-02-20 15:00:00.000,"176,000,000",
SURVEY,ANIMALS & PRODUCTS,DAIRY,MILK,ALL CLASSES,ALL PRODUCTION PRACTICES,ALL UTILIZATION PRACTICES,PRODUCTION,LB,"MILK - PRODUCTION, MEASURED IN LB",TOTAL,NOT SPECIFIED,STATE,40,40,OK,OKLAHOMA,,,,,,,,00000000,,,9000,UNITED STATES,OKLAHOMA,2024,MONTHLY,10,12,OCT THRU DEC,,2026-02-20 15:00:00.000,"189,000,000",
SURVEY,ANIMALS & PRODUCTS,DAIRY,MILK,ALL CLASSES,ALL PRODUCTION PRACTICES,ALL UTILIZATION PRACTICES,PRODUCTION,LB,"MILK - PRODUCTION, MEASURED IN LB",TOTAL,NOT SPECIFIED,STATE,41,41,OR,OREGON,,,,,,,,00000000,,,9000,UNITED STATES,OREGON,2024,MONTHLY,01,01,JAN,,2026-02-20 15:00:00.000,"199,000,000",
SURVEY,ANIMALS & PRODUCTS,DAIRY,MILK,ALL CLASSES,ALL PRODUCTION PRACTICES,ALL UTILIZATION PRACTICES,PRODUCTION,LB,"MILK - PRODUCTION, MEASURED IN LB",TOTAL,NOT SPECIFIED,STATE,41,41,OR,OREGON,,,,,,,,00000000,,,9000,UNITED STATES,OREGON,2024,MONTHLY,01,03,JAN THRU MAR,,2026-02-20 15:00:00.000,"602,000,000",
SURVEY,ANIMALS & PRODUCTS,DAIRY,MILK,ALL CLASSES,ALL PRODUCTION PRACTICES,ALL UTILIZATION PRACTICES,PRODUCTION,LB,"MILK - PRODUCTION, MEASURED IN LB",TOTAL,NOT SPECIFIED,STATE,41,41,OR,OREGON,,,,,,,,00000000,,,9000,UNITED STATES,OREGON,2024,MONTHLY,02,02,FEB,,2026-02-20 15:00:00.000,"192,000,000",
SURVEY,ANIMALS & PRODUCTS,DAIRY,MILK,ALL CLASSES,ALL PRODUCTION PRACTICES,ALL UTILIZATION PRACTICES,PRODUCTION,LB,"MILK - PRODUCTION, MEASURED IN LB",TOTAL,NOT SPECIFIED,STATE,41,41,OR,OREGON,,,,,,,,00000000,,,9000,UNITED STATES,OREGON,2024,MONTHLY,03,03,MAR,,2026-02-20 15:00:00.000,"211,000,000",
SURVEY,ANIMALS & PRODUCTS,DAIRY,MILK,ALL CLASSES,ALL PRODUCTION PRACTICES,ALL UTILIZATION PRACTICES,PRODUCTION,LB,"MILK - PRODUCTION, MEASURED IN LB",TOTAL,NOT SPECIFIED,STATE,41,41,OR,OREGON,,,,,,,,00000000,,,9000,UNITED STATES,OREGON,2024,MONTHLY,04,04,APR,,2026-02-20 15:00:00.000,"208,000,000",
SURVEY,ANIMALS & PRODUCTS,DAIRY,MILK,ALL CLASSES,ALL PRODUCTION PRACTICES,ALL UTILIZATION PRACTICES,PRODUCTION,LB,"MILK - PRODUCTION, MEASURED IN LB",TOTAL,NOT SPECIFIED,STATE,41,41,OR,OREGON,,,,,,,,00000000,,,9000,UNITED STATES,OREGON,2024,MONTHLY,04,06,APR THRU JUN,,2026-02-20 15:00:00.000,"633,000,000",
SURVEY,ANIMALS & PRODUCTS,DAIRY,MILK,ALL CLASSES,ALL PRODUCTION PRACTICES,ALL UTILIZATION PRACTICES,PRODUCTION,LB,"MILK - PRODUCTION, MEASURED IN LB",TOTAL,NOT SPECIFIED,STATE,41,41,OR,OREGON,,,,,,,,00000000,,,9000,UNITED STATES,OREGON,2024,MONTHLY,05,05,MAY,,2026-02-20 15:00:00.000,"217,000,000",
SURVEY,ANIMALS & PRODUCTS,DAIRY,MILK,ALL CLASSES,ALL PRODUCTION PRACTICES,ALL UTILIZATION PRACTICES,PRODUCTION,LB,"MILK - PRODUCTION, MEASURED IN LB",TOTAL,NOT SPECIFIED,STATE,41,41,OR,OREGON,,,,,,,,00000000,,,9000,UNITED STATES,OREGON,2024,MONTHLY,06,06,JUN,,2026-02-20 15:00:00.000,"208,000,000",
SURVEY,ANIMALS & PRODUCTS,DAIRY,MILK,ALL CLASSES,ALL PRODUCTION PRACTICES,ALL UTILIZATION PRACTICES,PRODUCTION,LB,"MILK - PRODUCTION, MEASURED IN LB",TOTAL,NOT SPECIFIED,STATE,41,41,OR,OREGON,,,,,,,,00000000,,,9000,UNITED STATES,OREGON,2024,MONTHLY,07,07,JUL,,2026-02-20 15:00:00.000,"211,000,000",
SURVEY,ANIMALS & PRODUCTS,DAIRY,MILK,ALL CLASSES,ALL PRODUCTION PRACTICES,ALL UTILIZATION PRACTICES,PRODUCTION,LB,"MILK - PRODUCTION, MEASURED IN LB",TOTAL,NOT SPECIFIED,STATE,41,41,OR,OREGON,,,,,,,,00000000,,,9000,UNITED STATES,OREGON,2024,MONTHLY,07,09,JUL THRU SEP,,2026-02-20 15:00:00.000,"624,000,000",
SURVEY,ANIMALS & PRODUCTS,DAIRY,MILK,ALL CLASSES,ALL PRODUCTION PRACTICES,ALL UTILIZATION PRACTICES,PRODUCTION,LB,"MILK - PRODUCTION, MEASURED IN LB",TOTAL,NOT SPECIFIED,STATE,41,41,OR,OREGON,,,,,,,,00000000,,,9000,UNITED STATES,OREGON,2024,MONTHLY,08,08,AUG,,2026-02-20 15:00:00.000,"211,000,000",
SURVEY,ANIMALS & PRODUCTS,DAIRY,MILK,ALL CLASSES,ALL PRODUCTION PRACTICES,ALL UTILIZATION PRACTICES,PRODUCTION,LB,"MILK - PRODUCTION, MEASURED IN LB",TOTAL,NOT SPECIFIED,STATE,41,41,OR,OREGON,,,,,,,,00000000,,,9000,UNITED STATES,OREGON,2024,MONTHLY,09,09,SEP,,2026-02-20 15:00:00.000,"202,000,000",
SURVEY,ANIMALS & PRODUCTS,DAIRY,MILK,ALL CLASSES,ALL PRODUCTION PRACTICES,ALL UTILIZATION PRACTICES,PRODUCTION,LB,"MILK - PRODUCTION, MEASURED IN LB",TOTAL,NOT SPECIFIED,STATE,41,41,OR,OREGON,,,,,,,,00000000,,,9000,UNITED STATES,OREGON,2024,MONTHLY,10,10,OCT,,2026-02-20 15:00:00.000,"208,000,000",
SURVEY,ANIMALS & PRODUCTS,DAIRY,MILK,ALL CLASSES,ALL PRODUCTION PRACTICES,ALL UTILIZATION PRACTICES,PRODUCTION,LB,"MILK - PRODUCTION, MEASURED IN LB",TOTAL,NOT SPECIFIED,STATE,41,41,OR,OREGON,,,,,,,,00000000,,,9000,UNITED STATES,OREGON,2024,MONTHLY,10,12,OCT THRU DEC,,2026-02-20 15:00:00.000,"603,000,000",
SURVEY,ANIMALS & PRODUCTS,DAIRY,MILK,ALL CLASSES,ALL PRODUCTION PRACTICES,ALL UTILIZATION PRACTICES,PRODUCTION,LB,"MILK - PRODUCTION, MEASURED IN LB",TOTAL,NOT SPECIFIED,STATE,41,41,OR,OREGON,,,,,,,,00000000,,,9000,UNITED STATES,OREGON,2024,MONTHLY,11,11,NOV,,2026-02-20 15:00:00.000,"195,000,000",
SURVEY,ANIMALS & PRODUCTS,DAIRY,MILK,ALL CLASSES,ALL PRODUCTION PRACTICES,ALL UTILIZATION PRACTICES,PRODUCTION,LB,"MILK - PRODUCTION, MEASURED IN LB",TOTAL,NOT SPECIFIED,STATE,41,41,OR,OREGON,,,,,,,,00000000,,,9000,UNITED STATES,OREGON,2024,MONTHLY,12,12,DEC,,2026-02-20 15:00:00.000,"200,000,000",
SURVEY,ANIMALS & PRODUCTS,DAIRY,MILK,ALL CLASSES,ALL PRODUCTION PRACTICES,ALL UTILIZATION PRACTICES,PRODUCTION,LB,"MILK - PRODUCTION, MEASURED IN LB",TOTAL,NOT SPECIFIED,STATE,42,42,PA,PENNSYLVANIA,,,,,,,,00000000,,,9000,UNITED STATES,PENNSYLVANIA,2024,MONTHLY,01,01,JAN,,2026-02-20 15:00:00.000,"835,000,000",
SURVEY,ANIMALS & PRODUCTS,DAIRY,MILK,ALL CLASSES,ALL PRODUCTION PRACTICES,ALL UTILIZATION PRACTICES,PRODUCTION,LB,"MILK - PRODUCTION, MEASURED IN LB",TOTAL,NOT SPECIFIED,STATE,42,42,PA,PENNSYLVANIA,,,,,,,,00000000,,,9000,UNITED STATES,PENNSYLVANIA,2024,MONTHLY,01,03,JAN THRU MAR,,2026-02-20 15:00:00.000,"2,495,000,000",
SURVEY,ANIMALS & PRODUCTS,DAIRY,MILK,ALL CLASSES,ALL PRODUCTION PRACTICES,ALL UTILIZATION PRACTICES,PRODUCTION,LB,"MILK - PRODUCTION, MEASURED IN LB",TOTAL,NOT SPECIFIED,STATE,42,42,PA,PENNSYLVANIA,,,,,,,,00000000,,,9000,UNITED STATES,PENNSYLVANIA,2024,MONTHLY,02,02,FEB,,2026-02-20 15:00:00.000,"795,000,000",
SURVEY,ANIMALS & PRODUCTS,DAIRY,MILK,ALL CLASSES,ALL PRODUCTION PRACTICES,ALL UTILIZATION PRACTICES,PRODUCTION,LB,"MILK - PRODUCTION, MEASURED IN LB",TOTAL,NOT SPECIFIED,STATE,42,42,PA,PENNSYLVANIA,,,,,,,,00000000,,,9000,UNITED STATES,PENNSYLVANIA,2024,MONTHLY,03,03,MAR,,2026-02-20 15:00:00.000,"865,000,000",
SURVEY,ANIMALS & PRODUCTS,DAIRY,MILK,ALL CLASSES,ALL PRODUCTION PRACTICES,ALL UTILIZATION PRACTICES,PRODUCTION,LB,"MILK - PRODUCTION, MEASURED IN LB",TOTAL,NOT SPECIFIED,STATE,42,42,PA,PENNSYLVANIA,,,,,,,,00000000,,,9000,UNITED STATES,PENNSYLVANIA,2024,MONTHLY,04,04,APR,,2026-02-20 15:00:00.000,"839,000,000",
SURVEY,ANIMALS & PRODUCTS,DAIRY,MILK,ALL CLASSES,ALL PRODUCTION PRACTICES,ALL UTILIZATION PRACTICES,PRODUCTION,LB,"MILK - PRODUCTION, MEASURED IN LB",TOTAL,NOT SPECIFIED,STATE,42,42,PA,PENNSYLVANIA,,,,,,,,00000000,,,9000,UNITED STATES,PENNSYLVANIA,2024,MONTHLY,04,06,APR THRU JUN,,2026-02-20 15:00:00.000,"2,490,000,000",
SURVEY,ANIMALS & PRODUCTS,DAIRY,MILK,ALL CLASSES,ALL PRODUCTION PRACTICES,ALL UTILIZATION PRACTICES,PRODUCTION,LB,"MILK - PRODUCTION, MEASURED IN LB",TOTAL,NOT SPECIFIED,STATE,42,42,PA,PENNSYLVANIA,,,,,,,,00000000,,,9000,UNITED STATES,PENNSYLVANIA,2024,MONTHLY,05,05,MAY,,2026-02-20 15:00:00.000,"849,000,000",
SURVEY,ANIMALS & PRODUCTS,DAIRY,MILK,ALL CLASSES,ALL PRODUCTION PRACTICES,ALL UTILIZATION PRACTICES,PRODUCTION,LB,"MILK - PRODUCTION, MEASURED IN LB",TOTAL,NOT SPECIFIED,STATE,42,42,PA,PENNSYLVANIA,,,,,,,,00000000,,,9000,UNITED STATES,PENNSYLVANIA,2024,MONTHLY,06,06,JUN,,2026-02-20 15:00:00.000,"802,000,000",
SURVEY,ANIMALS & PRODUCTS,DAIRY,MILK,ALL CLASSES,ALL PRODUCTION PRACTICES,ALL UTILIZATION PRACTICES,PRODUCTION,LB,"MILK - PRODUCTION, MEASURED IN LB",TOTAL,NOT SPECIFIED,STATE,42,42,PA,PENNSYLVANIA,,,,,,,,00000000,,,9000,UNITED STATES,PENNSYLVANIA,2024,MONTHLY,07,07,JUL,,2026-02-20 15:00:00.000,"807,000,000",
SURVEY,ANIMALS & PRODUCTS,DAIRY,MILK,ALL CLASSES,ALL PRODUCTION PRACTICES,ALL UTILIZATION PRACTICES,PRODUCTION,LB,"MILK - PRODUCTION, MEASURED IN LB",TOTAL,NOT SPECIFIED,STATE,42,42,PA,PENNSYLVANIA,,,,,,,,00000000,,,9000,UNITED STATES,PENNSYLVANIA,2024,MONTHLY,07,09,JUL THRU SEP,,2026-02-20 15:00:00.000,"2,388,000,000",
SURVEY,ANIMALS & PRODUCTS,DAIRY,MILK,ALL CLASSES,ALL PRODUCTION PRACTICES,ALL UTILIZATION PRACTICES,PRODUCTION,LB,"MILK - PRODUCTION, MEASURED IN LB",TOTAL,NOT SPECIFIED,STATE,42,42,PA,PENNSYLVANIA,,,,,,,,00000000,,,9000,UNITED STATES,PENNSYLVANIA,2024,MONTHLY,08,08,AUG,,2026-02-20 15:00:00.000,"802,000,000",
SURVEY,ANIMALS & PRODUCTS,DAIRY,MILK,ALL CLASSES,ALL PRODUCTION PRACTICES,ALL UTILIZATION PRACTICES,PRODUCTION,LB,"MILK - PRODUCTION, MEASURED IN LB",TOTAL,NOT SPECIFIED,STATE,42,42,PA,PENNSYLVANIA,,,,,,,,00000000,,,9000,UNITED STATES,PENNSYLVANIA,2024,MONTHLY,09,09,SEP,,2026-02-20 15:00:00.000,"779,000,000",
SURVEY,ANIMALS & PRODUCTS,DAIRY,MILK,ALL CLASSES,ALL PRODUCTION PRACTICES,ALL UTILIZATION PRACTICES,PRODUCTION,LB,"MILK - PRODUCTION, MEASURED IN LB",TOTAL,NOT SPECIFIED,STATE,42,42,PA,PENNSYLVANIA,,,,,,,,00000000,,,9000,UNITED STATES,PENNSYLVANIA,2024,MONTHLY,10,10,OCT,,2026-02-20 15:00:00.000,"802,000,000",
SURVEY,ANIMALS & PRODUCTS,DAIRY,MILK,ALL CLASSES,ALL PRODUCTION PRACTICES,ALL UTILIZATION PRACTICES,PRODUCTION,LB,"MILK - PRODUCTION, MEASURED IN LB",TOTAL,NOT SPECIFIED,STATE,42,42,PA,PENNSYLVANIA,,,,,,,,00000000,,,9000,UNITED STATES,PENNSYLVANIA,2024,MONTHLY,10,12,OCT THRU DEC,,2026-02-20 15:00:00.000,"2,409,000,000",
SURVEY,ANIMALS & PRODUCTS,DAIRY,MILK,ALL CLASSES,ALL PRODUCTION PRACTICES,ALL UTILIZATION PRACTICES,PRODUCTION,LB,"MILK - PRODUCTION, MEASURED IN LB",TOTAL,NOT SPECIFIED,STATE,42,42,PA,PENNSYLVANIA,,,,,,,,00000000,,,9000,UNITED STATES,PENNSYLVANIA,2024,MONTHLY,11,11,NOV,,2026-02-20 15:00:00.000,"786,000,000",
SURVEY,ANIMALS & PRODUCTS,DAIRY,MILK,ALL CLASSES,ALL PRODUCTION PRACTICES,ALL UTILIZATION PRACTICES,PRODUCTION,LB,"MILK - PRODUCTION, MEASURED IN LB",TOTAL,NOT SPECIFIED,STATE,42,42,PA,PENNSYLVANIA,,,,,,,,00000000,,,9000,UNITED STATES,PENNSYLVANIA,2024,MONTHLY,12,12,DEC,,2026-02-20 15:00:00.000,"821,000,000",
SURVEY,ANIMALS & PRODUCTS,DAIRY,MILK,ALL CLASSES,ALL PRODUCTION PRACTICES,ALL UTILIZATION PRACTICES,PRODUCTION,LB,"MILK - PRODUCTION, MEASURED IN LB",TOTAL,NOT SPECIFIED,STATE,44,44,RI,RHODE ISLAND,,,,,,,,00000000,,,9000,UNITED STATES,RHODE ISLAND,2024,MONTHLY,01,03,JAN THRU MAR,,2026-02-20 15:00:00.000,"2,300,000",
SURVEY,ANIMALS & PRODUCTS,DAIRY,MILK,ALL CLASSES,ALL PRODUCTION PRACTICES,ALL UTILIZATION PRACTICES,PRODUCTION,LB,"MILK - PRODUCTION, MEASURED IN LB",TOTAL,NOT SPECIFIED,STATE,44,44,RI,RHODE ISLAND,,,,,,,,00000000,,,9000,UNITED STATES,RHODE ISLAND,2024,MONTHLY,04,06,APR THRU JUN,,2026-02-20 15:00:00.000,"2,200,000",
SURVEY,ANIMALS & PRODUCTS,DAIRY,MILK,ALL CLASSES,ALL PRODUCTION PRACTICES,ALL UTILIZATION PRACTICES,PRODUCTION,LB,"MILK - PRODUCTION, MEASURED IN LB",TOTAL,NOT SPECIFIED,STATE,44,44,RI,RHODE ISLAND,,,,,,,,00000000,,,9000,UNITED STATES,RHODE ISLAND,2024,MONTHLY,07,09,JUL THRU SEP,,2026-02-20 15:00:00.000,"2,000,000",
SURVEY,ANIMALS & PRODUCTS,DAIRY,MILK,ALL CLASSES,ALL PRODUCTION PRACTICES,ALL UTILIZATION PRACTICES,PRODUCTION,LB,"MILK - PRODUCTION, MEASURED IN LB",TOTAL,NOT SPECIFIED,STATE,44,44,RI,RHODE ISLAND,,,,,,,,00000000,,,9000,UNITED STATES,RHODE ISLAND,2024,MONTHLY,10,12,OCT THRU DEC,,2026-02-20 15:00:00.000,"2,100,000",
SURVEY,ANIMALS & PRODUCTS,DAIRY,MILK,ALL CLASSES,ALL PRODUCTION PRACTICES,ALL UTILIZATION PRACTICES,PRODUCTION,LB,"MILK - PRODUCTION, MEASURED IN LB",TOTAL,NOT SPECIFIED,STATE,45,45,SC,SOUTH CAROLINA,,,,,,,,00000000,,,9000,UNITED STATES,SOUTH CAROLINA,2024,MONTHLY,01,03,JAN THRU MAR,,2026-02-20 15:00:00.000,"39,000,000",
SURVEY,ANIMALS & PRODUCTS,DAIRY,MILK,ALL CLASSES,ALL PRODUCTION PRACTICES,ALL UTILIZATION PRACTICES,PRODUCTION,LB,"MILK - PRODUCTION, MEASURED IN LB",TOTAL,NOT SPECIFIED,STATE,45,45,SC,SOUTH CAROLINA,,,,,,,,00000000,,,9000,UNITED STATES,SOUTH CAROLINA,2024,MONTHLY,04,06,APR THRU JUN,,2026-02-20 15:00:00.000,"39,000,000",
SURVEY,ANIMALS & PRODUCTS,DAIRY,MILK,ALL CLASSES,ALL PRODUCTION PRACTICES,ALL UTILIZATION PRACTICES,PRODUCTION,LB,"MILK - PRODUCTION, MEASURED IN LB",TOTAL,NOT SPECIFIED,STATE,45,45,SC,SOUTH CAROLINA,,,,,,,,00000000,,,9000,UNITED STATES,SOUTH CAROLINA,2024,MONTHLY,07,09,JUL THRU SEP,,2026-02-20 15:00:00.000,"32,000,000",
SURVEY,ANIMALS & PRODUCTS,DAIRY,MILK,ALL CLASSES,ALL PRODUCTION PRACTICES,ALL UTILIZATION PRACTICES,PRODUCTION,LB,"MILK - PRODUCTION, MEASURED IN LB",TOTAL,NOT SPECIFIED,STATE,45,45,SC,SOUTH CAROLINA,,,,,,,,00000000,,,9000,UNITED STATES,SOUTH CAROLINA,2024,MONTHLY,10,12,OCT THRU DEC,,2026-02-20 15:00:00.000,"35,000,000",
SURVEY,ANIMALS & PRODUCTS,DAIRY,MILK,ALL CLASSES,ALL PRODUCTION PRACTICES,ALL UTILIZATION PRACTICES,PRODUCTION,LB,"MILK - PRODUCTION, MEASURED IN LB",TOTAL,NOT SPECIFIED,STATE,46,46,SD,SOUTH DAKOTA,,,,,,,,00000000,,,9000,UNITED STATES,SOUTH DAKOTA,2024,MONTHLY,01,01,JAN,,2026-02-20 15:00:00.000,"400,000,000",
SURVEY,ANIMALS & PRODUCTS,DAIRY,MILK,ALL CLASSES,ALL PRODUCTION PRACTICES,ALL UTILIZATION PRACTICES,PRODUCTION,LB,"MILK - PRODUCTION, MEASURED IN LB",TOTAL,NOT SPECIFIED,STATE,46,46,SD,SOUTH DAKOTA,,,,,,,,00000000,,,9000,UNITED STATES,SOUTH DAKOTA,2024,MONTHLY,01,03,JAN THRU MAR,,2026-02-20 15:00:00.000,"1,196,000,000",
SURVEY,ANIMALS & PRODUCTS,DAIRY,MILK,ALL CLASSES,ALL PRODUCTION PRACTICES,ALL UTILIZATION PRACTICES,PRODUCTION,LB,"MILK - PRODUCTION, MEASURED IN LB",TOTAL,NOT SPECIFIED,STATE,46,46,SD,SOUTH DAKOTA,,,,,,,,00000000,,,9000,UNITED STATES,SOUTH DAKOTA,2024,MONTHLY,02,02,FEB,,2026-02-20 15:00:00.000,"383,000,000",
SURVEY,ANIMALS & PRODUCTS,DAIRY,MILK,ALL CLASSES,ALL PRODUCTION PRACTICES,ALL UTILIZATION PRACTICES,PRODUCTION,LB,"MILK - PRODUCTION, MEASURED IN LB",TOTAL,NOT SPECIFIED,STATE,46,46,SD,SOUTH DAKOTA,,,,,,,,00000000,,,9000,UNITED STATES,SOUTH DAKOTA,2024,MONTHLY,03,03,MAR,,2026-02-20 15:00:00.000,"413,000,000",
SURVEY,ANIMALS & PRODUCTS,DAIRY,MILK,ALL CLASSES,ALL PRODUCTION PRACTICES,ALL UTILIZATION PRACTICES,PRODUCTION,LB,"MILK - PRODUCTION, MEASURED IN LB",TOTAL,NOT SPECIFIED,STATE,46,46,SD,SOUTH DAKOTA,,,,,,,,00000000,,,9000,UNITED STATES,SOUTH DAKOTA,2024,MONTHLY,04,04,APR,,2026-02-20 15:00:00.000,"403,000,000",
SURVEY,ANIMALS & PRODUCTS,DAIRY,MILK,ALL CLASSES,ALL PRODUCTION PRACTICES,ALL UTILIZATION PRACTICES,PRODUCTION,LB,"MILK - PRODUCTION, MEASURED IN LB",TOTAL,NOT SPECIFIED,STATE,46,46,SD,SOUTH DAKOTA,,,,,,,,00000000,,,9000,UNITED STATES,SOUTH DAKOTA,2024,MONTHLY,04,06,APR THRU JUN,,2026-02-20 15:00:00.000,"1,230,000,000",
SURVEY,ANIMALS & PRODUCTS,DAIRY,MILK,ALL CLASSES,ALL PRODUCTION PRACTICES,ALL UTILIZATION PRACTICES,PRODUCTION,LB,"MILK - PRODUCTION, MEASURED IN LB",TOTAL,NOT SPECIFIED,STATE,46,46,SD,SOUTH DAKOTA,,,,,,,,00000000,,,9000,UNITED STATES,SOUTH DAKOTA,2024,MONTHLY,05,05,MAY,,2026-02-20 15:00:00.000,"419,000,000",
SURVEY,ANIMALS & PRODUCTS,DAIRY,MILK,ALL CLASSES,ALL PRODUCTION PRACTICES,ALL UTILIZATION PRACTICES,PRODUCTION,LB,"MILK - PRODUCTION, MEASURED IN LB",TOTAL,NOT SPECIFIED,STATE,46,46,SD,SOUTH DAKOTA,,,,,,,,00000000,,,9000,UNITED STATES,SOUTH DAKOTA,2024,MONTHLY,06,06,JUN,,2026-02-20 15:00:00.000,"408,000,000",
SURVEY,ANIMALS & PRODUCTS,DAIRY,MILK,ALL CLASSES,ALL PRODUCTION PRACTICES,ALL UTILIZATION PRACTICES,PRODUCTION,LB,"MILK - PRODUCTION, MEASURED IN LB",TOTAL,NOT SPECIFIED,STATE,46,46,SD,SOUTH DAKOTA,,,,,,,,00000000,,,9000,UNITED STATES,SOUTH DAKOTA,2024,MONTHLY,07,07,JUL,,2026-02-20 15:00:00.000,"423,000,000",
SURVEY,ANIMALS & PRODUCTS,DAIRY,MILK,ALL CLASSES,ALL PRODUCTION PRACTICES,ALL UTILIZATION PRACTICES,PRODUCTION,LB,"MILK - PRODUCTION, MEASURED IN LB",TOTAL,NOT SPECIFIED,STATE,46,46,SD,SOUTH DAKOTA,,,,,,,,00000000,,,9000,UNITED STATES,SOUTH DAKOTA,2024,MONTHLY,07,09,JUL THRU SEP,,2026-02-20 15:00:00.000,"1,265,000,000",
SURVEY,ANIMALS & PRODUCTS,DAIRY,MILK,ALL CLASSES,ALL PRODUCTION PRACTICES,ALL UTILIZATION PRACTICES,PRODUCTION,LB,"MILK - PRODUCTION, MEASURED IN LB",TOTAL,NOT SPECIFIED,STATE,46,46,SD,SOUTH DAKOTA,,,,,,,,00000000,,,9000,UNITED STATES,SOUTH DAKOTA,2024,MONTHLY,08,08,AUG,,2026-02-20 15:00:00.000,"426,000,000",
SURVEY,ANIMALS & PRODUCTS,DAIRY,MILK,ALL CLASSES,ALL PRODUCTION PRACTICES,ALL UTILIZATION PRACTICES,PRODUCTION,LB,"MILK - PRODUCTION, MEASURED IN LB",TOTAL,NOT SPECIFIED,STATE,46,46,SD,SOUTH DAKOTA,,,,,,,,00000000,,,9000,UNITED STATES,SOUTH DAKOTA,2024,MONTHLY,09,09,SEP,,2026-02-20 15:00:00.000,"416,000,000",
SURVEY,ANIMALS & PRODUCTS,DAIRY,MILK,ALL CLASSES,ALL PRODUCTION PRACTICES,ALL UTILIZATION PRACTICES,PRODUCTION,LB,"MILK - PRODUCTION, MEASURED IN LB",TOTAL,NOT SPECIFIED,STATE,46,46,SD,SOUTH DAKOTA,,,,,,,,00000000,,,9000,UNITED STATES,SOUTH DAKOTA,2024,MONTHLY,10,10,OCT,,2026-02-20 15:00:00.000,"428,000,000",
SURVEY,ANIMALS & PRODUCTS,DAIRY,MILK,ALL CLASSES,ALL PRODUCTION PRACTICES,ALL UTILIZATION PRACTICES,PRODUCTION,LB,"MILK - PRODUCTION, MEASURED IN LB",TOTAL,NOT SPECIFIED,STATE,46,46,SD,SOUTH DAKOTA,,,,,,,,00000000,,,9000,UNITED STATES,SOUTH DAKOTA,2024,MONTHLY,10,12,OCT THRU DEC,,2026-02-20 15:00:00.000,"1,261,000,000",
SURVEY,ANIMALS & PRODUCTS,DAIRY,MILK,ALL CLASSES,ALL PRODUCTION PRACTICES,ALL UTILIZATION PRACTICES,PRODUCTION,LB,"MILK - PRODUCTION, MEASURED IN LB",TOTAL,NOT SPECIFIED,STATE,46,46,SD,SOUTH DAKOTA,,,,,,,,00000000,,,9000,UNITED STATES,SOUTH DAKOTA,2024,MONTHLY,11,11,NOV,,2026-02-20 15:00:00.000,"409,000,000",
SURVEY,ANIMALS & PRODUCTS,DAIRY,MILK,ALL CLASSES,ALL PRODUCTION PRACTICES,ALL UTILIZATION PRACTICES,PRODUCTION,LB,"MILK - PRODUCTION, MEASURED IN LB",TOTAL,NOT SPECIFIED,STATE,46,46,SD,SOUTH DAKOTA,,,,,,,,00000000,,,9000,UNITED STATES,SOUTH DAKOTA,2024,MONTHLY,12,12,DEC,,2026-02-20 15:00:00.000,"424,000,000",
SURVEY,ANIMALS & PRODUCTS,DAIRY,MILK,ALL CLASSES,ALL PRODUCTION PRACTICES,ALL UTILIZATION PRACTICES,PRODUCTION,LB,"MILK - PRODUCTION, MEASURED IN LB",TOTAL,NOT SPECIFIED,STATE,47,47,TN,TENNESSEE,,,,,,,,00000000,,,9000,UNITED STATES,TENNESSEE,2024,MONTHLY,01,03,JAN THRU MAR,,2026-02-20 15:00:00.000,"118,000,000",
SURVEY,ANIMALS & PRODUCTS,DAIRY,MILK,ALL CLASSES,ALL PRODUCTION PRACTICES,ALL UTILIZATION PRACTICES,PRODUCTION,LB,"MILK - PRODUCTION, MEASURED IN LB",TOTAL,NOT SPECIFIED,STATE,47,47,TN,TENNESSEE,,,,,,,,00000000,,,9000,UNITED STATES,TENNESSEE,2024,MONTHLY,04,06,APR THRU JUN,,2026-02-20 15:00:00.000,"115,000,000",
SURVEY,ANIMALS & PRODUCTS,DAIRY,MILK,ALL CLASSES,ALL PRODUCTION PRACTICES,ALL UTILIZATION PRACTICES,PRODUCTION,LB,"MILK - PRODUCTION, MEASURED IN LB",TOTAL,NOT SPECIFIED,STATE,47,47,TN,TENNESSEE,,,,,,,,00000000,,,9000,UNITED STATES,TENNESSEE,2024,MONTHLY,07,09,JUL THRU SEP,,2026-02-20 15:00:00.000,"109,000,000",
SURVEY,ANIMALS & PRODUCTS,DAIRY,MILK,ALL CLASSES,ALL PRODUCTION PRACTICES,ALL UTILIZATION PRACTICES,PRODUCTION,LB,"MILK - PRODUCTION, MEASURED IN LB",TOTAL,NOT SPECIFIED,STATE,47,47,TN,TENNESSEE,,,,,,,,00000000,,,9000,UNITED STATES,TENNESSEE,2024,MONTHLY,10,12,OCT THRU DEC,,2026-02-20 15:00:00.000,"107,000,000",
SURVEY,ANIMALS & PRODUCTS,DAIRY,MILK,ALL CLASSES,ALL PRODUCTION PRACTICES,ALL UTILIZATION PRACTICES,PRODUCTION,LB,"MILK - PRODUCTION, MEASURED IN LB",TOTAL,NOT SPECIFIED,STATE,48,48,TX,TEXAS,,,,,,,,00000000,,,9000,UNITED STATES,TEXAS,2024,MONTHLY,01,01,JAN,,2026-02-20 15:00:00.000,"1,394,000,000",
SURVEY,ANIMALS & PRODUCTS,DAIRY,MILK,ALL CLASSES,ALL PRODUCTION PRACTICES,ALL UTILIZATION PRACTICES,PRODUCTION,LB,"MILK - PRODUCTION, MEASURED IN LB",TOTAL,NOT SPECIFIED,STATE,48,48,TX,TEXAS,,,,,,,,00000000,,,9000,UNITED STATES,TEXAS,2024,MONTHLY,01,03,JAN THRU MAR,,2026-02-20 15:00:00.000,"4,186,000,000",
SURVEY,ANIMALS & PRODUCTS,DAIRY,MILK,ALL CLASSES,ALL PRODUCTION PRACTICES,ALL UTILIZATION PRACTICES,PRODUCTION,LB,"MILK - PRODUCTION, MEASURED IN LB",TOTAL,NOT SPECIFIED,STATE,48,48,TX,TEXAS,,,,,,,,00000000,,,9000,UNITED STATES,TEXAS,2024,MONTHLY,02,02,FEB,,2026-02-20 15:00:00.000,"1,361,000,000",
SURVEY,ANIMALS & PRODUCTS,DAIRY,MILK,ALL CLASSES,ALL PRODUCTION PRACTICES,ALL UTILIZATION PRACTICES,PRODUCTION,LB,"MILK - PRODUCTION, MEASURED IN LB",TOTAL,NOT SPECIFIED,STATE,48,48,TX,TEXAS,,,,,,,,00000000,,,9000,UNITED STATES,TEXAS,2024,MONTHLY,03,03,MAR,,2026-02-20 15:00:00.000,"1,431,000,000",
SURVEY,ANIMALS & PRODUCTS,DAIRY,MILK,ALL CLASSES,ALL PRODUCTION PRACTICES,ALL UTILIZATION PRACTICES,PRODUCTION,LB,"MILK - PRODUCTION, MEASURED IN LB",TOTAL,NOT SPECIFIED,STATE,48,48,TX,TEXAS,,,,,,,,00000000,,,9000,UNITED STATES,TEXAS,2024,MONTHLY,04,04,APR,,2026-02-20 15:00:00.000,"1,366,000,000",
SURVEY,ANIMALS & PRODUCTS,DAIRY,MILK,ALL CLASSES,ALL PRODUCTION PRACTICES,ALL UTILIZATION PRACTICES,PRODUCTION,LB,"MILK - PRODUCTION, MEASURED IN LB",TOTAL,NOT SPECIFIED,STATE,48,48,TX,TEXAS,,,,,,,,00000000,,,9000,UNITED STATES,TEXAS,2024,MONTHLY,04,06,APR THRU JUN,,2026-02-20 15:00:00.000,"4,180,000,000",
SURVEY,ANIMALS & PRODUCTS,DAIRY,MILK,ALL CLASSES,ALL PRODUCTION PRACTICES,ALL UTILIZATION PRACTICES,PRODUCTION,LB,"MILK - PRODUCTION, MEASURED IN LB",TOTAL,NOT SPECIFIED,STATE,48,48,TX,TEXAS,,,,,,,,00000000,,,9000,UNITED STATES,TEXAS,2024,MONTHLY,05,05,MAY,,2026-02-20 15:00:00.000,"1,442,000,000",
SURVEY,ANIMALS & PRODUCTS,DAIRY,MILK,ALL CLASSES,ALL PRODUCTION PRACTICES,ALL UTILIZATION PRACTICES,PRODUCTION,LB,"MILK - PRODUCTION, MEASURED IN LB",TOTAL,NOT SPECIFIED,STATE,48,48,TX,TEXAS,,,,,,,,00000000,,,9000,UNITED STATES,TEXAS,2024,MONTHLY,06,06,JUN,,2026-02-20 15:00:00.000,"1,372,000,000",
SURVEY,ANIMALS & PRODUCTS,DAIRY,MILK,ALL CLASSES,ALL PRODUCTION PRACTICES,ALL UTILIZATION PRACTICES,PRODUCTION,LB,"MILK - PRODUCTION, MEASURED IN LB",TOTAL,NOT SPECIFIED,STATE,48,48,TX,TEXAS,,,,,,,,00000000,,,9000,UNITED STATES,TEXAS,2024,MONTHLY,07,07,JUL,,2026-02-20 15:00:00.000,"1,422,000,000",
SURVEY,ANIMALS & PRODUCTS,DAIRY,MILK,ALL CLASSES,ALL PRODUCTION PRACTICES,ALL UTILIZATION PRACTICES,PRODUCTION,LB,"MILK - PRODUCTION, MEASURED IN LB",TOTAL,NOT SPECIFIED,STATE,48,48,TX,TEXAS,,,,,,,,00000000,,,9000,UNITED STATES,TEXAS,2024,MONTHLY,07,09,JUL THRU SEP,,2026-02-20 15:00:00.000,"4,263,000,000",
SURVEY,ANIMALS & PRODUCTS,DAIRY,MILK,ALL CLASSES,ALL PRODUCTION PRACTICES,ALL UTILIZATION PRACTICES,PRODUCTION,LB,"MILK - PRODUCTION, MEASURED IN LB",TOTAL,NOT SPECIFIED,STATE,48,48,TX,TEXAS,,,,,,,,00000000,,,9000,UNITED STATES,TEXAS,2024,MONTHLY,08,08,AUG,,2026-02-20 15:00:00.000,"1,444,000,000",
SURVEY,ANIMALS & PRODUCTS,DAIRY,MILK,ALL CLASSES,ALL PRODUCTION PRACTICES,ALL UTILIZATION PRACTICES,PRODUCTION,LB,"MILK - PRODUCTION, MEASURED IN LB",TOTAL,NOT SPECIFIED,STATE,48,48,TX,TEXAS,,,,,,,,00000000,,,9000,UNITED STATES,TEXAS,2024,MONTHLY,09,09,SEP,,2026-02-20 15:00:00.000,"1,397,000,000",
SURVEY,ANIMALS & PRODUCTS,DAIRY,MILK,ALL CLASSES,ALL PRODUCTION PRACTICES,ALL UTILIZATION PRACTICES,PRODUCTION,LB,"MILK - PRODUCTION, MEASURED IN LB",TOTAL,NOT SPECIFIED,STATE,48,48,TX,TEXAS,,,,,,,,00000000,,,9000,UNITED STATES,TEXAS,2024,MONTHLY,10,10,OCT,,2026-02-20 15:00:00.000,"1,502,000,000",
SURVEY,ANIMALS & PRODUCTS,DAIRY,MILK,ALL CLASSES,ALL PRODUCTION PRACTICES,ALL UTILIZATION PRACTICES,PRODUCTION,LB,"MILK - PRODUCTION, MEASURED IN LB",TOTAL,NOT SPECIFIED,STATE,48,48,TX,TEXAS,,,,,,,,00000000,,,9000,UNITED STATES,TEXAS,2024,MONTHLY,10,12,OCT THRU DEC,,2026-02-20 15:00:00.000,"4,408,000,000",
SURVEY,ANIMALS & PRODUCTS,DAIRY,MILK,ALL CLASSES,ALL PRODUCTION PRACTICES,ALL UTILIZATION PRACTICES,PRODUCTION,LB,"MILK - PRODUCTION, MEASURED IN LB",TOTAL,NOT SPECIFIED,STATE,48,48,TX,TEXAS,,,,,,,,00000000,,,9000,UNITED STATES,TEXAS,2024,MONTHLY,11,11,NOV,,2026-02-20 15:00:00.000,"1,424,000,000",
SURVEY,ANIMALS & PRODUCTS,DAIRY,MILK,ALL CLASSES,ALL PRODUCTION PRACTICES,ALL UTILIZATION PRACTICES,PRODUCTION,LB,"MILK - PRODUCTION, MEASURED IN LB",TOTAL,NOT SPECIFIED,STATE,48,48,TX,TEXAS,,,,,,,,00000000,,,9000,UNITED STATES,TEXAS,2024,MONTHLY,12,12,DEC,,2026-02-20 15:00:00.000,"1,482,000,000",
SURVEY,ANIMALS & PRODUCTS,DAIRY,MILK,ALL CLASSES,ALL PRODUCTION PRACTICES,ALL UTILIZATION PRACTICES,PRODUCTION,LB,"MILK - PRODUCTION, MEASURED IN LB",TOTAL,NOT SPECIFIED,STATE,49,49,UT,UTAH,,,,,,,,00000000,,,9000,UNITED STATES,UTAH,2024,MONTHLY,01,01,JAN,,2026-02-20 15:00:00.000,"174,000,000",
SURVEY,ANIMALS & PRODUCTS,DAIRY,MILK,ALL CLASSES,ALL PRODUCTION PRACTICES,ALL UTILIZATION PRACTICES,PRODUCTION,LB,"MILK - PRODUCTION, MEASURED IN LB",TOTAL,NOT SPECIFIED,STATE,49,49,UT,UTAH,,,,,,,,00000000,,,9000,UNITED STATES,UTAH,2024,MONTHLY,01,03,JAN THRU MAR,,2026-02-20 15:00:00.000,"516,000,000",
SURVEY,ANIMALS & PRODUCTS,DAIRY,MILK,ALL CLASSES,ALL PRODUCTION PRACTICES,ALL UTILIZATION PRACTICES,PRODUCTION,LB,"MILK - PRODUCTION, MEASURED IN LB",TOTAL,NOT SPECIFIED,STATE,49,49,UT,UTAH,,,,,,,,00000000,,,9000,UNITED STATES,UTAH,2024,MONTHLY,02,02,FEB,,2026-02-20 15:00:00.000,"164,000,000",
SURVEY,ANIMALS & PRODUCTS,DAIRY,MILK,ALL CLASSES,ALL PRODUCTION PRACTICES,ALL UTILIZATION PRACTICES,PRODUCTION,LB,"MILK - PRODUCTION, MEASURED IN LB",TOTAL,NOT SPECIFIED,STATE,49,49,UT,UTAH,,,,,,,,00000000,,,9000,UNITED STATES,UTAH,2024,MONTHLY,03,03,MAR,,2026-02-20 15:00:00.000,"178,000,000",
SURVEY,ANIMALS & PRODUCTS,DAIRY,MILK,ALL CLASSES,ALL PRODUCTION PRACTICES,ALL UTILIZATION PRACTICES,PRODUCTION,LB,"MILK - PRODUCTION, MEASURED IN LB",TOTAL,NOT SPECIFIED,STATE,49,49,UT,UTAH,,,,,,,,00000000,,,9000,UNITED STATES,UTAH,2024,MONTHLY,04,04,APR,,2026-02-20 15:00:00.000,"176,000,000",
SURVEY,ANIMALS & PRODUCTS,DAIRY,MILK,ALL CLASSES,ALL PRODUCTION PRACTICES,ALL UTILIZATION PRACTICES,PRODUCTION,LB,"MILK - PRODUCTION, MEASURED IN LB",TOTAL,NOT SPECIFIED,STATE,49,49,UT,UTAH,,,,,,,,00000000,,,9000,UNITED STATES,UTAH,2024,MONTHLY,04,06,APR THRU JUN,,2026-02-20 15:00:00.000,"541,000,000",
SURVEY,ANIMALS & PRODUCTS,DAIRY,MILK,ALL CLASSES,ALL PRODUCTION PRACTICES,ALL UTILIZATION PRACTICES,PRODUCTION,LB,"MILK - PRODUCTION, MEASURED IN LB",TOTAL,NOT SPECIFIED,STATE,49,49,UT,UTAH,,,,,,,,00000000,,,9000,UNITED STATES,UTAH,2024,MONTHLY,05,05,MAY,,2026-02-20 15:00:00.000,"185,000,000",
SURVEY,ANIMALS & PRODUCTS,DAIRY,MILK,ALL CLASSES,ALL PRODUCTION PRACTICES,ALL UTILIZATION PRACTICES,PRODUCTION,LB,"MILK - PRODUCTION, MEASURED IN LB",TOTAL,NOT SPECIFIED,STATE,49,49,UT,UTAH,,,,,,,,00000000,,,9000,UNITED STATES,UTAH,2024,MONTHLY,06,06,JUN,,2026-02-20 15:00:00.000,"180,000,000",
SURVEY,ANIMALS & PRODUCTS,DAIRY,MILK,ALL CLASSES,ALL PRODUCTION PRACTICES,ALL UTILIZATION PRACTICES,PRODUCTION,LB,"MILK - PRODUCTION, MEASURED IN LB",TOTAL,NOT SPECIFIED,STATE,49,49,UT,UTAH,,,,,,,,00000000,,,9000,UNITED STATES,UTAH,2024,MONTHLY,07,07,JUL,,2026-02-20 15:00:00.000,"185,000,000",
SURVEY,ANIMALS & PRODUCTS,DAIRY,MILK,ALL CLASSES,ALL PRODUCTION PRACTICES,ALL UTILIZATION PRACTICES,PRODUCTION,LB,"MILK - PRODUCTION, MEASURED IN LB",TOTAL,NOT SPECIFIED,STATE,49,49,UT,UTAH,,,,,,,,00000000,,,9000,UNITED STATES,UTAH,2024,MONTHLY,07,09,JUL THRU SEP,,2026-02-20 15:00:00.000,"541,000,000",
SURVEY,ANIMALS & PRODUCTS,DAIRY,MILK,ALL CLASSES,ALL PRODUCTION PRACTICES,ALL UTILIZATION PRACTICES,PRODUCTION,LB,"MILK - PRODUCTION, MEASURED IN LB",TOTAL,NOT SPECIFIED,STATE,49,49,UT,UTAH,,,,,,,,00000000,,,9000,UNITED STATES,UTAH,2024,MONTHLY,08,08,AUG,,2026-02-20 15:00:00.000,"182,000,000",
SURVEY,ANIMALS & PRODUCTS,DAIRY,MILK,ALL CLASSES,ALL PRODUCTION PRACTICES,ALL UTILIZATION PRACTICES,PRODUCTION,LB,"MILK - PRODUCTION, MEASURED IN LB",TOTAL,NOT SPECIFIED,STATE,49,49,UT,UTAH,,,,,,,,00000000,,,9000,UNITED STATES,UTAH,2024,MONTHLY,09,09,SEP,,2026-02-20 15:00:00.000,"174,000,000",
SURVEY,ANIMALS & PRODUCTS,DAIRY,MILK,ALL CLASSES,ALL PRODUCTION PRACTICES,ALL UTILIZATION PRACTICES,PRODUCTION,LB,"MILK - PRODUCTION, MEASURED IN LB",TOTAL,NOT SPECIFIED,STATE,49,49,UT,UTAH,,,,,,,,00000000,,,9000,UNITED STATES,UTAH,2024,MONTHLY,10,10,OCT,,2026-02-20 15:00:00.000,"176,000,000",
SURVEY,ANIMALS & PRODUCTS,DAIRY,MILK,ALL CLASSES,ALL PRODUCTION PRACTICES,ALL UTILIZATION PRACTICES,PRODUCTION,LB,"MILK - PRODUCTION, MEASURED IN LB",TOTAL,NOT SPECIFIED,STATE,49,49,UT,UTAH,,,,,,,,00000000,,,9000,UNITED STATES,UTAH,2024,MONTHLY,10,12,OCT THRU DEC,,2026-02-20 15:00:00.000,"522,000,000",
SURVEY,ANIMALS & PRODUCTS,DAIRY,MILK,ALL CLASSES,ALL PRODUCTION PRACTICES,ALL UTILIZATION PRACTICES,PRODUCTION,LB,"MILK - PRODUCTION, MEASURED IN LB",TOTAL,NOT SPECIFIED,STATE,49,49,UT,UTAH,,,,,,,,00000000,,,9000,UNITED STATES,UTAH,2024,MONTHLY,11,11,NOV,,2026-02-20 15:00:00.000,"170,000,000",
SURVEY,ANIMALS & PRODUCTS,DAIRY,MILK,ALL CLASSES,ALL PRODUCTION PRACTICES,ALL UTILIZATION PRACTICES,PRODUCTION,LB,"MILK - PRODUCTION, MEASURED IN LB",TOTAL,NOT SPECIFIED,STATE,49,49,UT,UTAH,,,,,,,,00000000,,,9000,UNITED STATES,UTAH,2024,MONTHLY,12,12,DEC,,2026-02-20 15:00:00.000,"176,000,000",
SURVEY,ANIMALS & PRODUCTS,DAIRY,MILK,ALL CLASSES,ALL PRODUCTION PRACTICES,ALL UTILIZATION PRACTICES,PRODUCTION,LB,"MILK - PRODUCTION, MEASURED IN LB",TOTAL,NOT SPECIFIED,STATE,50,50,VT,VERMONT,,,,,,,,00000000,,,9000,UNITED STATES,VERMONT,2024,MONTHLY,01,01,JAN,,2026-02-20 15:00:00.000,"211,000,000",
SURVEY,ANIMALS & PRODUCTS,DAIRY,MILK,ALL CLASSES,ALL PRODUCTION PRACTICES,ALL UTILIZATION PRACTICES,PRODUCTION,LB,"MILK - PRODUCTION, MEASURED IN LB",TOTAL,NOT SPECIFIED,STATE,50,50,VT,VERMONT,,,,,,,,00000000,,,9000,UNITED STATES,VERMONT,2024,MONTHLY,01,03,JAN THRU MAR,,2026-02-20 15:00:00.000,"625,000,000",
SURVEY,ANIMALS & PRODUCTS,DAIRY,MILK,ALL CLASSES,ALL PRODUCTION PRACTICES,ALL UTILIZATION PRACTICES,PRODUCTION,LB,"MILK - PRODUCTION, MEASURED IN LB",TOTAL,NOT SPECIFIED,STATE,50,50,VT,VERMONT,,,,,,,,00000000,,,9000,UNITED STATES,VERMONT,2024,MONTHLY,02,02,FEB,,2026-02-20 15:00:00.000,"200,000,000",
SURVEY,ANIMALS & PRODUCTS,DAIRY,MILK,ALL CLASSES,ALL PRODUCTION PRACTICES,ALL UTILIZATION PRACTICES,PRODUCTION,LB,"MILK - PRODUCTION, MEASURED IN LB",TOTAL,NOT SPECIFIED,STATE,50,50,VT,VERMONT,,,,,,,,00000000,,,9000,UNITED STATES,VERMONT,2024,MONTHLY,03,03,MAR,,2026-02-20 15:00:00.000,"214,000,000",
SURVEY,ANIMALS & PRODUCTS,DAIRY,MILK,ALL CLASSES,ALL PRODUCTION PRACTICES,ALL UTILIZATION PRACTICES,PRODUCTION,LB,"MILK - PRODUCTION, MEASURED IN LB",TOTAL,NOT SPECIFIED,STATE,50,50,VT,VERMONT,,,,,,,,00000000,,,9000,UNITED STATES,VERMONT,2024,MONTHLY,04,04,APR,,2026-02-20 15:00:00.000,"207,000,000",
SURVEY,ANIMALS & PRODUCTS,DAIRY,MILK,ALL CLASSES,ALL PRODUCTION PRACTICES,ALL UTILIZATION PRACTICES,PRODUCTION,LB,"MILK - PRODUCTION, MEASURED IN LB",TOTAL,NOT SPECIFIED,STATE,50,50,VT,VERMONT,,,,,,,,00000000,,,9000,UNITED STATES,VERMONT,2024,MONTHLY,04,06,APR THRU JUN,,2026-02-20 15:00:00.000,"627,000,000",
SURVEY,ANIMALS & PRODUCTS,DAIRY,MILK,ALL CLASSES,ALL PRODUCTION PRACTICES,ALL UTILIZATION PRACTICES,PRODUCTION,LB,"MILK - PRODUCTION, MEASURED IN LB",TOTAL,NOT SPECIFIED,STATE,50,50,VT,VERMONT,,,,,,,,00000000,,,9000,UNITED STATES,VERMONT,2024,MONTHLY,05,05,MAY,,2026-02-20 15:00:00.000,"215,000,000",
SURVEY,ANIMALS & PRODUCTS,DAIRY,MILK,ALL CLASSES,ALL PRODUCTION PRACTICES,ALL UTILIZATION PRACTICES,PRODUCTION,LB,"MILK - PRODUCTION, MEASURED IN LB",TOTAL,NOT SPECIFIED,STATE,50,50,VT,VERMONT,,,,,,,,00000000,,,9000,UNITED STATES,VERMONT,2024,MONTHLY,06,06,JUN,,2026-02-20 15:00:00.000,"205,000,000",
SURVEY,ANIMALS & PRODUCTS,DAIRY,MILK,ALL CLASSES,ALL PRODUCTION PRACTICES,ALL UTILIZATION PRACTICES,PRODUCTION,LB,"MILK - PRODUCTION, MEASURED IN LB",TOTAL,NOT SPECIFIED,STATE,50,50,VT,VERMONT,,,,,,,,00000000,,,9000,UNITED STATES,VERMONT,2024,MONTHLY,07,07,JUL,,2026-02-20 15:00:00.000,"207,000,000",
SURVEY,ANIMALS & PRODUCTS,DAIRY,MILK,ALL CLASSES,ALL PRODUCTION PRACTICES,ALL UTILIZATION PRACTICES,PRODUCTION,LB,"MILK - PRODUCTION, MEASURED IN LB",TOTAL,NOT SPECIFIED,STATE,50,50,VT,VERMONT,,,,,,,,00000000,,,9000,UNITED STATES,VERMONT,2024,MONTHLY,07,09,JUL THRU SEP,,2026-02-20 15:00:00.000,"611,000,000",
SURVEY,ANIMALS & PRODUCTS,DAIRY,MILK,ALL CLASSES,ALL PRODUCTION PRACTICES,ALL UTILIZATION PRACTICES,PRODUCTION,LB,"MILK - PRODUCTION, MEASURED IN LB",TOTAL,NOT SPECIFIED,STATE,50,50,VT,VERMONT,,,,,,,,00000000,,,9000,UNITED STATES,VERMONT,2024,MONTHLY,08,08,AUG,,2026-02-20 15:00:00.000,"206,000,000",
SURVEY,ANIMALS & PRODUCTS,DAIRY,MILK,ALL CLASSES,ALL PRODUCTION PRACTICES,ALL UTILIZATION PRACTICES,PRODUCTION,LB,"MILK - PRODUCTION, MEASURED IN LB",TOTAL,NOT SPECIFIED,STATE,50,50,VT,VERMONT,,,,,,,,00000000,,,9000,UNITED STATES,VERMONT,2024,MONTHLY,09,09,SEP,,2026-02-20 15:00:00.000,"198,000,000",
SURVEY,ANIMALS & PRODUCTS,DAIRY,MILK,ALL CLASSES,ALL PRODUCTION PRACTICES,ALL UTILIZATION PRACTICES,PRODUCTION,LB,"MILK - PRODUCTION, MEASURED IN LB",TOTAL,NOT SPECIFIED,STATE,50,50,VT,VERMONT,,,,,,,,00000000,,,9000,UNITED STATES,VERMONT,2024,MONTHLY,10,10,OCT,,2026-02-20 15:00:00.000,"208,000,000",
SURVEY,ANIMALS & PRODUCTS,DAIRY,MILK,ALL CLASSES,ALL PRODUCTION PRACTICES,ALL UTILIZATION PRACTICES,PRODUCTION,LB,"MILK - PRODUCTION, MEASURED IN LB",TOTAL,NOT SPECIFIED,STATE,50,50,VT,VERMONT,,,,,,,,00000000,,,9000,UNITED STATES,VERMONT,2024,MONTHLY,10,12,OCT THRU DEC,,2026-02-20 15:00:00.000,"616,000,000",
SURVEY,ANIMALS & PRODUCTS,DAIRY,MILK,ALL CLASSES,ALL PRODUCTION PRACTICES,ALL UTILIZATION PRACTICES,PRODUCTION,LB,"MILK - PRODUCTION, MEASURED IN LB",TOTAL,NOT SPECIFIED,STATE,50,50,VT,VERMONT,,,,,,,,00000000,,,9000,UNITED STATES,VERMONT,2024,MONTHLY,11,11,NOV,,2026-02-20 15:00:00.000,"200,000,000",
SURVEY,ANIMALS & PRODUCTS,DAIRY,MILK,ALL CLASSES,ALL PRODUCTION PRACTICES,ALL UTILIZATION PRACTICES,PRODUCTION,LB,"MILK - PRODUCTION, MEASURED IN LB",TOTAL,NOT SPECIFIED,STATE,50,50,VT,VERMONT,,,,,,,,00000000,,,9000,UNITED STATES,VERMONT,2024,MONTHLY,12,12,DEC,,2026-02-20 15:00:00.000,"208,000,000",
SURVEY,ANIMALS & PRODUCTS,DAIRY,MILK,ALL CLASSES,ALL PRODUCTION PRACTICES,ALL UTILIZATION PRACTICES,PRODUCTION,LB,"MILK - PRODUCTION, MEASURED IN LB",TOTAL,NOT SPECIFIED,STATE,51,51,VA,VIRGINIA,,,,,,,,00000000,,,9000,UNITED STATES,VIRGINIA,2024,MONTHLY,01,01,JAN,,2026-02-20 15:00:00.000,"121,000,000",
SURVEY,ANIMALS & PRODUCTS,DAIRY,MILK,ALL CLASSES,ALL PRODUCTION PRACTICES,ALL UTILIZATION PRACTICES,PRODUCTION,LB,"MILK - PRODUCTION, MEASURED IN LB",TOTAL,NOT SPECIFIED,STATE,51,51,VA,VIRGINIA,,,,,,,,00000000,,,9000,UNITED STATES,VIRGINIA,2024,MONTHLY,01,03,JAN THRU MAR,,2026-02-20 15:00:00.000,"361,000,000",
SURVEY,ANIMALS & PRODUCTS,DAIRY,MILK,ALL CLASSES,ALL PRODUCTION PRACTICES,ALL UTILIZATION PRACTICES,PRODUCTION,LB,"MILK - PRODUCTION, MEASURED IN LB",TOTAL,NOT SPECIFIED,STATE,51,51,VA,VIRGINIA,,,,,,,,00000000,,,9000,UNITED STATES,VIRGINIA,2024,MONTHLY,02,02,FEB,,2026-02-20 15:00:00.000,"115,000,000",
SURVEY,ANIMALS & PRODUCTS,DAIRY,MILK,ALL CLASSES,ALL PRODUCTION PRACTICES,ALL UTILIZATION PRACTICES,PRODUCTION,LB,"MILK - PRODUCTION, MEASURED IN LB",TOTAL,NOT SPECIFIED,STATE,51,51,VA,VIRGINIA,,,,,,,,00000000,,,9000,UNITED STATES,VIRGINIA,2024,MONTHLY,03,03,MAR,,2026-02-20 15:00:00.000,"125,000,000",
SURVEY,ANIMALS & PRODUCTS,DAIRY,MILK,ALL CLASSES,ALL PRODUCTION PRACTICES,ALL UTILIZATION PRACTICES,PRODUCTION,LB,"MILK - PRODUCTION, MEASURED IN LB",TOTAL,NOT SPECIFIED,STATE,51,51,VA,VIRGINIA,,,,,,,,00000000,,,9000,UNITED STATES,VIRGINIA,2024,MONTHLY,04,04,APR,,2026-02-20 15:00:00.000,"122,000,000",
SURVEY,ANIMALS & PRODUCTS,DAIRY,MILK,ALL CLASSES,ALL PRODUCTION PRACTICES,ALL UTILIZATION PRACTICES,PRODUCTION,LB,"MILK - PRODUCTION, MEASURED IN LB",TOTAL,NOT SPECIFIED,STATE,51,51,VA,VIRGINIA,,,,,,,,00000000,,,9000,UNITED STATES,VIRGINIA,2024,MONTHLY,04,06,APR THRU JUN,,2026-02-20 15:00:00.000,"357,000,000",
SURVEY,ANIMALS & PRODUCTS,DAIRY,MILK,ALL CLASSES,ALL PRODUCTION PRACTICES,ALL UTILIZATION PRACTICES,PRODUCTION,LB,"MILK - PRODUCTION, MEASURED IN LB",TOTAL,NOT SPECIFIED,STATE,51,51,VA,VIRGINIA,,,,,,,,00000000,,,9000,UNITED STATES,VIRGINIA,2024,MONTHLY,05,05,MAY,,2026-02-20 15:00:00.000,"122,000,000",
SURVEY,ANIMALS & PRODUCTS,DAIRY,MILK,ALL CLASSES,ALL PRODUCTION PRACTICES,ALL UTILIZATION PRACTICES,PRODUCTION,LB,"MILK - PRODUCTION, MEASURED IN LB",TOTAL,NOT SPECIFIED,STATE,51,51,VA,VIRGINIA,,,,,,,,00000000,,,9000,UNITED STATES,VIRGINIA,2024,MONTHLY,06,06,JUN,,2026-02-20 15:00:00.000,"113,000,000",
SURVEY,ANIMALS & PRODUCTS,DAIRY,MILK,ALL CLASSES,ALL PRODUCTION PRACTICES,ALL UTILIZATION PRACTICES,PRODUCTION,LB,"MILK - PRODUCTION, MEASURED IN LB",TOTAL,NOT SPECIFIED,STATE,51,51,VA,VIRGINIA,,,,,,,,00000000,,,9000,UNITED STATES,VIRGINIA,2024,MONTHLY,07,07,JUL,,2026-02-20 15:00:00.000,"114,000,000",
SURVEY,ANIMALS & PRODUCTS,DAIRY,MILK,ALL CLASSES,ALL PRODUCTION PRACTICES,ALL UTILIZATION PRACTICES,PRODUCTION,LB,"MILK - PRODUCTION, MEASURED IN LB",TOTAL,NOT SPECIFIED,STATE,51,51,VA,VIRGINIA,,,,,,,,00000000,,,9000,UNITED STATES,VIRGINIA,2024,MONTHLY,07,09,JUL THRU SEP,,2026-02-20 15:00:00.000,"337,000,000",
SURVEY,ANIMALS & PRODUCTS,DAIRY,MILK,ALL CLASSES,ALL PRODUCTION PRACTICES,ALL UTILIZATION PRACTICES,PRODUCTION,LB,"MILK - PRODUCTION, MEASURED IN LB",TOTAL,NOT SPECIFIED,STATE,51,51,VA,VIRGINIA,,,,,,,,00000000,,,9000,UNITED STATES,VIRGINIA,2024,MONTHLY,08,08,AUG,,2026-02-20 15:00:00.000,"114,000,000",
SURVEY,ANIMALS & PRODUCTS,DAIRY,MILK,ALL CLASSES,ALL PRODUCTION PRACTICES,ALL UTILIZATION PRACTICES,PRODUCTION,LB,"MILK - PRODUCTION, MEASURED IN LB",TOTAL,NOT SPECIFIED,STATE,51,51,VA,VIRGINIA,,,,,,,,00000000,,,9000,UNITED STATES,VIRGINIA,2024,MONTHLY,09,09,SEP,,2026-02-20 15:00:00.000,"109,000,000",
SURVEY,ANIMALS & PRODUCTS,DAIRY,MILK,ALL CLASSES,ALL PRODUCTION PRACTICES,ALL UTILIZATION PRACTICES,PRODUCTION,LB,"MILK - PRODUCTION, MEASURED IN LB",TOTAL,NOT SPECIFIED,STATE,51,51,VA,VIRGINIA,,,,,,,,00000000,,,9000,UNITED STATES,VIRGINIA,2024,MONTHLY,10,10,OCT,,2026-02-20 15:00:00.000,"113,000,000",
SURVEY,ANIMALS & PRODUCTS,DAIRY,MILK,ALL CLASSES,ALL PRODUCTION PRACTICES,ALL UTILIZATION PRACTICES,PRODUCTION,LB,"MILK - PRODUCTION, MEASURED IN LB",TOTAL,NOT SPECIFIED,STATE,51,51,VA,VIRGINIA,,,,,,,,00000000,,,9000,UNITED STATES,VIRGINIA,2024,MONTHLY,10,12,OCT THRU DEC,,2026-02-20 15:00:00.000,"342,000,000",
SURVEY,ANIMALS & PRODUCTS,DAIRY,MILK,ALL CLASSES,ALL PRODUCTION PRACTICES,ALL UTILIZATION PRACTICES,PRODUCTION,LB,"MILK - PRODUCTION, MEASURED IN LB",TOTAL,NOT SPECIFIED,STATE,51,51,VA,VIRGINIA,,,,,,,,00000000,,,9000,UNITED STATES,VIRGINIA,2024,MONTHLY,11,11,NOV,,2026-02-20 15:00:00.000,"112,000,000",
SURVEY,ANIMALS & PRODUCTS,DAIRY,MILK,ALL CLASSES,ALL PRODUCTION PRACTICES,ALL UTILIZATION PRACTICES,PRODUCTION,LB,"MILK - PRODUCTION, MEASURED IN LB",TOTAL,NOT SPECIFIED,STATE,51,51,VA,VIRGINIA,,,,,,,,00000000,,,9000,UNITED STATES,VIRGINIA,2024,MONTHLY,12,12,DEC,,2026-02-20 15:00:00.000,"117,000,000",
SURVEY,ANIMALS & PRODUCTS,DAIRY,MILK,ALL CLASSES,ALL PRODUCTION PRACTICES,ALL UTILIZATION PRACTICES,PRODUCTION,LB,"MILK - PRODUCTION, MEASURED IN LB",TOTAL,NOT SPECIFIED,STATE,53,53,WA,WASHINGTON,,,,,,,,00000000,,,9000,UNITED STATES,WASHINGTON,2024,MONTHLY,01,01,JAN,,2026-02-20 15:00:00.000,"523,000,000",
SURVEY,ANIMALS & PRODUCTS,DAIRY,MILK,ALL CLASSES,ALL PRODUCTION PRACTICES,ALL UTILIZATION PRACTICES,PRODUCTION,LB,"MILK - PRODUCTION, MEASURED IN LB",TOTAL,NOT SPECIFIED,STATE,53,53,WA,WASHINGTON,,,,,,,,00000000,,,9000,UNITED STATES,WASHINGTON,2024,MONTHLY,01,03,JAN THRU MAR,,2026-02-20 15:00:00.000,"1,562,000,000",
SURVEY,ANIMALS & PRODUCTS,DAIRY,MILK,ALL CLASSES,ALL PRODUCTION PRACTICES,ALL UTILIZATION PRACTICES,PRODUCTION,LB,"MILK - PRODUCTION, MEASURED IN LB",TOTAL,NOT SPECIFIED,STATE,53,53,WA,WASHINGTON,,,,,,,,00000000,,,9000,UNITED STATES,WASHINGTON,2024,MONTHLY,02,02,FEB,,2026-02-20 15:00:00.000,"498,000,000",
SURVEY,ANIMALS & PRODUCTS,DAIRY,MILK,ALL CLASSES,ALL PRODUCTION PRACTICES,ALL UTILIZATION PRACTICES,PRODUCTION,LB,"MILK - PRODUCTION, MEASURED IN LB",TOTAL,NOT SPECIFIED,STATE,53,53,WA,WASHINGTON,,,,,,,,00000000,,,9000,UNITED STATES,WASHINGTON,2024,MONTHLY,03,03,MAR,,2026-02-20 15:00:00.000,"541,000,000",
SURVEY,ANIMALS & PRODUCTS,DAIRY,MILK,ALL CLASSES,ALL PRODUCTION PRACTICES,ALL UTILIZATION PRACTICES,PRODUCTION,LB,"MILK - PRODUCTION, MEASURED IN LB",TOTAL,NOT SPECIFIED,STATE,53,53,WA,WASHINGTON,,,,,,,,00000000,,,9000,UNITED STATES,WASHINGTON,2024,MONTHLY,04,04,APR,,2026-02-20 15:00:00.000,"532,000,000",
SURVEY,ANIMALS & PRODUCTS,DAIRY,MILK,ALL CLASSES,ALL PRODUCTION PRACTICES,ALL UTILIZATION PRACTICES,PRODUCTION,LB,"MILK - PRODUCTION, MEASURED IN LB",TOTAL,NOT SPECIFIED,STATE,53,53,WA,WASHINGTON,,,,,,,,00000000,,,9000,UNITED STATES,WASHINGTON,2024,MONTHLY,04,06,APR THRU JUN,,2026-02-20 15:00:00.000,"1,604,000,000",
SURVEY,ANIMALS & PRODUCTS,DAIRY,MILK,ALL CLASSES,ALL PRODUCTION PRACTICES,ALL UTILIZATION PRACTICES,PRODUCTION,LB,"MILK - PRODUCTION, MEASURED IN LB",TOTAL,NOT SPECIFIED,STATE,53,53,WA,WASHINGTON,,,,,,,,00000000,,,9000,UNITED STATES,WASHINGTON,2024,MONTHLY,05,05,MAY,,2026-02-20 15:00:00.000,"547,000,000",
SURVEY,ANIMALS & PRODUCTS,DAIRY,MILK,ALL CLASSES,ALL PRODUCTION PRACTICES,ALL UTILIZATION PRACTICES,PRODUCTION,LB,"MILK - PRODUCTION, MEASURED IN LB",TOTAL,NOT SPECIFIED,STATE,53,53,WA,WASHINGTON,,,,,,,,00000000,,,9000,UNITED STATES,WASHINGTON,2024,MONTHLY,06,06,JUN,,2026-02-20 15:00:00.000,"525,000,000",
SURVEY,ANIMALS & PRODUCTS,DAIRY,MILK,ALL CLASSES,ALL PRODUCTION PRACTICES,ALL UTILIZATION PRACTICES,PRODUCTION,LB,"MILK - PRODUCTION, MEASURED IN LB",TOTAL,NOT SPECIFIED,STATE,53,53,WA,WASHINGTON,,,,,,,,00000000,,,9000,UNITED STATES,WASHINGTON,2024,MONTHLY,07,07,JUL,,2026-02-20 15:00:00.000,"532,000,000",
SURVEY,ANIMALS & PRODUCTS,DAIRY,MILK,ALL CLASSES,ALL PRODUCTION PRACTICES,ALL UTILIZATION PRACTICES,PRODUCTION,LB,"MILK - PRODUCTION, MEASURED IN LB",TOTAL,NOT SPECIFIED,STATE,53,53,WA,WASHINGTON,,,,,,,,00000000,,,9000,UNITED STATES,WASHINGTON,2024,MONTHLY,07,09,JUL THRU SEP,,2026-02-20 15:00:00.000,"1,583,000,000",
SURVEY,ANIMALS & PRODUCTS,DAIRY,MILK,ALL CLASSES,ALL PRODUCTION PRACTICES,ALL UTILIZATION PRACTICES,PRODUCTION,LB,"MILK - PRODUCTION, MEASURED IN LB",TOTAL,NOT SPECIFIED,STATE,53,53,WA,WASHINGTON,,,,,,,,00000000,,,9000,UNITED STATES,WASHINGTON,2024,MONTHLY,08,08,AUG,,2026-02-20 15:00:00.000,"536,000,000",
SURVEY,ANIMALS & PRODUCTS,DAIRY,MILK,ALL CLASSES,ALL PRODUCTION PRACTICES,ALL UTILIZATION PRACTICES,PRODUCTION,LB,"MILK - PRODUCTION, MEASURED IN LB",TOTAL,NOT SPECIFIED,STATE,53,53,WA,WASHINGTON,,,,,,,,00000000,,,9000,UNITED STATES,WASHINGTON,2024,MONTHLY,09,09,SEP,,2026-02-20 15:00:00.000,"515,000,000",
SURVEY,ANIMALS & PRODUCTS,DAIRY,MILK,ALL CLASSES,ALL PRODUCTION PRACTICES,ALL UTILIZATION PRACTICES,PRODUCTION,LB,"MILK - PRODUCTION, MEASURED IN LB",TOTAL,NOT SPECIFIED,STATE,53,53,WA,WASHINGTON,,,,,,,,00000000,,,9000,UNITED STATES,WASHINGTON,2024,MONTHLY,10,10,OCT,,2026-02-20 15:00:00.000,"518,000,000",
SURVEY,ANIMALS & PRODUCTS,DAIRY,MILK,ALL CLASSES,ALL PRODUCTION PRACTICES,ALL UTILIZATION PRACTICES,PRODUCTION,LB,"MILK - PRODUCTION, MEASURED IN LB",TOTAL,NOT SPECIFIED,STATE,53,53,WA,WASHINGTON,,,,,,,,00000000,,,9000,UNITED STATES,WASHINGTON,2024,MONTHLY,10,12,OCT THRU DEC,,2026-02-20 15:00:00.000,"1,504,000,000",
SURVEY,ANIMALS & PRODUCTS,DAIRY,MILK,ALL CLASSES,ALL PRODUCTION PRACTICES,ALL UTILIZATION PRACTICES,PRODUCTION,LB,"MILK - PRODUCTION, MEASURED IN LB",TOTAL,NOT SPECIFIED,STATE,53,53,WA,WASHINGTON,,,,,,,,00000000,,,9000,UNITED STATES,WASHINGTON,2024,MONTHLY,11,11,NOV,,2026-02-20 15:00:00.000,"486,000,000",
SURVEY,ANIMALS & PRODUCTS,DAIRY,MILK,ALL CLASSES,ALL PRODUCTION PRACTICES,ALL UTILIZATION PRACTICES,PRODUCTION,LB,"MILK - PRODUCTION, MEASURED IN LB",TOTAL,NOT SPECIFIED,STATE,53,53,WA,WASHINGTON,,,,,,,,00000000,,,9000,UNITED STATES,WASHINGTON,2024,MONTHLY,12,12,DEC,,2026-02-20 15:00:00.000,"500,000,000",
SURVEY,ANIMALS & PRODUCTS,DAIRY,MILK,ALL CLASSES,ALL PRODUCTION PRACTICES,ALL UTILIZATION PRACTICES,PRODUCTION,LB,"MILK - PRODUCTION, MEASURED IN LB",TOTAL,NOT SPECIFIED,STATE,54,54,WV,WEST VIRGINIA,,,,,,,,00000000,,,9000,UNITED STATES,WEST VIRGINIA,2024,MONTHLY,01,03,JAN THRU MAR,,2026-02-20 15:00:00.000,"15,000,000",
SURVEY,ANIMALS & PRODUCTS,DAIRY,MILK,ALL CLASSES,ALL PRODUCTION PRACTICES,ALL UTILIZATION PRACTICES,PRODUCTION,LB,"MILK - PRODUCTION, MEASURED IN LB",TOTAL,NOT SPECIFIED,STATE,54,54,WV,WEST VIRGINIA,,,,,,,,00000000,,,9000,UNITED STATES,WEST VIRGINIA,2024,MONTHLY,04,06,APR THRU JUN,,2026-02-20 15:00:00.000,"15,000,000",
SURVEY,ANIMALS & PRODUCTS,DAIRY,MILK,ALL CLASSES,ALL PRODUCTION PRACTICES,ALL UTILIZATION PRACTICES,PRODUCTION,LB,"MILK - PRODUCTION, MEASURED IN LB",TOTAL,NOT SPECIFIED,STATE,54,54,WV,WEST VIRGINIA,,,,,,,,00000000,,,9000,UNITED STATES,WEST VIRGINIA,2024,MONTHLY,07,09,JUL THRU SEP,,2026-02-20 15:00:00.000,"14,500,000",
SURVEY,ANIMALS & PRODUCTS,DAIRY,MILK,ALL CLASSES,ALL PRODUCTION PRACTICES,ALL UTILIZATION PRACTICES,PRODUCTION,LB,"MILK - PRODUCTION, MEASURED IN LB",TOTAL,NOT SPECIFIED,STATE,54,54,WV,WEST VIRGINIA,,,,,,,,00000000,,,9000,UNITED STATES,WEST VIRGINIA,2024,MONTHLY,10,12,OCT THRU DEC,,2026-02-20 15:00:00.000,"14,500,000",
SURVEY,ANIMALS & PRODUCTS,DAIRY,MILK,ALL CLASSES,ALL PRODUCTION PRACTICES,ALL UTILIZATION PRACTICES,PRODUCTION,LB,"MILK - PRODUCTION, MEASURED IN LB",TOTAL,NOT SPECIFIED,STATE,55,55,WI,WISCONSIN,,,,,,,,00000000,,,9000,UNITED STATES,WISCONSIN,2024,MONTHLY,01,01,JAN,,2026-02-20 15:00:00.000,"2,711,000,000",
SURVEY,ANIMALS & PRODUCTS,DAIRY,MILK,ALL CLASSES,ALL PRODUCTION PRACTICES,ALL UTILIZATION PRACTICES,PRODUCTION,LB,"MILK - PRODUCTION, MEASURED IN LB",TOTAL,NOT SPECIFIED,STATE,55,55,WI,WISCONSIN,,,,,,,,00000000,,,9000,UNITED STATES,WISCONSIN,2024,MONTHLY,01,03,JAN THRU MAR,,2026-02-20 15:00:00.000,"8,058,000,000",
SURVEY,ANIMALS & PRODUCTS,DAIRY,MILK,ALL CLASSES,ALL PRODUCTION PRACTICES,ALL UTILIZATION PRACTICES,PRODUCTION,LB,"MILK - PRODUCTION, MEASURED IN LB",TOTAL,NOT SPECIFIED,STATE,55,55,WI,WISCONSIN,,,,,,,,00000000,,,9000,UNITED STATES,WISCONSIN,2024,MONTHLY,02,02,FEB,,2026-02-20 15:00:00.000,"2,572,000,000",
SURVEY,ANIMALS & PRODUCTS,DAIRY,MILK,ALL CLASSES,ALL PRODUCTION PRACTICES,ALL UTILIZATION PRACTICES,PRODUCTION,LB,"MILK - PRODUCTION, MEASURED IN LB",TOTAL,NOT SPECIFIED,STATE,55,55,WI,WISCONSIN,,,,,,,,00000000,,,9000,UNITED STATES,WISCONSIN,2024,MONTHLY,03,03,MAR,,2026-02-20 15:00:00.000,"2,775,000,000",
SURVEY,ANIMALS & PRODUCTS,DAIRY,MILK,ALL CLASSES,ALL PRODUCTION PRACTICES,ALL UTILIZATION PRACTICES,PRODUCTION,LB,"MILK - PRODUCTION, MEASURED IN LB",TOTAL,NOT SPECIFIED,STATE,55,55,WI,WISCONSIN,,,,,,,,00000000,,,9000,UNITED STATES,WISCONSIN,2024,MONTHLY,04,04,APR,,2026-02-20 15:00:00.000,"2,709,000,000",
SURVEY,ANIMALS & PRODUCTS,DAIRY,MILK,ALL CLASSES,ALL PRODUCTION PRACTICES,ALL UTILIZATION PRACTICES,PRODUCTION,LB,"MILK - PRODUCTION, MEASURED IN LB",TOTAL,NOT SPECIFIED,STATE,55,55,WI,WISCONSIN,,,,,,,,00000000,,,9000,UNITED STATES,WISCONSIN,2024,MONTHLY,04,06,APR THRU JUN,,2026-02-20 15:00:00.000,"8,225,000,000",
SURVEY,ANIMALS & PRODUCTS,DAIRY,MILK,ALL CLASSES,ALL PRODUCTION PRACTICES,ALL UTILIZATION PRACTICES,PRODUCTION,LB,"MILK - PRODUCTION, MEASURED IN LB",TOTAL,NOT SPECIFIED,STATE,55,55,WI,WISCONSIN,,,,,,,,00000000,,,9000,UNITED STATES,WISCONSIN,2024,MONTHLY,05,05,MAY,,2026-02-20 15:00:00.000,"2,824,000,000",
SURVEY,ANIMALS & PRODUCTS,DAIRY,MILK,ALL CLASSES,ALL PRODUCTION PRACTICES,ALL UTILIZATION PRACTICES,PRODUCTION,LB,"MILK - PRODUCTION, MEASURED IN LB",TOTAL,NOT SPECIFIED,STATE,55,55,WI,WISCONSIN,,,,,,,,00000000,,,9000,UNITED STATES,WISCONSIN,2024,MONTHLY,06,06,JUN,,2026-02-20 15:00:00.000,"2,692,000,000",
SURVEY,ANIMALS & PRODUCTS,DAIRY,MILK,ALL CLASSES,ALL PRODUCTION PRACTICES,ALL UTILIZATION PRACTICES,PRODUCTION,LB,"MILK - PRODUCTION, MEASURED IN LB",TOTAL,NOT SPECIFIED,STATE,55,55,WI,WISCONSIN,,,,,,,,00000000,,,9000,UNITED STATES,WISCONSIN,2024,MONTHLY,07,07,JUL,,2026-02-20 15:00:00.000,"2,752,000,000",
SURVEY,ANIMALS & PRODUCTS,DAIRY,MILK,ALL CLASSES,ALL PRODUCTION PRACTICES,ALL UTILIZATION PRACTICES,PRODUCTION,LB,"MILK - PRODUCTION, MEASURED IN LB",TOTAL,NOT SPECIFIED,STATE,55,55,WI,WISCONSIN,,,,,,,,00000000,,,9000,UNITED STATES,WISCONSIN,2024,MONTHLY,07,09,JUL THRU SEP,,2026-02-20 15:00:00.000,"8,088,000,000",
SURVEY,ANIMALS & PRODUCTS,DAIRY,MILK,ALL CLASSES,ALL PRODUCTION PRACTICES,ALL UTILIZATION PRACTICES,PRODUCTION,LB,"MILK - PRODUCTION, MEASURED IN LB",TOTAL,NOT SPECIFIED,STATE,55,55,WI,WISCONSIN,,,,,,,,00000000,,,9000,UNITED STATES,WISCONSIN,2024,MONTHLY,08,08,AUG,,2026-02-20 15:00:00.000,"2,709,000,000",
SURVEY,ANIMALS & PRODUCTS,DAIRY,MILK,ALL CLASSES,ALL PRODUCTION PRACTICES,ALL UTILIZATION PRACTICES,PRODUCTION,LB,"MILK - PRODUCTION, MEASURED IN LB",TOTAL,NOT SPECIFIED,STATE,55,55,WI,WISCONSIN,,,,,,,,00000000,,,9000,UNITED STATES,WISCONSIN,2024,MONTHLY,09,09,SEP,,2026-02-20 15:00:00.000,"2,627,000,000",
SURVEY,ANIMALS & PRODUCTS,DAIRY,MILK,ALL CLASSES,ALL PRODUCTION PRACTICES,ALL UTILIZATION PRACTICES,PRODUCTION,LB,"MILK - PRODUCTION, MEASURED IN LB",TOTAL,NOT SPECIFIED,STATE,55,55,WI,WISCONSIN,,,,,,,,00000000,,,9000,UNITED STATES,WISCONSIN,2024,MONTHLY,10,10,OCT,,2026-02-20 15:00:00.000,"2,697,000,000",
SURVEY,ANIMALS & PRODUCTS,DAIRY,MILK,ALL CLASSES,ALL PRODUCTION PRACTICES,ALL UTILIZATION PRACTICES,PRODUCTION,LB,"MILK - PRODUCTION, MEASURED IN LB",TOTAL,NOT SPECIFIED,STATE,55,55,WI,WISCONSIN,,,,,,,,00000000,,,9000,UNITED STATES,WISCONSIN,2024,MONTHLY,10,12,OCT THRU DEC,,2026-02-20 15:00:00.000,"7,961,000,000",
SURVEY,ANIMALS & PRODUCTS,DAIRY,MILK,ALL CLASSES,ALL PRODUCTION PRACTICES,ALL UTILIZATION PRACTICES,PRODUCTION,LB,"MILK - PRODUCTION, MEASURED IN LB",TOTAL,NOT SPECIFIED,STATE,55,55,WI,WISCONSIN,,,,,,,,00000000,,,9000,UNITED STATES,WISCONSIN,2024,MONTHLY,11,11,NOV,,2026-02-20 15:00:00.000,"2,595,000,000",
SURVEY,ANIMALS & PRODUCTS,DAIRY,MILK,ALL CLASSES,ALL PRODUCTION PRACTICES,ALL UTILIZATION PRACTICES,PRODUCTION,LB,"MILK - PRODUCTION, MEASURED IN LB",TOTAL,NOT SPECIFIED,STATE,55,55,WI,WISCONSIN,,,,,,,,00000000,,,9000,UNITED STATES,WISCONSIN,2024,MONTHLY,12,12,DEC,,2026-02-20 15:00:00.000,"2,669,000,000",
SURVEY,ANIMALS & PRODUCTS,DAIRY,MILK,ALL CLASSES,ALL PRODUCTION PRACTICES,ALL UTILIZATION PRACTICES,PRODUCTION,LB,"MILK - PRODUCTION, MEASURED IN LB",TOTAL,NOT SPECIFIED,STATE,56,56,WY,WYOMING,,,,,,,,00000000,,,9000,UNITED STATES,WYOMING,2024,MONTHLY,01,03,JAN THRU MAR,,2026-02-20 15:00:00.000,"62,000,000",
SURVEY,ANIMALS & PRODUCTS,DAIRY,MILK,ALL CLASSES,ALL PRODUCTION PRACTICES,ALL UTILIZATION PRACTICES,PRODUCTION,LB,"MILK - PRODUCTION, MEASURED IN LB",TOTAL,NOT SPECIFIED,STATE,56,56,WY,WYOMING,,,,,,,,00000000,,,9000,UNITED STATES,WYOMING,2024,MONTHLY,04,06,APR THRU JUN,,2026-02-20 15:00:00.000,"59,400,000",
SURVEY,ANIMALS & PRODUCTS,DAIRY,MILK,ALL CLASSES,ALL PRODUCTION PRACTICES,ALL UTILIZATION PRACTICES,PRODUCTION,LB,"MILK - PRODUCTION, MEASURED IN LB",TOTAL,NOT SPECIFIED,STATE,56,56,WY,WYOMING,,,,,,,,00000000,,,9000,UNITED STATES,WYOMING,2024,MONTHLY,07,09,JUL THRU SEP,,2026-02-20 15:00:00.000,"63,900,000",
SURVEY,ANIMALS & PRODUCTS,DAIRY,MILK,ALL CLASSES,ALL PRODUCTION PRACTICES,ALL UTILIZATION PRACTICES,PRODUCTION,LB,"MILK - PRODUCTION, MEASURED IN LB",TOTAL,NOT SPECIFIED,STATE,56,56,WY,WYOMING,,,,,,,,00000000,,,9000,UNITED STATES,WYOMING,2024,MONTHLY,10,12,OCT THRU DEC,,2026-02-20 15:00:00.000,"62,900,000",
SURVEY,ANIMALS & PRODUCTS,DAIRY,MILK,ALL CLASSES,ALL PRODUCTION PRACTICES,ALL UTILIZATION PRACTICES,PRODUCTION,LB / HEAD,"MILK - PRODUCTION, MEASURED IN LB / HEAD",TOTAL,NOT SPECIFIED,STATE,04,04,AZ,ARIZONA,,,,,,,,00000000,,,9000,UNITED STATES,ARIZONA,2024,MONTHLY,01,01,JAN,,2026-02-20 15:00:00.000,"2,125",
SURVEY,ANIMALS & PRODUCTS,DAIRY,MILK,ALL CLASSES,ALL PRODUCTION PRACTICES,ALL UTILIZATION PRACTICES,PRODUCTION,LB / HEAD,"MILK - PRODUCTION, MEASURED IN LB / HEAD",TOTAL,NOT SPECIFIED,STATE,04,04,AZ,ARIZONA,,,,,,,,00000000,,,9000,UNITED STATES,ARIZONA,2024,MONTHLY,02,02,FEB,,2026-02-20 15:00:00.000,"2,070",
SURVEY,ANIMALS & PRODUCTS,DAIRY,MILK,ALL CLASSES,ALL PRODUCTION PRACTICES,ALL UTILIZATION PRACTICES,PRODUCTION,LB / HEAD,"MILK - PRODUCTION, MEASURED IN LB / HEAD",TOTAL,NOT SPECIFIED,STATE,04,04,AZ,ARIZONA,,,,,,,,00000000,,,9000,UNITED STATES,ARIZONA,2024,MONTHLY,03,03,MAR,,2026-02-20 15:00:00.000,"2,280",
SURVEY,ANIMALS & PRODUCTS,DAIRY,MILK,ALL CLASSES,ALL PRODUCTION PRACTICES,ALL UTILIZATION PRACTICES,PRODUCTION,LB / HEAD,"MILK - PRODUCTION, MEASURED IN LB / HEAD",TOTAL,NOT SPECIFIED,STATE,04,04,AZ,ARIZONA,,,,,,,,00000000,,,9000,UNITED STATES,ARIZONA,2024,MONTHLY,04,04,APR,,2026-02-20 15:00:00.000,"2,180",
SURVEY,ANIMALS & PRODUCTS,DAIRY,MILK,ALL CLASSES,ALL PRODUCTION PRACTICES,ALL UTILIZATION PRACTICES,PRODUCTION,LB / HEAD,"MILK - PRODUCTION, MEASURED IN LB / HEAD",TOTAL,NOT SPECIFIED,STATE,04,04,AZ,ARIZONA,,,,,,,,00000000,,,9000,UNITED STATES,ARIZONA,2024,MONTHLY,05,05,MAY,,2026-02-20 15:00:00.000,"2,185",
SURVEY,ANIMALS & PRODUCTS,DAIRY,MILK,ALL CLASSES,ALL PRODUCTION PRACTICES,ALL UTILIZATION PRACTICES,PRODUCTION,LB / HEAD,"MILK - PRODUCTION, MEASURED IN LB / HEAD",TOTAL,NOT SPECIFIED,STATE,04,04,AZ,ARIZONA,,,,,,,,00000000,,,9000,UNITED STATES,ARIZONA,2024,MONTHLY,06,06,JUN,,2026-02-20 15:00:00.000,"2,015",
SURVEY,ANIMALS & PRODUCTS,DAIRY,MILK,ALL CLASSES,ALL PRODUCTION PRACTICES,ALL UTILIZATION PRACTICES,PRODUCTION,LB / HEAD,"MILK - PRODUCTION, MEASURED IN LB / HEAD",TOTAL,NOT SPECIFIED,STATE,04,04,AZ,ARIZONA,,,,,,,,00000000,,,9000,UNITED STATES,ARIZONA,2024,MONTHLY,07,07,JUL,,2026-02-20 15:00:00.000,"1,905",
SURVEY,ANIMALS & PRODUCTS,DAIRY,MILK,ALL CLASSES,ALL PRODUCTION PRACTICES,ALL UTILIZATION PRACTICES,PRODUCTION,LB / HEAD,"MILK - PRODUCTION, MEASURED IN LB / HEAD",TOTAL,NOT SPECIFIED,STATE,04,04,AZ,ARIZONA,,,,,,,,00000000,,,9000,UNITED STATES,ARIZONA,2024,MONTHLY,08,08,AUG,,2026-02-20 15:00:00.000,"1,860",
SURVEY,ANIMALS & PRODUCTS,DAIRY,MILK,ALL CLASSES,ALL PRODUCTION PRACTICES,ALL UTILIZATION PRACTICES,PRODUCTION,LB / HEAD,"MILK - PRODUCTION, MEASURED IN LB / HEAD",TOTAL,NOT SPECIFIED,STATE,04,04,AZ,ARIZONA,,,,,,,,00000000,,,9000,UNITED STATES,ARIZONA,2024,MONTHLY,09,09,SEP,,2026-02-20 15:00:00.000,"1,850",
SURVEY,ANIMALS & PRODUCTS,DAIRY,MILK,ALL CLASSES,ALL PRODUCTION PRACTICES,ALL UTILIZATION PRACTICES,PRODUCTION,LB / HEAD,"MILK - PRODUCTION, MEASURED IN LB / HEAD",TOTAL,NOT SPECIFIED,STATE,04,04,AZ,ARIZONA,,,,,,,,00000000,,,9000,UNITED STATES,ARIZONA,2024,MONTHLY,10,10,OCT,,2026-02-20 15:00:00.000,"1,960",
SURVEY,ANIMALS & PRODUCTS,DAIRY,MILK,ALL CLASSES,ALL PRODUCTION PRACTICES,ALL UTILIZATION PRACTICES,PRODUCTION,LB / HEAD,"MILK - PRODUCTION, MEASURED IN LB / HEAD",TOTAL,NOT SPECIFIED,STATE,04,04,AZ,ARIZONA,,,,,,,,00000000,,,9000,UNITED STATES,ARIZONA,2024,MONTHLY,11,11,NOV,,2026-02-20 15:00:00.000,"1,955",
SURVEY,ANIMALS & PRODUCTS,DAIRY,MILK,ALL CLASSES,ALL PRODUCTION PRACTICES,ALL UTILIZATION PRACTICES,PRODUCTION,LB / HEAD,"MILK - PRODUCTION, MEASURED IN LB / HEAD",TOTAL,NOT SPECIFIED,STATE,04,04,AZ,ARIZONA,,,,,,,,00000000,,,9000,UNITED STATES,ARIZONA,2024,MONTHLY,12,12,DEC,,2026-02-20 15:00:00.000,"2,095",
SURVEY,ANIMALS & PRODUCTS,DAIRY,MILK,ALL CLASSES,ALL PRODUCTION PRACTICES,ALL UTILIZATION PRACTICES,PRODUCTION,LB / HEAD,"MILK - PRODUCTION, MEASURED IN LB / HEAD",TOTAL,NOT SPECIFIED,STATE,06,06,CA,CALIFORNIA,,,,,,,,00000000,,,9000,UNITED STATES,CALIFORNIA,2024,MONTHLY,01,01,JAN,,2026-02-20 15:00:00.000,"2,070",
SURVEY,ANIMALS & PRODUCTS,DAIRY,MILK,ALL CLASSES,ALL PRODUCTION PRACTICES,ALL UTILIZATION PRACTICES,PRODUCTION,LB / HEAD,"MILK - PRODUCTION, MEASURED IN LB / HEAD",TOTAL,NOT SPECIFIED,STATE,06,06,CA,CALIFORNIA,,,,,,,,00000000,,,9000,UNITED STATES,CALIFORNIA,2024,MONTHLY,02,02,FEB,,2026-02-20 15:00:00.000,"1,970",
SURVEY,ANIMALS & PRODUCTS,DAIRY,MILK,ALL CLASSES,ALL PRODUCTION PRACTICES,ALL UTILIZATION PRACTICES,PRODUCTION,LB / HEAD,"MILK - PRODUCTION, MEASURED IN LB / HEAD",TOTAL,NOT SPECIFIED,STATE,06,06,CA,CALIFORNIA,,,,,,,,00000000,,,9000,UNITED STATES,CALIFORNIA,2024,MONTHLY,03,03,MAR,,2026-02-20 15:00:00.000,"2,140",
SURVEY,ANIMALS & PRODUCTS,DAIRY,MILK,ALL CLASSES,ALL PRODUCTION PRACTICES,ALL UTILIZATION PRACTICES,PRODUCTION,LB / HEAD,"MILK - PRODUCTION, MEASURED IN LB / HEAD",TOTAL,NOT SPECIFIED,STATE,06,06,CA,CALIFORNIA,,,,,,,,00000000,,,9000,UNITED STATES,CALIFORNIA,2024,MONTHLY,04,04,APR,,2026-02-20 15:00:00.000,"2,065",
SURVEY,ANIMALS & PRODUCTS,DAIRY,MILK,ALL CLASSES,ALL PRODUCTION PRACTICES,ALL UTILIZATION PRACTICES,PRODUCTION,LB / HEAD,"MILK - PRODUCTION, MEASURED IN LB / HEAD",TOTAL,NOT SPECIFIED,STATE,06,06,CA,CALIFORNIA,,,,,,,,00000000,,,9000,UNITED STATES,CALIFORNIA,2024,MONTHLY,05,05,MAY,,2026-02-20 15:00:00.000,"2,095",
SURVEY,ANIMALS & PRODUCTS,DAIRY,MILK,ALL CLASSES,ALL PRODUCTION PRACTICES,ALL UTILIZATION PRACTICES,PRODUCTION,LB / HEAD,"MILK - PRODUCTION, MEASURED IN LB / HEAD",TOTAL,NOT SPECIFIED,STATE,06,06,CA,CALIFORNIA,,,,,,,,00000000,,,9000,UNITED STATES,CALIFORNIA,2024,MONTHLY,06,06,JUN,,2026-02-20 15:00:00.000,"1,960",
SURVEY,ANIMALS & PRODUCTS,DAIRY,MILK,ALL CLASSES,ALL PRODUCTION PRACTICES,ALL UTILIZATION PRACTICES,PRODUCTION,LB / HEAD,"MILK - PRODUCTION, MEASURED IN LB / HEAD",TOTAL,NOT SPECIFIED,STATE,06,06,CA,CALIFORNIA,,,,,,,,00000000,,,9000,UNITED STATES,CALIFORNIA,2024,MONTHLY,07,07,JUL,,2026-02-20 15:00:00.000,"1,940",
SURVEY,ANIMALS & PRODUCTS,DAIRY,MILK,ALL CLASSES,ALL PRODUCTION PRACTICES,ALL UTILIZATION PRACTICES,PRODUCTION,LB / HEAD,"MILK - PRODUCTION, MEASURED IN LB / HEAD",TOTAL,NOT SPECIFIED,STATE,06,06,CA,CALIFORNIA,,,,,,,,00000000,,,9000,UNITED STATES,CALIFORNIA,2024,MONTHLY,08,08,AUG,,2026-02-20 15:00:00.000,"1,980",
SURVEY,ANIMALS & PRODUCTS,DAIRY,MILK,ALL CLASSES,ALL PRODUCTION PRACTICES,ALL UTILIZATION PRACTICES,PRODUCTION,LB / HEAD,"MILK - PRODUCTION, MEASURED IN LB / HEAD",TOTAL,NOT SPECIFIED,STATE,06,06,CA,CALIFORNIA,,,,,,,,00000000,,,9000,UNITED STATES,CALIFORNIA,2024,MONTHLY,09,09,SEP,,2026-02-20 15:00:00.000,"1,880",
SURVEY,ANIMALS & PRODUCTS,DAIRY,MILK,ALL CLASSES,ALL PRODUCTION PRACTICES,ALL UTILIZATION PRACTICES,PRODUCTION,LB / HEAD,"MILK - PRODUCTION, MEASURED IN LB / HEAD",TOTAL,NOT SPECIFIED,STATE,06,06,CA,CALIFORNIA,,,,,,,,00000000,,,9000,UNITED STATES,CALIFORNIA,2024,MONTHLY,10,10,OCT,,2026-02-20 15:00:00.000,"1,870",
SURVEY,ANIMALS & PRODUCTS,DAIRY,MILK,ALL CLASSES,ALL PRODUCTION PRACTICES,ALL UTILIZATION PRACTICES,PRODUCTION,LB / HEAD,"MILK - PRODUCTION, MEASURED IN LB / HEAD",TOTAL,NOT SPECIFIED,STATE,06,06,CA,CALIFORNIA,,,,,,,,00000000,,,9000,UNITED STATES,CALIFORNIA,2024,MONTHLY,11,11,NOV,,2026-02-20 15:00:00.000,"1,755",
SURVEY,ANIMALS & PRODUCTS,DAIRY,MILK,ALL CLASSES,ALL PRODUCTION PRACTICES,ALL UTILIZATION PRACTICES,PRODUCTION,LB / HEAD,"MILK - PRODUCTION, MEASURED IN LB / HEAD",TOTAL,NOT SPECIFIED,STATE,06,06,CA,CALIFORNIA,,,,,,,,00000000,,,9000,UNITED STATES,CALIFORNIA,2024,MONTHLY,12,12,DEC,,2026-02-20 15:00:00.000,"1,860",
SURVEY,ANIMALS & PRODUCTS,DAIRY,MILK,ALL CLASSES,ALL PRODUCTION PRACTICES,ALL UTILIZATION PRACTICES,PRODUCTION,LB / HEAD,"MILK - PRODUCTION, MEASURED IN LB / HEAD",TOTAL,NOT SPECIFIED,STATE,08,08,CO,COLORADO,,,,,,,,00000000,,,9000,UNITED STATES,COLORADO,2024,MONTHLY,01,01,JAN,,2026-02-20 15:00:00.000,"2,205",
SURVEY,ANIMALS & PRODUCTS,DAIRY,MILK,ALL CLASSES,ALL PRODUCTION PRACTICES,ALL UTILIZATION PRACTICES,PRODUCTION,LB / HEAD,"MILK - PRODUCTION, MEASURED IN LB / HEAD",TOTAL,NOT SPECIFIED,STATE,08,08,CO,COLORADO,,,,,,,,00000000,,,9000,UNITED STATES,COLORADO,2024,MONTHLY,02,02,FEB,,2026-02-20 15:00:00.000,"2,070",
SURVEY,ANIMALS & PRODUCTS,DAIRY,MILK,ALL CLASSES,ALL PRODUCTION PRACTICES,ALL UTILIZATION PRACTICES,PRODUCTION,LB / HEAD,"MILK - PRODUCTION, MEASURED IN LB / HEAD",TOTAL,NOT SPECIFIED,STATE,08,08,CO,COLORADO,,,,,,,,00000000,,,9000,UNITED STATES,COLORADO,2024,MONTHLY,03,03,MAR,,2026-02-20 15:00:00.000,"2,235",
SURVEY,ANIMALS & PRODUCTS,DAIRY,MILK,ALL CLASSES,ALL PRODUCTION PRACTICES,ALL UTILIZATION PRACTICES,PRODUCTION,LB / HEAD,"MILK - PRODUCTION, MEASURED IN LB / HEAD",TOTAL,NOT SPECIFIED,STATE,08,08,CO,COLORADO,,,,,,,,00000000,,,9000,UNITED STATES,COLORADO,2024,MONTHLY,04,04,APR,,2026-02-20 15:00:00.000,"2,170",
SURVEY,ANIMALS & PRODUCTS,DAIRY,MILK,ALL CLASSES,ALL PRODUCTION PRACTICES,ALL UTILIZATION PRACTICES,PRODUCTION,LB / HEAD,"MILK - PRODUCTION, MEASURED IN LB / HEAD",TOTAL,NOT SPECIFIED,STATE,08,08,CO,COLORADO,,,,,,,,00000000,,,9000,UNITED STATES,COLORADO,2024,MONTHLY,05,05,MAY,,2026-02-20 15:00:00.000,"2,230",
SURVEY,ANIMALS & PRODUCTS,DAIRY,MILK,ALL CLASSES,ALL PRODUCTION PRACTICES,ALL UTILIZATION PRACTICES,PRODUCTION,LB / HEAD,"MILK - PRODUCTION, MEASURED IN LB / HEAD",TOTAL,NOT SPECIFIED,STATE,08,08,CO,COLORADO,,,,,,,,00000000,,,9000,UNITED STATES,COLORADO,2024,MONTHLY,06,06,JUN,,2026-02-20 15:00:00.000,"2,090",
SURVEY,ANIMALS & PRODUCTS,DAIRY,MILK,ALL CLASSES,ALL PRODUCTION PRACTICES,ALL UTILIZATION PRACTICES,PRODUCTION,LB / HEAD,"MILK - PRODUCTION, MEASURED IN LB / HEAD",TOTAL,NOT SPECIFIED,STATE,08,08,CO,COLORADO,,,,,,,,00000000,,,9000,UNITED STATES,COLORADO,2024,MONTHLY,07,07,JUL,,2026-02-20 15:00:00.000,"2,155",
SURVEY,ANIMALS & PRODUCTS,DAIRY,MILK,ALL CLASSES,ALL PRODUCTION PRACTICES,ALL UTILIZATION PRACTICES,PRODUCTION,LB / HEAD,"MILK - PRODUCTION, MEASURED IN LB / HEAD",TOTAL,NOT SPECIFIED,STATE,08,08,CO,COLORADO,,,,,,,,00000000,,,9000,UNITED STATES,COLORADO,2024,MONTHLY,08,08,AUG,,2026-02-20 15:00:00.000,"2,205",
SURVEY,ANIMALS & PRODUCTS,DAIRY,MILK,ALL CLASSES,ALL PRODUCTION PRACTICES,ALL UTILIZATION PRACTICES,PRODUCTION,LB / HEAD,"MILK - PRODUCTION, MEASURED IN LB / HEAD",TOTAL,NOT SPECIFIED,STATE,08,08,CO,COLORADO,,,,,,,,00000000,,,9000,UNITED STATES,COLORADO,2024,MONTHLY,09,09,SEP,,2026-02-20 15:00:00.000,"2,140",
SURVEY,ANIMALS & PRODUCTS,DAIRY,MILK,ALL CLASSES,ALL PRODUCTION PRACTICES,ALL UTILIZATION PRACTICES,PRODUCTION,LB / HEAD,"MILK - PRODUCTION, MEASURED IN LB / HEAD",TOTAL,NOT SPECIFIED,STATE,08,08,CO,COLORADO,,,,,,,,00000000,,,9000,UNITED STATES,COLORADO,2024,MONTHLY,10,10,OCT,,2026-02-20 15:00:00.000,"2,185",
SURVEY,ANIMALS & PRODUCTS,DAIRY,MILK,ALL CLASSES,ALL PRODUCTION PRACTICES,ALL UTILIZATION PRACTICES,PRODUCTION,LB / HEAD,"MILK - PRODUCTION, MEASURED IN LB / HEAD",TOTAL,NOT SPECIFIED,STATE,08,08,CO,COLORADO,,,,,,,,00000000,,,9000,UNITED STATES,COLORADO,2024,MONTHLY,11,11,NOV,,2026-02-20 15:00:00.000,"2,105",
SURVEY,ANIMALS & PRODUCTS,DAIRY,MILK,ALL CLASSES,ALL PRODUCTION PRACTICES,ALL UTILIZATION PRACTICES,PRODUCTION,LB / HEAD,"MILK - PRODUCTION, MEASURED IN LB / HEAD",TOTAL,NOT SPECIFIED,STATE,08,08,CO,COLORADO,,,,,,,,00000000,,,9000,UNITED STATES,COLORADO,2024,MONTHLY,12,12,DEC,,2026-02-20 15:00:00.000,"2,195",
SURVEY,ANIMALS & PRODUCTS,DAIRY,MILK,ALL CLASSES,ALL PRODUCTION PRACTICES,ALL UTILIZATION PRACTICES,PRODUCTION,LB / HEAD,"MILK - PRODUCTION, MEASURED IN LB / HEAD",TOTAL,NOT SPECIFIED,STATE,12,12,FL,FLORIDA,,,,,,,,00000000,,,9000,UNITED STATES,FLORIDA,2024,MONTHLY,01,01,JAN,,2026-02-20 15:00:00.000,"1,835",
SURVEY,ANIMALS & PRODUCTS,DAIRY,MILK,ALL CLASSES,ALL PRODUCTION PRACTICES,ALL UTILIZATION PRACTICES,PRODUCTION,LB / HEAD,"MILK - PRODUCTION, MEASURED IN LB / HEAD",TOTAL,NOT SPECIFIED,STATE,12,12,FL,FLORIDA,,,,,,,,00000000,,,9000,UNITED STATES,FLORIDA,2024,MONTHLY,02,02,FEB,,2026-02-20 15:00:00.000,"1,750",
SURVEY,ANIMALS & PRODUCTS,DAIRY,MILK,ALL CLASSES,ALL PRODUCTION PRACTICES,ALL UTILIZATION PRACTICES,PRODUCTION,LB / HEAD,"MILK - PRODUCTION, MEASURED IN LB / HEAD",TOTAL,NOT SPECIFIED,STATE,12,12,FL,FLORIDA,,,,,,,,00000000,,,9000,UNITED STATES,FLORIDA,2024,MONTHLY,03,03,MAR,,2026-02-20 15:00:00.000,"1,925",
SURVEY,ANIMALS & PRODUCTS,DAIRY,MILK,ALL CLASSES,ALL PRODUCTION PRACTICES,ALL UTILIZATION PRACTICES,PRODUCTION,LB / HEAD,"MILK - PRODUCTION, MEASURED IN LB / HEAD",TOTAL,NOT SPECIFIED,STATE,12,12,FL,FLORIDA,,,,,,,,00000000,,,9000,UNITED STATES,FLORIDA,2024,MONTHLY,04,04,APR,,2026-02-20 15:00:00.000,"1,875",
SURVEY,ANIMALS & PRODUCTS,DAIRY,MILK,ALL CLASSES,ALL PRODUCTION PRACTICES,ALL UTILIZATION PRACTICES,PRODUCTION,LB / HEAD,"MILK - PRODUCTION, MEASURED IN LB / HEAD",TOTAL,NOT SPECIFIED,STATE,12,12,FL,FLORIDA,,,,,,,,00000000,,,9000,UNITED STATES,FLORIDA,2024,MONTHLY,05,05,MAY,,2026-02-20 15:00:00.000,"1,780",
SURVEY,ANIMALS & PRODUCTS,DAIRY,MILK,ALL CLASSES,ALL PRODUCTION PRACTICES,ALL UTILIZATION PRACTICES,PRODUCTION,LB / HEAD,"MILK - PRODUCTION, MEASURED IN LB / HEAD",TOTAL,NOT SPECIFIED,STATE,12,12,FL,FLORIDA,,,,,,,,00000000,,,9000,UNITED STATES,FLORIDA,2024,MONTHLY,06,06,JUN,,2026-02-20 15:00:00.000,"1,715",
SURVEY,ANIMALS & PRODUCTS,DAIRY,MILK,ALL CLASSES,ALL PRODUCTION PRACTICES,ALL UTILIZATION PRACTICES,PRODUCTION,LB / HEAD,"MILK - PRODUCTION, MEASURED IN LB / HEAD",TOTAL,NOT SPECIFIED,STATE,12,12,FL,FLORIDA,,,,,,,,00000000,,,9000,UNITED STATES,FLORIDA,2024,MONTHLY,07,07,JUL,,2026-02-20 15:00:00.000,"1,685",
SURVEY,ANIMALS & PRODUCTS,DAIRY,MILK,ALL CLASSES,ALL PRODUCTION PRACTICES,ALL UTILIZATION PRACTICES,PRODUCTION,LB / HEAD,"MILK - PRODUCTION, MEASURED IN LB / HEAD",TOTAL,NOT SPECIFIED,STATE,12,12,FL,FLORIDA,,,,,,,,00000000,,,9000,UNITED STATES,FLORIDA,2024,MONTHLY,08,08,AUG,,2026-02-20 15:00:00.000,"1,590",
SURVEY,ANIMALS & PRODUCTS,DAIRY,MILK,ALL CLASSES,ALL PRODUCTION PRACTICES,ALL UTILIZATION PRACTICES,PRODUCTION,LB / HEAD,"MILK - PRODUCTION, MEASURED IN LB / HEAD",TOTAL,NOT SPECIFIED,STATE,12,12,FL,FLORIDA,,,,,,,,00000000,,,9000,UNITED STATES,FLORIDA,2024,MONTHLY,09,09,SEP,,2026-02-20 15:00:00.000,"1,520",
SURVEY,ANIMALS & PRODUCTS,DAIRY,MILK,ALL CLASSES,ALL PRODUCTION PRACTICES,ALL UTILIZATION PRACTICES,PRODUCTION,LB / HEAD,"MILK - PRODUCTION, MEASURED IN LB / HEAD",TOTAL,NOT SPECIFIED,STATE,12,12,FL,FLORIDA,,,,,,,,00000000,,,9000,UNITED STATES,FLORIDA,2024,MONTHLY,10,10,OCT,,2026-02-20 15:00:00.000,"1,570",
SURVEY,ANIMALS & PRODUCTS,DAIRY,MILK,ALL CLASSES,ALL PRODUCTION PRACTICES,ALL UTILIZATION PRACTICES,PRODUCTION,LB / HEAD,"MILK - PRODUCTION, MEASURED IN LB / HEAD",TOTAL,NOT SPECIFIED,STATE,12,12,FL,FLORIDA,,,,,,,,00000000,,,9000,UNITED STATES,FLORIDA,2024,MONTHLY,11,11,NOV,,2026-02-20 15:00:00.000,"1,615",
SURVEY,ANIMALS & PRODUCTS,DAIRY,MILK,ALL CLASSES,ALL PRODUCTION PRACTICES,ALL UTILIZATION PRACTICES,PRODUCTION,LB / HEAD,"MILK - PRODUCTION, MEASURED IN LB / HEAD",TOTAL,NOT SPECIFIED,STATE,12,12,FL,FLORIDA,,,,,,,,00000000,,,9000,UNITED STATES,FLORIDA,2024,MONTHLY,12,12,DEC,,2026-02-20 15:00:00.000,"1,745",
SURVEY,ANIMALS & PRODUCTS,DAIRY,MILK,ALL CLASSES,ALL PRODUCTION PRACTICES,ALL UTILIZATION PRACTICES,PRODUCTION,LB / HEAD,"MILK - PRODUCTION, MEASURED IN LB / HEAD",TOTAL,NOT SPECIFIED,STATE,13,13,GA,GEORGIA,,,,,,,,00000000,,,9000,UNITED STATES,GEORGIA,2024,MONTHLY,01,01,JAN,,2026-02-20 15:00:00.000,"1,890",
SURVEY,ANIMALS & PRODUCTS,DAIRY,MILK,ALL CLASSES,ALL PRODUCTION PRACTICES,ALL UTILIZATION PRACTICES,PRODUCTION,LB / HEAD,"MILK - PRODUCTION, MEASURED IN LB / HEAD",TOTAL,NOT SPECIFIED,STATE,13,13,GA,GEORGIA,,,,,,,,00000000,,,9000,UNITED STATES,GEORGIA,2024,MONTHLY,02,02,FEB,,2026-02-20 15:00:00.000,"1,830",
SURVEY,ANIMALS & PRODUCTS,DAIRY,MILK,ALL CLASSES,ALL PRODUCTION PRACTICES,ALL UTILIZATION PRACTICES,PRODUCTION,LB / HEAD,"MILK - PRODUCTION, MEASURED IN LB / HEAD",TOTAL,NOT SPECIFIED,STATE,13,13,GA,GEORGIA,,,,,,,,00000000,,,9000,UNITED STATES,GEORGIA,2024,MONTHLY,03,03,MAR,,2026-02-20 15:00:00.000,"2,005",
SURVEY,ANIMALS & PRODUCTS,DAIRY,MILK,ALL CLASSES,ALL PRODUCTION PRACTICES,ALL UTILIZATION PRACTICES,PRODUCTION,LB / HEAD,"MILK - PRODUCTION, MEASURED IN LB / HEAD",TOTAL,NOT SPECIFIED,STATE,13,13,GA,GEORGIA,,,,,,,,00000000,,,9000,UNITED STATES,GEORGIA,2024,MONTHLY,04,04,APR,,2026-02-20 15:00:00.000,"1,955",
SURVEY,ANIMALS & PRODUCTS,DAIRY,MILK,ALL CLASSES,ALL PRODUCTION PRACTICES,ALL UTILIZATION PRACTICES,PRODUCTION,LB / HEAD,"MILK - PRODUCTION, MEASURED IN LB / HEAD",TOTAL,NOT SPECIFIED,STATE,13,13,GA,GEORGIA,,,,,,,,00000000,,,9000,UNITED STATES,GEORGIA,2024,MONTHLY,05,05,MAY,,2026-02-20 15:00:00.000,"1,935",
SURVEY,ANIMALS & PRODUCTS,DAIRY,MILK,ALL CLASSES,ALL PRODUCTION PRACTICES,ALL UTILIZATION PRACTICES,PRODUCTION,LB / HEAD,"MILK - PRODUCTION, MEASURED IN LB / HEAD",TOTAL,NOT SPECIFIED,STATE,13,13,GA,GEORGIA,,,,,,,,00000000,,,9000,UNITED STATES,GEORGIA,2024,MONTHLY,06,06,JUN,,2026-02-20 15:00:00.000,"1,850",
SURVEY,ANIMALS & PRODUCTS,DAIRY,MILK,ALL CLASSES,ALL PRODUCTION PRACTICES,ALL UTILIZATION PRACTICES,PRODUCTION,LB / HEAD,"MILK - PRODUCTION, MEASURED IN LB / HEAD",TOTAL,NOT SPECIFIED,STATE,13,13,GA,GEORGIA,,,,,,,,00000000,,,9000,UNITED STATES,GEORGIA,2024,MONTHLY,07,07,JUL,,2026-02-20 15:00:00.000,"1,840",
SURVEY,ANIMALS & PRODUCTS,DAIRY,MILK,ALL CLASSES,ALL PRODUCTION PRACTICES,ALL UTILIZATION PRACTICES,PRODUCTION,LB / HEAD,"MILK - PRODUCTION, MEASURED IN LB / HEAD",TOTAL,NOT SPECIFIED,STATE,13,13,GA,GEORGIA,,,,,,,,00000000,,,9000,UNITED STATES,GEORGIA,2024,MONTHLY,08,08,AUG,,2026-02-20 15:00:00.000,"1,850",
SURVEY,ANIMALS & PRODUCTS,DAIRY,MILK,ALL CLASSES,ALL PRODUCTION PRACTICES,ALL UTILIZATION PRACTICES,PRODUCTION,LB / HEAD,"MILK - PRODUCTION, MEASURED IN LB / HEAD",TOTAL,NOT SPECIFIED,STATE,13,13,GA,GEORGIA,,,,,,,,00000000,,,9000,UNITED STATES,GEORGIA,2024,MONTHLY,09,09,SEP,,2026-02-20 15:00:00.000,"1,800",
SURVEY,ANIMALS & PRODUCTS,DAIRY,MILK,ALL CLASSES,ALL PRODUCTION PRACTICES,ALL UTILIZATION PRACTICES,PRODUCTION,LB / HEAD,"MILK - PRODUCTION, MEASURED IN LB / HEAD",TOTAL,NOT SPECIFIED,STATE,13,13,GA,GEORGIA,,,,,,,,00000000,,,9000,UNITED STATES,GEORGIA,2024,MONTHLY,10,10,OCT,,2026-02-20 15:00:00.000,"1,930",
SURVEY,ANIMALS & PRODUCTS,DAIRY,MILK,ALL CLASSES,ALL PRODUCTION PRACTICES,ALL UTILIZATION PRACTICES,PRODUCTION,LB / HEAD,"MILK - PRODUCTION, MEASURED IN LB / HEAD",TOTAL,NOT SPECIFIED,STATE,13,13,GA,GEORGIA,,,,,,,,00000000,,,9000,UNITED STATES,GEORGIA,2024,MONTHLY,11,11,NOV,,2026-02-20 15:00:00.000,"1,890",
SURVEY,ANIMALS & PRODUCTS,DAIRY,MILK,ALL CLASSES,ALL PRODUCTION PRACTICES,ALL UTILIZATION PRACTICES,PRODUCTION,LB / HEAD,"MILK - PRODUCTION, MEASURED IN LB / HEAD",TOTAL,NOT SPECIFIED,STATE,13,13,GA,GEORGIA,,,,,,,,00000000,,,9000,UNITED STATES,GEORGIA,2024,MONTHLY,12,12,DEC,,2026-02-20 15:00:00.000,"2,010",
SURVEY,ANIMALS & PRODUCTS,DAIRY,MILK,ALL CLASSES,ALL PRODUCTION PRACTICES,ALL UTILIZATION PRACTICES,PRODUCTION,LB / HEAD,"MILK - PRODUCTION, MEASURED IN LB / HEAD",TOTAL,NOT SPECIFIED,STATE,16,16,ID,IDAHO,,,,,,,,00000000,,,9000,UNITED STATES,IDAHO,2024,MONTHLY,01,01,JAN,,2026-02-20 15:00:00.000,"2,085",
SURVEY,ANIMALS & PRODUCTS,DAIRY,MILK,ALL CLASSES,ALL PRODUCTION PRACTICES,ALL UTILIZATION PRACTICES,PRODUCTION,LB / HEAD,"MILK - PRODUCTION, MEASURED IN LB / HEAD",TOTAL,NOT SPECIFIED,STATE,16,16,ID,IDAHO,,,,,,,,00000000,,,9000,UNITED STATES,IDAHO,2024,MONTHLY,02,02,FEB,,2026-02-20 15:00:00.000,"1,970",
SURVEY,ANIMALS & PRODUCTS,DAIRY,MILK,ALL CLASSES,ALL PRODUCTION PRACTICES,ALL UTILIZATION PRACTICES,PRODUCTION,LB / HEAD,"MILK - PRODUCTION, MEASURED IN LB / HEAD",TOTAL,NOT SPECIFIED,STATE,16,16,ID,IDAHO,,,,,,,,00000000,,,9000,UNITED STATES,IDAHO,2024,MONTHLY,03,03,MAR,,2026-02-20 15:00:00.000,"2,145",
SURVEY,ANIMALS & PRODUCTS,DAIRY,MILK,ALL CLASSES,ALL PRODUCTION PRACTICES,ALL UTILIZATION PRACTICES,PRODUCTION,LB / HEAD,"MILK - PRODUCTION, MEASURED IN LB / HEAD",TOTAL,NOT SPECIFIED,STATE,16,16,ID,IDAHO,,,,,,,,00000000,,,9000,UNITED STATES,IDAHO,2024,MONTHLY,04,04,APR,,2026-02-20 15:00:00.000,"2,110",
SURVEY,ANIMALS & PRODUCTS,DAIRY,MILK,ALL CLASSES,ALL PRODUCTION PRACTICES,ALL UTILIZATION PRACTICES,PRODUCTION,LB / HEAD,"MILK - PRODUCTION, MEASURED IN LB / HEAD",TOTAL,NOT SPECIFIED,STATE,16,16,ID,IDAHO,,,,,,,,00000000,,,9000,UNITED STATES,IDAHO,2024,MONTHLY,05,05,MAY,,2026-02-20 15:00:00.000,"2,160",
SURVEY,ANIMALS & PRODUCTS,DAIRY,MILK,ALL CLASSES,ALL PRODUCTION PRACTICES,ALL UTILIZATION PRACTICES,PRODUCTION,LB / HEAD,"MILK - PRODUCTION, MEASURED IN LB / HEAD",TOTAL,NOT SPECIFIED,STATE,16,16,ID,IDAHO,,,,,,,,00000000,,,9000,UNITED STATES,IDAHO,2024,MONTHLY,06,06,JUN,,2026-02-20 15:00:00.000,"2,095",
SURVEY,ANIMALS & PRODUCTS,DAIRY,MILK,ALL CLASSES,ALL PRODUCTION PRACTICES,ALL UTILIZATION PRACTICES,PRODUCTION,LB / HEAD,"MILK - PRODUCTION, MEASURED IN LB / HEAD",TOTAL,NOT SPECIFIED,STATE,16,16,ID,IDAHO,,,,,,,,00000000,,,9000,UNITED STATES,IDAHO,2024,MONTHLY,07,07,JUL,,2026-02-20 15:00:00.000,"2,200",
SURVEY,ANIMALS & PRODUCTS,DAIRY,MILK,ALL CLASSES,ALL PRODUCTION PRACTICES,ALL UTILIZATION PRACTICES,PRODUCTION,LB / HEAD,"MILK - PRODUCTION, MEASURED IN LB / HEAD",TOTAL,NOT SPECIFIED,STATE,16,16,ID,IDAHO,,,,,,,,00000000,,,9000,UNITED STATES,IDAHO,2024,MONTHLY,08,08,AUG,,2026-02-20 15:00:00.000,"2,200",
SURVEY,ANIMALS & PRODUCTS,DAIRY,MILK,ALL CLASSES,ALL PRODUCTION PRACTICES,ALL UTILIZATION PRACTICES,PRODUCTION,LB / HEAD,"MILK - PRODUCTION, MEASURED IN LB / HEAD",TOTAL,NOT SPECIFIED,STATE,16,16,ID,IDAHO,,,,,,,,00000000,,,9000,UNITED STATES,IDAHO,2024,MONTHLY,09,09,SEP,,2026-02-20 15:00:00.000,"2,100",
SURVEY,ANIMALS & PRODUCTS,DAIRY,MILK,ALL CLASSES,ALL PRODUCTION PRACTICES,ALL UTILIZATION PRACTICES,PRODUCTION,LB / HEAD,"MILK - PRODUCTION, MEASURED IN LB / HEAD",TOTAL,NOT SPECIFIED,STATE,16,16,ID,IDAHO,,,,,,,,00000000,,,9000,UNITED STATES,IDAHO,2024,MONTHLY,10,10,OCT,,2026-02-20 15:00:00.000,"2,130",
SURVEY,ANIMALS & PRODUCTS,DAIRY,MILK,ALL CLASSES,ALL PRODUCTION PRACTICES,ALL UTILIZATION PRACTICES,PRODUCTION,LB / HEAD,"MILK - PRODUCTION, MEASURED IN LB / HEAD",TOTAL,NOT SPECIFIED,STATE,16,16,ID,IDAHO,,,,,,,,00000000,,,9000,UNITED STATES,IDAHO,2024,MONTHLY,11,11,NOV,,2026-02-20 15:00:00.000,"2,030",
SURVEY,ANIMALS & PRODUCTS,DAIRY,MILK,ALL CLASSES,ALL PRODUCTION PRACTICES,ALL UTILIZATION PRACTICES,PRODUCTION,LB / HEAD,"MILK - PRODUCTION, MEASURED IN LB / HEAD",TOTAL,NOT SPECIFIED,STATE,16,16,ID,IDAHO,,,,,,,,00000000,,,9000,UNITED STATES,IDAHO,2024,MONTHLY,12,12,DEC,,2026-02-20 15:00:00.000,"2,095",
SURVEY,ANIMALS & PRODUCTS,DAIRY,MILK,ALL CLASSES,ALL PRODUCTION PRACTICES,ALL UTILIZATION PRACTICES,PRODUCTION,LB / HEAD,"MILK - PRODUCTION, MEASURED IN LB / HEAD",TOTAL,NOT SPECIFIED,STATE,17,17,IL,ILLINOIS,,,,,,,,00000000,,,9000,UNITED STATES,ILLINOIS,2024,MONTHLY,01,01,JAN,,2026-02-20 15:00:00.000,"1,855",
SURVEY,ANIMALS & PRODUCTS,DAIRY,MILK,ALL CLASSES,ALL PRODUCTION PRACTICES,ALL UTILIZATION PRACTICES,PRODUCTION,LB / HEAD,"MILK - PRODUCTION, MEASURED IN LB / HEAD",TOTAL,NOT SPECIFIED,STATE,17,17,IL,ILLINOIS,,,,,,,,00000000,,,9000,UNITED STATES,ILLINOIS,2024,MONTHLY,02,02,FEB,,2026-02-20 15:00:00.000,"1,785",
SURVEY,ANIMALS & PRODUCTS,DAIRY,MILK,ALL CLASSES,ALL PRODUCTION PRACTICES,ALL UTILIZATION PRACTICES,PRODUCTION,LB / HEAD,"MILK - PRODUCTION, MEASURED IN LB / HEAD",TOTAL,NOT SPECIFIED,STATE,17,17,IL,ILLINOIS,,,,,,,,00000000,,,9000,UNITED STATES,ILLINOIS,2024,MONTHLY,03,03,MAR,,2026-02-20 15:00:00.000,"1,950",
SURVEY,ANIMALS & PRODUCTS,DAIRY,MILK,ALL CLASSES,ALL PRODUCTION PRACTICES,ALL UTILIZATION PRACTICES,PRODUCTION,LB / HEAD,"MILK - PRODUCTION, MEASURED IN LB / HEAD",TOTAL,NOT SPECIFIED,STATE,17,17,IL,ILLINOIS,,,,,,,,00000000,,,9000,UNITED STATES,ILLINOIS,2024,MONTHLY,04,04,APR,,2026-02-20 15:00:00.000,"1,880",
SURVEY,ANIMALS & PRODUCTS,DAIRY,MILK,ALL CLASSES,ALL PRODUCTION PRACTICES,ALL UTILIZATION PRACTICES,PRODUCTION,LB / HEAD,"MILK - PRODUCTION, MEASURED IN LB / HEAD",TOTAL,NOT SPECIFIED,STATE,17,17,IL,ILLINOIS,,,,,,,,00000000,,,9000,UNITED STATES,ILLINOIS,2024,MONTHLY,05,05,MAY,,2026-02-20 15:00:00.000,"1,930",
SURVEY,ANIMALS & PRODUCTS,DAIRY,MILK,ALL CLASSES,ALL PRODUCTION PRACTICES,ALL UTILIZATION PRACTICES,PRODUCTION,LB / HEAD,"MILK - PRODUCTION, MEASURED IN LB / HEAD",TOTAL,NOT SPECIFIED,STATE,17,17,IL,ILLINOIS,,,,,,,,00000000,,,9000,UNITED STATES,ILLINOIS,2024,MONTHLY,06,06,JUN,,2026-02-20 15:00:00.000,"1,785",
SURVEY,ANIMALS & PRODUCTS,DAIRY,MILK,ALL CLASSES,ALL PRODUCTION PRACTICES,ALL UTILIZATION PRACTICES,PRODUCTION,LB / HEAD,"MILK - PRODUCTION, MEASURED IN LB / HEAD",TOTAL,NOT SPECIFIED,STATE,17,17,IL,ILLINOIS,,,,,,,,00000000,,,9000,UNITED STATES,ILLINOIS,2024,MONTHLY,07,07,JUL,,2026-02-20 15:00:00.000,"1,785",
SURVEY,ANIMALS & PRODUCTS,DAIRY,MILK,ALL CLASSES,ALL PRODUCTION PRACTICES,ALL UTILIZATION PRACTICES,PRODUCTION,LB / HEAD,"MILK - PRODUCTION, MEASURED IN LB / HEAD",TOTAL,NOT SPECIFIED,STATE,17,17,IL,ILLINOIS,,,,,,,,00000000,,,9000,UNITED STATES,ILLINOIS,2024,MONTHLY,08,08,AUG,,2026-02-20 15:00:00.000,"1,740",
SURVEY,ANIMALS & PRODUCTS,DAIRY,MILK,ALL CLASSES,ALL PRODUCTION PRACTICES,ALL UTILIZATION PRACTICES,PRODUCTION,LB / HEAD,"MILK - PRODUCTION, MEASURED IN LB / HEAD",TOTAL,NOT SPECIFIED,STATE,17,17,IL,ILLINOIS,,,,,,,,00000000,,,9000,UNITED STATES,ILLINOIS,2024,MONTHLY,09,09,SEP,,2026-02-20 15:00:00.000,"1,700",
SURVEY,ANIMALS & PRODUCTS,DAIRY,MILK,ALL CLASSES,ALL PRODUCTION PRACTICES,ALL UTILIZATION PRACTICES,PRODUCTION,LB / HEAD,"MILK - PRODUCTION, MEASURED IN LB / HEAD",TOTAL,NOT SPECIFIED,STATE,17,17,IL,ILLINOIS,,,,,,,,00000000,,,9000,UNITED STATES,ILLINOIS,2024,MONTHLY,10,10,OCT,,2026-02-20 15:00:00.000,"1,780",
SURVEY,ANIMALS & PRODUCTS,DAIRY,MILK,ALL CLASSES,ALL PRODUCTION PRACTICES,ALL UTILIZATION PRACTICES,PRODUCTION,LB / HEAD,"MILK - PRODUCTION, MEASURED IN LB / HEAD",TOTAL,NOT SPECIFIED,STATE,17,17,IL,ILLINOIS,,,,,,,,00000000,,,9000,UNITED STATES,ILLINOIS,2024,MONTHLY,11,11,NOV,,2026-02-20 15:00:00.000,"1,740",
SURVEY,ANIMALS & PRODUCTS,DAIRY,MILK,ALL CLASSES,ALL PRODUCTION PRACTICES,ALL UTILIZATION PRACTICES,PRODUCTION,LB / HEAD,"MILK - PRODUCTION, MEASURED IN LB / HEAD",TOTAL,NOT SPECIFIED,STATE,17,17,IL,ILLINOIS,,,,,,,,00000000,,,9000,UNITED STATES,ILLINOIS,2024,MONTHLY,12,12,DEC,,2026-02-20 15:00:00.000,"1,820",
SURVEY,ANIMALS & PRODUCTS,DAIRY,MILK,ALL CLASSES,ALL PRODUCTION PRACTICES,ALL UTILIZATION PRACTICES,PRODUCTION,LB / HEAD,"MILK - PRODUCTION, MEASURED IN LB / HEAD",TOTAL,NOT SPECIFIED,STATE,18,18,IN,INDIANA,,,,,,,,00000000,,,9000,UNITED STATES,INDIANA,2024,MONTHLY,01,01,JAN,,2026-02-20 15:00:00.000,"2,000",
SURVEY,ANIMALS & PRODUCTS,DAIRY,MILK,ALL CLASSES,ALL PRODUCTION PRACTICES,ALL UTILIZATION PRACTICES,PRODUCTION,LB / HEAD,"MILK - PRODUCTION, MEASURED IN LB / HEAD",TOTAL,NOT SPECIFIED,STATE,18,18,IN,INDIANA,,,,,,,,00000000,,,9000,UNITED STATES,INDIANA,2024,MONTHLY,02,02,FEB,,2026-02-20 15:00:00.000,"1,870",
SURVEY,ANIMALS & PRODUCTS,DAIRY,MILK,ALL CLASSES,ALL PRODUCTION PRACTICES,ALL UTILIZATION PRACTICES,PRODUCTION,LB / HEAD,"MILK - PRODUCTION, MEASURED IN LB / HEAD",TOTAL,NOT SPECIFIED,STATE,18,18,IN,INDIANA,,,,,,,,00000000,,,9000,UNITED STATES,INDIANA,2024,MONTHLY,03,03,MAR,,2026-02-20 15:00:00.000,"2,045",
SURVEY,ANIMALS & PRODUCTS,DAIRY,MILK,ALL CLASSES,ALL PRODUCTION PRACTICES,ALL UTILIZATION PRACTICES,PRODUCTION,LB / HEAD,"MILK - PRODUCTION, MEASURED IN LB / HEAD",TOTAL,NOT SPECIFIED,STATE,18,18,IN,INDIANA,,,,,,,,00000000,,,9000,UNITED STATES,INDIANA,2024,MONTHLY,04,04,APR,,2026-02-20 15:00:00.000,"1,995",
SURVEY,ANIMALS & PRODUCTS,DAIRY,MILK,ALL CLASSES,ALL PRODUCTION PRACTICES,ALL UTILIZATION PRACTICES,PRODUCTION,LB / HEAD,"MILK - PRODUCTION, MEASURED IN LB / HEAD",TOTAL,NOT SPECIFIED,STATE,18,18,IN,INDIANA,,,,,,,,00000000,,,9000,UNITED STATES,INDIANA,2024,MONTHLY,05,05,MAY,,2026-02-20 15:00:00.000,"2,055",
SURVEY,ANIMALS & PRODUCTS,DAIRY,MILK,ALL CLASSES,ALL PRODUCTION PRACTICES,ALL UTILIZATION PRACTICES,PRODUCTION,LB / HEAD,"MILK - PRODUCTION, MEASURED IN LB / HEAD",TOTAL,NOT SPECIFIED,STATE,18,18,IN,INDIANA,,,,,,,,00000000,,,9000,UNITED STATES,INDIANA,2024,MONTHLY,06,06,JUN,,2026-02-20 15:00:00.000,"1,980",
SURVEY,ANIMALS & PRODUCTS,DAIRY,MILK,ALL CLASSES,ALL PRODUCTION PRACTICES,ALL UTILIZATION PRACTICES,PRODUCTION,LB / HEAD,"MILK - PRODUCTION, MEASURED IN LB / HEAD",TOTAL,NOT SPECIFIED,STATE,18,18,IN,INDIANA,,,,,,,,00000000,,,9000,UNITED STATES,INDIANA,2024,MONTHLY,07,07,JUL,,2026-02-20 15:00:00.000,"2,015",
SURVEY,ANIMALS & PRODUCTS,DAIRY,MILK,ALL CLASSES,ALL PRODUCTION PRACTICES,ALL UTILIZATION PRACTICES,PRODUCTION,LB / HEAD,"MILK - PRODUCTION, MEASURED IN LB / HEAD",TOTAL,NOT SPECIFIED,STATE,18,18,IN,INDIANA,,,,,,,,00000000,,,9000,UNITED STATES,INDIANA,2024,MONTHLY,08,08,AUG,,2026-02-20 15:00:00.000,"1,985",
SURVEY,ANIMALS & PRODUCTS,DAIRY,MILK,ALL CLASSES,ALL PRODUCTION PRACTICES,ALL UTILIZATION PRACTICES,PRODUCTION,LB / HEAD,"MILK - PRODUCTION, MEASURED IN LB / HEAD",TOTAL,NOT SPECIFIED,STATE,18,18,IN,INDIANA,,,,,,,,00000000,,,9000,UNITED STATES,INDIANA,2024,MONTHLY,09,09,SEP,,2026-02-20 15:00:00.000,"1,930",
SURVEY,ANIMALS & PRODUCTS,DAIRY,MILK,ALL CLASSES,ALL PRODUCTION PRACTICES,ALL UTILIZATION PRACTICES,PRODUCTION,LB / HEAD,"MILK - PRODUCTION, MEASURED IN LB / HEAD",TOTAL,NOT SPECIFIED,STATE,18,18,IN,INDIANA,,,,,,,,00000000,,,9000,UNITED STATES,INDIANA,2024,MONTHLY,10,10,OCT,,2026-02-20 15:00:00.000,"1,990",
SURVEY,ANIMALS & PRODUCTS,DAIRY,MILK,ALL CLASSES,ALL PRODUCTION PRACTICES,ALL UTILIZATION PRACTICES,PRODUCTION,LB / HEAD,"MILK - PRODUCTION, MEASURED IN LB / HEAD",TOTAL,NOT SPECIFIED,STATE,18,18,IN,INDIANA,,,,,,,,00000000,,,9000,UNITED STATES,INDIANA,2024,MONTHLY,11,11,NOV,,2026-02-20 15:00:00.000,"1,950",
SURVEY,ANIMALS & PRODUCTS,DAIRY,MILK,ALL CLASSES,ALL PRODUCTION PRACTICES,ALL UTILIZATION PRACTICES,PRODUCTION,LB / HEAD,"MILK - PRODUCTION, MEASURED IN LB / HEAD",TOTAL,NOT SPECIFIED,STATE,18,18,IN,INDIANA,,,,,,,,00000000,,,9000,UNITED STATES,INDIANA,2024,MONTHLY,12,12,DEC,,2026-02-20 15:00:00.000,"2,010",
SURVEY,ANIMALS & PRODUCTS,DAIRY,MILK,ALL CLASSES,ALL PRODUCTION PRACTICES,ALL UTILIZATION PRACTICES,PRODUCTION,LB / HEAD,"MILK - PRODUCTION, MEASURED IN LB / HEAD",TOTAL,NOT SPECIFIED,STATE,19,19,IA,IOWA,,,,,,,,00000000,,,9000,UNITED STATES,IOWA,2024,MONTHLY,01,01,JAN,,2026-02-20 15:00:00.000,"2,110",
SURVEY,ANIMALS & PRODUCTS,DAIRY,MILK,ALL CLASSES,ALL PRODUCTION PRACTICES,ALL UTILIZATION PRACTICES,PRODUCTION,LB / HEAD,"MILK - PRODUCTION, MEASURED IN LB / HEAD",TOTAL,NOT SPECIFIED,STATE,19,19,IA,IOWA,,,,,,,,00000000,,,9000,UNITED STATES,IOWA,2024,MONTHLY,02,02,FEB,,2026-02-20 15:00:00.000,"2,000",
SURVEY,ANIMALS & PRODUCTS,DAIRY,MILK,ALL CLASSES,ALL PRODUCTION PRACTICES,ALL UTILIZATION PRACTICES,PRODUCTION,LB / HEAD,"MILK - PRODUCTION, MEASURED IN LB / HEAD",TOTAL,NOT SPECIFIED,STATE,19,19,IA,IOWA,,,,,,,,00000000,,,9000,UNITED STATES,IOWA,2024,MONTHLY,03,03,MAR,,2026-02-20 15:00:00.000,"2,150",
SURVEY,ANIMALS & PRODUCTS,DAIRY,MILK,ALL CLASSES,ALL PRODUCTION PRACTICES,ALL UTILIZATION PRACTICES,PRODUCTION,LB / HEAD,"MILK - PRODUCTION, MEASURED IN LB / HEAD",TOTAL,NOT SPECIFIED,STATE,19,19,IA,IOWA,,,,,,,,00000000,,,9000,UNITED STATES,IOWA,2024,MONTHLY,04,04,APR,,2026-02-20 15:00:00.000,"2,095",
SURVEY,ANIMALS & PRODUCTS,DAIRY,MILK,ALL CLASSES,ALL PRODUCTION PRACTICES,ALL UTILIZATION PRACTICES,PRODUCTION,LB / HEAD,"MILK - PRODUCTION, MEASURED IN LB / HEAD",TOTAL,NOT SPECIFIED,STATE,19,19,IA,IOWA,,,,,,,,00000000,,,9000,UNITED STATES,IOWA,2024,MONTHLY,05,05,MAY,,2026-02-20 15:00:00.000,"2,150",
SURVEY,ANIMALS & PRODUCTS,DAIRY,MILK,ALL CLASSES,ALL PRODUCTION PRACTICES,ALL UTILIZATION PRACTICES,PRODUCTION,LB / HEAD,"MILK - PRODUCTION, MEASURED IN LB / HEAD",TOTAL,NOT SPECIFIED,STATE,19,19,IA,IOWA,,,,,,,,00000000,,,9000,UNITED STATES,IOWA,2024,MONTHLY,06,06,JUN,,2026-02-20 15:00:00.000,"2,020",
SURVEY,ANIMALS & PRODUCTS,DAIRY,MILK,ALL CLASSES,ALL PRODUCTION PRACTICES,ALL UTILIZATION PRACTICES,PRODUCTION,LB / HEAD,"MILK - PRODUCTION, MEASURED IN LB / HEAD",TOTAL,NOT SPECIFIED,STATE,19,19,IA,IOWA,,,,,,,,00000000,,,9000,UNITED STATES,IOWA,2024,MONTHLY,07,07,JUL,,2026-02-20 15:00:00.000,"2,085",
SURVEY,ANIMALS & PRODUCTS,DAIRY,MILK,ALL CLASSES,ALL PRODUCTION PRACTICES,ALL UTILIZATION PRACTICES,PRODUCTION,LB / HEAD,"MILK - PRODUCTION, MEASURED IN LB / HEAD",TOTAL,NOT SPECIFIED,STATE,19,19,IA,IOWA,,,,,,,,00000000,,,9000,UNITED STATES,IOWA,2024,MONTHLY,08,08,AUG,,2026-02-20 15:00:00.000,"2,060",
SURVEY,ANIMALS & PRODUCTS,DAIRY,MILK,ALL CLASSES,ALL PRODUCTION PRACTICES,ALL UTILIZATION PRACTICES,PRODUCTION,LB / HEAD,"MILK - PRODUCTION, MEASURED IN LB / HEAD",TOTAL,NOT SPECIFIED,STATE,19,19,IA,IOWA,,,,,,,,00000000,,,9000,UNITED STATES,IOWA,2024,MONTHLY,09,09,SEP,,2026-02-20 15:00:00.000,"2,000",
SURVEY,ANIMALS & PRODUCTS,DAIRY,MILK,ALL CLASSES,ALL PRODUCTION PRACTICES,ALL UTILIZATION PRACTICES,PRODUCTION,LB / HEAD,"MILK - PRODUCTION, MEASURED IN LB / HEAD",TOTAL,NOT SPECIFIED,STATE,19,19,IA,IOWA,,,,,,,,00000000,,,9000,UNITED STATES,IOWA,2024,MONTHLY,10,10,OCT,,2026-02-20 15:00:00.000,"2,080",
SURVEY,ANIMALS & PRODUCTS,DAIRY,MILK,ALL CLASSES,ALL PRODUCTION PRACTICES,ALL UTILIZATION PRACTICES,PRODUCTION,LB / HEAD,"MILK - PRODUCTION, MEASURED IN LB / HEAD",TOTAL,NOT SPECIFIED,STATE,19,19,IA,IOWA,,,,,,,,00000000,,,9000,UNITED STATES,IOWA,2024,MONTHLY,11,11,NOV,,2026-02-20 15:00:00.000,"1,995",
SURVEY,ANIMALS & PRODUCTS,DAIRY,MILK,ALL CLASSES,ALL PRODUCTION PRACTICES,ALL UTILIZATION PRACTICES,PRODUCTION,LB / HEAD,"MILK - PRODUCTION, MEASURED IN LB / HEAD",TOTAL,NOT SPECIFIED,STATE,19,19,IA,IOWA,,,,,,,,00000000,,,9000,UNITED STATES,IOWA,2024,MONTHLY,12,12,DEC,,2026-02-20 15:00:00.000,"2,060",
SURVEY,ANIMALS & PRODUCTS,DAIRY,MILK,ALL CLASSES,ALL PRODUCTION PRACTICES,ALL UTILIZATION PRACTICES,PRODUCTION,LB / HEAD,"MILK - PRODUCTION, MEASURED IN LB / HEAD",TOTAL,NOT SPECIFIED,STATE,20,20,KS,KANSAS,,,,,,,,00000000,,,9000,UNITED STATES,KANSAS,2024,MONTHLY,01,01,JAN,,2026-02-20 15:00:00.000,"2,020",
SURVEY,ANIMALS & PRODUCTS,DAIRY,MILK,ALL CLASSES,ALL PRODUCTION PRACTICES,ALL UTILIZATION PRACTICES,PRODUCTION,LB / HEAD,"MILK - PRODUCTION, MEASURED IN LB / HEAD",TOTAL,NOT SPECIFIED,STATE,20,20,KS,KANSAS,,,,,,,,00000000,,,9000,UNITED STATES,KANSAS,2024,MONTHLY,02,02,FEB,,2026-02-20 15:00:00.000,"1,935",
SURVEY,ANIMALS & PRODUCTS,DAIRY,MILK,ALL CLASSES,ALL PRODUCTION PRACTICES,ALL UTILIZATION PRACTICES,PRODUCTION,LB / HEAD,"MILK - PRODUCTION, MEASURED IN LB / HEAD",TOTAL,NOT SPECIFIED,STATE,20,20,KS,KANSAS,,,,,,,,00000000,,,9000,UNITED STATES,KANSAS,2024,MONTHLY,03,03,MAR,,2026-02-20 15:00:00.000,"2,095",
SURVEY,ANIMALS & PRODUCTS,DAIRY,MILK,ALL CLASSES,ALL PRODUCTION PRACTICES,ALL UTILIZATION PRACTICES,PRODUCTION,LB / HEAD,"MILK - PRODUCTION, MEASURED IN LB / HEAD",TOTAL,NOT SPECIFIED,STATE,20,20,KS,KANSAS,,,,,,,,00000000,,,9000,UNITED STATES,KANSAS,2024,MONTHLY,04,04,APR,,2026-02-20 15:00:00.000,"1,980",
SURVEY,ANIMALS & PRODUCTS,DAIRY,MILK,ALL CLASSES,ALL PRODUCTION PRACTICES,ALL UTILIZATION PRACTICES,PRODUCTION,LB / HEAD,"MILK - PRODUCTION, MEASURED IN LB / HEAD",TOTAL,NOT SPECIFIED,STATE,20,20,KS,KANSAS,,,,,,,,00000000,,,9000,UNITED STATES,KANSAS,2024,MONTHLY,05,05,MAY,,2026-02-20 15:00:00.000,"2,065",
SURVEY,ANIMALS & PRODUCTS,DAIRY,MILK,ALL CLASSES,ALL PRODUCTION PRACTICES,ALL UTILIZATION PRACTICES,PRODUCTION,LB / HEAD,"MILK - PRODUCTION, MEASURED IN LB / HEAD",TOTAL,NOT SPECIFIED,STATE,20,20,KS,KANSAS,,,,,,,,00000000,,,9000,UNITED STATES,KANSAS,2024,MONTHLY,06,06,JUN,,2026-02-20 15:00:00.000,"1,945",
SURVEY,ANIMALS & PRODUCTS,DAIRY,MILK,ALL CLASSES,ALL PRODUCTION PRACTICES,ALL UTILIZATION PRACTICES,PRODUCTION,LB / HEAD,"MILK - PRODUCTION, MEASURED IN LB / HEAD",TOTAL,NOT SPECIFIED,STATE,20,20,KS,KANSAS,,,,,,,,00000000,,,9000,UNITED STATES,KANSAS,2024,MONTHLY,07,07,JUL,,2026-02-20 15:00:00.000,"2,000",
SURVEY,ANIMALS & PRODUCTS,DAIRY,MILK,ALL CLASSES,ALL PRODUCTION PRACTICES,ALL UTILIZATION PRACTICES,PRODUCTION,LB / HEAD,"MILK - PRODUCTION, MEASURED IN LB / HEAD",TOTAL,NOT SPECIFIED,STATE,20,20,KS,KANSAS,,,,,,,,00000000,,,9000,UNITED STATES,KANSAS,2024,MONTHLY,08,08,AUG,,2026-02-20 15:00:00.000,"2,005",
SURVEY,ANIMALS & PRODUCTS,DAIRY,MILK,ALL CLASSES,ALL PRODUCTION PRACTICES,ALL UTILIZATION PRACTICES,PRODUCTION,LB / HEAD,"MILK - PRODUCTION, MEASURED IN LB / HEAD",TOTAL,NOT SPECIFIED,STATE,20,20,KS,KANSAS,,,,,,,,00000000,,,9000,UNITED STATES,KANSAS,2024,MONTHLY,09,09,SEP,,2026-02-20 15:00:00.000,"1,960",
SURVEY,ANIMALS & PRODUCTS,DAIRY,MILK,ALL CLASSES,ALL PRODUCTION PRACTICES,ALL UTILIZATION PRACTICES,PRODUCTION,LB / HEAD,"MILK - PRODUCTION, MEASURED IN LB / HEAD",TOTAL,NOT SPECIFIED,STATE,20,20,KS,KANSAS,,,,,,,,00000000,,,9000,UNITED STATES,KANSAS,2024,MONTHLY,10,10,OCT,,2026-02-20 15:00:00.000,"2,005",
SURVEY,ANIMALS & PRODUCTS,DAIRY,MILK,ALL CLASSES,ALL PRODUCTION PRACTICES,ALL UTILIZATION PRACTICES,PRODUCTION,LB / HEAD,"MILK - PRODUCTION, MEASURED IN LB / HEAD",TOTAL,NOT SPECIFIED,STATE,20,20,KS,KANSAS,,,,,,,,00000000,,,9000,UNITED STATES,KANSAS,2024,MONTHLY,11,11,NOV,,2026-02-20 15:00:00.000,"1,940",
SURVEY,ANIMALS & PRODUCTS,DAIRY,MILK,ALL CLASSES,ALL PRODUCTION PRACTICES,ALL UTILIZATION PRACTICES,PRODUCTION,LB / HEAD,"MILK - PRODUCTION, MEASURED IN LB / HEAD",TOTAL,NOT SPECIFIED,STATE,20,20,KS,KANSAS,,,,,,,,00000000,,,9000,UNITED STATES,KANSAS,2024,MONTHLY,12,12,DEC,,2026-02-20 15:00:00.000,"1,995",
SURVEY,ANIMALS & PRODUCTS,DAIRY,MILK,ALL CLASSES,ALL PRODUCTION PRACTICES,ALL UTILIZATION PRACTICES,PRODUCTION,LB / HEAD,"MILK - PRODUCTION, MEASURED IN LB / HEAD",TOTAL,NOT SPECIFIED,STATE,26,26,MI,MICHIGAN,,,,,,,,00000000,,,9000,UNITED STATES,MICHIGAN,2024,MONTHLY,01,01,JAN,,2026-02-20 15:00:00.000,"2,320",
SURVEY,ANIMALS & PRODUCTS,DAIRY,MILK,ALL CLASSES,ALL PRODUCTION PRACTICES,ALL UTILIZATION PRACTICES,PRODUCTION,LB / HEAD,"MILK - PRODUCTION, MEASURED IN LB / HEAD",TOTAL,NOT SPECIFIED,STATE,26,26,MI,MICHIGAN,,,,,,,,00000000,,,9000,UNITED STATES,MICHIGAN,2024,MONTHLY,02,02,FEB,,2026-02-20 15:00:00.000,"2,200",
SURVEY,ANIMALS & PRODUCTS,DAIRY,MILK,ALL CLASSES,ALL PRODUCTION PRACTICES,ALL UTILIZATION PRACTICES,PRODUCTION,LB / HEAD,"MILK - PRODUCTION, MEASURED IN LB / HEAD",TOTAL,NOT SPECIFIED,STATE,26,26,MI,MICHIGAN,,,,,,,,00000000,,,9000,UNITED STATES,MICHIGAN,2024,MONTHLY,03,03,MAR,,2026-02-20 15:00:00.000,"2,370",
SURVEY,ANIMALS & PRODUCTS,DAIRY,MILK,ALL CLASSES,ALL PRODUCTION PRACTICES,ALL UTILIZATION PRACTICES,PRODUCTION,LB / HEAD,"MILK - PRODUCTION, MEASURED IN LB / HEAD",TOTAL,NOT SPECIFIED,STATE,26,26,MI,MICHIGAN,,,,,,,,00000000,,,9000,UNITED STATES,MICHIGAN,2024,MONTHLY,04,04,APR,,2026-02-20 15:00:00.000,"2,310",
SURVEY,ANIMALS & PRODUCTS,DAIRY,MILK,ALL CLASSES,ALL PRODUCTION PRACTICES,ALL UTILIZATION PRACTICES,PRODUCTION,LB / HEAD,"MILK - PRODUCTION, MEASURED IN LB / HEAD",TOTAL,NOT SPECIFIED,STATE,26,26,MI,MICHIGAN,,,,,,,,00000000,,,9000,UNITED STATES,MICHIGAN,2024,MONTHLY,05,05,MAY,,2026-02-20 15:00:00.000,"2,375",
SURVEY,ANIMALS & PRODUCTS,DAIRY,MILK,ALL CLASSES,ALL PRODUCTION PRACTICES,ALL UTILIZATION PRACTICES,PRODUCTION,LB / HEAD,"MILK - PRODUCTION, MEASURED IN LB / HEAD",TOTAL,NOT SPECIFIED,STATE,26,26,MI,MICHIGAN,,,,,,,,00000000,,,9000,UNITED STATES,MICHIGAN,2024,MONTHLY,06,06,JUN,,2026-02-20 15:00:00.000,"2,280",
SURVEY,ANIMALS & PRODUCTS,DAIRY,MILK,ALL CLASSES,ALL PRODUCTION PRACTICES,ALL UTILIZATION PRACTICES,PRODUCTION,LB / HEAD,"MILK - PRODUCTION, MEASURED IN LB / HEAD",TOTAL,NOT SPECIFIED,STATE,26,26,MI,MICHIGAN,,,,,,,,00000000,,,9000,UNITED STATES,MICHIGAN,2024,MONTHLY,07,07,JUL,,2026-02-20 15:00:00.000,"2,360",
SURVEY,ANIMALS & PRODUCTS,DAIRY,MILK,ALL CLASSES,ALL PRODUCTION PRACTICES,ALL UTILIZATION PRACTICES,PRODUCTION,LB / HEAD,"MILK - PRODUCTION, MEASURED IN LB / HEAD",TOTAL,NOT SPECIFIED,STATE,26,26,MI,MICHIGAN,,,,,,,,00000000,,,9000,UNITED STATES,MICHIGAN,2024,MONTHLY,08,08,AUG,,2026-02-20 15:00:00.000,"2,320",
SURVEY,ANIMALS & PRODUCTS,DAIRY,MILK,ALL CLASSES,ALL PRODUCTION PRACTICES,ALL UTILIZATION PRACTICES,PRODUCTION,LB / HEAD,"MILK - PRODUCTION, MEASURED IN LB / HEAD",TOTAL,NOT SPECIFIED,STATE,26,26,MI,MICHIGAN,,,,,,,,00000000,,,9000,UNITED STATES,MICHIGAN,2024,MONTHLY,09,09,SEP,,2026-02-20 15:00:00.000,"2,250",
SURVEY,ANIMALS & PRODUCTS,DAIRY,MILK,ALL CLASSES,ALL PRODUCTION PRACTICES,ALL UTILIZATION PRACTICES,PRODUCTION,LB / HEAD,"MILK - PRODUCTION, MEASURED IN LB / HEAD",TOTAL,NOT SPECIFIED,STATE,26,26,MI,MICHIGAN,,,,,,,,00000000,,,9000,UNITED STATES,MICHIGAN,2024,MONTHLY,10,10,OCT,,2026-02-20 15:00:00.000,"2,330",
SURVEY,ANIMALS & PRODUCTS,DAIRY,MILK,ALL CLASSES,ALL PRODUCTION PRACTICES,ALL UTILIZATION PRACTICES,PRODUCTION,LB / HEAD,"MILK - PRODUCTION, MEASURED IN LB / HEAD",TOTAL,NOT SPECIFIED,STATE,26,26,MI,MICHIGAN,,,,,,,,00000000,,,9000,UNITED STATES,MICHIGAN,2024,MONTHLY,11,11,NOV,,2026-02-20 15:00:00.000,"2,235",
SURVEY,ANIMALS & PRODUCTS,DAIRY,MILK,ALL CLASSES,ALL PRODUCTION PRACTICES,ALL UTILIZATION PRACTICES,PRODUCTION,LB / HEAD,"MILK - PRODUCTION, MEASURED IN LB / HEAD",TOTAL,NOT SPECIFIED,STATE,26,26,MI,MICHIGAN,,,,,,,,00000000,,,9000,UNITED STATES,MICHIGAN,2024,MONTHLY,12,12,DEC,,2026-02-20 15:00:00.000,"2,315",
SURVEY,ANIMALS & PRODUCTS,DAIRY,MILK,ALL CLASSES,ALL PRODUCTION PRACTICES,ALL UTILIZATION PRACTICES,PRODUCTION,LB / HEAD,"MILK - PRODUCTION, MEASURED IN LB / HEAD",TOTAL,NOT SPECIFIED,STATE,27,27,MN,MINNESOTA,,,,,,,,00000000,,,9000,UNITED STATES,MINNESOTA,2024,MONTHLY,01,01,JAN,,2026-02-20 15:00:00.000,"1,955",
SURVEY,ANIMALS & PRODUCTS,DAIRY,MILK,ALL CLASSES,ALL PRODUCTION PRACTICES,ALL UTILIZATION PRACTICES,PRODUCTION,LB / HEAD,"MILK - PRODUCTION, MEASURED IN LB / HEAD",TOTAL,NOT SPECIFIED,STATE,27,27,MN,MINNESOTA,,,,,,,,00000000,,,9000,UNITED STATES,MINNESOTA,2024,MONTHLY,02,02,FEB,,2026-02-20 15:00:00.000,"1,860",
SURVEY,ANIMALS & PRODUCTS,DAIRY,MILK,ALL CLASSES,ALL PRODUCTION PRACTICES,ALL UTILIZATION PRACTICES,PRODUCTION,LB / HEAD,"MILK - PRODUCTION, MEASURED IN LB / HEAD",TOTAL,NOT SPECIFIED,STATE,27,27,MN,MINNESOTA,,,,,,,,00000000,,,9000,UNITED STATES,MINNESOTA,2024,MONTHLY,03,03,MAR,,2026-02-20 15:00:00.000,"2,005",
SURVEY,ANIMALS & PRODUCTS,DAIRY,MILK,ALL CLASSES,ALL PRODUCTION PRACTICES,ALL UTILIZATION PRACTICES,PRODUCTION,LB / HEAD,"MILK - PRODUCTION, MEASURED IN LB / HEAD",TOTAL,NOT SPECIFIED,STATE,27,27,MN,MINNESOTA,,,,,,,,00000000,,,9000,UNITED STATES,MINNESOTA,2024,MONTHLY,04,04,APR,,2026-02-20 15:00:00.000,"1,945",
SURVEY,ANIMALS & PRODUCTS,DAIRY,MILK,ALL CLASSES,ALL PRODUCTION PRACTICES,ALL UTILIZATION PRACTICES,PRODUCTION,LB / HEAD,"MILK - PRODUCTION, MEASURED IN LB / HEAD",TOTAL,NOT SPECIFIED,STATE,27,27,MN,MINNESOTA,,,,,,,,00000000,,,9000,UNITED STATES,MINNESOTA,2024,MONTHLY,05,05,MAY,,2026-02-20 15:00:00.000,"2,020",
SURVEY,ANIMALS & PRODUCTS,DAIRY,MILK,ALL CLASSES,ALL PRODUCTION PRACTICES,ALL UTILIZATION PRACTICES,PRODUCTION,LB / HEAD,"MILK - PRODUCTION, MEASURED IN LB / HEAD",TOTAL,NOT SPECIFIED,STATE,27,27,MN,MINNESOTA,,,,,,,,00000000,,,9000,UNITED STATES,MINNESOTA,2024,MONTHLY,06,06,JUN,,2026-02-20 15:00:00.000,"1,930",
SURVEY,ANIMALS & PRODUCTS,DAIRY,MILK,ALL CLASSES,ALL PRODUCTION PRACTICES,ALL UTILIZATION PRACTICES,PRODUCTION,LB / HEAD,"MILK - PRODUCTION, MEASURED IN LB / HEAD",TOTAL,NOT SPECIFIED,STATE,27,27,MN,MINNESOTA,,,,,,,,00000000,,,9000,UNITED STATES,MINNESOTA,2024,MONTHLY,07,07,JUL,,2026-02-20 15:00:00.000,"1,980",
SURVEY,ANIMALS & PRODUCTS,DAIRY,MILK,ALL CLASSES,ALL PRODUCTION PRACTICES,ALL UTILIZATION PRACTICES,PRODUCTION,LB / HEAD,"MILK - PRODUCTION, MEASURED IN LB / HEAD",TOTAL,NOT SPECIFIED,STATE,27,27,MN,MINNESOTA,,,,,,,,00000000,,,9000,UNITED STATES,MINNESOTA,2024,MONTHLY,08,08,AUG,,2026-02-20 15:00:00.000,"1,965",
SURVEY,ANIMALS & PRODUCTS,DAIRY,MILK,ALL CLASSES,ALL PRODUCTION PRACTICES,ALL UTILIZATION PRACTICES,PRODUCTION,LB / HEAD,"MILK - PRODUCTION, MEASURED IN LB / HEAD",TOTAL,NOT SPECIFIED,STATE,27,27,MN,MINNESOTA,,,,,,,,00000000,,,9000,UNITED STATES,MINNESOTA,2024,MONTHLY,09,09,SEP,,2026-02-20 15:00:00.000,"1,920",
SURVEY,ANIMALS & PRODUCTS,DAIRY,MILK,ALL CLASSES,ALL PRODUCTION PRACTICES,ALL UTILIZATION PRACTICES,PRODUCTION,LB / HEAD,"MILK - PRODUCTION, MEASURED IN LB / HEAD",TOTAL,NOT SPECIFIED,STATE,27,27,MN,MINNESOTA,,,,,,,,00000000,,,9000,UNITED STATES,MINNESOTA,2024,MONTHLY,10,10,OCT,,2026-02-20 15:00:00.000,"1,965",
SURVEY,ANIMALS & PRODUCTS,DAIRY,MILK,ALL CLASSES,ALL PRODUCTION PRACTICES,ALL UTILIZATION PRACTICES,PRODUCTION,LB / HEAD,"MILK - PRODUCTION, MEASURED IN LB / HEAD",TOTAL,NOT SPECIFIED,STATE,27,27,MN,MINNESOTA,,,,,,,,00000000,,,9000,UNITED STATES,MINNESOTA,2024,MONTHLY,11,11,NOV,,2026-02-20 15:00:00.000,"1,890",
SURVEY,ANIMALS & PRODUCTS,DAIRY,MILK,ALL CLASSES,ALL PRODUCTION PRACTICES,ALL UTILIZATION PRACTICES,PRODUCTION,LB / HEAD,"MILK - PRODUCTION, MEASURED IN LB / HEAD",TOTAL,NOT SPECIFIED,STATE,27,27,MN,MINNESOTA,,,,,,,,00000000,,,9000,UNITED STATES,MINNESOTA,2024,MONTHLY,12,12,DEC,,2026-02-20 15:00:00.000,"1,965",
SURVEY,ANIMALS & PRODUCTS,DAIRY,MILK,ALL CLASSES,ALL PRODUCTION PRACTICES,ALL UTILIZATION PRACTICES,PRODUCTION,LB / HEAD,"MILK - PRODUCTION, MEASURED IN LB / HEAD",TOTAL,NOT SPECIFIED,STATE,35,35,NM,NEW MEXICO,,,,,,,,00000000,,,9000,UNITED STATES,NEW MEXICO,2024,MONTHLY,01,01,JAN,,2026-02-20 15:00:00.000,"2,130",
SURVEY,ANIMALS & PRODUCTS,DAIRY,MILK,ALL CLASSES,ALL PRODUCTION PRACTICES,ALL UTILIZATION PRACTICES,PRODUCTION,LB / HEAD,"MILK - PRODUCTION, MEASURED IN LB / HEAD",TOTAL,NOT SPECIFIED,STATE,35,35,NM,NEW MEXICO,,,,,,,,00000000,,,9000,UNITED STATES,NEW MEXICO,2024,MONTHLY,02,02,FEB,,2026-02-20 15:00:00.000,"2,030",
SURVEY,ANIMALS & PRODUCTS,DAIRY,MILK,ALL CLASSES,ALL PRODUCTION PRACTICES,ALL UTILIZATION PRACTICES,PRODUCTION,LB / HEAD,"MILK - PRODUCTION, MEASURED IN LB / HEAD",TOTAL,NOT SPECIFIED,STATE,35,35,NM,NEW MEXICO,,,,,,,,00000000,,,9000,UNITED STATES,NEW MEXICO,2024,MONTHLY,03,03,MAR,,2026-02-20 15:00:00.000,"2,200",
SURVEY,ANIMALS & PRODUCTS,DAIRY,MILK,ALL CLASSES,ALL PRODUCTION PRACTICES,ALL UTILIZATION PRACTICES,PRODUCTION,LB / HEAD,"MILK - PRODUCTION, MEASURED IN LB / HEAD",TOTAL,NOT SPECIFIED,STATE,35,35,NM,NEW MEXICO,,,,,,,,00000000,,,9000,UNITED STATES,NEW MEXICO,2024,MONTHLY,04,04,APR,,2026-02-20 15:00:00.000,"2,120",
SURVEY,ANIMALS & PRODUCTS,DAIRY,MILK,ALL CLASSES,ALL PRODUCTION PRACTICES,ALL UTILIZATION PRACTICES,PRODUCTION,LB / HEAD,"MILK - PRODUCTION, MEASURED IN LB / HEAD",TOTAL,NOT SPECIFIED,STATE,35,35,NM,NEW MEXICO,,,,,,,,00000000,,,9000,UNITED STATES,NEW MEXICO,2024,MONTHLY,05,05,MAY,,2026-02-20 15:00:00.000,"2,170",
SURVEY,ANIMALS & PRODUCTS,DAIRY,MILK,ALL CLASSES,ALL PRODUCTION PRACTICES,ALL UTILIZATION PRACTICES,PRODUCTION,LB / HEAD,"MILK - PRODUCTION, MEASURED IN LB / HEAD",TOTAL,NOT SPECIFIED,STATE,35,35,NM,NEW MEXICO,,,,,,,,00000000,,,9000,UNITED STATES,NEW MEXICO,2024,MONTHLY,06,06,JUN,,2026-02-20 15:00:00.000,"2,020",
SURVEY,ANIMALS & PRODUCTS,DAIRY,MILK,ALL CLASSES,ALL PRODUCTION PRACTICES,ALL UTILIZATION PRACTICES,PRODUCTION,LB / HEAD,"MILK - PRODUCTION, MEASURED IN LB / HEAD",TOTAL,NOT SPECIFIED,STATE,35,35,NM,NEW MEXICO,,,,,,,,00000000,,,9000,UNITED STATES,NEW MEXICO,2024,MONTHLY,07,07,JUL,,2026-02-20 15:00:00.000,"2,055",
SURVEY,ANIMALS & PRODUCTS,DAIRY,MILK,ALL CLASSES,ALL PRODUCTION PRACTICES,ALL UTILIZATION PRACTICES,PRODUCTION,LB / HEAD,"MILK - PRODUCTION, MEASURED IN LB / HEAD",TOTAL,NOT SPECIFIED,STATE,35,35,NM,NEW MEXICO,,,,,,,,00000000,,,9000,UNITED STATES,NEW MEXICO,2024,MONTHLY,08,08,AUG,,2026-02-20 15:00:00.000,"2,010",
SURVEY,ANIMALS & PRODUCTS,DAIRY,MILK,ALL CLASSES,ALL PRODUCTION PRACTICES,ALL UTILIZATION PRACTICES,PRODUCTION,LB / HEAD,"MILK - PRODUCTION, MEASURED IN LB / HEAD",TOTAL,NOT SPECIFIED,STATE,35,35,NM,NEW MEXICO,,,,,,,,00000000,,,9000,UNITED STATES,NEW MEXICO,2024,MONTHLY,09,09,SEP,,2026-02-20 15:00:00.000,"1,970",
SURVEY,ANIMALS & PRODUCTS,DAIRY,MILK,ALL CLASSES,ALL PRODUCTION PRACTICES,ALL UTILIZATION PRACTICES,PRODUCTION,LB / HEAD,"MILK - PRODUCTION, MEASURED IN LB / HEAD",TOTAL,NOT SPECIFIED,STATE,35,35,NM,NEW MEXICO,,,,,,,,00000000,,,9000,UNITED STATES,NEW MEXICO,2024,MONTHLY,10,10,OCT,,2026-02-20 15:00:00.000,"2,055",
SURVEY,ANIMALS & PRODUCTS,DAIRY,MILK,ALL CLASSES,ALL PRODUCTION PRACTICES,ALL UTILIZATION PRACTICES,PRODUCTION,LB / HEAD,"MILK - PRODUCTION, MEASURED IN LB / HEAD",TOTAL,NOT SPECIFIED,STATE,35,35,NM,NEW MEXICO,,,,,,,,00000000,,,9000,UNITED STATES,NEW MEXICO,2024,MONTHLY,11,11,NOV,,2026-02-20 15:00:00.000,"1,960",
SURVEY,ANIMALS & PRODUCTS,DAIRY,MILK,ALL CLASSES,ALL PRODUCTION PRACTICES,ALL UTILIZATION PRACTICES,PRODUCTION,LB / HEAD,"MILK - PRODUCTION, MEASURED IN LB / HEAD",TOTAL,NOT SPECIFIED,STATE,35,35,NM,NEW MEXICO,,,,,,,,00000000,,,9000,UNITED STATES,NEW MEXICO,2024,MONTHLY,12,12,DEC,,2026-02-20 15:00:00.000,"2,060",
SURVEY,ANIMALS & PRODUCTS,DAIRY,MILK,ALL CLASSES,ALL PRODUCTION PRACTICES,ALL UTILIZATION PRACTICES,PRODUCTION,LB / HEAD,"MILK - PRODUCTION, MEASURED IN LB / HEAD",TOTAL,NOT SPECIFIED,STATE,36,36,NY,NEW YORK,,,,,,,,00000000,,,9000,UNITED STATES,NEW YORK,2024,MONTHLY,01,01,JAN,,2026-02-20 15:00:00.000,"2,125",
SURVEY,ANIMALS & PRODUCTS,DAIRY,MILK,ALL CLASSES,ALL PRODUCTION PRACTICES,ALL UTILIZATION PRACTICES,PRODUCTION,LB / HEAD,"MILK - PRODUCTION, MEASURED IN LB / HEAD",TOTAL,NOT SPECIFIED,STATE,36,36,NY,NEW YORK,,,,,,,,00000000,,,9000,UNITED STATES,NEW YORK,2024,MONTHLY,02,02,FEB,,2026-02-20 15:00:00.000,"2,020",
SURVEY,ANIMALS & PRODUCTS,DAIRY,MILK,ALL CLASSES,ALL PRODUCTION PRACTICES,ALL UTILIZATION PRACTICES,PRODUCTION,LB / HEAD,"MILK - PRODUCTION, MEASURED IN LB / HEAD",TOTAL,NOT SPECIFIED,STATE,36,36,NY,NEW YORK,,,,,,,,00000000,,,9000,UNITED STATES,NEW YORK,2024,MONTHLY,03,03,MAR,,2026-02-20 15:00:00.000,"2,190",
SURVEY,ANIMALS & PRODUCTS,DAIRY,MILK,ALL CLASSES,ALL PRODUCTION PRACTICES,ALL UTILIZATION PRACTICES,PRODUCTION,LB / HEAD,"MILK - PRODUCTION, MEASURED IN LB / HEAD",TOTAL,NOT SPECIFIED,STATE,36,36,NY,NEW YORK,,,,,,,,00000000,,,9000,UNITED STATES,NEW YORK,2024,MONTHLY,04,04,APR,,2026-02-20 15:00:00.000,"2,150",
SURVEY,ANIMALS & PRODUCTS,DAIRY,MILK,ALL CLASSES,ALL PRODUCTION PRACTICES,ALL UTILIZATION PRACTICES,PRODUCTION,LB / HEAD,"MILK - PRODUCTION, MEASURED IN LB / HEAD",TOTAL,NOT SPECIFIED,STATE,36,36,NY,NEW YORK,,,,,,,,00000000,,,9000,UNITED STATES,NEW YORK,2024,MONTHLY,05,05,MAY,,2026-02-20 15:00:00.000,"2,230",
SURVEY,ANIMALS & PRODUCTS,DAIRY,MILK,ALL CLASSES,ALL PRODUCTION PRACTICES,ALL UTILIZATION PRACTICES,PRODUCTION,LB / HEAD,"MILK - PRODUCTION, MEASURED IN LB / HEAD",TOTAL,NOT SPECIFIED,STATE,36,36,NY,NEW YORK,,,,,,,,00000000,,,9000,UNITED STATES,NEW YORK,2024,MONTHLY,06,06,JUN,,2026-02-20 15:00:00.000,"2,130",
SURVEY,ANIMALS & PRODUCTS,DAIRY,MILK,ALL CLASSES,ALL PRODUCTION PRACTICES,ALL UTILIZATION PRACTICES,PRODUCTION,LB / HEAD,"MILK - PRODUCTION, MEASURED IN LB / HEAD",TOTAL,NOT SPECIFIED,STATE,36,36,NY,NEW YORK,,,,,,,,00000000,,,9000,UNITED STATES,NEW YORK,2024,MONTHLY,07,07,JUL,,2026-02-20 15:00:00.000,"2,185",
SURVEY,ANIMALS & PRODUCTS,DAIRY,MILK,ALL CLASSES,ALL PRODUCTION PRACTICES,ALL UTILIZATION PRACTICES,PRODUCTION,LB / HEAD,"MILK - PRODUCTION, MEASURED IN LB / HEAD",TOTAL,NOT SPECIFIED,STATE,36,36,NY,NEW YORK,,,,,,,,00000000,,,9000,UNITED STATES,NEW YORK,2024,MONTHLY,08,08,AUG,,2026-02-20 15:00:00.000,"2,160",
SURVEY,ANIMALS & PRODUCTS,DAIRY,MILK,ALL CLASSES,ALL PRODUCTION PRACTICES,ALL UTILIZATION PRACTICES,PRODUCTION,LB / HEAD,"MILK - PRODUCTION, MEASURED IN LB / HEAD",TOTAL,NOT SPECIFIED,STATE,36,36,NY,NEW YORK,,,,,,,,00000000,,,9000,UNITED STATES,NEW YORK,2024,MONTHLY,09,09,SEP,,2026-02-20 15:00:00.000,"2,085",
SURVEY,ANIMALS & PRODUCTS,DAIRY,MILK,ALL CLASSES,ALL PRODUCTION PRACTICES,ALL UTILIZATION PRACTICES,PRODUCTION,LB / HEAD,"MILK - PRODUCTION, MEASURED IN LB / HEAD",TOTAL,NOT SPECIFIED,STATE,36,36,NY,NEW YORK,,,,,,,,00000000,,,9000,UNITED STATES,NEW YORK,2024,MONTHLY,10,10,OCT,,2026-02-20 15:00:00.000,"2,120",
SURVEY,ANIMALS & PRODUCTS,DAIRY,MILK,ALL CLASSES,ALL PRODUCTION PRACTICES,ALL UTILIZATION PRACTICES,PRODUCTION,LB / HEAD,"MILK - PRODUCTION, MEASURED IN LB / HEAD",TOTAL,NOT SPECIFIED,STATE,36,36,NY,NEW YORK,,,,,,,,00000000,,,9000,UNITED STATES,NEW YORK,2024,MONTHLY,11,11,NOV,,2026-02-20 15:00:00.000,"2,055",
SURVEY,ANIMALS & PRODUCTS,DAIRY,MILK,ALL CLASSES,ALL PRODUCTION PRACTICES,ALL UTILIZATION PRACTICES,PRODUCTION,LB / HEAD,"MILK - PRODUCTION, MEASURED IN LB / HEAD",TOTAL,NOT SPECIFIED,STATE,36,36,NY,NEW YORK,,,,,,,,00000000,,,9000,UNITED STATES,NEW YORK,2024,MONTHLY,12,12,DEC,,2026-02-20 15:00:00.000,"2,120",
SURVEY,ANIMALS & PRODUCTS,DAIRY,MILK,ALL CLASSES,ALL PRODUCTION PRACTICES,ALL UTILIZATION PRACTICES,PRODUCTION,LB / HEAD,"MILK - PRODUCTION, MEASURED IN LB / HEAD",TOTAL,NOT SPECIFIED,STATE,39,39,OH,OHIO,,,,,,,,00000000,,,9000,UNITED STATES,OHIO,2024,MONTHLY,01,01,JAN,,2026-02-20 15:00:00.000,"1,885",
SURVEY,ANIMALS & PRODUCTS,DAIRY,MILK,ALL CLASSES,ALL PRODUCTION PRACTICES,ALL UTILIZATION PRACTICES,PRODUCTION,LB / HEAD,"MILK - PRODUCTION, MEASURED IN LB / HEAD",TOTAL,NOT SPECIFIED,STATE,39,39,OH,OHIO,,,,,,,,00000000,,,9000,UNITED STATES,OHIO,2024,MONTHLY,02,02,FEB,,2026-02-20 15:00:00.000,"1,785",
SURVEY,ANIMALS & PRODUCTS,DAIRY,MILK,ALL CLASSES,ALL PRODUCTION PRACTICES,ALL UTILIZATION PRACTICES,PRODUCTION,LB / HEAD,"MILK - PRODUCTION, MEASURED IN LB / HEAD",TOTAL,NOT SPECIFIED,STATE,39,39,OH,OHIO,,,,,,,,00000000,,,9000,UNITED STATES,OHIO,2024,MONTHLY,03,03,MAR,,2026-02-20 15:00:00.000,"1,930",
SURVEY,ANIMALS & PRODUCTS,DAIRY,MILK,ALL CLASSES,ALL PRODUCTION PRACTICES,ALL UTILIZATION PRACTICES,PRODUCTION,LB / HEAD,"MILK - PRODUCTION, MEASURED IN LB / HEAD",TOTAL,NOT SPECIFIED,STATE,39,39,OH,OHIO,,,,,,,,00000000,,,9000,UNITED STATES,OHIO,2024,MONTHLY,04,04,APR,,2026-02-20 15:00:00.000,"1,880",
SURVEY,ANIMALS & PRODUCTS,DAIRY,MILK,ALL CLASSES,ALL PRODUCTION PRACTICES,ALL UTILIZATION PRACTICES,PRODUCTION,LB / HEAD,"MILK - PRODUCTION, MEASURED IN LB / HEAD",TOTAL,NOT SPECIFIED,STATE,39,39,OH,OHIO,,,,,,,,00000000,,,9000,UNITED STATES,OHIO,2024,MONTHLY,05,05,MAY,,2026-02-20 15:00:00.000,"1,930",
SURVEY,ANIMALS & PRODUCTS,DAIRY,MILK,ALL CLASSES,ALL PRODUCTION PRACTICES,ALL UTILIZATION PRACTICES,PRODUCTION,LB / HEAD,"MILK - PRODUCTION, MEASURED IN LB / HEAD",TOTAL,NOT SPECIFIED,STATE,39,39,OH,OHIO,,,,,,,,00000000,,,9000,UNITED STATES,OHIO,2024,MONTHLY,06,06,JUN,,2026-02-20 15:00:00.000,"1,865",
SURVEY,ANIMALS & PRODUCTS,DAIRY,MILK,ALL CLASSES,ALL PRODUCTION PRACTICES,ALL UTILIZATION PRACTICES,PRODUCTION,LB / HEAD,"MILK - PRODUCTION, MEASURED IN LB / HEAD",TOTAL,NOT SPECIFIED,STATE,39,39,OH,OHIO,,,,,,,,00000000,,,9000,UNITED STATES,OHIO,2024,MONTHLY,07,07,JUL,,2026-02-20 15:00:00.000,"1,920",
SURVEY,ANIMALS & PRODUCTS,DAIRY,MILK,ALL CLASSES,ALL PRODUCTION PRACTICES,ALL UTILIZATION PRACTICES,PRODUCTION,LB / HEAD,"MILK - PRODUCTION, MEASURED IN LB / HEAD",TOTAL,NOT SPECIFIED,STATE,39,39,OH,OHIO,,,,,,,,00000000,,,9000,UNITED STATES,OHIO,2024,MONTHLY,08,08,AUG,,2026-02-20 15:00:00.000,"1,910",
SURVEY,ANIMALS & PRODUCTS,DAIRY,MILK,ALL CLASSES,ALL PRODUCTION PRACTICES,ALL UTILIZATION PRACTICES,PRODUCTION,LB / HEAD,"MILK - PRODUCTION, MEASURED IN LB / HEAD",TOTAL,NOT SPECIFIED,STATE,39,39,OH,OHIO,,,,,,,,00000000,,,9000,UNITED STATES,OHIO,2024,MONTHLY,09,09,SEP,,2026-02-20 15:00:00.000,"1,820",
SURVEY,ANIMALS & PRODUCTS,DAIRY,MILK,ALL CLASSES,ALL PRODUCTION PRACTICES,ALL UTILIZATION PRACTICES,PRODUCTION,LB / HEAD,"MILK - PRODUCTION, MEASURED IN LB / HEAD",TOTAL,NOT SPECIFIED,STATE,39,39,OH,OHIO,,,,,,,,00000000,,,9000,UNITED STATES,OHIO,2024,MONTHLY,10,10,OCT,,2026-02-20 15:00:00.000,"1,880",
SURVEY,ANIMALS & PRODUCTS,DAIRY,MILK,ALL CLASSES,ALL PRODUCTION PRACTICES,ALL UTILIZATION PRACTICES,PRODUCTION,LB / HEAD,"MILK - PRODUCTION, MEASURED IN LB / HEAD",TOTAL,NOT SPECIFIED,STATE,39,39,OH,OHIO,,,,,,,,00000000,,,9000,UNITED STATES,OHIO,2024,MONTHLY,11,11,NOV,,2026-02-20 15:00:00.000,"1,830",
SURVEY,ANIMALS & PRODUCTS,DAIRY,MILK,ALL CLASSES,ALL PRODUCTION PRACTICES,ALL UTILIZATION PRACTICES,PRODUCTION,LB / HEAD,"MILK - PRODUCTION, MEASURED IN LB / HEAD",TOTAL,NOT SPECIFIED,STATE,39,39,OH,OHIO,,,,,,,,00000000,,,9000,UNITED STATES,OHIO,2024,MONTHLY,12,12,DEC,,2026-02-20 15:00:00.000,"1,910",
SURVEY,ANIMALS & PRODUCTS,DAIRY,MILK,ALL CLASSES,ALL PRODUCTION PRACTICES,ALL UTILIZATION PRACTICES,PRODUCTION,LB / HEAD,"MILK - PRODUCTION, MEASURED IN LB / HEAD",TOTAL,NOT SPECIFIED,STATE,41,41,OR,OREGON,,,,,,,,00000000,,,9000,UNITED STATES,OREGON,2024,MONTHLY,01,01,JAN,,2026-02-20 15:00:00.000,"1,730",
SURVEY,ANIMALS & PRODUCTS,DAIRY,MILK,ALL CLASSES,ALL PRODUCTION PRACTICES,ALL UTILIZATION PRACTICES,PRODUCTION,LB / HEAD,"MILK - PRODUCTION, MEASURED IN LB / HEAD",TOTAL,NOT SPECIFIED,STATE,41,41,OR,OREGON,,,,,,,,00000000,,,9000,UNITED STATES,OREGON,2024,MONTHLY,02,02,FEB,,2026-02-20 15:00:00.000,"1,655",
SURVEY,ANIMALS & PRODUCTS,DAIRY,MILK,ALL CLASSES,ALL PRODUCTION PRACTICES,ALL UTILIZATION PRACTICES,PRODUCTION,LB / HEAD,"MILK - PRODUCTION, MEASURED IN LB / HEAD",TOTAL,NOT SPECIFIED,STATE,41,41,OR,OREGON,,,,,,,,00000000,,,9000,UNITED STATES,OREGON,2024,MONTHLY,03,03,MAR,,2026-02-20 15:00:00.000,"1,820",
SURVEY,ANIMALS & PRODUCTS,DAIRY,MILK,ALL CLASSES,ALL PRODUCTION PRACTICES,ALL UTILIZATION PRACTICES,PRODUCTION,LB / HEAD,"MILK - PRODUCTION, MEASURED IN LB / HEAD",TOTAL,NOT SPECIFIED,STATE,41,41,OR,OREGON,,,,,,,,00000000,,,9000,UNITED STATES,OREGON,2024,MONTHLY,04,04,APR,,2026-02-20 15:00:00.000,"1,765",
SURVEY,ANIMALS & PRODUCTS,DAIRY,MILK,ALL CLASSES,ALL PRODUCTION PRACTICES,ALL UTILIZATION PRACTICES,PRODUCTION,LB / HEAD,"MILK - PRODUCTION, MEASURED IN LB / HEAD",TOTAL,NOT SPECIFIED,STATE,41,41,OR,OREGON,,,,,,,,00000000,,,9000,UNITED STATES,OREGON,2024,MONTHLY,05,05,MAY,,2026-02-20 15:00:00.000,"1,840",
SURVEY,ANIMALS & PRODUCTS,DAIRY,MILK,ALL CLASSES,ALL PRODUCTION PRACTICES,ALL UTILIZATION PRACTICES,PRODUCTION,LB / HEAD,"MILK - PRODUCTION, MEASURED IN LB / HEAD",TOTAL,NOT SPECIFIED,STATE,41,41,OR,OREGON,,,,,,,,00000000,,,9000,UNITED STATES,OREGON,2024,MONTHLY,06,06,JUN,,2026-02-20 15:00:00.000,"1,765",
SURVEY,ANIMALS & PRODUCTS,DAIRY,MILK,ALL CLASSES,ALL PRODUCTION PRACTICES,ALL UTILIZATION PRACTICES,PRODUCTION,LB / HEAD,"MILK - PRODUCTION, MEASURED IN LB / HEAD",TOTAL,NOT SPECIFIED,STATE,41,41,OR,OREGON,,,,,,,,00000000,,,9000,UNITED STATES,OREGON,2024,MONTHLY,07,07,JUL,,2026-02-20 15:00:00.000,"1,805",
SURVEY,ANIMALS & PRODUCTS,DAIRY,MILK,ALL CLASSES,ALL PRODUCTION PRACTICES,ALL UTILIZATION PRACTICES,PRODUCTION,LB / HEAD,"MILK - PRODUCTION, MEASURED IN LB / HEAD",TOTAL,NOT SPECIFIED,STATE,41,41,OR,OREGON,,,,,,,,00000000,,,9000,UNITED STATES,OREGON,2024,MONTHLY,08,08,AUG,,2026-02-20 15:00:00.000,"1,785",
SURVEY,ANIMALS & PRODUCTS,DAIRY,MILK,ALL CLASSES,ALL PRODUCTION PRACTICES,ALL UTILIZATION PRACTICES,PRODUCTION,LB / HEAD,"MILK - PRODUCTION, MEASURED IN LB / HEAD",TOTAL,NOT SPECIFIED,STATE,41,41,OR,OREGON,,,,,,,,00000000,,,9000,UNITED STATES,OREGON,2024,MONTHLY,09,09,SEP,,2026-02-20 15:00:00.000,"1,710",
SURVEY,ANIMALS & PRODUCTS,DAIRY,MILK,ALL CLASSES,ALL PRODUCTION PRACTICES,ALL UTILIZATION PRACTICES,PRODUCTION,LB / HEAD,"MILK - PRODUCTION, MEASURED IN LB / HEAD",TOTAL,NOT SPECIFIED,STATE,41,41,OR,OREGON,,,,,,,,00000000,,,9000,UNITED STATES,OREGON,2024,MONTHLY,10,10,OCT,,2026-02-20 15:00:00.000,"1,760",
SURVEY,ANIMALS & PRODUCTS,DAIRY,MILK,ALL CLASSES,ALL PRODUCTION PRACTICES,ALL UTILIZATION PRACTICES,PRODUCTION,LB / HEAD,"MILK - PRODUCTION, MEASURED IN LB / HEAD",TOTAL,NOT SPECIFIED,STATE,41,41,OR,OREGON,,,,,,,,00000000,,,9000,UNITED STATES,OREGON,2024,MONTHLY,11,11,NOV,,2026-02-20 15:00:00.000,"1,680",
SURVEY,ANIMALS & PRODUCTS,DAIRY,MILK,ALL CLASSES,ALL PRODUCTION PRACTICES,ALL UTILIZATION PRACTICES,PRODUCTION,LB / HEAD,"MILK - PRODUCTION, MEASURED IN LB / HEAD",TOTAL,NOT SPECIFIED,STATE,41,41,OR,OREGON,,,,,,,,00000000,,,9000,UNITED STATES,OREGON,2024,MONTHLY,12,12,DEC,,2026-02-20 15:00:00.000,"1,710",
SURVEY,ANIMALS & PRODUCTS,DAIRY,MILK,ALL CLASSES,ALL PRODUCTION PRACTICES,ALL UTILIZATION PRACTICES,PRODUCTION,LB / HEAD,"MILK - PRODUCTION, MEASURED IN LB / HEAD",TOTAL,NOT SPECIFIED,STATE,42,42,PA,PENNSYLVANIA,,,,,,,,00000000,,,9000,UNITED STATES,PENNSYLVANIA,2024,MONTHLY,01,01,JAN,,2026-02-20 15:00:00.000,"1,795",
SURVEY,ANIMALS & PRODUCTS,DAIRY,MILK,ALL CLASSES,ALL PRODUCTION PRACTICES,ALL UTILIZATION PRACTICES,PRODUCTION,LB / HEAD,"MILK - PRODUCTION, MEASURED IN LB / HEAD",TOTAL,NOT SPECIFIED,STATE,42,42,PA,PENNSYLVANIA,,,,,,,,00000000,,,9000,UNITED STATES,PENNSYLVANIA,2024,MONTHLY,02,02,FEB,,2026-02-20 15:00:00.000,"1,710",
SURVEY,ANIMALS & PRODUCTS,DAIRY,MILK,ALL CLASSES,ALL PRODUCTION PRACTICES,ALL UTILIZATION PRACTICES,PRODUCTION,LB / HEAD,"MILK - PRODUCTION, MEASURED IN LB / HEAD",TOTAL,NOT SPECIFIED,STATE,42,42,PA,PENNSYLVANIA,,,,,,,,00000000,,,9000,UNITED STATES,PENNSYLVANIA,2024,MONTHLY,03,03,MAR,,2026-02-20 15:00:00.000,"1,860",
SURVEY,ANIMALS & PRODUCTS,DAIRY,MILK,ALL CLASSES,ALL PRODUCTION PRACTICES,ALL UTILIZATION PRACTICES,PRODUCTION,LB / HEAD,"MILK - PRODUCTION, MEASURED IN LB / HEAD",TOTAL,NOT SPECIFIED,STATE,42,42,PA,PENNSYLVANIA,,,,,,,,00000000,,,9000,UNITED STATES,PENNSYLVANIA,2024,MONTHLY,04,04,APR,,2026-02-20 15:00:00.000,"1,805",
SURVEY,ANIMALS & PRODUCTS,DAIRY,MILK,ALL CLASSES,ALL PRODUCTION PRACTICES,ALL UTILIZATION PRACTICES,PRODUCTION,LB / HEAD,"MILK - PRODUCTION, MEASURED IN LB / HEAD",TOTAL,NOT SPECIFIED,STATE,42,42,PA,PENNSYLVANIA,,,,,,,,00000000,,,9000,UNITED STATES,PENNSYLVANIA,2024,MONTHLY,05,05,MAY,,2026-02-20 15:00:00.000,"1,825",
SURVEY,ANIMALS & PRODUCTS,DAIRY,MILK,ALL CLASSES,ALL PRODUCTION PRACTICES,ALL UTILIZATION PRACTICES,PRODUCTION,LB / HEAD,"MILK - PRODUCTION, MEASURED IN LB / HEAD",TOTAL,NOT SPECIFIED,STATE,42,42,PA,PENNSYLVANIA,,,,,,,,00000000,,,9000,UNITED STATES,PENNSYLVANIA,2024,MONTHLY,06,06,JUN,,2026-02-20 15:00:00.000,"1,725",
SURVEY,ANIMALS & PRODUCTS,DAIRY,MILK,ALL CLASSES,ALL PRODUCTION PRACTICES,ALL UTILIZATION PRACTICES,PRODUCTION,LB / HEAD,"MILK - PRODUCTION, MEASURED IN LB / HEAD",TOTAL,NOT SPECIFIED,STATE,42,42,PA,PENNSYLVANIA,,,,,,,,00000000,,,9000,UNITED STATES,PENNSYLVANIA,2024,MONTHLY,07,07,JUL,,2026-02-20 15:00:00.000,"1,735",
SURVEY,ANIMALS & PRODUCTS,DAIRY,MILK,ALL CLASSES,ALL PRODUCTION PRACTICES,ALL UTILIZATION PRACTICES,PRODUCTION,LB / HEAD,"MILK - PRODUCTION, MEASURED IN LB / HEAD",TOTAL,NOT SPECIFIED,STATE,42,42,PA,PENNSYLVANIA,,,,,,,,00000000,,,9000,UNITED STATES,PENNSYLVANIA,2024,MONTHLY,08,08,AUG,,2026-02-20 15:00:00.000,"1,725",
SURVEY,ANIMALS & PRODUCTS,DAIRY,MILK,ALL CLASSES,ALL PRODUCTION PRACTICES,ALL UTILIZATION PRACTICES,PRODUCTION,LB / HEAD,"MILK - PRODUCTION, MEASURED IN LB / HEAD",TOTAL,NOT SPECIFIED,STATE,42,42,PA,PENNSYLVANIA,,,,,,,,00000000,,,9000,UNITED STATES,PENNSYLVANIA,2024,MONTHLY,09,09,SEP,,2026-02-20 15:00:00.000,"1,675",
SURVEY,ANIMALS & PRODUCTS,DAIRY,MILK,ALL CLASSES,ALL PRODUCTION PRACTICES,ALL UTILIZATION PRACTICES,PRODUCTION,LB / HEAD,"MILK - PRODUCTION, MEASURED IN LB / HEAD",TOTAL,NOT SPECIFIED,STATE,42,42,PA,PENNSYLVANIA,,,,,,,,00000000,,,9000,UNITED STATES,PENNSYLVANIA,2024,MONTHLY,10,10,OCT,,2026-02-20 15:00:00.000,"1,725",
SURVEY,ANIMALS & PRODUCTS,DAIRY,MILK,ALL CLASSES,ALL PRODUCTION PRACTICES,ALL UTILIZATION PRACTICES,PRODUCTION,LB / HEAD,"MILK - PRODUCTION, MEASURED IN LB / HEAD",TOTAL,NOT SPECIFIED,STATE,42,42,PA,PENNSYLVANIA,,,,,,,,00000000,,,9000,UNITED STATES,PENNSYLVANIA,2024,MONTHLY,11,11,NOV,,2026-02-20 15:00:00.000,"1,690",
SURVEY,ANIMALS & PRODUCTS,DAIRY,MILK,ALL CLASSES,ALL PRODUCTION PRACTICES,ALL UTILIZATION PRACTICES,PRODUCTION,LB / HEAD,"MILK - PRODUCTION, MEASURED IN LB / HEAD",TOTAL,NOT SPECIFIED,STATE,42,42,PA,PENNSYLVANIA,,,,,,,,00000000,,,9000,UNITED STATES,PENNSYLVANIA,2024,MONTHLY,12,12,DEC,,2026-02-20 15:00:00.000,"1,765",
SURVEY,ANIMALS & PRODUCTS,DAIRY,MILK,ALL CLASSES,ALL PRODUCTION PRACTICES,ALL UTILIZATION PRACTICES,PRODUCTION,LB / HEAD,"MILK - PRODUCTION, MEASURED IN LB / HEAD",TOTAL,NOT SPECIFIED,STATE,46,46,SD,SOUTH DAKOTA,,,,,,,,00000000,,,9000,UNITED STATES,SOUTH DAKOTA,2024,MONTHLY,01,01,JAN,,2026-02-20 15:00:00.000,"1,905",
SURVEY,ANIMALS & PRODUCTS,DAIRY,MILK,ALL CLASSES,ALL PRODUCTION PRACTICES,ALL UTILIZATION PRACTICES,PRODUCTION,LB / HEAD,"MILK - PRODUCTION, MEASURED IN LB / HEAD",TOTAL,NOT SPECIFIED,STATE,46,46,SD,SOUTH DAKOTA,,,,,,,,00000000,,,9000,UNITED STATES,SOUTH DAKOTA,2024,MONTHLY,02,02,FEB,,2026-02-20 15:00:00.000,"1,825",
SURVEY,ANIMALS & PRODUCTS,DAIRY,MILK,ALL CLASSES,ALL PRODUCTION PRACTICES,ALL UTILIZATION PRACTICES,PRODUCTION,LB / HEAD,"MILK - PRODUCTION, MEASURED IN LB / HEAD",TOTAL,NOT SPECIFIED,STATE,46,46,SD,SOUTH DAKOTA,,,,,,,,00000000,,,9000,UNITED STATES,SOUTH DAKOTA,2024,MONTHLY,03,03,MAR,,2026-02-20 15:00:00.000,"1,950",
SURVEY,ANIMALS & PRODUCTS,DAIRY,MILK,ALL CLASSES,ALL PRODUCTION PRACTICES,ALL UTILIZATION PRACTICES,PRODUCTION,LB / HEAD,"MILK - PRODUCTION, MEASURED IN LB / HEAD",TOTAL,NOT SPECIFIED,STATE,46,46,SD,SOUTH DAKOTA,,,,,,,,00000000,,,9000,UNITED STATES,SOUTH DAKOTA,2024,MONTHLY,04,04,APR,,2026-02-20 15:00:00.000,"1,900",
SURVEY,ANIMALS & PRODUCTS,DAIRY,MILK,ALL CLASSES,ALL PRODUCTION PRACTICES,ALL UTILIZATION PRACTICES,PRODUCTION,LB / HEAD,"MILK - PRODUCTION, MEASURED IN LB / HEAD",TOTAL,NOT SPECIFIED,STATE,46,46,SD,SOUTH DAKOTA,,,,,,,,00000000,,,9000,UNITED STATES,SOUTH DAKOTA,2024,MONTHLY,05,05,MAY,,2026-02-20 15:00:00.000,"1,975",
SURVEY,ANIMALS & PRODUCTS,DAIRY,MILK,ALL CLASSES,ALL PRODUCTION PRACTICES,ALL UTILIZATION PRACTICES,PRODUCTION,LB / HEAD,"MILK - PRODUCTION, MEASURED IN LB / HEAD",TOTAL,NOT SPECIFIED,STATE,46,46,SD,SOUTH DAKOTA,,,,,,,,00000000,,,9000,UNITED STATES,SOUTH DAKOTA,2024,MONTHLY,06,06,JUN,,2026-02-20 15:00:00.000,"1,915",
SURVEY,ANIMALS & PRODUCTS,DAIRY,MILK,ALL CLASSES,ALL PRODUCTION PRACTICES,ALL UTILIZATION PRACTICES,PRODUCTION,LB / HEAD,"MILK - PRODUCTION, MEASURED IN LB / HEAD",TOTAL,NOT SPECIFIED,STATE,46,46,SD,SOUTH DAKOTA,,,,,,,,00000000,,,9000,UNITED STATES,SOUTH DAKOTA,2024,MONTHLY,07,07,JUL,,2026-02-20 15:00:00.000,"1,985",
SURVEY,ANIMALS & PRODUCTS,DAIRY,MILK,ALL CLASSES,ALL PRODUCTION PRACTICES,ALL UTILIZATION PRACTICES,PRODUCTION,LB / HEAD,"MILK - PRODUCTION, MEASURED IN LB / HEAD",TOTAL,NOT SPECIFIED,STATE,46,46,SD,SOUTH DAKOTA,,,,,,,,00000000,,,9000,UNITED STATES,SOUTH DAKOTA,2024,MONTHLY,08,08,AUG,,2026-02-20 15:00:00.000,"1,990",
SURVEY,ANIMALS & PRODUCTS,DAIRY,MILK,ALL CLASSES,ALL PRODUCTION PRACTICES,ALL UTILIZATION PRACTICES,PRODUCTION,LB / HEAD,"MILK - PRODUCTION, MEASURED IN LB / HEAD",TOTAL,NOT SPECIFIED,STATE,46,46,SD,SOUTH DAKOTA,,,,,,,,00000000,,,9000,UNITED STATES,SOUTH DAKOTA,2024,MONTHLY,09,09,SEP,,2026-02-20 15:00:00.000,"1,935",
SURVEY,ANIMALS & PRODUCTS,DAIRY,MILK,ALL CLASSES,ALL PRODUCTION PRACTICES,ALL UTILIZATION PRACTICES,PRODUCTION,LB / HEAD,"MILK - PRODUCTION, MEASURED IN LB / HEAD",TOTAL,NOT SPECIFIED,STATE,46,46,SD,SOUTH DAKOTA,,,,,,,,00000000,,,9000,UNITED STATES,SOUTH DAKOTA,2024,MONTHLY,10,10,OCT,,2026-02-20 15:00:00.000,"1,990",
SURVEY,ANIMALS & PRODUCTS,DAIRY,MILK,ALL CLASSES,ALL PRODUCTION PRACTICES,ALL UTILIZATION PRACTICES,PRODUCTION,LB / HEAD,"MILK - PRODUCTION, MEASURED IN LB / HEAD",TOTAL,NOT SPECIFIED,STATE,46,46,SD,SOUTH DAKOTA,,,,,,,,00000000,,,9000,UNITED STATES,SOUTH DAKOTA,2024,MONTHLY,11,11,NOV,,2026-02-20 15:00:00.000,"1,900",
SURVEY,ANIMALS & PRODUCTS,DAIRY,MILK,ALL CLASSES,ALL PRODUCTION PRACTICES,ALL UTILIZATION PRACTICES,PRODUCTION,LB / HEAD,"MILK - PRODUCTION, MEASURED IN LB / HEAD",TOTAL,NOT SPECIFIED,STATE,46,46,SD,SOUTH DAKOTA,,,,,,,,00000000,,,9000,UNITED STATES,SOUTH DAKOTA,2024,MONTHLY,12,12,DEC,,2026-02-20 15:00:00.000,"1,970",
SURVEY,ANIMALS & PRODUCTS,DAIRY,MILK,ALL CLASSES,ALL PRODUCTION PRACTICES,ALL UTILIZATION PRACTICES,PRODUCTION,LB / HEAD,"MILK - PRODUCTION, MEASURED IN LB / HEAD",TOTAL,NOT SPECIFIED,STATE,48,48,TX,TEXAS,,,,,,,,00000000,,,9000,UNITED STATES,TEXAS,2024,MONTHLY,01,01,JAN,,2026-02-20 15:00:00.000,"2,195",
SURVEY,ANIMALS & PRODUCTS,DAIRY,MILK,ALL CLASSES,ALL PRODUCTION PRACTICES,ALL UTILIZATION PRACTICES,PRODUCTION,LB / HEAD,"MILK - PRODUCTION, MEASURED IN LB / HEAD",TOTAL,NOT SPECIFIED,STATE,48,48,TX,TEXAS,,,,,,,,00000000,,,9000,UNITED STATES,TEXAS,2024,MONTHLY,02,02,FEB,,2026-02-20 15:00:00.000,"2,110",
SURVEY,ANIMALS & PRODUCTS,DAIRY,MILK,ALL CLASSES,ALL PRODUCTION PRACTICES,ALL UTILIZATION PRACTICES,PRODUCTION,LB / HEAD,"MILK - PRODUCTION, MEASURED IN LB / HEAD",TOTAL,NOT SPECIFIED,STATE,48,48,TX,TEXAS,,,,,,,,00000000,,,9000,UNITED STATES,TEXAS,2024,MONTHLY,03,03,MAR,,2026-02-20 15:00:00.000,"2,225",
SURVEY,ANIMALS & PRODUCTS,DAIRY,MILK,ALL CLASSES,ALL PRODUCTION PRACTICES,ALL UTILIZATION PRACTICES,PRODUCTION,LB / HEAD,"MILK - PRODUCTION, MEASURED IN LB / HEAD",TOTAL,NOT SPECIFIED,STATE,48,48,TX,TEXAS,,,,,,,,00000000,,,9000,UNITED STATES,TEXAS,2024,MONTHLY,04,04,APR,,2026-02-20 15:00:00.000,"2,135",
SURVEY,ANIMALS & PRODUCTS,DAIRY,MILK,ALL CLASSES,ALL PRODUCTION PRACTICES,ALL UTILIZATION PRACTICES,PRODUCTION,LB / HEAD,"MILK - PRODUCTION, MEASURED IN LB / HEAD",TOTAL,NOT SPECIFIED,STATE,48,48,TX,TEXAS,,,,,,,,00000000,,,9000,UNITED STATES,TEXAS,2024,MONTHLY,05,05,MAY,,2026-02-20 15:00:00.000,"2,235",
SURVEY,ANIMALS & PRODUCTS,DAIRY,MILK,ALL CLASSES,ALL PRODUCTION PRACTICES,ALL UTILIZATION PRACTICES,PRODUCTION,LB / HEAD,"MILK - PRODUCTION, MEASURED IN LB / HEAD",TOTAL,NOT SPECIFIED,STATE,48,48,TX,TEXAS,,,,,,,,00000000,,,9000,UNITED STATES,TEXAS,2024,MONTHLY,06,06,JUN,,2026-02-20 15:00:00.000,"2,110",
SURVEY,ANIMALS & PRODUCTS,DAIRY,MILK,ALL CLASSES,ALL PRODUCTION PRACTICES,ALL UTILIZATION PRACTICES,PRODUCTION,LB / HEAD,"MILK - PRODUCTION, MEASURED IN LB / HEAD",TOTAL,NOT SPECIFIED,STATE,48,48,TX,TEXAS,,,,,,,,00000000,,,9000,UNITED STATES,TEXAS,2024,MONTHLY,07,07,JUL,,2026-02-20 15:00:00.000,"2,155",
SURVEY,ANIMALS & PRODUCTS,DAIRY,MILK,ALL CLASSES,ALL PRODUCTION PRACTICES,ALL UTILIZATION PRACTICES,PRODUCTION,LB / HEAD,"MILK - PRODUCTION, MEASURED IN LB / HEAD",TOTAL,NOT SPECIFIED,STATE,48,48,TX,TEXAS,,,,,,,,00000000,,,9000,UNITED STATES,TEXAS,2024,MONTHLY,08,08,AUG,,2026-02-20 15:00:00.000,"2,155",
SURVEY,ANIMALS & PRODUCTS,DAIRY,MILK,ALL CLASSES,ALL PRODUCTION PRACTICES,ALL UTILIZATION PRACTICES,PRODUCTION,LB / HEAD,"MILK - PRODUCTION, MEASURED IN LB / HEAD",TOTAL,NOT SPECIFIED,STATE,48,48,TX,TEXAS,,,,,,,,00000000,,,9000,UNITED STATES,TEXAS,2024,MONTHLY,09,09,SEP,,2026-02-20 15:00:00.000,"2,085",
SURVEY,ANIMALS & PRODUCTS,DAIRY,MILK,ALL CLASSES,ALL PRODUCTION PRACTICES,ALL UTILIZATION PRACTICES,PRODUCTION,LB / HEAD,"MILK - PRODUCTION, MEASURED IN LB / HEAD",TOTAL,NOT SPECIFIED,STATE,48,48,TX,TEXAS,,,,,,,,00000000,,,9000,UNITED STATES,TEXAS,2024,MONTHLY,10,10,OCT,,2026-02-20 15:00:00.000,"2,225",
SURVEY,ANIMALS & PRODUCTS,DAIRY,MILK,ALL CLASSES,ALL PRODUCTION PRACTICES,ALL UTILIZATION PRACTICES,PRODUCTION,LB / HEAD,"MILK - PRODUCTION, MEASURED IN LB / HEAD",TOTAL,NOT SPECIFIED,STATE,48,48,TX,TEXAS,,,,,,,,00000000,,,9000,UNITED STATES,TEXAS,2024,MONTHLY,11,11,NOV,,2026-02-20 15:00:00.000,"2,110",
SURVEY,ANIMALS & PRODUCTS,DAIRY,MILK,ALL CLASSES,ALL PRODUCTION PRACTICES,ALL UTILIZATION PRACTICES,PRODUCTION,LB / HEAD,"MILK - PRODUCTION, MEASURED IN LB / HEAD",TOTAL,NOT SPECIFIED,STATE,48,48,TX,TEXAS,,,,,,,,00000000,,,9000,UNITED STATES,TEXAS,2024,MONTHLY,12,12,DEC,,2026-02-20 15:00:00.000,"2,195",
SURVEY,ANIMALS & PRODUCTS,DAIRY,MILK,ALL CLASSES,ALL PRODUCTION PRACTICES,ALL UTILIZATION PRACTICES,PRODUCTION,LB / HEAD,"MILK - PRODUCTION, MEASURED IN LB / HEAD",TOTAL,NOT SPECIFIED,STATE,49,49,UT,UTAH,,,,,,,,00000000,,,9000,UNITED STATES,UTAH,2024,MONTHLY,01,01,JAN,,2026-02-20 15:00:00.000,"1,950",
SURVEY,ANIMALS & PRODUCTS,DAIRY,MILK,ALL CLASSES,ALL PRODUCTION PRACTICES,ALL UTILIZATION PRACTICES,PRODUCTION,LB / HEAD,"MILK - PRODUCTION, MEASURED IN LB / HEAD",TOTAL,NOT SPECIFIED,STATE,49,49,UT,UTAH,,,,,,,,00000000,,,9000,UNITED STATES,UTAH,2024,MONTHLY,02,02,FEB,,2026-02-20 15:00:00.000,"1,820",
SURVEY,ANIMALS & PRODUCTS,DAIRY,MILK,ALL CLASSES,ALL PRODUCTION PRACTICES,ALL UTILIZATION PRACTICES,PRODUCTION,LB / HEAD,"MILK - PRODUCTION, MEASURED IN LB / HEAD",TOTAL,NOT SPECIFIED,STATE,49,49,UT,UTAH,,,,,,,,00000000,,,9000,UNITED STATES,UTAH,2024,MONTHLY,03,03,MAR,,2026-02-20 15:00:00.000,"1,960",
SURVEY,ANIMALS & PRODUCTS,DAIRY,MILK,ALL CLASSES,ALL PRODUCTION PRACTICES,ALL UTILIZATION PRACTICES,PRODUCTION,LB / HEAD,"MILK - PRODUCTION, MEASURED IN LB / HEAD",TOTAL,NOT SPECIFIED,STATE,49,49,UT,UTAH,,,,,,,,00000000,,,9000,UNITED STATES,UTAH,2024,MONTHLY,04,04,APR,,2026-02-20 15:00:00.000,"1,935",
SURVEY,ANIMALS & PRODUCTS,DAIRY,MILK,ALL CLASSES,ALL PRODUCTION PRACTICES,ALL UTILIZATION PRACTICES,PRODUCTION,LB / HEAD,"MILK - PRODUCTION, MEASURED IN LB / HEAD",TOTAL,NOT SPECIFIED,STATE,49,49,UT,UTAH,,,,,,,,00000000,,,9000,UNITED STATES,UTAH,2024,MONTHLY,05,05,MAY,,2026-02-20 15:00:00.000,"2,030",
SURVEY,ANIMALS & PRODUCTS,DAIRY,MILK,ALL CLASSES,ALL PRODUCTION PRACTICES,ALL UTILIZATION PRACTICES,PRODUCTION,LB / HEAD,"MILK - PRODUCTION, MEASURED IN LB / HEAD",TOTAL,NOT SPECIFIED,STATE,49,49,UT,UTAH,,,,,,,,00000000,,,9000,UNITED STATES,UTAH,2024,MONTHLY,06,06,JUN,,2026-02-20 15:00:00.000,"1,975",
SURVEY,ANIMALS & PRODUCTS,DAIRY,MILK,ALL CLASSES,ALL PRODUCTION PRACTICES,ALL UTILIZATION PRACTICES,PRODUCTION,LB / HEAD,"MILK - PRODUCTION, MEASURED IN LB / HEAD",TOTAL,NOT SPECIFIED,STATE,49,49,UT,UTAH,,,,,,,,00000000,,,9000,UNITED STATES,UTAH,2024,MONTHLY,07,07,JUL,,2026-02-20 15:00:00.000,"2,010",
SURVEY,ANIMALS & PRODUCTS,DAIRY,MILK,ALL CLASSES,ALL PRODUCTION PRACTICES,ALL UTILIZATION PRACTICES,PRODUCTION,LB / HEAD,"MILK - PRODUCTION, MEASURED IN LB / HEAD",TOTAL,NOT SPECIFIED,STATE,49,49,UT,UTAH,,,,,,,,00000000,,,9000,UNITED STATES,UTAH,2024,MONTHLY,08,08,AUG,,2026-02-20 15:00:00.000,"1,980",
SURVEY,ANIMALS & PRODUCTS,DAIRY,MILK,ALL CLASSES,ALL PRODUCTION PRACTICES,ALL UTILIZATION PRACTICES,PRODUCTION,LB / HEAD,"MILK - PRODUCTION, MEASURED IN LB / HEAD",TOTAL,NOT SPECIFIED,STATE,49,49,UT,UTAH,,,,,,,,00000000,,,9000,UNITED STATES,UTAH,2024,MONTHLY,09,09,SEP,,2026-02-20 15:00:00.000,"1,910",
SURVEY,ANIMALS & PRODUCTS,DAIRY,MILK,ALL CLASSES,ALL PRODUCTION PRACTICES,ALL UTILIZATION PRACTICES,PRODUCTION,LB / HEAD,"MILK - PRODUCTION, MEASURED IN LB / HEAD",TOTAL,NOT SPECIFIED,STATE,49,49,UT,UTAH,,,,,,,,00000000,,,9000,UNITED STATES,UTAH,2024,MONTHLY,10,10,OCT,,2026-02-20 15:00:00.000,"1,935",
SURVEY,ANIMALS & PRODUCTS,DAIRY,MILK,ALL CLASSES,ALL PRODUCTION PRACTICES,ALL UTILIZATION PRACTICES,PRODUCTION,LB / HEAD,"MILK - PRODUCTION, MEASURED IN LB / HEAD",TOTAL,NOT SPECIFIED,STATE,49,49,UT,UTAH,,,,,,,,00000000,,,9000,UNITED STATES,UTAH,2024,MONTHLY,11,11,NOV,,2026-02-20 15:00:00.000,"1,870",
SURVEY,ANIMALS & PRODUCTS,DAIRY,MILK,ALL CLASSES,ALL PRODUCTION PRACTICES,ALL UTILIZATION PRACTICES,PRODUCTION,LB / HEAD,"MILK - PRODUCTION, MEASURED IN LB / HEAD",TOTAL,NOT SPECIFIED,STATE,49,49,UT,UTAH,,,,,,,,00000000,,,9000,UNITED STATES,UTAH,2024,MONTHLY,12,12,DEC,,2026-02-20 15:00:00.000,"1,935",
SURVEY,ANIMALS & PRODUCTS,DAIRY,MILK,ALL CLASSES,ALL PRODUCTION PRACTICES,ALL UTILIZATION PRACTICES,PRODUCTION,LB / HEAD,"MILK - PRODUCTION, MEASURED IN LB / HEAD",TOTAL,NOT SPECIFIED,STATE,50,50,VT,VERMONT,,,,,,,,00000000,,,9000,UNITED STATES,VERMONT,2024,MONTHLY,01,01,JAN,,2026-02-20 15:00:00.000,"1,820",
SURVEY,ANIMALS & PRODUCTS,DAIRY,MILK,ALL CLASSES,ALL PRODUCTION PRACTICES,ALL UTILIZATION PRACTICES,PRODUCTION,LB / HEAD,"MILK - PRODUCTION, MEASURED IN LB / HEAD",TOTAL,NOT SPECIFIED,STATE,50,50,VT,VERMONT,,,,,,,,00000000,,,9000,UNITED STATES,VERMONT,2024,MONTHLY,02,02,FEB,,2026-02-20 15:00:00.000,"1,725",
SURVEY,ANIMALS & PRODUCTS,DAIRY,MILK,ALL CLASSES,ALL PRODUCTION PRACTICES,ALL UTILIZATION PRACTICES,PRODUCTION,LB / HEAD,"MILK - PRODUCTION, MEASURED IN LB / HEAD",TOTAL,NOT SPECIFIED,STATE,50,50,VT,VERMONT,,,,,,,,00000000,,,9000,UNITED STATES,VERMONT,2024,MONTHLY,03,03,MAR,,2026-02-20 15:00:00.000,"1,860",
SURVEY,ANIMALS & PRODUCTS,DAIRY,MILK,ALL CLASSES,ALL PRODUCTION PRACTICES,ALL UTILIZATION PRACTICES,PRODUCTION,LB / HEAD,"MILK - PRODUCTION, MEASURED IN LB / HEAD",TOTAL,NOT SPECIFIED,STATE,50,50,VT,VERMONT,,,,,,,,00000000,,,9000,UNITED STATES,VERMONT,2024,MONTHLY,04,04,APR,,2026-02-20 15:00:00.000,"1,800",
SURVEY,ANIMALS & PRODUCTS,DAIRY,MILK,ALL CLASSES,ALL PRODUCTION PRACTICES,ALL UTILIZATION PRACTICES,PRODUCTION,LB / HEAD,"MILK - PRODUCTION, MEASURED IN LB / HEAD",TOTAL,NOT SPECIFIED,STATE,50,50,VT,VERMONT,,,,,,,,00000000,,,9000,UNITED STATES,VERMONT,2024,MONTHLY,05,05,MAY,,2026-02-20 15:00:00.000,"1,885",
SURVEY,ANIMALS & PRODUCTS,DAIRY,MILK,ALL CLASSES,ALL PRODUCTION PRACTICES,ALL UTILIZATION PRACTICES,PRODUCTION,LB / HEAD,"MILK - PRODUCTION, MEASURED IN LB / HEAD",TOTAL,NOT SPECIFIED,STATE,50,50,VT,VERMONT,,,,,,,,00000000,,,9000,UNITED STATES,VERMONT,2024,MONTHLY,06,06,JUN,,2026-02-20 15:00:00.000,"1,800",
SURVEY,ANIMALS & PRODUCTS,DAIRY,MILK,ALL CLASSES,ALL PRODUCTION PRACTICES,ALL UTILIZATION PRACTICES,PRODUCTION,LB / HEAD,"MILK - PRODUCTION, MEASURED IN LB / HEAD",TOTAL,NOT SPECIFIED,STATE,50,50,VT,VERMONT,,,,,,,,00000000,,,9000,UNITED STATES,VERMONT,2024,MONTHLY,07,07,JUL,,2026-02-20 15:00:00.000,"1,820",
SURVEY,ANIMALS & PRODUCTS,DAIRY,MILK,ALL CLASSES,ALL PRODUCTION PRACTICES,ALL UTILIZATION PRACTICES,PRODUCTION,LB / HEAD,"MILK - PRODUCTION, MEASURED IN LB / HEAD",TOTAL,NOT SPECIFIED,STATE,50,50,VT,VERMONT,,,,,,,,00000000,,,9000,UNITED STATES,VERMONT,2024,MONTHLY,08,08,AUG,,2026-02-20 15:00:00.000,"1,825",
SURVEY,ANIMALS & PRODUCTS,DAIRY,MILK,ALL CLASSES,ALL PRODUCTION PRACTICES,ALL UTILIZATION PRACTICES,PRODUCTION,LB / HEAD,"MILK - PRODUCTION, MEASURED IN LB / HEAD",TOTAL,NOT SPECIFIED,STATE,50,50,VT,VERMONT,,,,,,,,00000000,,,9000,UNITED STATES,VERMONT,2024,MONTHLY,09,09,SEP,,2026-02-20 15:00:00.000,"1,750",
SURVEY,ANIMALS & PRODUCTS,DAIRY,MILK,ALL CLASSES,ALL PRODUCTION PRACTICES,ALL UTILIZATION PRACTICES,PRODUCTION,LB / HEAD,"MILK - PRODUCTION, MEASURED IN LB / HEAD",TOTAL,NOT SPECIFIED,STATE,50,50,VT,VERMONT,,,,,,,,00000000,,,9000,UNITED STATES,VERMONT,2024,MONTHLY,10,10,OCT,,2026-02-20 15:00:00.000,"1,840",
SURVEY,ANIMALS & PRODUCTS,DAIRY,MILK,ALL CLASSES,ALL PRODUCTION PRACTICES,ALL UTILIZATION PRACTICES,PRODUCTION,LB / HEAD,"MILK - PRODUCTION, MEASURED IN LB / HEAD",TOTAL,NOT SPECIFIED,STATE,50,50,VT,VERMONT,,,,,,,,00000000,,,9000,UNITED STATES,VERMONT,2024,MONTHLY,11,11,NOV,,2026-02-20 15:00:00.000,"1,770",
SURVEY,ANIMALS & PRODUCTS,DAIRY,MILK,ALL CLASSES,ALL PRODUCTION PRACTICES,ALL UTILIZATION PRACTICES,PRODUCTION,LB / HEAD,"MILK - PRODUCTION, MEASURED IN LB / HEAD",TOTAL,NOT SPECIFIED,STATE,50,50,VT,VERMONT,,,,,,,,00000000,,,9000,UNITED STATES,VERMONT,2024,MONTHLY,12,12,DEC,,2026-02-20 15:00:00.000,"1,840",
SURVEY,ANIMALS & PRODUCTS,DAIRY,MILK,ALL CLASSES,ALL PRODUCTION PRACTICES,ALL UTILIZATION PRACTICES,PRODUCTION,LB / HEAD,"MILK - PRODUCTION, MEASURED IN LB / HEAD",TOTAL,NOT SPECIFIED,STATE,51,51,VA,VIRGINIA,,,,,,,,00000000,,,9000,UNITED STATES,VIRGINIA,2024,MONTHLY,01,01,JAN,,2026-02-20 15:00:00.000,"1,800",
SURVEY,ANIMALS & PRODUCTS,DAIRY,MILK,ALL CLASSES,ALL PRODUCTION PRACTICES,ALL UTILIZATION PRACTICES,PRODUCTION,LB / HEAD,"MILK - PRODUCTION, MEASURED IN LB / HEAD",TOTAL,NOT SPECIFIED,STATE,51,51,VA,VIRGINIA,,,,,,,,00000000,,,9000,UNITED STATES,VIRGINIA,2024,MONTHLY,02,02,FEB,,2026-02-20 15:00:00.000,"1,710",
SURVEY,ANIMALS & PRODUCTS,DAIRY,MILK,ALL CLASSES,ALL PRODUCTION PRACTICES,ALL UTILIZATION PRACTICES,PRODUCTION,LB / HEAD,"MILK - PRODUCTION, MEASURED IN LB / HEAD",TOTAL,NOT SPECIFIED,STATE,51,51,VA,VIRGINIA,,,,,,,,00000000,,,9000,UNITED STATES,VIRGINIA,2024,MONTHLY,03,03,MAR,,2026-02-20 15:00:00.000,"1,860",
SURVEY,ANIMALS & PRODUCTS,DAIRY,MILK,ALL CLASSES,ALL PRODUCTION PRACTICES,ALL UTILIZATION PRACTICES,PRODUCTION,LB / HEAD,"MILK - PRODUCTION, MEASURED IN LB / HEAD",TOTAL,NOT SPECIFIED,STATE,51,51,VA,VIRGINIA,,,,,,,,00000000,,,9000,UNITED STATES,VIRGINIA,2024,MONTHLY,04,04,APR,,2026-02-20 15:00:00.000,"1,825",
SURVEY,ANIMALS & PRODUCTS,DAIRY,MILK,ALL CLASSES,ALL PRODUCTION PRACTICES,ALL UTILIZATION PRACTICES,PRODUCTION,LB / HEAD,"MILK - PRODUCTION, MEASURED IN LB / HEAD",TOTAL,NOT SPECIFIED,STATE,51,51,VA,VIRGINIA,,,,,,,,00000000,,,9000,UNITED STATES,VIRGINIA,2024,MONTHLY,05,05,MAY,,2026-02-20 15:00:00.000,"1,820",
SURVEY,ANIMALS & PRODUCTS,DAIRY,MILK,ALL CLASSES,ALL PRODUCTION PRACTICES,ALL UTILIZATION PRACTICES,PRODUCTION,LB / HEAD,"MILK - PRODUCTION, MEASURED IN LB / HEAD",TOTAL,NOT SPECIFIED,STATE,51,51,VA,VIRGINIA,,,,,,,,00000000,,,9000,UNITED STATES,VIRGINIA,2024,MONTHLY,06,06,JUN,,2026-02-20 15:00:00.000,"1,715",
SURVEY,ANIMALS & PRODUCTS,DAIRY,MILK,ALL CLASSES,ALL PRODUCTION PRACTICES,ALL UTILIZATION PRACTICES,PRODUCTION,LB / HEAD,"MILK - PRODUCTION, MEASURED IN LB / HEAD",TOTAL,NOT SPECIFIED,STATE,51,51,VA,VIRGINIA,,,,,,,,00000000,,,9000,UNITED STATES,VIRGINIA,2024,MONTHLY,07,07,JUL,,2026-02-20 15:00:00.000,"1,730",
SURVEY,ANIMALS & PRODUCTS,DAIRY,MILK,ALL CLASSES,ALL PRODUCTION PRACTICES,ALL UTILIZATION PRACTICES,PRODUCTION,LB / HEAD,"MILK - PRODUCTION, MEASURED IN LB / HEAD",TOTAL,NOT SPECIFIED,STATE,51,51,VA,VIRGINIA,,,,,,,,00000000,,,9000,UNITED STATES,VIRGINIA,2024,MONTHLY,08,08,AUG,,2026-02-20 15:00:00.000,"1,720",
SURVEY,ANIMALS & PRODUCTS,DAIRY,MILK,ALL CLASSES,ALL PRODUCTION PRACTICES,ALL UTILIZATION PRACTICES,PRODUCTION,LB / HEAD,"MILK - PRODUCTION, MEASURED IN LB / HEAD",TOTAL,NOT SPECIFIED,STATE,51,51,VA,VIRGINIA,,,,,,,,00000000,,,9000,UNITED STATES,VIRGINIA,2024,MONTHLY,09,09,SEP,,2026-02-20 15:00:00.000,"1,645",
SURVEY,ANIMALS & PRODUCTS,DAIRY,MILK,ALL CLASSES,ALL PRODUCTION PRACTICES,ALL UTILIZATION PRACTICES,PRODUCTION,LB / HEAD,"MILK - PRODUCTION, MEASURED IN LB / HEAD",TOTAL,NOT SPECIFIED,STATE,51,51,VA,VIRGINIA,,,,,,,,00000000,,,9000,UNITED STATES,VIRGINIA,2024,MONTHLY,10,10,OCT,,2026-02-20 15:00:00.000,"1,705",
SURVEY,ANIMALS & PRODUCTS,DAIRY,MILK,ALL CLASSES,ALL PRODUCTION PRACTICES,ALL UTILIZATION PRACTICES,PRODUCTION,LB / HEAD,"MILK - PRODUCTION, MEASURED IN LB / HEAD",TOTAL,NOT SPECIFIED,STATE,51,51,VA,VIRGINIA,,,,,,,,00000000,,,9000,UNITED STATES,VIRGINIA,2024,MONTHLY,11,11,NOV,,2026-02-20 15:00:00.000,"1,690",
SURVEY,ANIMALS & PRODUCTS,DAIRY,MILK,ALL CLASSES,ALL PRODUCTION PRACTICES,ALL UTILIZATION PRACTICES,PRODUCTION,LB / HEAD,"MILK - PRODUCTION, MEASURED IN LB / HEAD",TOTAL,NOT SPECIFIED,STATE,51,51,VA,VIRGINIA,,,,,,,,00000000,,,9000,UNITED STATES,VIRGINIA,2024,MONTHLY,12,12,DEC,,2026-02-20 15:00:00.000,"1,780",
SURVEY,ANIMALS & PRODUCTS,DAIRY,MILK,ALL CLASSES,ALL PRODUCTION PRACTICES,ALL UTILIZATION PRACTICES,PRODUCTION,LB / HEAD,"MILK - PRODUCTION, MEASURED IN LB / HEAD",TOTAL,NOT SPECIFIED,STATE,53,53,WA,WASHINGTON,,,,,,,,00000000,,,9000,UNITED STATES,WASHINGTON,2024,MONTHLY,01,01,JAN,,2026-02-20 15:00:00.000,"2,035",
SURVEY,ANIMALS & PRODUCTS,DAIRY,MILK,ALL CLASSES,ALL PRODUCTION PRACTICES,ALL UTILIZATION PRACTICES,PRODUCTION,LB / HEAD,"MILK - PRODUCTION, MEASURED IN LB / HEAD",TOTAL,NOT SPECIFIED,STATE,53,53,WA,WASHINGTON,,,,,,,,00000000,,,9000,UNITED STATES,WASHINGTON,2024,MONTHLY,02,02,FEB,,2026-02-20 15:00:00.000,"1,930",
SURVEY,ANIMALS & PRODUCTS,DAIRY,MILK,ALL CLASSES,ALL PRODUCTION PRACTICES,ALL UTILIZATION PRACTICES,PRODUCTION,LB / HEAD,"MILK - PRODUCTION, MEASURED IN LB / HEAD",TOTAL,NOT SPECIFIED,STATE,53,53,WA,WASHINGTON,,,,,,,,00000000,,,9000,UNITED STATES,WASHINGTON,2024,MONTHLY,03,03,MAR,,2026-02-20 15:00:00.000,"2,080",
SURVEY,ANIMALS & PRODUCTS,DAIRY,MILK,ALL CLASSES,ALL PRODUCTION PRACTICES,ALL UTILIZATION PRACTICES,PRODUCTION,LB / HEAD,"MILK - PRODUCTION, MEASURED IN LB / HEAD",TOTAL,NOT SPECIFIED,STATE,53,53,WA,WASHINGTON,,,,,,,,00000000,,,9000,UNITED STATES,WASHINGTON,2024,MONTHLY,04,04,APR,,2026-02-20 15:00:00.000,"2,040",
SURVEY,ANIMALS & PRODUCTS,DAIRY,MILK,ALL CLASSES,ALL PRODUCTION PRACTICES,ALL UTILIZATION PRACTICES,PRODUCTION,LB / HEAD,"MILK - PRODUCTION, MEASURED IN LB / HEAD",TOTAL,NOT SPECIFIED,STATE,53,53,WA,WASHINGTON,,,,,,,,00000000,,,9000,UNITED STATES,WASHINGTON,2024,MONTHLY,05,05,MAY,,2026-02-20 15:00:00.000,"2,105",
SURVEY,ANIMALS & PRODUCTS,DAIRY,MILK,ALL CLASSES,ALL PRODUCTION PRACTICES,ALL UTILIZATION PRACTICES,PRODUCTION,LB / HEAD,"MILK - PRODUCTION, MEASURED IN LB / HEAD",TOTAL,NOT SPECIFIED,STATE,53,53,WA,WASHINGTON,,,,,,,,00000000,,,9000,UNITED STATES,WASHINGTON,2024,MONTHLY,06,06,JUN,,2026-02-20 15:00:00.000,"2,020",
SURVEY,ANIMALS & PRODUCTS,DAIRY,MILK,ALL CLASSES,ALL PRODUCTION PRACTICES,ALL UTILIZATION PRACTICES,PRODUCTION,LB / HEAD,"MILK - PRODUCTION, MEASURED IN LB / HEAD",TOTAL,NOT SPECIFIED,STATE,53,53,WA,WASHINGTON,,,,,,,,00000000,,,9000,UNITED STATES,WASHINGTON,2024,MONTHLY,07,07,JUL,,2026-02-20 15:00:00.000,"2,045",
SURVEY,ANIMALS & PRODUCTS,DAIRY,MILK,ALL CLASSES,ALL PRODUCTION PRACTICES,ALL UTILIZATION PRACTICES,PRODUCTION,LB / HEAD,"MILK - PRODUCTION, MEASURED IN LB / HEAD",TOTAL,NOT SPECIFIED,STATE,53,53,WA,WASHINGTON,,,,,,,,00000000,,,9000,UNITED STATES,WASHINGTON,2024,MONTHLY,08,08,AUG,,2026-02-20 15:00:00.000,"2,060",
SURVEY,ANIMALS & PRODUCTS,DAIRY,MILK,ALL CLASSES,ALL PRODUCTION PRACTICES,ALL UTILIZATION PRACTICES,PRODUCTION,LB / HEAD,"MILK - PRODUCTION, MEASURED IN LB / HEAD",TOTAL,NOT SPECIFIED,STATE,53,53,WA,WASHINGTON,,,,,,,,00000000,,,9000,UNITED STATES,WASHINGTON,2024,MONTHLY,09,09,SEP,,2026-02-20 15:00:00.000,"1,990",
SURVEY,ANIMALS & PRODUCTS,DAIRY,MILK,ALL CLASSES,ALL PRODUCTION PRACTICES,ALL UTILIZATION PRACTICES,PRODUCTION,LB / HEAD,"MILK - PRODUCTION, MEASURED IN LB / HEAD",TOTAL,NOT SPECIFIED,STATE,53,53,WA,WASHINGTON,,,,,,,,00000000,,,9000,UNITED STATES,WASHINGTON,2024,MONTHLY,10,10,OCT,,2026-02-20 15:00:00.000,"2,000",
SURVEY,ANIMALS & PRODUCTS,DAIRY,MILK,ALL CLASSES,ALL PRODUCTION PRACTICES,ALL UTILIZATION PRACTICES,PRODUCTION,LB / HEAD,"MILK - PRODUCTION, MEASURED IN LB / HEAD",TOTAL,NOT SPECIFIED,STATE,53,53,WA,WASHINGTON,,,,,,,,00000000,,,9000,UNITED STATES,WASHINGTON,2024,MONTHLY,11,11,NOV,,2026-02-20 15:00:00.000,"1,905",
SURVEY,ANIMALS & PRODUCTS,DAIRY,MILK,ALL CLASSES,ALL PRODUCTION PRACTICES,ALL UTILIZATION PRACTICES,PRODUCTION,LB / HEAD,"MILK - PRODUCTION, MEASURED IN LB / HEAD",TOTAL,NOT SPECIFIED,STATE,53,53,WA,WASHINGTON,,,,,,,,00000000,,,9000,UNITED STATES,WASHINGTON,2024,MONTHLY,12,12,DEC,,2026-02-20 15:00:00.000,"1,970",
SURVEY,ANIMALS & PRODUCTS,DAIRY,MILK,ALL CLASSES,ALL PRODUCTION PRACTICES,ALL UTILIZATION PRACTICES,PRODUCTION,LB / HEAD,"MILK - PRODUCTION, MEASURED IN LB / HEAD",TOTAL,NOT SPECIFIED,STATE,55,55,WI,WISCONSIN,,,,,,,,00000000,,,9000,UNITED STATES,WISCONSIN,2024,MONTHLY,01,01,JAN,,2026-02-20 15:00:00.000,"2,135",
SURVEY,ANIMALS & PRODUCTS,DAIRY,MILK,ALL CLASSES,ALL PRODUCTION PRACTICES,ALL UTILIZATION PRACTICES,PRODUCTION,LB / HEAD,"MILK - PRODUCTION, MEASURED IN LB / HEAD",TOTAL,NOT SPECIFIED,STATE,55,55,WI,WISCONSIN,,,,,,,,00000000,,,9000,UNITED STATES,WISCONSIN,2024,MONTHLY,02,02,FEB,,2026-02-20 15:00:00.000,"2,025",
SURVEY,ANIMALS & PRODUCTS,DAIRY,MILK,ALL CLASSES,ALL PRODUCTION PRACTICES,ALL UTILIZATION PRACTICES,PRODUCTION,LB / HEAD,"MILK - PRODUCTION, MEASURED IN LB / HEAD",TOTAL,NOT SPECIFIED,STATE,55,55,WI,WISCONSIN,,,,,,,,00000000,,,9000,UNITED STATES,WISCONSIN,2024,MONTHLY,03,03,MAR,,2026-02-20 15:00:00.000,"2,185",
SURVEY,ANIMALS & PRODUCTS,DAIRY,MILK,ALL CLASSES,ALL PRODUCTION PRACTICES,ALL UTILIZATION PRACTICES,PRODUCTION,LB / HEAD,"MILK - PRODUCTION, MEASURED IN LB / HEAD",TOTAL,NOT SPECIFIED,STATE,55,55,WI,WISCONSIN,,,,,,,,00000000,,,9000,UNITED STATES,WISCONSIN,2024,MONTHLY,04,04,APR,,2026-02-20 15:00:00.000,"2,130",
SURVEY,ANIMALS & PRODUCTS,DAIRY,MILK,ALL CLASSES,ALL PRODUCTION PRACTICES,ALL UTILIZATION PRACTICES,PRODUCTION,LB / HEAD,"MILK - PRODUCTION, MEASURED IN LB / HEAD",TOTAL,NOT SPECIFIED,STATE,55,55,WI,WISCONSIN,,,,,,,,00000000,,,9000,UNITED STATES,WISCONSIN,2024,MONTHLY,05,05,MAY,,2026-02-20 15:00:00.000,"2,220",
SURVEY,ANIMALS & PRODUCTS,DAIRY,MILK,ALL CLASSES,ALL PRODUCTION PRACTICES,ALL UTILIZATION PRACTICES,PRODUCTION,LB / HEAD,"MILK - PRODUCTION, MEASURED IN LB / HEAD",TOTAL,NOT SPECIFIED,STATE,55,55,WI,WISCONSIN,,,,,,,,00000000,,,9000,UNITED STATES,WISCONSIN,2024,MONTHLY,06,06,JUN,,2026-02-20 15:00:00.000,"2,120",
SURVEY,ANIMALS & PRODUCTS,DAIRY,MILK,ALL CLASSES,ALL PRODUCTION PRACTICES,ALL UTILIZATION PRACTICES,PRODUCTION,LB / HEAD,"MILK - PRODUCTION, MEASURED IN LB / HEAD",TOTAL,NOT SPECIFIED,STATE,55,55,WI,WISCONSIN,,,,,,,,00000000,,,9000,UNITED STATES,WISCONSIN,2024,MONTHLY,07,07,JUL,,2026-02-20 15:00:00.000,"2,170",
SURVEY,ANIMALS & PRODUCTS,DAIRY,MILK,ALL CLASSES,ALL PRODUCTION PRACTICES,ALL UTILIZATION PRACTICES,PRODUCTION,LB / HEAD,"MILK - PRODUCTION, MEASURED IN LB / HEAD",TOTAL,NOT SPECIFIED,STATE,55,55,WI,WISCONSIN,,,,,,,,00000000,,,9000,UNITED STATES,WISCONSIN,2024,MONTHLY,08,08,AUG,,2026-02-20 15:00:00.000,"2,140",
SURVEY,ANIMALS & PRODUCTS,DAIRY,MILK,ALL CLASSES,ALL PRODUCTION PRACTICES,ALL UTILIZATION PRACTICES,PRODUCTION,LB / HEAD,"MILK - PRODUCTION, MEASURED IN LB / HEAD",TOTAL,NOT SPECIFIED,STATE,55,55,WI,WISCONSIN,,,,,,,,00000000,,,9000,UNITED STATES,WISCONSIN,2024,MONTHLY,09,09,SEP,,2026-02-20 15:00:00.000,"2,075",
SURVEY,ANIMALS & PRODUCTS,DAIRY,MILK,ALL CLASSES,ALL PRODUCTION PRACTICES,ALL UTILIZATION PRACTICES,PRODUCTION,LB / HEAD,"MILK - PRODUCTION, MEASURED IN LB / HEAD",TOTAL,NOT SPECIFIED,STATE,55,55,WI,WISCONSIN,,,,,,,,00000000,,,9000,UNITED STATES,WISCONSIN,2024,MONTHLY,10,10,OCT,,2026-02-20 15:00:00.000,"2,130",
SURVEY,ANIMALS & PRODUCTS,DAIRY,MILK,ALL CLASSES,ALL PRODUCTION PRACTICES,ALL UTILIZATION PRACTICES,PRODUCTION,LB / HEAD,"MILK - PRODUCTION, MEASURED IN LB / HEAD",TOTAL,NOT SPECIFIED,STATE,55,55,WI,WISCONSIN,,,,,,,,00000000,,,9000,UNITED STATES,WISCONSIN,2024,MONTHLY,11,11,NOV,,2026-02-20 15:00:00.000,"2,050",
SURVEY,ANIMALS & PRODUCTS,DAIRY,MILK,ALL CLASSES,ALL PRODUCTION PRACTICES,ALL UTILIZATION PRACTICES,PRODUCTION,LB / HEAD,"MILK - PRODUCTION, MEASURED IN LB / HEAD",TOTAL,NOT SPECIFIED,STATE,55,55,WI,WISCONSIN,,,,,,,,00000000,,,9000,UNITED STATES,WISCONSIN,2024,MONTHLY,12,12,DEC,,2026-02-20 15:00:00.000,"2,110",
SURVEY,ANIMALS & PRODUCTS,DAIRY,MILK,"DRY, NONFAT, HUMAN",ALL PRODUCTION PRACTICES,ALL UTILIZATION PRACTICES,PRODUCTION,LB,"MILK, DRY, NONFAT, HUMAN - PRODUCTION, MEASURED IN LB",TOTAL,NOT SPECIFIED,STATE,,98,OT,OTHER STATES,,,,,,,,00000000,,,9000,UNITED STATES,OTHER STATES,2024,MONTHLY,01,01,JAN,,2026-04-24 15:00:00.000,"65,076,000",
SURVEY,ANIMALS & PRODUCTS,DAIRY,MILK,"DRY, NONFAT, HUMAN",ALL PRODUCTION PRACTICES,ALL UTILIZATION PRACTICES,PRODUCTION,LB,"MILK, DRY, NONFAT, HUMAN - PRODUCTION, MEASURED IN LB",TOTAL,NOT SPECIFIED,STATE,,98,OT,OTHER STATES,,,,,,,,00000000,,,9000,UNITED STATES,OTHER STATES,2024,MONTHLY,02,02,FEB,,2026-04-24 15:00:00.000,"63,193,000",
SURVEY,ANIMALS & PRODUCTS,DAIRY,MILK,"DRY, NONFAT, HUMAN",ALL PRODUCTION PRACTICES,ALL UTILIZATION PRACTICES,PRODUCTION,LB,"MILK, DRY, NONFAT, HUMAN - PRODUCTION, MEASURED IN LB",TOTAL,NOT SPECIFIED,STATE,,98,OT,OTHER STATES,,,,,,,,00000000,,,9000,UNITED STATES,OTHER STATES,2024,MONTHLY,03,03,MAR,,2026-04-24 15:00:00.000,"81,325,000",
SURVEY,ANIMALS & PRODUCTS,DAIRY,MILK,"DRY, NONFAT, HUMAN",ALL PRODUCTION PRACTICES,ALL UTILIZATION PRACTICES,PRODUCTION,LB,"MILK, DRY, NONFAT, HUMAN - PRODUCTION, MEASURED IN LB",TOTAL,NOT SPECIFIED,STATE,,98,OT,OTHER STATES,,,,,,,,00000000,,,9000,UNITED STATES,OTHER STATES,2024,MONTHLY,04,04,APR,,2026-04-24 15:00:00.000,"82,371,000",
SURVEY,ANIMALS & PRODUCTS,DAIRY,MILK,"DRY, NONFAT, HUMAN",ALL PRODUCTION PRACTICES,ALL UTILIZATION PRACTICES,PRODUCTION,LB,"MILK, DRY, NONFAT, HUMAN - PRODUCTION, MEASURED IN LB",TOTAL,NOT SPECIFIED,STATE,,98,OT,OTHER STATES,,,,,,,,00000000,,,9000,UNITED STATES,OTHER STATES,2024,MONTHLY,05,05,MAY,,2026-04-24 15:00:00.000,"83,257,000",
SURVEY,ANIMALS & PRODUCTS,DAIRY,MILK,"DRY, NONFAT, HUMAN",ALL PRODUCTION PRACTICES,ALL UTILIZATION PRACTICES,PRODUCTION,LB,"MILK, DRY, NONFAT, HUMAN - PRODUCTION, MEASURED IN LB",TOTAL,NOT SPECIFIED,STATE,,98,OT,OTHER STATES,,,,,,,,00000000,,,9000,UNITED STATES,OTHER STATES,2024,MONTHLY,06,06,JUN,,2026-04-24 15:00:00.000,"74,718,000",
SURVEY,ANIMALS & PRODUCTS,DAIRY,MILK,"DRY, NONFAT, HUMAN",ALL PRODUCTION PRACTICES,ALL UTILIZATION PRACTICES,PRODUCTION,LB,"MILK, DRY, NONFAT, HUMAN - PRODUCTION, MEASURED IN LB",TOTAL,NOT SPECIFIED,STATE,,98,OT,OTHER STATES,,,,,,,,00000000,,,9000,UNITED STATES,OTHER STATES,2024,MONTHLY,07,07,JUL,,2026-04-24 15:00:00.000,"66,361,000",
SURVEY,ANIMALS & PRODUCTS,DAIRY,MILK,"DRY, NONFAT, HUMAN",ALL PRODUCTION PRACTICES,ALL UTILIZATION PRACTICES,PRODUCTION,LB,"MILK, DRY, NONFAT, HUMAN - PRODUCTION, MEASURED IN LB",TOTAL,NOT SPECIFIED,STATE,,98,OT,OTHER STATES,,,,,,,,00000000,,,9000,UNITED STATES,OTHER STATES,2024,MONTHLY,08,08,AUG,,2026-04-24 15:00:00.000,"54,570,000",
SURVEY,ANIMALS & PRODUCTS,DAIRY,MILK,"DRY, NONFAT, HUMAN",ALL PRODUCTION PRACTICES,ALL UTILIZATION PRACTICES,PRODUCTION,LB,"MILK, DRY, NONFAT, HUMAN - PRODUCTION, MEASURED IN LB",TOTAL,NOT SPECIFIED,STATE,,98,OT,OTHER STATES,,,,,,,,00000000,,,9000,UNITED STATES,OTHER STATES,2024,MONTHLY,09,09,SEP,,2026-04-24 15:00:00.000,"64,508,000",
SURVEY,ANIMALS & PRODUCTS,DAIRY,MILK,"DRY, NONFAT, HUMAN",ALL PRODUCTION PRACTICES,ALL UTILIZATION PRACTICES,PRODUCTION,LB,"MILK, DRY, NONFAT, HUMAN - PRODUCTION, MEASURED IN LB",TOTAL,NOT SPECIFIED,STATE,,98,OT,OTHER STATES,,,,,,,,00000000,,,9000,UNITED STATES,OTHER STATES,2024,MONTHLY,10,10,OCT,,2026-04-24 15:00:00.000,"68,348,000",
SURVEY,ANIMALS & PRODUCTS,DAIRY,MILK,"DRY, NONFAT, HUMAN",ALL PRODUCTION PRACTICES,ALL UTILIZATION PRACTICES,PRODUCTION,LB,"MILK, DRY, NONFAT, HUMAN - PRODUCTION, MEASURED IN LB",TOTAL,NOT SPECIFIED,STATE,,98,OT,OTHER STATES,,,,,,,,00000000,,,9000,UNITED STATES,OTHER STATES,2024,MONTHLY,11,11,NOV,,2026-04-24 15:00:00.000,"66,810,000",
SURVEY,ANIMALS & PRODUCTS,DAIRY,MILK,"DRY, NONFAT, HUMAN",ALL PRODUCTION PRACTICES,ALL UTILIZATION PRACTICES,PRODUCTION,LB,"MILK, DRY, NONFAT, HUMAN - PRODUCTION, MEASURED IN LB",TOTAL,NOT SPECIFIED,STATE,,98,OT,OTHER STATES,,,,,,,,00000000,,,9000,UNITED STATES,OTHER STATES,2024,MONTHLY,12,12,DEC,,2026-04-24 15:00:00.000,"71,270,000",
SURVEY,ANIMALS & PRODUCTS,DAIRY,MILK,"DRY, NONFAT, HUMAN",ALL PRODUCTION PRACTICES,ALL UTILIZATION PRACTICES,PRODUCTION,LB,"MILK, DRY, NONFAT, HUMAN - PRODUCTION, MEASURED IN LB",TOTAL,NOT SPECIFIED,STATE,06,06,CA,CALIFORNIA,,,,,,,,00000000,,,9000,UNITED STATES,CALIFORNIA,2024,MONTHLY,01,01,JAN,,2026-04-24 15:00:00.000,"68,034,000",
SURVEY,ANIMALS & PRODUCTS,DAIRY,MILK,"DRY, NONFAT, HUMAN",ALL PRODUCTION PRACTICES,ALL UTILIZATION PRACTICES,PRODUCTION,LB,"MILK, DRY, NONFAT, HUMAN - PRODUCTION, MEASURED IN LB",TOTAL,NOT SPECIFIED,STATE,06,06,CA,CALIFORNIA,,,,,,,,00000000,,,9000,UNITED STATES,CALIFORNIA,2024,MONTHLY,02,02,FEB,,2026-04-24 15:00:00.000,"63,249,000",
SURVEY,ANIMALS & PRODUCTS,DAIRY,MILK,"DRY, NONFAT, HUMAN",ALL PRODUCTION PRACTICES,ALL UTILIZATION PRACTICES,PRODUCTION,LB,"MILK, DRY, NONFAT, HUMAN - PRODUCTION, MEASURED IN LB",TOTAL,NOT SPECIFIED,STATE,06,06,CA,CALIFORNIA,,,,,,,,00000000,,,9000,UNITED STATES,CALIFORNIA,2024,MONTHLY,03,03,MAR,,2026-04-24 15:00:00.000,"76,886,000",
SURVEY,ANIMALS & PRODUCTS,DAIRY,MILK,"DRY, NONFAT, HUMAN",ALL PRODUCTION PRACTICES,ALL UTILIZATION PRACTICES,PRODUCTION,LB,"MILK, DRY, NONFAT, HUMAN - PRODUCTION, MEASURED IN LB",TOTAL,NOT SPECIFIED,STATE,06,06,CA,CALIFORNIA,,,,,,,,00000000,,,9000,UNITED STATES,CALIFORNIA,2024,MONTHLY,04,04,APR,,2026-04-24 15:00:00.000,"79,057,000",
SURVEY,ANIMALS & PRODUCTS,DAIRY,MILK,"DRY, NONFAT, HUMAN",ALL PRODUCTION PRACTICES,ALL UTILIZATION PRACTICES,PRODUCTION,LB,"MILK, DRY, NONFAT, HUMAN - PRODUCTION, MEASURED IN LB",TOTAL,NOT SPECIFIED,STATE,06,06,CA,CALIFORNIA,,,,,,,,00000000,,,9000,UNITED STATES,CALIFORNIA,2024,MONTHLY,05,05,MAY,,2026-04-24 15:00:00.000,"71,332,000",
SURVEY,ANIMALS & PRODUCTS,DAIRY,MILK,"DRY, NONFAT, HUMAN",ALL PRODUCTION PRACTICES,ALL UTILIZATION PRACTICES,PRODUCTION,LB,"MILK, DRY, NONFAT, HUMAN - PRODUCTION, MEASURED IN LB",TOTAL,NOT SPECIFIED,STATE,06,06,CA,CALIFORNIA,,,,,,,,00000000,,,9000,UNITED STATES,CALIFORNIA,2024,MONTHLY,06,06,JUN,,2026-04-24 15:00:00.000,"52,637,000",
SURVEY,ANIMALS & PRODUCTS,DAIRY,MILK,"DRY, NONFAT, HUMAN",ALL PRODUCTION PRACTICES,ALL UTILIZATION PRACTICES,PRODUCTION,LB,"MILK, DRY, NONFAT, HUMAN - PRODUCTION, MEASURED IN LB",TOTAL,NOT SPECIFIED,STATE,06,06,CA,CALIFORNIA,,,,,,,,00000000,,,9000,UNITED STATES,CALIFORNIA,2024,MONTHLY,07,07,JUL,,2026-04-24 15:00:00.000,"46,866,000",
SURVEY,ANIMALS & PRODUCTS,DAIRY,MILK,"DRY, NONFAT, HUMAN",ALL PRODUCTION PRACTICES,ALL UTILIZATION PRACTICES,PRODUCTION,LB,"MILK, DRY, NONFAT, HUMAN - PRODUCTION, MEASURED IN LB",TOTAL,NOT SPECIFIED,STATE,06,06,CA,CALIFORNIA,,,,,,,,00000000,,,9000,UNITED STATES,CALIFORNIA,2024,MONTHLY,08,08,AUG,,2026-04-24 15:00:00.000,"50,611,000",
SURVEY,ANIMALS & PRODUCTS,DAIRY,MILK,"DRY, NONFAT, HUMAN",ALL PRODUCTION PRACTICES,ALL UTILIZATION PRACTICES,PRODUCTION,LB,"MILK, DRY, NONFAT, HUMAN - PRODUCTION, MEASURED IN LB",TOTAL,NOT SPECIFIED,STATE,06,06,CA,CALIFORNIA,,,,,,,,00000000,,,9000,UNITED STATES,CALIFORNIA,2024,MONTHLY,09,09,SEP,,2026-04-24 15:00:00.000,"41,494,000",
SURVEY,ANIMALS & PRODUCTS,DAIRY,MILK,"DRY, NONFAT, HUMAN",ALL PRODUCTION PRACTICES,ALL UTILIZATION PRACTICES,PRODUCTION,LB,"MILK, DRY, NONFAT, HUMAN - PRODUCTION, MEASURED IN LB",TOTAL,NOT SPECIFIED,STATE,06,06,CA,CALIFORNIA,,,,,,,,00000000,,,9000,UNITED STATES,CALIFORNIA,2024,MONTHLY,10,10,OCT,,2026-04-24 15:00:00.000,"46,178,000",
SURVEY,ANIMALS & PRODUCTS,DAIRY,MILK,"DRY, NONFAT, HUMAN",ALL PRODUCTION PRACTICES,ALL UTILIZATION PRACTICES,PRODUCTION,LB,"MILK, DRY, NONFAT, HUMAN - PRODUCTION, MEASURED IN LB",TOTAL,NOT SPECIFIED,STATE,06,06,CA,CALIFORNIA,,,,,,,,00000000,,,9000,UNITED STATES,CALIFORNIA,2024,MONTHLY,11,11,NOV,,2026-04-24 15:00:00.000,"42,527,000",
SURVEY,ANIMALS & PRODUCTS,DAIRY,MILK,"DRY, NONFAT, HUMAN",ALL PRODUCTION PRACTICES,ALL UTILIZATION PRACTICES,PRODUCTION,LB,"MILK, DRY, NONFAT, HUMAN - PRODUCTION, MEASURED IN LB",TOTAL,NOT SPECIFIED,STATE,06,06,CA,CALIFORNIA,,,,,,,,00000000,,,9000,UNITED STATES,CALIFORNIA,2024,MONTHLY,12,12,DEC,,2026-04-24 15:00:00.000,"44,905,000",
SURVEY,ANIMALS & PRODUCTS,DAIRY,MILK,"DRY, NONFAT, HUMAN",ALL PRODUCTION PRACTICES,ALL UTILIZATION PRACTICES,PRODUCTION,LB,"MILK, DRY, NONFAT, HUMAN - PRODUCTION, MEASURED IN LB",TOTAL,NOT SPECIFIED,STATE,42,42,PA,PENNSYLVANIA,,,,,,,,00000000,,,9000,UNITED STATES,PENNSYLVANIA,2024,MONTHLY,01,01,JAN,,2026-04-24 15:00:00.000,"10,922,000",
SURVEY,ANIMALS & PRODUCTS,DAIRY,MILK,"DRY, NONFAT, HUMAN",ALL PRODUCTION PRACTICES,ALL UTILIZATION PRACTICES,PRODUCTION,LB,"MILK, DRY, NONFAT, HUMAN - PRODUCTION, MEASURED IN LB",TOTAL,NOT SPECIFIED,STATE,42,42,PA,PENNSYLVANIA,,,,,,,,00000000,,,9000,UNITED STATES,PENNSYLVANIA,2024,MONTHLY,02,02,FEB,,2026-04-24 15:00:00.000,"10,658,000",
SURVEY,ANIMALS & PRODUCTS,DAIRY,MILK,"DRY, NONFAT, HUMAN",ALL PRODUCTION PRACTICES,ALL UTILIZATION PRACTICES,PRODUCTION,LB,"MILK, DRY, NONFAT, HUMAN - PRODUCTION, MEASURED IN LB",TOTAL,NOT SPECIFIED,STATE,42,42,PA,PENNSYLVANIA,,,,,,,,00000000,,,9000,UNITED STATES,PENNSYLVANIA,2024,MONTHLY,03,03,MAR,,2026-04-24 15:00:00.000,"11,635,000",
SURVEY,ANIMALS & PRODUCTS,DAIRY,MILK,"DRY, NONFAT, HUMAN",ALL PRODUCTION PRACTICES,ALL UTILIZATION PRACTICES,PRODUCTION,LB,"MILK, DRY, NONFAT, HUMAN - PRODUCTION, MEASURED IN LB",TOTAL,NOT SPECIFIED,STATE,42,42,PA,PENNSYLVANIA,,,,,,,,00000000,,,9000,UNITED STATES,PENNSYLVANIA,2024,MONTHLY,04,04,APR,,2026-04-24 15:00:00.000,"12,483,000",
SURVEY,ANIMALS & PRODUCTS,DAIRY,MILK,"DRY, NONFAT, HUMAN",ALL PRODUCTION PRACTICES,ALL UTILIZATION PRACTICES,PRODUCTION,LB,"MILK, DRY, NONFAT, HUMAN - PRODUCTION, MEASURED IN LB",TOTAL,NOT SPECIFIED,STATE,42,42,PA,PENNSYLVANIA,,,,,,,,00000000,,,9000,UNITED STATES,PENNSYLVANIA,2024,MONTHLY,05,05,MAY,,2026-04-24 15:00:00.000,"13,137,000",
SURVEY,ANIMALS & PRODUCTS,DAIRY,MILK,"DRY, NONFAT, HUMAN",ALL PRODUCTION PRACTICES,ALL UTILIZATION PRACTICES,PRODUCTION,LB,"MILK, DRY, NONFAT, HUMAN - PRODUCTION, MEASURED IN LB",TOTAL,NOT SPECIFIED,STATE,42,42,PA,PENNSYLVANIA,,,,,,,,00000000,,,9000,UNITED STATES,PENNSYLVANIA,2024,MONTHLY,06,06,JUN,,2026-04-24 15:00:00.000,"10,254,000",
SURVEY,ANIMALS & PRODUCTS,DAIRY,MILK,"DRY, NONFAT, HUMAN",ALL PRODUCTION PRACTICES,ALL UTILIZATION PRACTICES,PRODUCTION,LB,"MILK, DRY, NONFAT, HUMAN - PRODUCTION, MEASURED IN LB",TOTAL,NOT SPECIFIED,STATE,42,42,PA,PENNSYLVANIA,,,,,,,,00000000,,,9000,UNITED STATES,PENNSYLVANIA,2024,MONTHLY,07,07,JUL,,2026-04-24 15:00:00.000,"7,723,000",
SURVEY,ANIMALS & PRODUCTS,DAIRY,MILK,"DRY, NONFAT, HUMAN",ALL PRODUCTION PRACTICES,ALL UTILIZATION PRACTICES,PRODUCTION,LB,"MILK, DRY, NONFAT, HUMAN - PRODUCTION, MEASURED IN LB",TOTAL,NOT SPECIFIED,STATE,42,42,PA,PENNSYLVANIA,,,,,,,,00000000,,,9000,UNITED STATES,PENNSYLVANIA,2024,MONTHLY,08,08,AUG,,2026-04-24 15:00:00.000,"9,722,000",
SURVEY,ANIMALS & PRODUCTS,DAIRY,MILK,"DRY, NONFAT, HUMAN",ALL PRODUCTION PRACTICES,ALL UTILIZATION PRACTICES,PRODUCTION,LB,"MILK, DRY, NONFAT, HUMAN - PRODUCTION, MEASURED IN LB",TOTAL,NOT SPECIFIED,STATE,42,42,PA,PENNSYLVANIA,,,,,,,,00000000,,,9000,UNITED STATES,PENNSYLVANIA,2024,MONTHLY,09,09,SEP,,2026-04-24 15:00:00.000,"9,055,000",
SURVEY,ANIMALS & PRODUCTS,DAIRY,MILK,"DRY, NONFAT, HUMAN",ALL PRODUCTION PRACTICES,ALL UTILIZATION PRACTICES,PRODUCTION,LB,"MILK, DRY, NONFAT, HUMAN - PRODUCTION, MEASURED IN LB",TOTAL,NOT SPECIFIED,STATE,42,42,PA,PENNSYLVANIA,,,,,,,,00000000,,,9000,UNITED STATES,PENNSYLVANIA,2024,MONTHLY,10,10,OCT,,2026-04-24 15:00:00.000,"10,143,000",
SURVEY,ANIMALS & PRODUCTS,DAIRY,MILK,"DRY, NONFAT, HUMAN",ALL PRODUCTION PRACTICES,ALL UTILIZATION PRACTICES,PRODUCTION,LB,"MILK, DRY, NONFAT, HUMAN - PRODUCTION, MEASURED IN LB",TOTAL,NOT SPECIFIED,STATE,42,42,PA,PENNSYLVANIA,,,,,,,,00000000,,,9000,UNITED STATES,PENNSYLVANIA,2024,MONTHLY,11,11,NOV,,2026-04-24 15:00:00.000,"10,800,000",
SURVEY,ANIMALS & PRODUCTS,DAIRY,MILK,"DRY, NONFAT, HUMAN",ALL PRODUCTION PRACTICES,ALL UTILIZATION PRACTICES,PRODUCTION,LB,"MILK, DRY, NONFAT, HUMAN - PRODUCTION, MEASURED IN LB",TOTAL,NOT SPECIFIED,STATE,42,42,PA,PENNSYLVANIA,,,,,,,,00000000,,,9000,UNITED STATES,PENNSYLVANIA,2024,MONTHLY,12,12,DEC,,2026-04-24 15:00:00.000,"12,540,000",
SURVEY,ANIMALS & PRODUCTS,DAIRY,MILK,"SKIM, UNSWEETENED, CONDENSED",ALL PRODUCTION PRACTICES,BULK,PRODUCTION,LB,"MILK, SKIM, UNSWEETENED, CONDENSED, BULK - PRODUCTION, MEASURED IN LB",TOTAL,NOT SPECIFIED,STATE,,98,OT,OTHER STATES,,,,,,,,00000000,,,9000,UNITED STATES,OTHER STATES,2024,MONTHLY,01,01,JAN,,2026-04-24 15:00:00.000,"101,742,000",
SURVEY,ANIMALS & PRODUCTS,DAIRY,MILK,"SKIM, UNSWEETENED, CONDENSED",ALL PRODUCTION PRACTICES,BULK,PRODUCTION,LB,"MILK, SKIM, UNSWEETENED, CONDENSED, BULK - PRODUCTION, MEASURED IN LB",TOTAL,NOT SPECIFIED,STATE,,98,OT,OTHER STATES,,,,,,,,00000000,,,9000,UNITED STATES,OTHER STATES,2024,MONTHLY,02,02,FEB,,2026-04-24 15:00:00.000,"96,612,000",
SURVEY,ANIMALS & PRODUCTS,DAIRY,MILK,"SKIM, UNSWEETENED, CONDENSED",ALL PRODUCTION PRACTICES,BULK,PRODUCTION,LB,"MILK, SKIM, UNSWEETENED, CONDENSED, BULK - PRODUCTION, MEASURED IN LB",TOTAL,NOT SPECIFIED,STATE,,98,OT,OTHER STATES,,,,,,,,00000000,,,9000,UNITED STATES,OTHER STATES,2024,MONTHLY,03,03,MAR,,2026-04-24 15:00:00.000,"108,198,000",
SURVEY,ANIMALS & PRODUCTS,DAIRY,MILK,"SKIM, UNSWEETENED, CONDENSED",ALL PRODUCTION PRACTICES,BULK,PRODUCTION,LB,"MILK, SKIM, UNSWEETENED, CONDENSED, BULK - PRODUCTION, MEASURED IN LB",TOTAL,NOT SPECIFIED,STATE,,98,OT,OTHER STATES,,,,,,,,00000000,,,9000,UNITED STATES,OTHER STATES,2024,MONTHLY,04,04,APR,,2026-04-24 15:00:00.000,"117,918,000",
SURVEY,ANIMALS & PRODUCTS,DAIRY,MILK,"SKIM, UNSWEETENED, CONDENSED",ALL PRODUCTION PRACTICES,BULK,PRODUCTION,LB,"MILK, SKIM, UNSWEETENED, CONDENSED, BULK - PRODUCTION, MEASURED IN LB",TOTAL,NOT SPECIFIED,STATE,,98,OT,OTHER STATES,,,,,,,,00000000,,,9000,UNITED STATES,OTHER STATES,2024,MONTHLY,05,05,MAY,,2026-04-24 15:00:00.000,"116,209,000",
SURVEY,ANIMALS & PRODUCTS,DAIRY,MILK,"SKIM, UNSWEETENED, CONDENSED",ALL PRODUCTION PRACTICES,BULK,PRODUCTION,LB,"MILK, SKIM, UNSWEETENED, CONDENSED, BULK - PRODUCTION, MEASURED IN LB",TOTAL,NOT SPECIFIED,STATE,,98,OT,OTHER STATES,,,,,,,,00000000,,,9000,UNITED STATES,OTHER STATES,2024,MONTHLY,06,06,JUN,,2026-04-24 15:00:00.000,"111,119,000",
SURVEY,ANIMALS & PRODUCTS,DAIRY,MILK,"SKIM, UNSWEETENED, CONDENSED",ALL PRODUCTION PRACTICES,BULK,PRODUCTION,LB,"MILK, SKIM, UNSWEETENED, CONDENSED, BULK - PRODUCTION, MEASURED IN LB",TOTAL,NOT SPECIFIED,STATE,,98,OT,OTHER STATES,,,,,,,,00000000,,,9000,UNITED STATES,OTHER STATES,2024,MONTHLY,07,07,JUL,,2026-04-24 15:00:00.000,"101,671,000",
SURVEY,ANIMALS & PRODUCTS,DAIRY,MILK,"SKIM, UNSWEETENED, CONDENSED",ALL PRODUCTION PRACTICES,BULK,PRODUCTION,LB,"MILK, SKIM, UNSWEETENED, CONDENSED, BULK - PRODUCTION, MEASURED IN LB",TOTAL,NOT SPECIFIED,STATE,,98,OT,OTHER STATES,,,,,,,,00000000,,,9000,UNITED STATES,OTHER STATES,2024,MONTHLY,08,08,AUG,,2026-04-24 15:00:00.000,"95,364,000",
SURVEY,ANIMALS & PRODUCTS,DAIRY,MILK,"SKIM, UNSWEETENED, CONDENSED",ALL PRODUCTION PRACTICES,BULK,PRODUCTION,LB,"MILK, SKIM, UNSWEETENED, CONDENSED, BULK - PRODUCTION, MEASURED IN LB",TOTAL,NOT SPECIFIED,STATE,,98,OT,OTHER STATES,,,,,,,,00000000,,,9000,UNITED STATES,OTHER STATES,2024,MONTHLY,09,09,SEP,,2026-04-24 15:00:00.000,"88,067,000",
SURVEY,ANIMALS & PRODUCTS,DAIRY,MILK,"SKIM, UNSWEETENED, CONDENSED",ALL PRODUCTION PRACTICES,BULK,PRODUCTION,LB,"MILK, SKIM, UNSWEETENED, CONDENSED, BULK - PRODUCTION, MEASURED IN LB",TOTAL,NOT SPECIFIED,STATE,,98,OT,OTHER STATES,,,,,,,,00000000,,,9000,UNITED STATES,OTHER STATES,2024,MONTHLY,10,10,OCT,,2026-04-24 15:00:00.000,"94,060,000",
SURVEY,ANIMALS & PRODUCTS,DAIRY,MILK,"SKIM, UNSWEETENED, CONDENSED",ALL PRODUCTION PRACTICES,BULK,PRODUCTION,LB,"MILK, SKIM, UNSWEETENED, CONDENSED, BULK - PRODUCTION, MEASURED IN LB",TOTAL,NOT SPECIFIED,STATE,,98,OT,OTHER STATES,,,,,,,,00000000,,,9000,UNITED STATES,OTHER STATES,2024,MONTHLY,11,11,NOV,,2026-04-24 15:00:00.000,"84,416,000",
SURVEY,ANIMALS & PRODUCTS,DAIRY,MILK,"SKIM, UNSWEETENED, CONDENSED",ALL PRODUCTION PRACTICES,BULK,PRODUCTION,LB,"MILK, SKIM, UNSWEETENED, CONDENSED, BULK - PRODUCTION, MEASURED IN LB",TOTAL,NOT SPECIFIED,STATE,,98,OT,OTHER STATES,,,,,,,,00000000,,,9000,UNITED STATES,OTHER STATES,2024,MONTHLY,12,12,DEC,,2026-04-24 15:00:00.000,"94,505,000",
SURVEY,ANIMALS & PRODUCTS,DAIRY,MILK,"SKIM, UNSWEETENED, CONDENSED",ALL PRODUCTION PRACTICES,BULK,PRODUCTION,LB,"MILK, SKIM, UNSWEETENED, CONDENSED, BULK - PRODUCTION, MEASURED IN LB",TOTAL,NOT SPECIFIED,STATE,06,06,CA,CALIFORNIA,,,,,,,,00000000,,,9000,UNITED STATES,CALIFORNIA,2024,MONTHLY,01,01,JAN,,2026-04-24 15:00:00.000,"9,342,000",
SURVEY,ANIMALS & PRODUCTS,DAIRY,MILK,"SKIM, UNSWEETENED, CONDENSED",ALL PRODUCTION PRACTICES,BULK,PRODUCTION,LB,"MILK, SKIM, UNSWEETENED, CONDENSED, BULK - PRODUCTION, MEASURED IN LB",TOTAL,NOT SPECIFIED,STATE,06,06,CA,CALIFORNIA,,,,,,,,00000000,,,9000,UNITED STATES,CALIFORNIA,2024,MONTHLY,02,02,FEB,,2026-04-24 15:00:00.000,"8,913,000",
SURVEY,ANIMALS & PRODUCTS,DAIRY,MILK,"SKIM, UNSWEETENED, CONDENSED",ALL PRODUCTION PRACTICES,BULK,PRODUCTION,LB,"MILK, SKIM, UNSWEETENED, CONDENSED, BULK - PRODUCTION, MEASURED IN LB",TOTAL,NOT SPECIFIED,STATE,06,06,CA,CALIFORNIA,,,,,,,,00000000,,,9000,UNITED STATES,CALIFORNIA,2024,MONTHLY,03,03,MAR,,2026-04-24 15:00:00.000,"12,062,000",
SURVEY,ANIMALS & PRODUCTS,DAIRY,MILK,"SKIM, UNSWEETENED, CONDENSED",ALL PRODUCTION PRACTICES,BULK,PRODUCTION,LB,"MILK, SKIM, UNSWEETENED, CONDENSED, BULK - PRODUCTION, MEASURED IN LB",TOTAL,NOT SPECIFIED,STATE,06,06,CA,CALIFORNIA,,,,,,,,00000000,,,9000,UNITED STATES,CALIFORNIA,2024,MONTHLY,04,04,APR,,2026-04-24 15:00:00.000,"12,193,000",
SURVEY,ANIMALS & PRODUCTS,DAIRY,MILK,"SKIM, UNSWEETENED, CONDENSED",ALL PRODUCTION PRACTICES,BULK,PRODUCTION,LB,"MILK, SKIM, UNSWEETENED, CONDENSED, BULK - PRODUCTION, MEASURED IN LB",TOTAL,NOT SPECIFIED,STATE,06,06,CA,CALIFORNIA,,,,,,,,00000000,,,9000,UNITED STATES,CALIFORNIA,2024,MONTHLY,05,05,MAY,,2026-04-24 15:00:00.000,"12,589,000",
SURVEY,ANIMALS & PRODUCTS,DAIRY,MILK,"SKIM, UNSWEETENED, CONDENSED",ALL PRODUCTION PRACTICES,BULK,PRODUCTION,LB,"MILK, SKIM, UNSWEETENED, CONDENSED, BULK - PRODUCTION, MEASURED IN LB",TOTAL,NOT SPECIFIED,STATE,06,06,CA,CALIFORNIA,,,,,,,,00000000,,,9000,UNITED STATES,CALIFORNIA,2024,MONTHLY,06,06,JUN,,2026-04-24 15:00:00.000,"11,312,000",
SURVEY,ANIMALS & PRODUCTS,DAIRY,MILK,"SKIM, UNSWEETENED, CONDENSED",ALL PRODUCTION PRACTICES,BULK,PRODUCTION,LB,"MILK, SKIM, UNSWEETENED, CONDENSED, BULK - PRODUCTION, MEASURED IN LB",TOTAL,NOT SPECIFIED,STATE,06,06,CA,CALIFORNIA,,,,,,,,00000000,,,9000,UNITED STATES,CALIFORNIA,2024,MONTHLY,07,07,JUL,,2026-04-24 15:00:00.000,"12,049,000",
SURVEY,ANIMALS & PRODUCTS,DAIRY,MILK,"SKIM, UNSWEETENED, CONDENSED",ALL PRODUCTION PRACTICES,BULK,PRODUCTION,LB,"MILK, SKIM, UNSWEETENED, CONDENSED, BULK - PRODUCTION, MEASURED IN LB",TOTAL,NOT SPECIFIED,STATE,06,06,CA,CALIFORNIA,,,,,,,,00000000,,,9000,UNITED STATES,CALIFORNIA,2024,MONTHLY,08,08,AUG,,2026-04-24 15:00:00.000,"11,676,000",
SURVEY,ANIMALS & PRODUCTS,DAIRY,MILK,"SKIM, UNSWEETENED, CONDENSED",ALL PRODUCTION PRACTICES,BULK,PRODUCTION,LB,"MILK, SKIM, UNSWEETENED, CONDENSED, BULK - PRODUCTION, MEASURED IN LB",TOTAL,NOT SPECIFIED,STATE,06,06,CA,CALIFORNIA,,,,,,,,00000000,,,9000,UNITED STATES,CALIFORNIA,2024,MONTHLY,09,09,SEP,,2026-04-24 15:00:00.000,"10,496,000",
SURVEY,ANIMALS & PRODUCTS,DAIRY,MILK,"SKIM, UNSWEETENED, CONDENSED",ALL PRODUCTION PRACTICES,BULK,PRODUCTION,LB,"MILK, SKIM, UNSWEETENED, CONDENSED, BULK - PRODUCTION, MEASURED IN LB",TOTAL,NOT SPECIFIED,STATE,06,06,CA,CALIFORNIA,,,,,,,,00000000,,,9000,UNITED STATES,CALIFORNIA,2024,MONTHLY,10,10,OCT,,2026-04-24 15:00:00.000,"11,865,000",
SURVEY,ANIMALS & PRODUCTS,DAIRY,MILK,"SKIM, UNSWEETENED, CONDENSED",ALL PRODUCTION PRACTICES,BULK,PRODUCTION,LB,"MILK, SKIM, UNSWEETENED, CONDENSED, BULK - PRODUCTION, MEASURED IN LB",TOTAL,NOT SPECIFIED,STATE,06,06,CA,CALIFORNIA,,,,,,,,00000000,,,9000,UNITED STATES,CALIFORNIA,2024,MONTHLY,11,11,NOV,,2026-04-24 15:00:00.000,"10,287,000",
SURVEY,ANIMALS & PRODUCTS,DAIRY,MILK,"SKIM, UNSWEETENED, CONDENSED",ALL PRODUCTION PRACTICES,BULK,PRODUCTION,LB,"MILK, SKIM, UNSWEETENED, CONDENSED, BULK - PRODUCTION, MEASURED IN LB",TOTAL,NOT SPECIFIED,STATE,06,06,CA,CALIFORNIA,,,,,,,,00000000,,,9000,UNITED STATES,CALIFORNIA,2024,MONTHLY,12,12,DEC,,2026-04-24 15:00:00.000,"9,226,000",
SURVEY,ANIMALS & PRODUCTS,DAIRY,MILK,"SKIM, UNSWEETENED, CONDENSED",ALL PRODUCTION PRACTICES,BULK,PRODUCTION,LB,"MILK, SKIM, UNSWEETENED, CONDENSED, BULK - PRODUCTION, MEASURED IN LB",TOTAL,NOT SPECIFIED,STATE,36,36,NY,NEW YORK,,,,,,,,00000000,,,9000,UNITED STATES,NEW YORK,2024,MONTHLY,01,01,JAN,,2026-04-24 15:00:00.000,"5,491,000",
SURVEY,ANIMALS & PRODUCTS,DAIRY,MILK,"SKIM, UNSWEETENED, CONDENSED",ALL PRODUCTION PRACTICES,BULK,PRODUCTION,LB,"MILK, SKIM, UNSWEETENED, CONDENSED, BULK - PRODUCTION, MEASURED IN LB",TOTAL,NOT SPECIFIED,STATE,36,36,NY,NEW YORK,,,,,,,,00000000,,,9000,UNITED STATES,NEW YORK,2024,MONTHLY,02,02,FEB,,2026-04-24 15:00:00.000,"5,744,000",
SURVEY,ANIMALS & PRODUCTS,DAIRY,MILK,"SKIM, UNSWEETENED, CONDENSED",ALL PRODUCTION PRACTICES,BULK,PRODUCTION,LB,"MILK, SKIM, UNSWEETENED, CONDENSED, BULK - PRODUCTION, MEASURED IN LB",TOTAL,NOT SPECIFIED,STATE,36,36,NY,NEW YORK,,,,,,,,00000000,,,9000,UNITED STATES,NEW YORK,2024,MONTHLY,03,03,MAR,,2026-04-24 15:00:00.000,"5,263,000",
SURVEY,ANIMALS & PRODUCTS,DAIRY,MILK,"SKIM, UNSWEETENED, CONDENSED",ALL PRODUCTION PRACTICES,BULK,PRODUCTION,LB,"MILK, SKIM, UNSWEETENED, CONDENSED, BULK - PRODUCTION, MEASURED IN LB",TOTAL,NOT SPECIFIED,STATE,36,36,NY,NEW YORK,,,,,,,,00000000,,,9000,UNITED STATES,NEW YORK,2024,MONTHLY,04,04,APR,,2026-04-24 15:00:00.000,"4,791,000",
SURVEY,ANIMALS & PRODUCTS,DAIRY,MILK,"SKIM, UNSWEETENED, CONDENSED",ALL PRODUCTION PRACTICES,BULK,PRODUCTION,LB,"MILK, SKIM, UNSWEETENED, CONDENSED, BULK - PRODUCTION, MEASURED IN LB",TOTAL,NOT SPECIFIED,STATE,36,36,NY,NEW YORK,,,,,,,,00000000,,,9000,UNITED STATES,NEW YORK,2024,MONTHLY,05,05,MAY,,2026-04-24 15:00:00.000,"7,982,000",
SURVEY,ANIMALS & PRODUCTS,DAIRY,MILK,"SKIM, UNSWEETENED, CONDENSED",ALL PRODUCTION PRACTICES,BULK,PRODUCTION,LB,"MILK, SKIM, UNSWEETENED, CONDENSED, BULK - PRODUCTION, MEASURED IN LB",TOTAL,NOT SPECIFIED,STATE,36,36,NY,NEW YORK,,,,,,,,00000000,,,9000,UNITED STATES,NEW YORK,2024,MONTHLY,06,06,JUN,,2026-04-24 15:00:00.000,"6,960,000",
SURVEY,ANIMALS & PRODUCTS,DAIRY,MILK,"SKIM, UNSWEETENED, CONDENSED",ALL PRODUCTION PRACTICES,BULK,PRODUCTION,LB,"MILK, SKIM, UNSWEETENED, CONDENSED, BULK - PRODUCTION, MEASURED IN LB",TOTAL,NOT SPECIFIED,STATE,36,36,NY,NEW YORK,,,,,,,,00000000,,,9000,UNITED STATES,NEW YORK,2024,MONTHLY,07,07,JUL,,2026-04-24 15:00:00.000,"5,174,000",
SURVEY,ANIMALS & PRODUCTS,DAIRY,MILK,"SKIM, UNSWEETENED, CONDENSED",ALL PRODUCTION PRACTICES,BULK,PRODUCTION,LB,"MILK, SKIM, UNSWEETENED, CONDENSED, BULK - PRODUCTION, MEASURED IN LB",TOTAL,NOT SPECIFIED,STATE,36,36,NY,NEW YORK,,,,,,,,00000000,,,9000,UNITED STATES,NEW YORK,2024,MONTHLY,08,08,AUG,,2026-04-24 15:00:00.000,"5,373,000",
SURVEY,ANIMALS & PRODUCTS,DAIRY,MILK,"SKIM, UNSWEETENED, CONDENSED",ALL PRODUCTION PRACTICES,BULK,PRODUCTION,LB,"MILK, SKIM, UNSWEETENED, CONDENSED, BULK - PRODUCTION, MEASURED IN LB",TOTAL,NOT SPECIFIED,STATE,36,36,NY,NEW YORK,,,,,,,,00000000,,,9000,UNITED STATES,NEW YORK,2024,MONTHLY,09,09,SEP,,2026-04-24 15:00:00.000,"4,954,000",
SURVEY,ANIMALS & PRODUCTS,DAIRY,MILK,"SKIM, UNSWEETENED, CONDENSED",ALL PRODUCTION PRACTICES,BULK,PRODUCTION,LB,"MILK, SKIM, UNSWEETENED, CONDENSED, BULK - PRODUCTION, MEASURED IN LB",TOTAL,NOT SPECIFIED,STATE,36,36,NY,NEW YORK,,,,,,,,00000000,,,9000,UNITED STATES,NEW YORK,2024,MONTHLY,10,10,OCT,,2026-04-24 15:00:00.000,"5,294,000",
SURVEY,ANIMALS & PRODUCTS,DAIRY,MILK,"SKIM, UNSWEETENED, CONDENSED",ALL PRODUCTION PRACTICES,BULK,PRODUCTION,LB,"MILK, SKIM, UNSWEETENED, CONDENSED, BULK - PRODUCTION, MEASURED IN LB",TOTAL,NOT SPECIFIED,STATE,36,36,NY,NEW YORK,,,,,,,,00000000,,,9000,UNITED STATES,NEW YORK,2024,MONTHLY,11,11,NOV,,2026-04-24 15:00:00.000,"5,049,000",
SURVEY,ANIMALS & PRODUCTS,DAIRY,MILK,"SKIM, UNSWEETENED, CONDENSED",ALL PRODUCTION PRACTICES,BULK,PRODUCTION,LB,"MILK, SKIM, UNSWEETENED, CONDENSED, BULK - PRODUCTION, MEASURED IN LB",TOTAL,NOT SPECIFIED,STATE,36,36,NY,NEW YORK,,,,,,,,00000000,,,9000,UNITED STATES,NEW YORK,2024,MONTHLY,12,12,DEC,,2026-04-24 15:00:00.000,"5,495,000",
