source_desc,sector_desc,group_desc,commodity_desc,class_desc,prodn_practice_desc,util_practice_desc,statisticcat_desc,unit_desc,short_desc,domain_desc,domaincat_desc,agg_level_desc,state_ansi,state_fips_code,state_alpha,state_name,asd_code,asd_desc,county_ansi,county_code,county_name,region_desc,zip_5,watershed_code,watershed_desc,congr_district_code,country_code,country_name,location_desc,year,freq_desc,begin_code,end_code,reference_period_desc,week_ending,load_time,Value,CV (%)
SURVEY,ANIMALS & PRODUCTS,DAIRY,CHEESE,ALL CLASSES,ALL PRODUCTION PRACTICES,ALL UTILIZATION PRACTICES,PRODUCTION,LB,"CHEESE - PRODUCTION, MEASURED IN LB",TOTAL,NOT SPECIFIED,STATE,,98,OT,OTHER STATES,,,,,,,,00000000,,,9000,UNITED STATES,OTHER STATES,2022,MONTHLY,01,01,JAN,,2024-04-26 15:00:00.000,"219,751,000",
SURVEY,ANIMALS & PRODUCTS,DAIRY,CHEESE,ALL CLASSES,ALL PRODUCTION PRACTICES,ALL UTILIZATION PRACTICES,PRODUCTION,LB,"CHEESE - PRODUCTION, MEASURED IN LB",TOTAL,NOT SPECIFIED,STATE,,98,OT,OTHER STATES,,,,,,,,00000000,,,9000,UNITED STATES,OTHER STATES,2022,MONTHLY,02,02,FEB,,2024-04-26 15:00:00.000,"196,981,000",
SURVEY,ANIMALS & PRODUCTS,DAIRY,CHEESE,ALL CLASSES,ALL PRODUCTION PRACTICES,ALL UTILIZATION PRACTICES,PRODUCTION,LB,"CHEESE - PRODUCTION, MEASURED IN LB",TOTAL,NOT SPECIFIED,STATE,,98,OT,OTHER STATES,,,,,,,,00000000,,,9000,UNITED STATES,OTHER STATES,2022,MONTHLY,03,03,MAR,,2024-04-26 15:00:00.000,"219,361,000",
SURVEY,ANIMALS & PRODUCTS,DAIRY,CHEESE,ALL CLASSES,ALL PRODUCTION PRACTICES,ALL UTILIZATION PRACTICES,PRODUCTION,LB,"CHEESE - PRODUCTION, MEASURED IN LB",TOTAL,NOT SPECIFIED,STATE,,98,OT,OTHER STATES,,,,,,,,00000000,,,9000,UNITED STATES,OTHER STATES,2022,MONTHLY,04,04,APR,,2024-04-26 15:00:00.000,"212,696,000",
SURVEY,ANIMALS & PRODUCTS,DAIRY,CHEESE,ALL CLASSES,ALL PRODUCTION PRACTICES,ALL UTILIZATION PRACTICES,PRODUCTION,LB,"CHEESE - PRODUCTION, MEASURED IN LB",TOTAL,NOT SPECIFIED,STATE,,98,OT,OTHER STATES,,,,,,,,00000000,,,9000,UNITED STATES,OTHER STATES,2022,MONTHLY,05,05,MAY,,2024-04-26 15:00:00.000,"222,682,000",
SURVEY,ANIMALS & PRODUCTS,DAIRY,CHEESE,ALL CLASSES,ALL PRODUCTION PRACTICES,ALL UTILIZATION PRACTICES,PRODUCTION,LB,"CHEESE - PRODUCTION, MEASURED IN LB",TOTAL,NOT SPECIFIED,STATE,,98,OT,OTHER STATES,,,,,,,,00000000,,,9000,UNITED STATES,OTHER STATES,2022,MONTHLY,06,06,JUN,,2024-04-26 15:00:00.000,"212,256,000",
SURVEY,ANIMALS & PRODUCTS,DAIRY,CHEESE,ALL CLASSES,ALL PRODUCTION PRACTICES,ALL UTILIZATION PRACTICES,PRODUCTION,LB,"CHEESE - PRODUCTION, MEASURED IN LB",TOTAL,NOT SPECIFIED,STATE,,98,OT,OTHER STATES,,,,,,,,00000000,,,9000,UNITED STATES,OTHER STATES,2022,MONTHLY,07,07,JUL,,2024-04-26 15:00:00.000,"220,742,000",
SURVEY,ANIMALS & PRODUCTS,DAIRY,CHEESE,ALL CLASSES,ALL PRODUCTION PRACTICES,ALL UTILIZATION PRACTICES,PRODUCTION,LB,"CHEESE - PRODUCTION, MEASURED IN LB",TOTAL,NOT SPECIFIED,STATE,,98,OT,OTHER STATES,,,,,,,,00000000,,,9000,UNITED STATES,OTHER STATES,2022,MONTHLY,08,08,AUG,,2024-04-26 15:00:00.000,"204,253,000",
SURVEY,ANIMALS & PRODUCTS,DAIRY,CHEESE,ALL CLASSES,ALL PRODUCTION PRACTICES,ALL UTILIZATION PRACTICES,PRODUCTION,LB,"CHEESE - PRODUCTION, MEASURED IN LB",TOTAL,NOT SPECIFIED,STATE,,98,OT,OTHER STATES,,,,,,,,00000000,,,9000,UNITED STATES,OTHER STATES,2022,MONTHLY,09,09,SEP,,2024-04-26 15:00:00.000,"213,896,000",
SURVEY,ANIMALS & PRODUCTS,DAIRY,CHEESE,ALL CLASSES,ALL PRODUCTION PRACTICES,ALL UTILIZATION PRACTICES,PRODUCTION,LB,"CHEESE - PRODUCTION, MEASURED IN LB",TOTAL,NOT SPECIFIED,STATE,,98,OT,OTHER STATES,,,,,,,,00000000,,,9000,UNITED STATES,OTHER STATES,2022,MONTHLY,10,10,OCT,,2024-04-26 15:00:00.000,"221,617,000",
SURVEY,ANIMALS & PRODUCTS,DAIRY,CHEESE,ALL CLASSES,ALL PRODUCTION PRACTICES,ALL UTILIZATION PRACTICES,PRODUCTION,LB,"CHEESE - PRODUCTION, MEASURED IN LB",TOTAL,NOT SPECIFIED,STATE,,98,OT,OTHER STATES,,,,,,,,00000000,,,9000,UNITED STATES,OTHER STATES,2022,MONTHLY,11,11,NOV,,2024-04-26 15:00:00.000,"216,324,000",
SURVEY,ANIMALS & PRODUCTS,DAIRY,CHEESE,ALL CLASSES,ALL PRODUCTION PRACTICES,ALL UTILIZATION PRACTICES,PRODUCTION,LB,"CHEESE - PRODUCTION, MEASURED IN LB",TOTAL,NOT SPECIFIED,STATE,,98,OT,OTHER STATES,,,,,,,,00000000,,,9000,UNITED STATES,OTHER STATES,2022,MONTHLY,12,12,DEC,,2024-04-26 15:00:00.000,"219,193,000",
SURVEY,ANIMALS & PRODUCTS,DAIRY,CHEESE,ALL CLASSES,ALL PRODUCTION PRACTICES,ALL UTILIZATION PRACTICES,PRODUCTION,LB,"CHEESE - PRODUCTION, MEASURED IN LB",TOTAL,NOT SPECIFIED,STATE,06,06,CA,CALIFORNIA,,,,,,,,00000000,,,9000,UNITED STATES,CALIFORNIA,2022,MONTHLY,01,01,JAN,,2024-04-26 15:00:00.000,"191,040,000",
SURVEY,ANIMALS & PRODUCTS,DAIRY,CHEESE,ALL CLASSES,ALL PRODUCTION PRACTICES,ALL UTILIZATION PRACTICES,PRODUCTION,LB,"CHEESE - PRODUCTION, MEASURED IN LB",TOTAL,NOT SPECIFIED,STATE,06,06,CA,CALIFORNIA,,,,,,,,00000000,,,9000,UNITED STATES,CALIFORNIA,2022,MONTHLY,02,02,FEB,,2024-04-26 15:00:00.000,"199,386,000",
SURVEY,ANIMALS & PRODUCTS,DAIRY,CHEESE,ALL CLASSES,ALL PRODUCTION PRACTICES,ALL UTILIZATION PRACTICES,PRODUCTION,LB,"CHEESE - PRODUCTION, MEASURED IN LB",TOTAL,NOT SPECIFIED,STATE,06,06,CA,CALIFORNIA,,,,,,,,00000000,,,9000,UNITED STATES,CALIFORNIA,2022,MONTHLY,03,03,MAR,,2024-04-26 15:00:00.000,"214,341,000",
SURVEY,ANIMALS & PRODUCTS,DAIRY,CHEESE,ALL CLASSES,ALL PRODUCTION PRACTICES,ALL UTILIZATION PRACTICES,PRODUCTION,LB,"CHEESE - PRODUCTION, MEASURED IN LB",TOTAL,NOT SPECIFIED,STATE,06,06,CA,CALIFORNIA,,,,,,,,00000000,,,9000,UNITED STATES,CALIFORNIA,2022,MONTHLY,04,04,APR,,2024-04-26 15:00:00.000,"205,382,000",
SURVEY,ANIMALS & PRODUCTS,DAIRY,CHEESE,ALL CLASSES,ALL PRODUCTION PRACTICES,ALL UTILIZATION PRACTICES,PRODUCTION,LB,"CHEESE - PRODUCTION, MEASURED IN LB",TOTAL,NOT SPECIFIED,STATE,06,06,CA,CALIFORNIA,,,,,,,,00000000,,,9000,UNITED STATES,CALIFORNIA,2022,MONTHLY,05,05,MAY,,2024-04-26 15:00:00.000,"213,552,000",
SURVEY,ANIMALS & PRODUCTS,DAIRY,CHEESE,ALL CLASSES,ALL PRODUCTION PRACTICES,ALL UTILIZATION PRACTICES,PRODUCTION,LB,"CHEESE - PRODUCTION, MEASURED IN LB",TOTAL,NOT SPECIFIED,STATE,06,06,CA,CALIFORNIA,,,,,,,,00000000,,,9000,UNITED STATES,CALIFORNIA,2022,MONTHLY,06,06,JUN,,2024-04-26 15:00:00.000,"204,646,000",
SURVEY,ANIMALS & PRODUCTS,DAIRY,CHEESE,ALL CLASSES,ALL PRODUCTION PRACTICES,ALL UTILIZATION PRACTICES,PRODUCTION,LB,"CHEESE - PRODUCTION, MEASURED IN LB",TOTAL,NOT SPECIFIED,STATE,06,06,CA,CALIFORNIA,,,,,,,,00000000,,,9000,UNITED STATES,CALIFORNIA,2022,MONTHLY,07,07,JUL,,2024-04-26 15:00:00.000,"210,742,000",
SURVEY,ANIMALS & PRODUCTS,DAIRY,CHEESE,ALL CLASSES,ALL PRODUCTION PRACTICES,ALL UTILIZATION PRACTICES,PRODUCTION,LB,"CHEESE - PRODUCTION, MEASURED IN LB",TOTAL,NOT SPECIFIED,STATE,06,06,CA,CALIFORNIA,,,,,,,,00000000,,,9000,UNITED STATES,CALIFORNIA,2022,MONTHLY,08,08,AUG,,2024-04-26 15:00:00.000,"206,755,000",
SURVEY,ANIMALS & PRODUCTS,DAIRY,CHEESE,ALL CLASSES,ALL PRODUCTION PRACTICES,ALL UTILIZATION PRACTICES,PRODUCTION,LB,"CHEESE - PRODUCTION, MEASURED IN LB",TOTAL,NOT SPECIFIED,STATE,06,06,CA,CALIFORNIA,,,,,,,,00000000,,,9000,UNITED STATES,CALIFORNIA,2022,MONTHLY,09,09,SEP,,2024-04-26 15:00:00.000,"193,458,000",
SURVEY,ANIMALS & PRODUCTS,DAIRY,CHEESE,ALL CLASSES,ALL PRODUCTION PRACTICES,ALL UTILIZATION PRACTICES,PRODUCTION,LB,"CHEESE - PRODUCTION, MEASURED IN LB",TOTAL,NOT SPECIFIED,STATE,06,06,CA,CALIFORNIA,,,,,,,,00000000,,,9000,UNITED STATES,CALIFORNIA,2022,MONTHLY,10,10,OCT,,2024-04-26 15:00:00.000,"205,948,000",
SURVEY,ANIMALS & PRODUCTS,DAIRY,CHEESE,ALL CLASSES,ALL PRODUCTION PRACTICES,ALL UTILIZATION PRACTICES,PRODUCTION,LB,"CHEESE - PRODUCTION, MEASURED IN LB",TOTAL,NOT SPECIFIED,STATE,06,06,CA,CALIFORNIA,,,,,,,,00000000,,,9000,UNITED STATES,CALIFORNIA,2022,MONTHLY,11,11,NOV,,2024-04-26 15:00:00.000,"206,300,000",
SURVEY,ANIMALS & PRODUCTS,DAIRY,CHEESE,ALL CLASSES,ALL PRODUCTION PRACTICES,ALL UTILIZATION PRACTICES,PRODUCTION,LB,"CHEESE - PRODUCTION, MEASURED IN LB",TOTAL,NOT SPECIFIED,STATE,06,06,CA,CALIFORNIA,,,,,,,,00000000,,,9000,UNITED STATES,CALIFORNIA,2022,MONTHLY,12,12,DEC,,2024-04-26 15:00:00.000,"209,651,000",
SURVEY,ANIMALS & PRODUCTS,DAIRY,CHEESE,ALL CLASSES,ALL PRODUCTION PRACTICES,ALL UTILIZATION PRACTICES,PRODUCTION,LB,"CHEESE - PRODUCTION, MEASURED IN LB",TOTAL,NOT SPECIFIED,STATE,16,16,ID,IDAHO,,,,,,,,00000000,,,9000,UNITED STATES,IDAHO,2022,MONTHLY,01,01,JAN,,2024-04-26 15:00:00.000,"87,483,000",
SURVEY,ANIMALS & PRODUCTS,DAIRY,CHEESE,ALL CLASSES,ALL PRODUCTION PRACTICES,ALL UTILIZATION PRACTICES,PRODUCTION,LB,"CHEESE - PRODUCTION, MEASURED IN LB",TOTAL,NOT SPECIFIED,STATE,16,16,ID,IDAHO,,,,,,,,00000000,,,9000,UNITED STATES,IDAHO,2022,MONTHLY,02,02,FEB,,2024-04-26 15:00:00.000,"73,069,000",
SURVEY,ANIMALS & PRODUCTS,DAIRY,CHEESE,ALL CLASSES,ALL PRODUCTION PRACTICES,ALL UTILIZATION PRACTICES,PRODUCTION,LB,"CHEESE - PRODUCTION, MEASURED IN LB",TOTAL,NOT SPECIFIED,STATE,16,16,ID,IDAHO,,,,,,,,00000000,,,9000,UNITED STATES,IDAHO,2022,MONTHLY,03,03,MAR,,2024-04-26 15:00:00.000,"89,304,000",
SURVEY,ANIMALS & PRODUCTS,DAIRY,CHEESE,ALL CLASSES,ALL PRODUCTION PRACTICES,ALL UTILIZATION PRACTICES,PRODUCTION,LB,"CHEESE - PRODUCTION, MEASURED IN LB",TOTAL,NOT SPECIFIED,STATE,16,16,ID,IDAHO,,,,,,,,00000000,,,9000,UNITED STATES,IDAHO,2022,MONTHLY,04,04,APR,,2024-04-26 15:00:00.000,"86,418,000",
SURVEY,ANIMALS & PRODUCTS,DAIRY,CHEESE,ALL CLASSES,ALL PRODUCTION PRACTICES,ALL UTILIZATION PRACTICES,PRODUCTION,LB,"CHEESE - PRODUCTION, MEASURED IN LB",TOTAL,NOT SPECIFIED,STATE,16,16,ID,IDAHO,,,,,,,,00000000,,,9000,UNITED STATES,IDAHO,2022,MONTHLY,05,05,MAY,,2024-04-26 15:00:00.000,"76,745,000",
SURVEY,ANIMALS & PRODUCTS,DAIRY,CHEESE,ALL CLASSES,ALL PRODUCTION PRACTICES,ALL UTILIZATION PRACTICES,PRODUCTION,LB,"CHEESE - PRODUCTION, MEASURED IN LB",TOTAL,NOT SPECIFIED,STATE,16,16,ID,IDAHO,,,,,,,,00000000,,,9000,UNITED STATES,IDAHO,2022,MONTHLY,06,06,JUN,,2024-04-26 15:00:00.000,"84,149,000",
SURVEY,ANIMALS & PRODUCTS,DAIRY,CHEESE,ALL CLASSES,ALL PRODUCTION PRACTICES,ALL UTILIZATION PRACTICES,PRODUCTION,LB,"CHEESE - PRODUCTION, MEASURED IN LB",TOTAL,NOT SPECIFIED,STATE,16,16,ID,IDAHO,,,,,,,,00000000,,,9000,UNITED STATES,IDAHO,2022,MONTHLY,07,07,JUL,,2024-04-26 15:00:00.000,"85,926,000",
SURVEY,ANIMALS & PRODUCTS,DAIRY,CHEESE,ALL CLASSES,ALL PRODUCTION PRACTICES,ALL UTILIZATION PRACTICES,PRODUCTION,LB,"CHEESE - PRODUCTION, MEASURED IN LB",TOTAL,NOT SPECIFIED,STATE,16,16,ID,IDAHO,,,,,,,,00000000,,,9000,UNITED STATES,IDAHO,2022,MONTHLY,08,08,AUG,,2024-04-26 15:00:00.000,"73,689,000",
SURVEY,ANIMALS & PRODUCTS,DAIRY,CHEESE,ALL CLASSES,ALL PRODUCTION PRACTICES,ALL UTILIZATION PRACTICES,PRODUCTION,LB,"CHEESE - PRODUCTION, MEASURED IN LB",TOTAL,NOT SPECIFIED,STATE,16,16,ID,IDAHO,,,,,,,,00000000,,,9000,UNITED STATES,IDAHO,2022,MONTHLY,09,09,SEP,,2024-04-26 15:00:00.000,"86,570,000",
SURVEY,ANIMALS & PRODUCTS,DAIRY,CHEESE,ALL CLASSES,ALL PRODUCTION PRACTICES,ALL UTILIZATION PRACTICES,PRODUCTION,LB,"CHEESE - PRODUCTION, MEASURED IN LB",TOTAL,NOT SPECIFIED,STATE,16,16,ID,IDAHO,,,,,,,,00000000,,,9000,UNITED STATES,IDAHO,2022,MONTHLY,10,10,OCT,,2024-04-26 15:00:00.000,"85,201,000",
SURVEY,ANIMALS & PRODUCTS,DAIRY,CHEESE,ALL CLASSES,ALL PRODUCTION PRACTICES,ALL UTILIZATION PRACTICES,PRODUCTION,LB,"CHEESE - PRODUCTION, MEASURED IN LB",TOTAL,NOT SPECIFIED,STATE,16,16,ID,IDAHO,,,,,,,,00000000,,,9000,UNITED STATES,IDAHO,2022,MONTHLY,11,11,NOV,,2024-04-26 15:00:00.000,"74,507,000",
SURVEY,ANIMALS & PRODUCTS,DAIRY,CHEESE,ALL CLASSES,ALL PRODUCTION PRACTICES,ALL UTILIZATION PRACTICES,PRODUCTION,LB,"CHEESE - PRODUCTION, MEASURED IN LB",TOTAL,NOT SPECIFIED,STATE,16,16,ID,IDAHO,,,,,,,,00000000,,,9000,UNITED STATES,IDAHO,2022,MONTHLY,12,12,DEC,,2024-04-26 15:00:00.000,"86,478,000",
SURVEY,ANIMALS & PRODUCTS,DAIRY,CHEESE,ALL CLASSES,ALL PRODUCTION PRACTICES,ALL UTILIZATION PRACTICES,PRODUCTION,LB,"CHEESE - PRODUCTION, MEASURED IN LB",TOTAL,NOT SPECIFIED,STATE,17,17,IL,ILLINOIS,,,,,,,,00000000,,,9000,UNITED STATES,ILLINOIS,2022,MONTHLY,01,01,JAN,,2024-04-26 15:00:00.000,"6,268,000",
SURVEY,ANIMALS & PRODUCTS,DAIRY,CHEESE,ALL CLASSES,ALL PRODUCTION PRACTICES,ALL UTILIZATION PRACTICES,PRODUCTION,LB,"CHEESE - PRODUCTION, MEASURED IN LB",TOTAL,NOT SPECIFIED,STATE,17,17,IL,ILLINOIS,,,,,,,,00000000,,,9000,UNITED STATES,ILLINOIS,2022,MONTHLY,02,02,FEB,,2024-04-26 15:00:00.000,"5,864,000",
SURVEY,ANIMALS & PRODUCTS,DAIRY,CHEESE,ALL CLASSES,ALL PRODUCTION PRACTICES,ALL UTILIZATION PRACTICES,PRODUCTION,LB,"CHEESE - PRODUCTION, MEASURED IN LB",TOTAL,NOT SPECIFIED,STATE,17,17,IL,ILLINOIS,,,,,,,,00000000,,,9000,UNITED STATES,ILLINOIS,2022,MONTHLY,03,03,MAR,,2024-04-26 15:00:00.000,"5,363,000",
SURVEY,ANIMALS & PRODUCTS,DAIRY,CHEESE,ALL CLASSES,ALL PRODUCTION PRACTICES,ALL UTILIZATION PRACTICES,PRODUCTION,LB,"CHEESE - PRODUCTION, MEASURED IN LB",TOTAL,NOT SPECIFIED,STATE,17,17,IL,ILLINOIS,,,,,,,,00000000,,,9000,UNITED STATES,ILLINOIS,2022,MONTHLY,04,04,APR,,2024-04-26 15:00:00.000,"5,913,000",
SURVEY,ANIMALS & PRODUCTS,DAIRY,CHEESE,ALL CLASSES,ALL PRODUCTION PRACTICES,ALL UTILIZATION PRACTICES,PRODUCTION,LB,"CHEESE - PRODUCTION, MEASURED IN LB",TOTAL,NOT SPECIFIED,STATE,17,17,IL,ILLINOIS,,,,,,,,00000000,,,9000,UNITED STATES,ILLINOIS,2022,MONTHLY,05,05,MAY,,2024-04-26 15:00:00.000,"5,970,000",
SURVEY,ANIMALS & PRODUCTS,DAIRY,CHEESE,ALL CLASSES,ALL PRODUCTION PRACTICES,ALL UTILIZATION PRACTICES,PRODUCTION,LB,"CHEESE - PRODUCTION, MEASURED IN LB",TOTAL,NOT SPECIFIED,STATE,17,17,IL,ILLINOIS,,,,,,,,00000000,,,9000,UNITED STATES,ILLINOIS,2022,MONTHLY,06,06,JUN,,2024-04-26 15:00:00.000,"5,900,000",
SURVEY,ANIMALS & PRODUCTS,DAIRY,CHEESE,ALL CLASSES,ALL PRODUCTION PRACTICES,ALL UTILIZATION PRACTICES,PRODUCTION,LB,"CHEESE - PRODUCTION, MEASURED IN LB",TOTAL,NOT SPECIFIED,STATE,17,17,IL,ILLINOIS,,,,,,,,00000000,,,9000,UNITED STATES,ILLINOIS,2022,MONTHLY,07,07,JUL,,2024-04-26 15:00:00.000,"5,688,000",
SURVEY,ANIMALS & PRODUCTS,DAIRY,CHEESE,ALL CLASSES,ALL PRODUCTION PRACTICES,ALL UTILIZATION PRACTICES,PRODUCTION,LB,"CHEESE - PRODUCTION, MEASURED IN LB",TOTAL,NOT SPECIFIED,STATE,17,17,IL,ILLINOIS,,,,,,,,00000000,,,9000,UNITED STATES,ILLINOIS,2022,MONTHLY,08,08,AUG,,2024-04-26 15:00:00.000,"5,316,000",
SURVEY,ANIMALS & PRODUCTS,DAIRY,CHEESE,ALL CLASSES,ALL PRODUCTION PRACTICES,ALL UTILIZATION PRACTICES,PRODUCTION,LB,"CHEESE - PRODUCTION, MEASURED IN LB",TOTAL,NOT SPECIFIED,STATE,17,17,IL,ILLINOIS,,,,,,,,00000000,,,9000,UNITED STATES,ILLINOIS,2022,MONTHLY,09,09,SEP,,2024-04-26 15:00:00.000,"5,058,000",
SURVEY,ANIMALS & PRODUCTS,DAIRY,CHEESE,ALL CLASSES,ALL PRODUCTION PRACTICES,ALL UTILIZATION PRACTICES,PRODUCTION,LB,"CHEESE - PRODUCTION, MEASURED IN LB",TOTAL,NOT SPECIFIED,STATE,17,17,IL,ILLINOIS,,,,,,,,00000000,,,9000,UNITED STATES,ILLINOIS,2022,MONTHLY,10,10,OCT,,2024-04-26 15:00:00.000,"5,705,000",
SURVEY,ANIMALS & PRODUCTS,DAIRY,CHEESE,ALL CLASSES,ALL PRODUCTION PRACTICES,ALL UTILIZATION PRACTICES,PRODUCTION,LB,"CHEESE - PRODUCTION, MEASURED IN LB",TOTAL,NOT SPECIFIED,STATE,17,17,IL,ILLINOIS,,,,,,,,00000000,,,9000,UNITED STATES,ILLINOIS,2022,MONTHLY,11,11,NOV,,2024-04-26 15:00:00.000,"6,005,000",
SURVEY,ANIMALS & PRODUCTS,DAIRY,CHEESE,ALL CLASSES,ALL PRODUCTION PRACTICES,ALL UTILIZATION PRACTICES,PRODUCTION,LB,"CHEESE - PRODUCTION, MEASURED IN LB",TOTAL,NOT SPECIFIED,STATE,17,17,IL,ILLINOIS,,,,,,,,00000000,,,9000,UNITED STATES,ILLINOIS,2022,MONTHLY,12,12,DEC,,2024-04-26 15:00:00.000,"5,927,000",
SURVEY,ANIMALS & PRODUCTS,DAIRY,CHEESE,ALL CLASSES,ALL PRODUCTION PRACTICES,ALL UTILIZATION PRACTICES,PRODUCTION,LB,"CHEESE - PRODUCTION, MEASURED IN LB",TOTAL,NOT SPECIFIED,STATE,19,19,IA,IOWA,,,,,,,,00000000,,,9000,UNITED STATES,IOWA,2022,MONTHLY,01,01,JAN,,2024-04-26 15:00:00.000,"33,242,000",
SURVEY,ANIMALS & PRODUCTS,DAIRY,CHEESE,ALL CLASSES,ALL PRODUCTION PRACTICES,ALL UTILIZATION PRACTICES,PRODUCTION,LB,"CHEESE - PRODUCTION, MEASURED IN LB",TOTAL,NOT SPECIFIED,STATE,19,19,IA,IOWA,,,,,,,,00000000,,,9000,UNITED STATES,IOWA,2022,MONTHLY,02,02,FEB,,2024-04-26 15:00:00.000,"30,484,000",
SURVEY,ANIMALS & PRODUCTS,DAIRY,CHEESE,ALL CLASSES,ALL PRODUCTION PRACTICES,ALL UTILIZATION PRACTICES,PRODUCTION,LB,"CHEESE - PRODUCTION, MEASURED IN LB",TOTAL,NOT SPECIFIED,STATE,19,19,IA,IOWA,,,,,,,,00000000,,,9000,UNITED STATES,IOWA,2022,MONTHLY,03,03,MAR,,2024-04-26 15:00:00.000,"31,502,000",
SURVEY,ANIMALS & PRODUCTS,DAIRY,CHEESE,ALL CLASSES,ALL PRODUCTION PRACTICES,ALL UTILIZATION PRACTICES,PRODUCTION,LB,"CHEESE - PRODUCTION, MEASURED IN LB",TOTAL,NOT SPECIFIED,STATE,19,19,IA,IOWA,,,,,,,,00000000,,,9000,UNITED STATES,IOWA,2022,MONTHLY,04,04,APR,,2024-04-26 15:00:00.000,"31,635,000",
SURVEY,ANIMALS & PRODUCTS,DAIRY,CHEESE,ALL CLASSES,ALL PRODUCTION PRACTICES,ALL UTILIZATION PRACTICES,PRODUCTION,LB,"CHEESE - PRODUCTION, MEASURED IN LB",TOTAL,NOT SPECIFIED,STATE,19,19,IA,IOWA,,,,,,,,00000000,,,9000,UNITED STATES,IOWA,2022,MONTHLY,05,05,MAY,,2024-04-26 15:00:00.000,"33,961,000",
SURVEY,ANIMALS & PRODUCTS,DAIRY,CHEESE,ALL CLASSES,ALL PRODUCTION PRACTICES,ALL UTILIZATION PRACTICES,PRODUCTION,LB,"CHEESE - PRODUCTION, MEASURED IN LB",TOTAL,NOT SPECIFIED,STATE,19,19,IA,IOWA,,,,,,,,00000000,,,9000,UNITED STATES,IOWA,2022,MONTHLY,06,06,JUN,,2024-04-26 15:00:00.000,"32,197,000",
SURVEY,ANIMALS & PRODUCTS,DAIRY,CHEESE,ALL CLASSES,ALL PRODUCTION PRACTICES,ALL UTILIZATION PRACTICES,PRODUCTION,LB,"CHEESE - PRODUCTION, MEASURED IN LB",TOTAL,NOT SPECIFIED,STATE,19,19,IA,IOWA,,,,,,,,00000000,,,9000,UNITED STATES,IOWA,2022,MONTHLY,07,07,JUL,,2024-04-26 15:00:00.000,"31,510,000",
SURVEY,ANIMALS & PRODUCTS,DAIRY,CHEESE,ALL CLASSES,ALL PRODUCTION PRACTICES,ALL UTILIZATION PRACTICES,PRODUCTION,LB,"CHEESE - PRODUCTION, MEASURED IN LB",TOTAL,NOT SPECIFIED,STATE,19,19,IA,IOWA,,,,,,,,00000000,,,9000,UNITED STATES,IOWA,2022,MONTHLY,08,08,AUG,,2024-04-26 15:00:00.000,"32,270,000",
SURVEY,ANIMALS & PRODUCTS,DAIRY,CHEESE,ALL CLASSES,ALL PRODUCTION PRACTICES,ALL UTILIZATION PRACTICES,PRODUCTION,LB,"CHEESE - PRODUCTION, MEASURED IN LB",TOTAL,NOT SPECIFIED,STATE,19,19,IA,IOWA,,,,,,,,00000000,,,9000,UNITED STATES,IOWA,2022,MONTHLY,09,09,SEP,,2024-04-26 15:00:00.000,"31,579,000",
SURVEY,ANIMALS & PRODUCTS,DAIRY,CHEESE,ALL CLASSES,ALL PRODUCTION PRACTICES,ALL UTILIZATION PRACTICES,PRODUCTION,LB,"CHEESE - PRODUCTION, MEASURED IN LB",TOTAL,NOT SPECIFIED,STATE,19,19,IA,IOWA,,,,,,,,00000000,,,9000,UNITED STATES,IOWA,2022,MONTHLY,10,10,OCT,,2024-04-26 15:00:00.000,"32,228,000",
SURVEY,ANIMALS & PRODUCTS,DAIRY,CHEESE,ALL CLASSES,ALL PRODUCTION PRACTICES,ALL UTILIZATION PRACTICES,PRODUCTION,LB,"CHEESE - PRODUCTION, MEASURED IN LB",TOTAL,NOT SPECIFIED,STATE,19,19,IA,IOWA,,,,,,,,00000000,,,9000,UNITED STATES,IOWA,2022,MONTHLY,11,11,NOV,,2024-04-26 15:00:00.000,"34,025,000",
SURVEY,ANIMALS & PRODUCTS,DAIRY,CHEESE,ALL CLASSES,ALL PRODUCTION PRACTICES,ALL UTILIZATION PRACTICES,PRODUCTION,LB,"CHEESE - PRODUCTION, MEASURED IN LB",TOTAL,NOT SPECIFIED,STATE,19,19,IA,IOWA,,,,,,,,00000000,,,9000,UNITED STATES,IOWA,2022,MONTHLY,12,12,DEC,,2024-04-26 15:00:00.000,"35,363,000",
SURVEY,ANIMALS & PRODUCTS,DAIRY,CHEESE,ALL CLASSES,ALL PRODUCTION PRACTICES,ALL UTILIZATION PRACTICES,PRODUCTION,LB,"CHEESE - PRODUCTION, MEASURED IN LB",TOTAL,NOT SPECIFIED,STATE,27,27,MN,MINNESOTA,,,,,,,,00000000,,,9000,UNITED STATES,MINNESOTA,2022,MONTHLY,01,01,JAN,,2024-04-26 15:00:00.000,"67,794,000",
SURVEY,ANIMALS & PRODUCTS,DAIRY,CHEESE,ALL CLASSES,ALL PRODUCTION PRACTICES,ALL UTILIZATION PRACTICES,PRODUCTION,LB,"CHEESE - PRODUCTION, MEASURED IN LB",TOTAL,NOT SPECIFIED,STATE,27,27,MN,MINNESOTA,,,,,,,,00000000,,,9000,UNITED STATES,MINNESOTA,2022,MONTHLY,02,02,FEB,,2024-04-26 15:00:00.000,"62,929,000",
SURVEY,ANIMALS & PRODUCTS,DAIRY,CHEESE,ALL CLASSES,ALL PRODUCTION PRACTICES,ALL UTILIZATION PRACTICES,PRODUCTION,LB,"CHEESE - PRODUCTION, MEASURED IN LB",TOTAL,NOT SPECIFIED,STATE,27,27,MN,MINNESOTA,,,,,,,,00000000,,,9000,UNITED STATES,MINNESOTA,2022,MONTHLY,03,03,MAR,,2024-04-26 15:00:00.000,"69,470,000",
SURVEY,ANIMALS & PRODUCTS,DAIRY,CHEESE,ALL CLASSES,ALL PRODUCTION PRACTICES,ALL UTILIZATION PRACTICES,PRODUCTION,LB,"CHEESE - PRODUCTION, MEASURED IN LB",TOTAL,NOT SPECIFIED,STATE,27,27,MN,MINNESOTA,,,,,,,,00000000,,,9000,UNITED STATES,MINNESOTA,2022,MONTHLY,04,04,APR,,2024-04-26 15:00:00.000,"68,703,000",
SURVEY,ANIMALS & PRODUCTS,DAIRY,CHEESE,ALL CLASSES,ALL PRODUCTION PRACTICES,ALL UTILIZATION PRACTICES,PRODUCTION,LB,"CHEESE - PRODUCTION, MEASURED IN LB",TOTAL,NOT SPECIFIED,STATE,27,27,MN,MINNESOTA,,,,,,,,00000000,,,9000,UNITED STATES,MINNESOTA,2022,MONTHLY,05,05,MAY,,2024-04-26 15:00:00.000,"68,976,000",
SURVEY,ANIMALS & PRODUCTS,DAIRY,CHEESE,ALL CLASSES,ALL PRODUCTION PRACTICES,ALL UTILIZATION PRACTICES,PRODUCTION,LB,"CHEESE - PRODUCTION, MEASURED IN LB",TOTAL,NOT SPECIFIED,STATE,27,27,MN,MINNESOTA,,,,,,,,00000000,,,9000,UNITED STATES,MINNESOTA,2022,MONTHLY,06,06,JUN,,2024-04-26 15:00:00.000,"66,768,000",
SURVEY,ANIMALS & PRODUCTS,DAIRY,CHEESE,ALL CLASSES,ALL PRODUCTION PRACTICES,ALL UTILIZATION PRACTICES,PRODUCTION,LB,"CHEESE - PRODUCTION, MEASURED IN LB",TOTAL,NOT SPECIFIED,STATE,27,27,MN,MINNESOTA,,,,,,,,00000000,,,9000,UNITED STATES,MINNESOTA,2022,MONTHLY,07,07,JUL,,2024-04-26 15:00:00.000,"67,318,000",
SURVEY,ANIMALS & PRODUCTS,DAIRY,CHEESE,ALL CLASSES,ALL PRODUCTION PRACTICES,ALL UTILIZATION PRACTICES,PRODUCTION,LB,"CHEESE - PRODUCTION, MEASURED IN LB",TOTAL,NOT SPECIFIED,STATE,27,27,MN,MINNESOTA,,,,,,,,00000000,,,9000,UNITED STATES,MINNESOTA,2022,MONTHLY,08,08,AUG,,2024-04-26 15:00:00.000,"68,052,000",
SURVEY,ANIMALS & PRODUCTS,DAIRY,CHEESE,ALL CLASSES,ALL PRODUCTION PRACTICES,ALL UTILIZATION PRACTICES,PRODUCTION,LB,"CHEESE - PRODUCTION, MEASURED IN LB",TOTAL,NOT SPECIFIED,STATE,27,27,MN,MINNESOTA,,,,,,,,00000000,,,9000,UNITED STATES,MINNESOTA,2022,MONTHLY,09,09,SEP,,2024-04-26 15:00:00.000,"64,621,000",
SURVEY,ANIMALS & PRODUCTS,DAIRY,CHEESE,ALL CLASSES,ALL PRODUCTION PRACTICES,ALL UTILIZATION PRACTICES,PRODUCTION,LB,"CHEESE - PRODUCTION, MEASURED IN LB",TOTAL,NOT SPECIFIED,STATE,27,27,MN,MINNESOTA,,,,,,,,00000000,,,9000,UNITED STATES,MINNESOTA,2022,MONTHLY,10,10,OCT,,2024-04-26 15:00:00.000,"69,252,000",
SURVEY,ANIMALS & PRODUCTS,DAIRY,CHEESE,ALL CLASSES,ALL PRODUCTION PRACTICES,ALL UTILIZATION PRACTICES,PRODUCTION,LB,"CHEESE - PRODUCTION, MEASURED IN LB",TOTAL,NOT SPECIFIED,STATE,27,27,MN,MINNESOTA,,,,,,,,00000000,,,9000,UNITED STATES,MINNESOTA,2022,MONTHLY,11,11,NOV,,2024-04-26 15:00:00.000,"67,384,000",
SURVEY,ANIMALS & PRODUCTS,DAIRY,CHEESE,ALL CLASSES,ALL PRODUCTION PRACTICES,ALL UTILIZATION PRACTICES,PRODUCTION,LB,"CHEESE - PRODUCTION, MEASURED IN LB",TOTAL,NOT SPECIFIED,STATE,27,27,MN,MINNESOTA,,,,,,,,00000000,,,9000,UNITED STATES,MINNESOTA,2022,MONTHLY,12,12,DEC,,2024-04-26 15:00:00.000,"70,251,000",
SURVEY,ANIMALS & PRODUCTS,DAIRY,CHEESE,ALL CLASSES,ALL PRODUCTION PRACTICES,ALL UTILIZATION PRACTICES,PRODUCTION,LB,"CHEESE - PRODUCTION, MEASURED IN LB",TOTAL,NOT SPECIFIED,STATE,34,34,NJ,NEW JERSEY,,,,,,,,00000000,,,9000,UNITED STATES,NEW JERSEY,2022,MONTHLY,01,01,JAN,,2024-04-26 15:00:00.000,"5,109,000",
SURVEY,ANIMALS & PRODUCTS,DAIRY,CHEESE,ALL CLASSES,ALL PRODUCTION PRACTICES,ALL UTILIZATION PRACTICES,PRODUCTION,LB,"CHEESE - PRODUCTION, MEASURED IN LB",TOTAL,NOT SPECIFIED,STATE,34,34,NJ,NEW JERSEY,,,,,,,,00000000,,,9000,UNITED STATES,NEW JERSEY,2022,MONTHLY,02,02,FEB,,2024-04-26 15:00:00.000,"4,555,000",
SURVEY,ANIMALS & PRODUCTS,DAIRY,CHEESE,ALL CLASSES,ALL PRODUCTION PRACTICES,ALL UTILIZATION PRACTICES,PRODUCTION,LB,"CHEESE - PRODUCTION, MEASURED IN LB",TOTAL,NOT SPECIFIED,STATE,34,34,NJ,NEW JERSEY,,,,,,,,00000000,,,9000,UNITED STATES,NEW JERSEY,2022,MONTHLY,03,03,MAR,,2024-04-26 15:00:00.000,"5,951,000",
SURVEY,ANIMALS & PRODUCTS,DAIRY,CHEESE,ALL CLASSES,ALL PRODUCTION PRACTICES,ALL UTILIZATION PRACTICES,PRODUCTION,LB,"CHEESE - PRODUCTION, MEASURED IN LB",TOTAL,NOT SPECIFIED,STATE,34,34,NJ,NEW JERSEY,,,,,,,,00000000,,,9000,UNITED STATES,NEW JERSEY,2022,MONTHLY,04,04,APR,,2024-04-26 15:00:00.000,"4,407,000",
SURVEY,ANIMALS & PRODUCTS,DAIRY,CHEESE,ALL CLASSES,ALL PRODUCTION PRACTICES,ALL UTILIZATION PRACTICES,PRODUCTION,LB,"CHEESE - PRODUCTION, MEASURED IN LB",TOTAL,NOT SPECIFIED,STATE,34,34,NJ,NEW JERSEY,,,,,,,,00000000,,,9000,UNITED STATES,NEW JERSEY,2022,MONTHLY,05,05,MAY,,2024-04-26 15:00:00.000,"4,251,000",
SURVEY,ANIMALS & PRODUCTS,DAIRY,CHEESE,ALL CLASSES,ALL PRODUCTION PRACTICES,ALL UTILIZATION PRACTICES,PRODUCTION,LB,"CHEESE - PRODUCTION, MEASURED IN LB",TOTAL,NOT SPECIFIED,STATE,34,34,NJ,NEW JERSEY,,,,,,,,00000000,,,9000,UNITED STATES,NEW JERSEY,2022,MONTHLY,06,06,JUN,,2024-04-26 15:00:00.000,"4,722,000",
SURVEY,ANIMALS & PRODUCTS,DAIRY,CHEESE,ALL CLASSES,ALL PRODUCTION PRACTICES,ALL UTILIZATION PRACTICES,PRODUCTION,LB,"CHEESE - PRODUCTION, MEASURED IN LB",TOTAL,NOT SPECIFIED,STATE,34,34,NJ,NEW JERSEY,,,,,,,,00000000,,,9000,UNITED STATES,NEW JERSEY,2022,MONTHLY,07,07,JUL,,2024-04-26 15:00:00.000,"5,259,000",
SURVEY,ANIMALS & PRODUCTS,DAIRY,CHEESE,ALL CLASSES,ALL PRODUCTION PRACTICES,ALL UTILIZATION PRACTICES,PRODUCTION,LB,"CHEESE - PRODUCTION, MEASURED IN LB",TOTAL,NOT SPECIFIED,STATE,34,34,NJ,NEW JERSEY,,,,,,,,00000000,,,9000,UNITED STATES,NEW JERSEY,2022,MONTHLY,08,08,AUG,,2024-04-26 15:00:00.000,"5,221,000",
SURVEY,ANIMALS & PRODUCTS,DAIRY,CHEESE,ALL CLASSES,ALL PRODUCTION PRACTICES,ALL UTILIZATION PRACTICES,PRODUCTION,LB,"CHEESE - PRODUCTION, MEASURED IN LB",TOTAL,NOT SPECIFIED,STATE,34,34,NJ,NEW JERSEY,,,,,,,,00000000,,,9000,UNITED STATES,NEW JERSEY,2022,MONTHLY,09,09,SEP,,2024-04-26 15:00:00.000,"5,325,000",
SURVEY,ANIMALS & PRODUCTS,DAIRY,CHEESE,ALL CLASSES,ALL PRODUCTION PRACTICES,ALL UTILIZATION PRACTICES,PRODUCTION,LB,"CHEESE - PRODUCTION, MEASURED IN LB",TOTAL,NOT SPECIFIED,STATE,34,34,NJ,NEW JERSEY,,,,,,,,00000000,,,9000,UNITED STATES,NEW JERSEY,2022,MONTHLY,10,10,OCT,,2024-04-26 15:00:00.000,"5,587,000",
SURVEY,ANIMALS & PRODUCTS,DAIRY,CHEESE,ALL CLASSES,ALL PRODUCTION PRACTICES,ALL UTILIZATION PRACTICES,PRODUCTION,LB,"CHEESE - PRODUCTION, MEASURED IN LB",TOTAL,NOT SPECIFIED,STATE,34,34,NJ,NEW JERSEY,,,,,,,,00000000,,,9000,UNITED STATES,NEW JERSEY,2022,MONTHLY,11,11,NOV,,2024-04-26 15:00:00.000,"5,426,000",
SURVEY,ANIMALS & PRODUCTS,DAIRY,CHEESE,ALL CLASSES,ALL PRODUCTION PRACTICES,ALL UTILIZATION PRACTICES,PRODUCTION,LB,"CHEESE - PRODUCTION, MEASURED IN LB",TOTAL,NOT SPECIFIED,STATE,34,34,NJ,NEW JERSEY,,,,,,,,00000000,,,9000,UNITED STATES,NEW JERSEY,2022,MONTHLY,12,12,DEC,,2024-04-26 15:00:00.000,"5,966,000",
SURVEY,ANIMALS & PRODUCTS,DAIRY,CHEESE,ALL CLASSES,ALL PRODUCTION PRACTICES,ALL UTILIZATION PRACTICES,PRODUCTION,LB,"CHEESE - PRODUCTION, MEASURED IN LB",TOTAL,NOT SPECIFIED,STATE,35,35,NM,NEW MEXICO,,,,,,,,00000000,,,9000,UNITED STATES,NEW MEXICO,2022,MONTHLY,01,01,JAN,,2024-04-26 15:00:00.000,"84,056,000",
SURVEY,ANIMALS & PRODUCTS,DAIRY,CHEESE,ALL CLASSES,ALL PRODUCTION PRACTICES,ALL UTILIZATION PRACTICES,PRODUCTION,LB,"CHEESE - PRODUCTION, MEASURED IN LB",TOTAL,NOT SPECIFIED,STATE,35,35,NM,NEW MEXICO,,,,,,,,00000000,,,9000,UNITED STATES,NEW MEXICO,2022,MONTHLY,02,02,FEB,,2024-04-26 15:00:00.000,"75,934,000",
SURVEY,ANIMALS & PRODUCTS,DAIRY,CHEESE,ALL CLASSES,ALL PRODUCTION PRACTICES,ALL UTILIZATION PRACTICES,PRODUCTION,LB,"CHEESE - PRODUCTION, MEASURED IN LB",TOTAL,NOT SPECIFIED,STATE,35,35,NM,NEW MEXICO,,,,,,,,00000000,,,9000,UNITED STATES,NEW MEXICO,2022,MONTHLY,03,03,MAR,,2024-04-26 15:00:00.000,"83,302,000",
SURVEY,ANIMALS & PRODUCTS,DAIRY,CHEESE,ALL CLASSES,ALL PRODUCTION PRACTICES,ALL UTILIZATION PRACTICES,PRODUCTION,LB,"CHEESE - PRODUCTION, MEASURED IN LB",TOTAL,NOT SPECIFIED,STATE,35,35,NM,NEW MEXICO,,,,,,,,00000000,,,9000,UNITED STATES,NEW MEXICO,2022,MONTHLY,04,04,APR,,2024-04-26 15:00:00.000,"78,891,000",
SURVEY,ANIMALS & PRODUCTS,DAIRY,CHEESE,ALL CLASSES,ALL PRODUCTION PRACTICES,ALL UTILIZATION PRACTICES,PRODUCTION,LB,"CHEESE - PRODUCTION, MEASURED IN LB",TOTAL,NOT SPECIFIED,STATE,35,35,NM,NEW MEXICO,,,,,,,,00000000,,,9000,UNITED STATES,NEW MEXICO,2022,MONTHLY,05,05,MAY,,2024-04-26 15:00:00.000,"84,173,000",
SURVEY,ANIMALS & PRODUCTS,DAIRY,CHEESE,ALL CLASSES,ALL PRODUCTION PRACTICES,ALL UTILIZATION PRACTICES,PRODUCTION,LB,"CHEESE - PRODUCTION, MEASURED IN LB",TOTAL,NOT SPECIFIED,STATE,35,35,NM,NEW MEXICO,,,,,,,,00000000,,,9000,UNITED STATES,NEW MEXICO,2022,MONTHLY,06,06,JUN,,2024-04-26 15:00:00.000,"79,427,000",
SURVEY,ANIMALS & PRODUCTS,DAIRY,CHEESE,ALL CLASSES,ALL PRODUCTION PRACTICES,ALL UTILIZATION PRACTICES,PRODUCTION,LB,"CHEESE - PRODUCTION, MEASURED IN LB",TOTAL,NOT SPECIFIED,STATE,35,35,NM,NEW MEXICO,,,,,,,,00000000,,,9000,UNITED STATES,NEW MEXICO,2022,MONTHLY,07,07,JUL,,2024-04-26 15:00:00.000,"79,163,000",
SURVEY,ANIMALS & PRODUCTS,DAIRY,CHEESE,ALL CLASSES,ALL PRODUCTION PRACTICES,ALL UTILIZATION PRACTICES,PRODUCTION,LB,"CHEESE - PRODUCTION, MEASURED IN LB",TOTAL,NOT SPECIFIED,STATE,35,35,NM,NEW MEXICO,,,,,,,,00000000,,,9000,UNITED STATES,NEW MEXICO,2022,MONTHLY,08,08,AUG,,2024-04-26 15:00:00.000,"80,707,000",
SURVEY,ANIMALS & PRODUCTS,DAIRY,CHEESE,ALL CLASSES,ALL PRODUCTION PRACTICES,ALL UTILIZATION PRACTICES,PRODUCTION,LB,"CHEESE - PRODUCTION, MEASURED IN LB",TOTAL,NOT SPECIFIED,STATE,35,35,NM,NEW MEXICO,,,,,,,,00000000,,,9000,UNITED STATES,NEW MEXICO,2022,MONTHLY,09,09,SEP,,2024-04-26 15:00:00.000,"77,408,000",
SURVEY,ANIMALS & PRODUCTS,DAIRY,CHEESE,ALL CLASSES,ALL PRODUCTION PRACTICES,ALL UTILIZATION PRACTICES,PRODUCTION,LB,"CHEESE - PRODUCTION, MEASURED IN LB",TOTAL,NOT SPECIFIED,STATE,35,35,NM,NEW MEXICO,,,,,,,,00000000,,,9000,UNITED STATES,NEW MEXICO,2022,MONTHLY,10,10,OCT,,2024-04-26 15:00:00.000,"83,484,000",
SURVEY,ANIMALS & PRODUCTS,DAIRY,CHEESE,ALL CLASSES,ALL PRODUCTION PRACTICES,ALL UTILIZATION PRACTICES,PRODUCTION,LB,"CHEESE - PRODUCTION, MEASURED IN LB",TOTAL,NOT SPECIFIED,STATE,35,35,NM,NEW MEXICO,,,,,,,,00000000,,,9000,UNITED STATES,NEW MEXICO,2022,MONTHLY,11,11,NOV,,2024-04-26 15:00:00.000,"80,741,000",
SURVEY,ANIMALS & PRODUCTS,DAIRY,CHEESE,ALL CLASSES,ALL PRODUCTION PRACTICES,ALL UTILIZATION PRACTICES,PRODUCTION,LB,"CHEESE - PRODUCTION, MEASURED IN LB",TOTAL,NOT SPECIFIED,STATE,35,35,NM,NEW MEXICO,,,,,,,,00000000,,,9000,UNITED STATES,NEW MEXICO,2022,MONTHLY,12,12,DEC,,2024-04-26 15:00:00.000,"83,452,000",
SURVEY,ANIMALS & PRODUCTS,DAIRY,CHEESE,ALL CLASSES,ALL PRODUCTION PRACTICES,ALL UTILIZATION PRACTICES,PRODUCTION,LB,"CHEESE - PRODUCTION, MEASURED IN LB",TOTAL,NOT SPECIFIED,STATE,36,36,NY,NEW YORK,,,,,,,,00000000,,,9000,UNITED STATES,NEW YORK,2022,MONTHLY,01,01,JAN,,2024-04-26 15:00:00.000,"71,222,000",
SURVEY,ANIMALS & PRODUCTS,DAIRY,CHEESE,ALL CLASSES,ALL PRODUCTION PRACTICES,ALL UTILIZATION PRACTICES,PRODUCTION,LB,"CHEESE - PRODUCTION, MEASURED IN LB",TOTAL,NOT SPECIFIED,STATE,36,36,NY,NEW YORK,,,,,,,,00000000,,,9000,UNITED STATES,NEW YORK,2022,MONTHLY,02,02,FEB,,2024-04-26 15:00:00.000,"62,892,000",
SURVEY,ANIMALS & PRODUCTS,DAIRY,CHEESE,ALL CLASSES,ALL PRODUCTION PRACTICES,ALL UTILIZATION PRACTICES,PRODUCTION,LB,"CHEESE - PRODUCTION, MEASURED IN LB",TOTAL,NOT SPECIFIED,STATE,36,36,NY,NEW YORK,,,,,,,,00000000,,,9000,UNITED STATES,NEW YORK,2022,MONTHLY,03,03,MAR,,2024-04-26 15:00:00.000,"79,793,000",
SURVEY,ANIMALS & PRODUCTS,DAIRY,CHEESE,ALL CLASSES,ALL PRODUCTION PRACTICES,ALL UTILIZATION PRACTICES,PRODUCTION,LB,"CHEESE - PRODUCTION, MEASURED IN LB",TOTAL,NOT SPECIFIED,STATE,36,36,NY,NEW YORK,,,,,,,,00000000,,,9000,UNITED STATES,NEW YORK,2022,MONTHLY,04,04,APR,,2024-04-26 15:00:00.000,"67,255,000",
SURVEY,ANIMALS & PRODUCTS,DAIRY,CHEESE,ALL CLASSES,ALL PRODUCTION PRACTICES,ALL UTILIZATION PRACTICES,PRODUCTION,LB,"CHEESE - PRODUCTION, MEASURED IN LB",TOTAL,NOT SPECIFIED,STATE,36,36,NY,NEW YORK,,,,,,,,00000000,,,9000,UNITED STATES,NEW YORK,2022,MONTHLY,05,05,MAY,,2024-04-26 15:00:00.000,"78,387,000",
SURVEY,ANIMALS & PRODUCTS,DAIRY,CHEESE,ALL CLASSES,ALL PRODUCTION PRACTICES,ALL UTILIZATION PRACTICES,PRODUCTION,LB,"CHEESE - PRODUCTION, MEASURED IN LB",TOTAL,NOT SPECIFIED,STATE,36,36,NY,NEW YORK,,,,,,,,00000000,,,9000,UNITED STATES,NEW YORK,2022,MONTHLY,06,06,JUN,,2024-04-26 15:00:00.000,"67,288,000",
SURVEY,ANIMALS & PRODUCTS,DAIRY,CHEESE,ALL CLASSES,ALL PRODUCTION PRACTICES,ALL UTILIZATION PRACTICES,PRODUCTION,LB,"CHEESE - PRODUCTION, MEASURED IN LB",TOTAL,NOT SPECIFIED,STATE,36,36,NY,NEW YORK,,,,,,,,00000000,,,9000,UNITED STATES,NEW YORK,2022,MONTHLY,07,07,JUL,,2024-04-26 15:00:00.000,"68,145,000",
SURVEY,ANIMALS & PRODUCTS,DAIRY,CHEESE,ALL CLASSES,ALL PRODUCTION PRACTICES,ALL UTILIZATION PRACTICES,PRODUCTION,LB,"CHEESE - PRODUCTION, MEASURED IN LB",TOTAL,NOT SPECIFIED,STATE,36,36,NY,NEW YORK,,,,,,,,00000000,,,9000,UNITED STATES,NEW YORK,2022,MONTHLY,08,08,AUG,,2024-04-26 15:00:00.000,"68,943,000",
SURVEY,ANIMALS & PRODUCTS,DAIRY,CHEESE,ALL CLASSES,ALL PRODUCTION PRACTICES,ALL UTILIZATION PRACTICES,PRODUCTION,LB,"CHEESE - PRODUCTION, MEASURED IN LB",TOTAL,NOT SPECIFIED,STATE,36,36,NY,NEW YORK,,,,,,,,00000000,,,9000,UNITED STATES,NEW YORK,2022,MONTHLY,09,09,SEP,,2024-04-26 15:00:00.000,"70,353,000",
SURVEY,ANIMALS & PRODUCTS,DAIRY,CHEESE,ALL CLASSES,ALL PRODUCTION PRACTICES,ALL UTILIZATION PRACTICES,PRODUCTION,LB,"CHEESE - PRODUCTION, MEASURED IN LB",TOTAL,NOT SPECIFIED,STATE,36,36,NY,NEW YORK,,,,,,,,00000000,,,9000,UNITED STATES,NEW YORK,2022,MONTHLY,10,10,OCT,,2024-04-26 15:00:00.000,"72,736,000",
SURVEY,ANIMALS & PRODUCTS,DAIRY,CHEESE,ALL CLASSES,ALL PRODUCTION PRACTICES,ALL UTILIZATION PRACTICES,PRODUCTION,LB,"CHEESE - PRODUCTION, MEASURED IN LB",TOTAL,NOT SPECIFIED,STATE,36,36,NY,NEW YORK,,,,,,,,00000000,,,9000,UNITED STATES,NEW YORK,2022,MONTHLY,11,11,NOV,,2024-04-26 15:00:00.000,"69,806,000",
SURVEY,ANIMALS & PRODUCTS,DAIRY,CHEESE,ALL CLASSES,ALL PRODUCTION PRACTICES,ALL UTILIZATION PRACTICES,PRODUCTION,LB,"CHEESE - PRODUCTION, MEASURED IN LB",TOTAL,NOT SPECIFIED,STATE,36,36,NY,NEW YORK,,,,,,,,00000000,,,9000,UNITED STATES,NEW YORK,2022,MONTHLY,12,12,DEC,,2024-04-26 15:00:00.000,"66,828,000",
SURVEY,ANIMALS & PRODUCTS,DAIRY,CHEESE,ALL CLASSES,ALL PRODUCTION PRACTICES,ALL UTILIZATION PRACTICES,PRODUCTION,LB,"CHEESE - PRODUCTION, MEASURED IN LB",TOTAL,NOT SPECIFIED,STATE,39,39,OH,OHIO,,,,,,,,00000000,,,9000,UNITED STATES,OHIO,2022,MONTHLY,01,01,JAN,,2024-04-26 15:00:00.000,"22,938,000",
SURVEY,ANIMALS & PRODUCTS,DAIRY,CHEESE,ALL CLASSES,ALL PRODUCTION PRACTICES,ALL UTILIZATION PRACTICES,PRODUCTION,LB,"CHEESE - PRODUCTION, MEASURED IN LB",TOTAL,NOT SPECIFIED,STATE,39,39,OH,OHIO,,,,,,,,00000000,,,9000,UNITED STATES,OHIO,2022,MONTHLY,02,02,FEB,,2024-04-26 15:00:00.000,"20,307,000",
SURVEY,ANIMALS & PRODUCTS,DAIRY,CHEESE,ALL CLASSES,ALL PRODUCTION PRACTICES,ALL UTILIZATION PRACTICES,PRODUCTION,LB,"CHEESE - PRODUCTION, MEASURED IN LB",TOTAL,NOT SPECIFIED,STATE,39,39,OH,OHIO,,,,,,,,00000000,,,9000,UNITED STATES,OHIO,2022,MONTHLY,03,03,MAR,,2024-04-26 15:00:00.000,"23,436,000",
SURVEY,ANIMALS & PRODUCTS,DAIRY,CHEESE,ALL CLASSES,ALL PRODUCTION PRACTICES,ALL UTILIZATION PRACTICES,PRODUCTION,LB,"CHEESE - PRODUCTION, MEASURED IN LB",TOTAL,NOT SPECIFIED,STATE,39,39,OH,OHIO,,,,,,,,00000000,,,9000,UNITED STATES,OHIO,2022,MONTHLY,04,04,APR,,2024-04-26 15:00:00.000,"22,686,000",
SURVEY,ANIMALS & PRODUCTS,DAIRY,CHEESE,ALL CLASSES,ALL PRODUCTION PRACTICES,ALL UTILIZATION PRACTICES,PRODUCTION,LB,"CHEESE - PRODUCTION, MEASURED IN LB",TOTAL,NOT SPECIFIED,STATE,39,39,OH,OHIO,,,,,,,,00000000,,,9000,UNITED STATES,OHIO,2022,MONTHLY,05,05,MAY,,2024-04-26 15:00:00.000,"22,496,000",
SURVEY,ANIMALS & PRODUCTS,DAIRY,CHEESE,ALL CLASSES,ALL PRODUCTION PRACTICES,ALL UTILIZATION PRACTICES,PRODUCTION,LB,"CHEESE - PRODUCTION, MEASURED IN LB",TOTAL,NOT SPECIFIED,STATE,39,39,OH,OHIO,,,,,,,,00000000,,,9000,UNITED STATES,OHIO,2022,MONTHLY,06,06,JUN,,2024-04-26 15:00:00.000,"19,832,000",
SURVEY,ANIMALS & PRODUCTS,DAIRY,CHEESE,ALL CLASSES,ALL PRODUCTION PRACTICES,ALL UTILIZATION PRACTICES,PRODUCTION,LB,"CHEESE - PRODUCTION, MEASURED IN LB",TOTAL,NOT SPECIFIED,STATE,39,39,OH,OHIO,,,,,,,,00000000,,,9000,UNITED STATES,OHIO,2022,MONTHLY,07,07,JUL,,2024-04-26 15:00:00.000,"19,743,000",
SURVEY,ANIMALS & PRODUCTS,DAIRY,CHEESE,ALL CLASSES,ALL PRODUCTION PRACTICES,ALL UTILIZATION PRACTICES,PRODUCTION,LB,"CHEESE - PRODUCTION, MEASURED IN LB",TOTAL,NOT SPECIFIED,STATE,39,39,OH,OHIO,,,,,,,,00000000,,,9000,UNITED STATES,OHIO,2022,MONTHLY,08,08,AUG,,2024-04-26 15:00:00.000,"20,366,000",
SURVEY,ANIMALS & PRODUCTS,DAIRY,CHEESE,ALL CLASSES,ALL PRODUCTION PRACTICES,ALL UTILIZATION PRACTICES,PRODUCTION,LB,"CHEESE - PRODUCTION, MEASURED IN LB",TOTAL,NOT SPECIFIED,STATE,39,39,OH,OHIO,,,,,,,,00000000,,,9000,UNITED STATES,OHIO,2022,MONTHLY,09,09,SEP,,2024-04-26 15:00:00.000,"19,450,000",
SURVEY,ANIMALS & PRODUCTS,DAIRY,CHEESE,ALL CLASSES,ALL PRODUCTION PRACTICES,ALL UTILIZATION PRACTICES,PRODUCTION,LB,"CHEESE - PRODUCTION, MEASURED IN LB",TOTAL,NOT SPECIFIED,STATE,39,39,OH,OHIO,,,,,,,,00000000,,,9000,UNITED STATES,OHIO,2022,MONTHLY,10,10,OCT,,2024-04-26 15:00:00.000,"19,579,000",
SURVEY,ANIMALS & PRODUCTS,DAIRY,CHEESE,ALL CLASSES,ALL PRODUCTION PRACTICES,ALL UTILIZATION PRACTICES,PRODUCTION,LB,"CHEESE - PRODUCTION, MEASURED IN LB",TOTAL,NOT SPECIFIED,STATE,39,39,OH,OHIO,,,,,,,,00000000,,,9000,UNITED STATES,OHIO,2022,MONTHLY,11,11,NOV,,2024-04-26 15:00:00.000,"21,286,000",
SURVEY,ANIMALS & PRODUCTS,DAIRY,CHEESE,ALL CLASSES,ALL PRODUCTION PRACTICES,ALL UTILIZATION PRACTICES,PRODUCTION,LB,"CHEESE - PRODUCTION, MEASURED IN LB",TOTAL,NOT SPECIFIED,STATE,39,39,OH,OHIO,,,,,,,,00000000,,,9000,UNITED STATES,OHIO,2022,MONTHLY,12,12,DEC,,2024-04-26 15:00:00.000,"23,219,000",
SURVEY,ANIMALS & PRODUCTS,DAIRY,CHEESE,ALL CLASSES,ALL PRODUCTION PRACTICES,ALL UTILIZATION PRACTICES,PRODUCTION,LB,"CHEESE - PRODUCTION, MEASURED IN LB",TOTAL,NOT SPECIFIED,STATE,42,42,PA,PENNSYLVANIA,,,,,,,,00000000,,,9000,UNITED STATES,PENNSYLVANIA,2022,MONTHLY,01,01,JAN,,2024-04-26 15:00:00.000,"37,239,000",
SURVEY,ANIMALS & PRODUCTS,DAIRY,CHEESE,ALL CLASSES,ALL PRODUCTION PRACTICES,ALL UTILIZATION PRACTICES,PRODUCTION,LB,"CHEESE - PRODUCTION, MEASURED IN LB",TOTAL,NOT SPECIFIED,STATE,42,42,PA,PENNSYLVANIA,,,,,,,,00000000,,,9000,UNITED STATES,PENNSYLVANIA,2022,MONTHLY,02,02,FEB,,2024-04-26 15:00:00.000,"35,896,000",
SURVEY,ANIMALS & PRODUCTS,DAIRY,CHEESE,ALL CLASSES,ALL PRODUCTION PRACTICES,ALL UTILIZATION PRACTICES,PRODUCTION,LB,"CHEESE - PRODUCTION, MEASURED IN LB",TOTAL,NOT SPECIFIED,STATE,42,42,PA,PENNSYLVANIA,,,,,,,,00000000,,,9000,UNITED STATES,PENNSYLVANIA,2022,MONTHLY,03,03,MAR,,2024-04-26 15:00:00.000,"39,753,000",
SURVEY,ANIMALS & PRODUCTS,DAIRY,CHEESE,ALL CLASSES,ALL PRODUCTION PRACTICES,ALL UTILIZATION PRACTICES,PRODUCTION,LB,"CHEESE - PRODUCTION, MEASURED IN LB",TOTAL,NOT SPECIFIED,STATE,42,42,PA,PENNSYLVANIA,,,,,,,,00000000,,,9000,UNITED STATES,PENNSYLVANIA,2022,MONTHLY,04,04,APR,,2024-04-26 15:00:00.000,"38,426,000",
SURVEY,ANIMALS & PRODUCTS,DAIRY,CHEESE,ALL CLASSES,ALL PRODUCTION PRACTICES,ALL UTILIZATION PRACTICES,PRODUCTION,LB,"CHEESE - PRODUCTION, MEASURED IN LB",TOTAL,NOT SPECIFIED,STATE,42,42,PA,PENNSYLVANIA,,,,,,,,00000000,,,9000,UNITED STATES,PENNSYLVANIA,2022,MONTHLY,05,05,MAY,,2024-04-26 15:00:00.000,"39,356,000",
SURVEY,ANIMALS & PRODUCTS,DAIRY,CHEESE,ALL CLASSES,ALL PRODUCTION PRACTICES,ALL UTILIZATION PRACTICES,PRODUCTION,LB,"CHEESE - PRODUCTION, MEASURED IN LB",TOTAL,NOT SPECIFIED,STATE,42,42,PA,PENNSYLVANIA,,,,,,,,00000000,,,9000,UNITED STATES,PENNSYLVANIA,2022,MONTHLY,06,06,JUN,,2024-04-26 15:00:00.000,"38,752,000",
SURVEY,ANIMALS & PRODUCTS,DAIRY,CHEESE,ALL CLASSES,ALL PRODUCTION PRACTICES,ALL UTILIZATION PRACTICES,PRODUCTION,LB,"CHEESE - PRODUCTION, MEASURED IN LB",TOTAL,NOT SPECIFIED,STATE,42,42,PA,PENNSYLVANIA,,,,,,,,00000000,,,9000,UNITED STATES,PENNSYLVANIA,2022,MONTHLY,07,07,JUL,,2024-04-26 15:00:00.000,"37,514,000",
SURVEY,ANIMALS & PRODUCTS,DAIRY,CHEESE,ALL CLASSES,ALL PRODUCTION PRACTICES,ALL UTILIZATION PRACTICES,PRODUCTION,LB,"CHEESE - PRODUCTION, MEASURED IN LB",TOTAL,NOT SPECIFIED,STATE,42,42,PA,PENNSYLVANIA,,,,,,,,00000000,,,9000,UNITED STATES,PENNSYLVANIA,2022,MONTHLY,08,08,AUG,,2024-04-26 15:00:00.000,"35,871,000",
SURVEY,ANIMALS & PRODUCTS,DAIRY,CHEESE,ALL CLASSES,ALL PRODUCTION PRACTICES,ALL UTILIZATION PRACTICES,PRODUCTION,LB,"CHEESE - PRODUCTION, MEASURED IN LB",TOTAL,NOT SPECIFIED,STATE,42,42,PA,PENNSYLVANIA,,,,,,,,00000000,,,9000,UNITED STATES,PENNSYLVANIA,2022,MONTHLY,09,09,SEP,,2024-04-26 15:00:00.000,"36,460,000",
SURVEY,ANIMALS & PRODUCTS,DAIRY,CHEESE,ALL CLASSES,ALL PRODUCTION PRACTICES,ALL UTILIZATION PRACTICES,PRODUCTION,LB,"CHEESE - PRODUCTION, MEASURED IN LB",TOTAL,NOT SPECIFIED,STATE,42,42,PA,PENNSYLVANIA,,,,,,,,00000000,,,9000,UNITED STATES,PENNSYLVANIA,2022,MONTHLY,10,10,OCT,,2024-04-26 15:00:00.000,"35,856,000",
SURVEY,ANIMALS & PRODUCTS,DAIRY,CHEESE,ALL CLASSES,ALL PRODUCTION PRACTICES,ALL UTILIZATION PRACTICES,PRODUCTION,LB,"CHEESE - PRODUCTION, MEASURED IN LB",TOTAL,NOT SPECIFIED,STATE,42,42,PA,PENNSYLVANIA,,,,,,,,00000000,,,9000,UNITED STATES,PENNSYLVANIA,2022,MONTHLY,11,11,NOV,,2024-04-26 15:00:00.000,"35,321,000",
SURVEY,ANIMALS & PRODUCTS,DAIRY,CHEESE,ALL CLASSES,ALL PRODUCTION PRACTICES,ALL UTILIZATION PRACTICES,PRODUCTION,LB,"CHEESE - PRODUCTION, MEASURED IN LB",TOTAL,NOT SPECIFIED,STATE,42,42,PA,PENNSYLVANIA,,,,,,,,00000000,,,9000,UNITED STATES,PENNSYLVANIA,2022,MONTHLY,12,12,DEC,,2024-04-26 15:00:00.000,"39,872,000",
SURVEY,ANIMALS & PRODUCTS,DAIRY,CHEESE,ALL CLASSES,ALL PRODUCTION PRACTICES,ALL UTILIZATION PRACTICES,PRODUCTION,LB,"CHEESE - PRODUCTION, MEASURED IN LB",TOTAL,NOT SPECIFIED,STATE,46,46,SD,SOUTH DAKOTA,,,,,,,,00000000,,,9000,UNITED STATES,SOUTH DAKOTA,2022,MONTHLY,01,01,JAN,,2024-04-26 15:00:00.000,"47,154,000",
SURVEY,ANIMALS & PRODUCTS,DAIRY,CHEESE,ALL CLASSES,ALL PRODUCTION PRACTICES,ALL UTILIZATION PRACTICES,PRODUCTION,LB,"CHEESE - PRODUCTION, MEASURED IN LB",TOTAL,NOT SPECIFIED,STATE,46,46,SD,SOUTH DAKOTA,,,,,,,,00000000,,,9000,UNITED STATES,SOUTH DAKOTA,2022,MONTHLY,02,02,FEB,,2024-04-26 15:00:00.000,"42,257,000",
SURVEY,ANIMALS & PRODUCTS,DAIRY,CHEESE,ALL CLASSES,ALL PRODUCTION PRACTICES,ALL UTILIZATION PRACTICES,PRODUCTION,LB,"CHEESE - PRODUCTION, MEASURED IN LB",TOTAL,NOT SPECIFIED,STATE,46,46,SD,SOUTH DAKOTA,,,,,,,,00000000,,,9000,UNITED STATES,SOUTH DAKOTA,2022,MONTHLY,03,03,MAR,,2024-04-26 15:00:00.000,"48,032,000",
SURVEY,ANIMALS & PRODUCTS,DAIRY,CHEESE,ALL CLASSES,ALL PRODUCTION PRACTICES,ALL UTILIZATION PRACTICES,PRODUCTION,LB,"CHEESE - PRODUCTION, MEASURED IN LB",TOTAL,NOT SPECIFIED,STATE,46,46,SD,SOUTH DAKOTA,,,,,,,,00000000,,,9000,UNITED STATES,SOUTH DAKOTA,2022,MONTHLY,04,04,APR,,2024-04-26 15:00:00.000,"45,528,000",
SURVEY,ANIMALS & PRODUCTS,DAIRY,CHEESE,ALL CLASSES,ALL PRODUCTION PRACTICES,ALL UTILIZATION PRACTICES,PRODUCTION,LB,"CHEESE - PRODUCTION, MEASURED IN LB",TOTAL,NOT SPECIFIED,STATE,46,46,SD,SOUTH DAKOTA,,,,,,,,00000000,,,9000,UNITED STATES,SOUTH DAKOTA,2022,MONTHLY,05,05,MAY,,2024-04-26 15:00:00.000,"44,823,000",
SURVEY,ANIMALS & PRODUCTS,DAIRY,CHEESE,ALL CLASSES,ALL PRODUCTION PRACTICES,ALL UTILIZATION PRACTICES,PRODUCTION,LB,"CHEESE - PRODUCTION, MEASURED IN LB",TOTAL,NOT SPECIFIED,STATE,46,46,SD,SOUTH DAKOTA,,,,,,,,00000000,,,9000,UNITED STATES,SOUTH DAKOTA,2022,MONTHLY,06,06,JUN,,2024-04-26 15:00:00.000,"42,916,000",
SURVEY,ANIMALS & PRODUCTS,DAIRY,CHEESE,ALL CLASSES,ALL PRODUCTION PRACTICES,ALL UTILIZATION PRACTICES,PRODUCTION,LB,"CHEESE - PRODUCTION, MEASURED IN LB",TOTAL,NOT SPECIFIED,STATE,46,46,SD,SOUTH DAKOTA,,,,,,,,00000000,,,9000,UNITED STATES,SOUTH DAKOTA,2022,MONTHLY,07,07,JUL,,2024-04-26 15:00:00.000,"43,834,000",
SURVEY,ANIMALS & PRODUCTS,DAIRY,CHEESE,ALL CLASSES,ALL PRODUCTION PRACTICES,ALL UTILIZATION PRACTICES,PRODUCTION,LB,"CHEESE - PRODUCTION, MEASURED IN LB",TOTAL,NOT SPECIFIED,STATE,46,46,SD,SOUTH DAKOTA,,,,,,,,00000000,,,9000,UNITED STATES,SOUTH DAKOTA,2022,MONTHLY,08,08,AUG,,2024-04-26 15:00:00.000,"43,058,000",
SURVEY,ANIMALS & PRODUCTS,DAIRY,CHEESE,ALL CLASSES,ALL PRODUCTION PRACTICES,ALL UTILIZATION PRACTICES,PRODUCTION,LB,"CHEESE - PRODUCTION, MEASURED IN LB",TOTAL,NOT SPECIFIED,STATE,46,46,SD,SOUTH DAKOTA,,,,,,,,00000000,,,9000,UNITED STATES,SOUTH DAKOTA,2022,MONTHLY,09,09,SEP,,2024-04-26 15:00:00.000,"44,399,000",
SURVEY,ANIMALS & PRODUCTS,DAIRY,CHEESE,ALL CLASSES,ALL PRODUCTION PRACTICES,ALL UTILIZATION PRACTICES,PRODUCTION,LB,"CHEESE - PRODUCTION, MEASURED IN LB",TOTAL,NOT SPECIFIED,STATE,46,46,SD,SOUTH DAKOTA,,,,,,,,00000000,,,9000,UNITED STATES,SOUTH DAKOTA,2022,MONTHLY,10,10,OCT,,2024-04-26 15:00:00.000,"44,267,000",
SURVEY,ANIMALS & PRODUCTS,DAIRY,CHEESE,ALL CLASSES,ALL PRODUCTION PRACTICES,ALL UTILIZATION PRACTICES,PRODUCTION,LB,"CHEESE - PRODUCTION, MEASURED IN LB",TOTAL,NOT SPECIFIED,STATE,46,46,SD,SOUTH DAKOTA,,,,,,,,00000000,,,9000,UNITED STATES,SOUTH DAKOTA,2022,MONTHLY,11,11,NOV,,2024-04-26 15:00:00.000,"42,752,000",
SURVEY,ANIMALS & PRODUCTS,DAIRY,CHEESE,ALL CLASSES,ALL PRODUCTION PRACTICES,ALL UTILIZATION PRACTICES,PRODUCTION,LB,"CHEESE - PRODUCTION, MEASURED IN LB",TOTAL,NOT SPECIFIED,STATE,46,46,SD,SOUTH DAKOTA,,,,,,,,00000000,,,9000,UNITED STATES,SOUTH DAKOTA,2022,MONTHLY,12,12,DEC,,2024-04-26 15:00:00.000,"44,209,000",
SURVEY,ANIMALS & PRODUCTS,DAIRY,CHEESE,ALL CLASSES,ALL PRODUCTION PRACTICES,ALL UTILIZATION PRACTICES,PRODUCTION,LB,"CHEESE - PRODUCTION, MEASURED IN LB",TOTAL,NOT SPECIFIED,STATE,50,50,VT,VERMONT,,,,,,,,00000000,,,9000,UNITED STATES,VERMONT,2022,MONTHLY,01,01,JAN,,2024-04-26 15:00:00.000,"12,336,000",
SURVEY,ANIMALS & PRODUCTS,DAIRY,CHEESE,ALL CLASSES,ALL PRODUCTION PRACTICES,ALL UTILIZATION PRACTICES,PRODUCTION,LB,"CHEESE - PRODUCTION, MEASURED IN LB",TOTAL,NOT SPECIFIED,STATE,50,50,VT,VERMONT,,,,,,,,00000000,,,9000,UNITED STATES,VERMONT,2022,MONTHLY,02,02,FEB,,2024-04-26 15:00:00.000,"11,427,000",
SURVEY,ANIMALS & PRODUCTS,DAIRY,CHEESE,ALL CLASSES,ALL PRODUCTION PRACTICES,ALL UTILIZATION PRACTICES,PRODUCTION,LB,"CHEESE - PRODUCTION, MEASURED IN LB",TOTAL,NOT SPECIFIED,STATE,50,50,VT,VERMONT,,,,,,,,00000000,,,9000,UNITED STATES,VERMONT,2022,MONTHLY,03,03,MAR,,2024-04-26 15:00:00.000,"12,728,000",
SURVEY,ANIMALS & PRODUCTS,DAIRY,CHEESE,ALL CLASSES,ALL PRODUCTION PRACTICES,ALL UTILIZATION PRACTICES,PRODUCTION,LB,"CHEESE - PRODUCTION, MEASURED IN LB",TOTAL,NOT SPECIFIED,STATE,50,50,VT,VERMONT,,,,,,,,00000000,,,9000,UNITED STATES,VERMONT,2022,MONTHLY,04,04,APR,,2024-04-26 15:00:00.000,"12,681,000",
SURVEY,ANIMALS & PRODUCTS,DAIRY,CHEESE,ALL CLASSES,ALL PRODUCTION PRACTICES,ALL UTILIZATION PRACTICES,PRODUCTION,LB,"CHEESE - PRODUCTION, MEASURED IN LB",TOTAL,NOT SPECIFIED,STATE,50,50,VT,VERMONT,,,,,,,,00000000,,,9000,UNITED STATES,VERMONT,2022,MONTHLY,05,05,MAY,,2024-04-26 15:00:00.000,"12,875,000",
SURVEY,ANIMALS & PRODUCTS,DAIRY,CHEESE,ALL CLASSES,ALL PRODUCTION PRACTICES,ALL UTILIZATION PRACTICES,PRODUCTION,LB,"CHEESE - PRODUCTION, MEASURED IN LB",TOTAL,NOT SPECIFIED,STATE,50,50,VT,VERMONT,,,,,,,,00000000,,,9000,UNITED STATES,VERMONT,2022,MONTHLY,06,06,JUN,,2024-04-26 15:00:00.000,"12,168,000",
SURVEY,ANIMALS & PRODUCTS,DAIRY,CHEESE,ALL CLASSES,ALL PRODUCTION PRACTICES,ALL UTILIZATION PRACTICES,PRODUCTION,LB,"CHEESE - PRODUCTION, MEASURED IN LB",TOTAL,NOT SPECIFIED,STATE,50,50,VT,VERMONT,,,,,,,,00000000,,,9000,UNITED STATES,VERMONT,2022,MONTHLY,07,07,JUL,,2024-04-26 15:00:00.000,"12,184,000",
SURVEY,ANIMALS & PRODUCTS,DAIRY,CHEESE,ALL CLASSES,ALL PRODUCTION PRACTICES,ALL UTILIZATION PRACTICES,PRODUCTION,LB,"CHEESE - PRODUCTION, MEASURED IN LB",TOTAL,NOT SPECIFIED,STATE,50,50,VT,VERMONT,,,,,,,,00000000,,,9000,UNITED STATES,VERMONT,2022,MONTHLY,08,08,AUG,,2024-04-26 15:00:00.000,"12,132,000",
SURVEY,ANIMALS & PRODUCTS,DAIRY,CHEESE,ALL CLASSES,ALL PRODUCTION PRACTICES,ALL UTILIZATION PRACTICES,PRODUCTION,LB,"CHEESE - PRODUCTION, MEASURED IN LB",TOTAL,NOT SPECIFIED,STATE,50,50,VT,VERMONT,,,,,,,,00000000,,,9000,UNITED STATES,VERMONT,2022,MONTHLY,09,09,SEP,,2024-04-26 15:00:00.000,"11,640,000",
SURVEY,ANIMALS & PRODUCTS,DAIRY,CHEESE,ALL CLASSES,ALL PRODUCTION PRACTICES,ALL UTILIZATION PRACTICES,PRODUCTION,LB,"CHEESE - PRODUCTION, MEASURED IN LB",TOTAL,NOT SPECIFIED,STATE,50,50,VT,VERMONT,,,,,,,,00000000,,,9000,UNITED STATES,VERMONT,2022,MONTHLY,10,10,OCT,,2024-04-26 15:00:00.000,"12,163,000",
SURVEY,ANIMALS & PRODUCTS,DAIRY,CHEESE,ALL CLASSES,ALL PRODUCTION PRACTICES,ALL UTILIZATION PRACTICES,PRODUCTION,LB,"CHEESE - PRODUCTION, MEASURED IN LB",TOTAL,NOT SPECIFIED,STATE,50,50,VT,VERMONT,,,,,,,,00000000,,,9000,UNITED STATES,VERMONT,2022,MONTHLY,11,11,NOV,,2024-04-26 15:00:00.000,"12,568,000",
SURVEY,ANIMALS & PRODUCTS,DAIRY,CHEESE,ALL CLASSES,ALL PRODUCTION PRACTICES,ALL UTILIZATION PRACTICES,PRODUCTION,LB,"CHEESE - PRODUCTION, MEASURED IN LB",TOTAL,NOT SPECIFIED,STATE,50,50,VT,VERMONT,,,,,,,,00000000,,,9000,UNITED STATES,VERMONT,2022,MONTHLY,12,12,DEC,,2024-04-26 15:00:00.000,"12,909,000",
SURVEY,ANIMALS & PRODUCTS,DAIRY,CHEESE,ALL CLASSES,ALL PRODUCTION PRACTICES,ALL UTILIZATION PRACTICES,PRODUCTION,LB,"CHEESE - PRODUCTION, MEASURED IN LB",TOTAL,NOT SPECIFIED,STATE,55,55,WI,WISCONSIN,,,,,,,,00000000,,,9000,UNITED STATES,WISCONSIN,2022,MONTHLY,01,01,JAN,,2024-04-26 15:00:00.000,"296,551,000",
SURVEY,ANIMALS & PRODUCTS,DAIRY,CHEESE,ALL CLASSES,ALL PRODUCTION PRACTICES,ALL UTILIZATION PRACTICES,PRODUCTION,LB,"CHEESE - PRODUCTION, MEASURED IN LB",TOTAL,NOT SPECIFIED,STATE,55,55,WI,WISCONSIN,,,,,,,,00000000,,,9000,UNITED STATES,WISCONSIN,2022,MONTHLY,02,02,FEB,,2024-04-26 15:00:00.000,"272,478,000",
SURVEY,ANIMALS & PRODUCTS,DAIRY,CHEESE,ALL CLASSES,ALL PRODUCTION PRACTICES,ALL UTILIZATION PRACTICES,PRODUCTION,LB,"CHEESE - PRODUCTION, MEASURED IN LB",TOTAL,NOT SPECIFIED,STATE,55,55,WI,WISCONSIN,,,,,,,,00000000,,,9000,UNITED STATES,WISCONSIN,2022,MONTHLY,03,03,MAR,,2024-04-26 15:00:00.000,"311,423,000",
SURVEY,ANIMALS & PRODUCTS,DAIRY,CHEESE,ALL CLASSES,ALL PRODUCTION PRACTICES,ALL UTILIZATION PRACTICES,PRODUCTION,LB,"CHEESE - PRODUCTION, MEASURED IN LB",TOTAL,NOT SPECIFIED,STATE,55,55,WI,WISCONSIN,,,,,,,,00000000,,,9000,UNITED STATES,WISCONSIN,2022,MONTHLY,04,04,APR,,2024-04-26 15:00:00.000,"295,613,000",
SURVEY,ANIMALS & PRODUCTS,DAIRY,CHEESE,ALL CLASSES,ALL PRODUCTION PRACTICES,ALL UTILIZATION PRACTICES,PRODUCTION,LB,"CHEESE - PRODUCTION, MEASURED IN LB",TOTAL,NOT SPECIFIED,STATE,55,55,WI,WISCONSIN,,,,,,,,00000000,,,9000,UNITED STATES,WISCONSIN,2022,MONTHLY,05,05,MAY,,2024-04-26 15:00:00.000,"298,243,000",
SURVEY,ANIMALS & PRODUCTS,DAIRY,CHEESE,ALL CLASSES,ALL PRODUCTION PRACTICES,ALL UTILIZATION PRACTICES,PRODUCTION,LB,"CHEESE - PRODUCTION, MEASURED IN LB",TOTAL,NOT SPECIFIED,STATE,55,55,WI,WISCONSIN,,,,,,,,00000000,,,9000,UNITED STATES,WISCONSIN,2022,MONTHLY,06,06,JUN,,2024-04-26 15:00:00.000,"297,319,000",
SURVEY,ANIMALS & PRODUCTS,DAIRY,CHEESE,ALL CLASSES,ALL PRODUCTION PRACTICES,ALL UTILIZATION PRACTICES,PRODUCTION,LB,"CHEESE - PRODUCTION, MEASURED IN LB",TOTAL,NOT SPECIFIED,STATE,55,55,WI,WISCONSIN,,,,,,,,00000000,,,9000,UNITED STATES,WISCONSIN,2022,MONTHLY,07,07,JUL,,2024-04-26 15:00:00.000,"284,833,000",
SURVEY,ANIMALS & PRODUCTS,DAIRY,CHEESE,ALL CLASSES,ALL PRODUCTION PRACTICES,ALL UTILIZATION PRACTICES,PRODUCTION,LB,"CHEESE - PRODUCTION, MEASURED IN LB",TOTAL,NOT SPECIFIED,STATE,55,55,WI,WISCONSIN,,,,,,,,00000000,,,9000,UNITED STATES,WISCONSIN,2022,MONTHLY,08,08,AUG,,2024-04-26 15:00:00.000,"292,009,000",
SURVEY,ANIMALS & PRODUCTS,DAIRY,CHEESE,ALL CLASSES,ALL PRODUCTION PRACTICES,ALL UTILIZATION PRACTICES,PRODUCTION,LB,"CHEESE - PRODUCTION, MEASURED IN LB",TOTAL,NOT SPECIFIED,STATE,55,55,WI,WISCONSIN,,,,,,,,00000000,,,9000,UNITED STATES,WISCONSIN,2022,MONTHLY,09,09,SEP,,2024-04-26 15:00:00.000,"292,948,000",
SURVEY,ANIMALS & PRODUCTS,DAIRY,CHEESE,ALL CLASSES,ALL PRODUCTION PRACTICES,ALL UTILIZATION PRACTICES,PRODUCTION,LB,"CHEESE - PRODUCTION, MEASURED IN LB",TOTAL,NOT SPECIFIED,STATE,55,55,WI,WISCONSIN,,,,,,,,00000000,,,9000,UNITED STATES,WISCONSIN,2022,MONTHLY,10,10,OCT,,2024-04-26 15:00:00.000,"294,658,000",
SURVEY,ANIMALS & PRODUCTS,DAIRY,CHEESE,ALL CLASSES,ALL PRODUCTION PRACTICES,ALL UTILIZATION PRACTICES,PRODUCTION,LB,"CHEESE - PRODUCTION, MEASURED IN LB",TOTAL,NOT SPECIFIED,STATE,55,55,WI,WISCONSIN,,,,,,,,00000000,,,9000,UNITED STATES,WISCONSIN,2022,MONTHLY,11,11,NOV,,2024-04-26 15:00:00.000,"285,947,000",
SURVEY,ANIMALS & PRODUCTS,DAIRY,CHEESE,ALL CLASSES,ALL PRODUCTION PRACTICES,ALL UTILIZATION PRACTICES,PRODUCTION,LB,"CHEESE - PRODUCTION, MEASURED IN LB",TOTAL,NOT SPECIFIED,STATE,55,55,WI,WISCONSIN,,,,,,,,00000000,,,9000,UNITED STATES,WISCONSIN,2022,MONTHLY,12,12,DEC,,2024-04-26 15:00:00.000,"298,618,000",
SURVEY,ANIMALS & PRODUCTS,DAIRY,CHEESE,AMERICAN,ALL PRODUCTION PRACTICES,ALL UTILIZATION PRACTICES,PRODUCTION,LB,"CHEESE, AMERICAN - PRODUCTION, MEASURED IN LB",TOTAL,NOT SPECIFIED,STATE,,98,OT,OTHER STATES,,,,,,,,00000000,,,9000,UNITED STATES,OTHER STATES,2022,MONTHLY,01,01,JAN,,2024-04-26 15:00:00.000,"262,104,000",
SURVEY,ANIMALS & PRODUCTS,DAIRY,CHEESE,AMERICAN,ALL PRODUCTION PRACTICES,ALL UTILIZATION PRACTICES,PRODUCTION,LB,"CHEESE, AMERICAN - PRODUCTION, MEASURED IN LB",TOTAL,NOT SPECIFIED,STATE,,98,OT,OTHER STATES,,,,,,,,00000000,,,9000,UNITED STATES,OTHER STATES,2022,MONTHLY,02,02,FEB,,2024-04-26 15:00:00.000,"234,699,000",
SURVEY,ANIMALS & PRODUCTS,DAIRY,CHEESE,AMERICAN,ALL PRODUCTION PRACTICES,ALL UTILIZATION PRACTICES,PRODUCTION,LB,"CHEESE, AMERICAN - PRODUCTION, MEASURED IN LB",TOTAL,NOT SPECIFIED,STATE,,98,OT,OTHER STATES,,,,,,,,00000000,,,9000,UNITED STATES,OTHER STATES,2022,MONTHLY,03,03,MAR,,2024-04-26 15:00:00.000,"258,482,000",
SURVEY,ANIMALS & PRODUCTS,DAIRY,CHEESE,AMERICAN,ALL PRODUCTION PRACTICES,ALL UTILIZATION PRACTICES,PRODUCTION,LB,"CHEESE, AMERICAN - PRODUCTION, MEASURED IN LB",TOTAL,NOT SPECIFIED,STATE,,98,OT,OTHER STATES,,,,,,,,00000000,,,9000,UNITED STATES,OTHER STATES,2022,MONTHLY,04,04,APR,,2024-04-26 15:00:00.000,"256,340,000",
SURVEY,ANIMALS & PRODUCTS,DAIRY,CHEESE,AMERICAN,ALL PRODUCTION PRACTICES,ALL UTILIZATION PRACTICES,PRODUCTION,LB,"CHEESE, AMERICAN - PRODUCTION, MEASURED IN LB",TOTAL,NOT SPECIFIED,STATE,,98,OT,OTHER STATES,,,,,,,,00000000,,,9000,UNITED STATES,OTHER STATES,2022,MONTHLY,05,05,MAY,,2024-04-26 15:00:00.000,"260,839,000",
SURVEY,ANIMALS & PRODUCTS,DAIRY,CHEESE,AMERICAN,ALL PRODUCTION PRACTICES,ALL UTILIZATION PRACTICES,PRODUCTION,LB,"CHEESE, AMERICAN - PRODUCTION, MEASURED IN LB",TOTAL,NOT SPECIFIED,STATE,,98,OT,OTHER STATES,,,,,,,,00000000,,,9000,UNITED STATES,OTHER STATES,2022,MONTHLY,06,06,JUN,,2024-04-26 15:00:00.000,"248,458,000",
SURVEY,ANIMALS & PRODUCTS,DAIRY,CHEESE,AMERICAN,ALL PRODUCTION PRACTICES,ALL UTILIZATION PRACTICES,PRODUCTION,LB,"CHEESE, AMERICAN - PRODUCTION, MEASURED IN LB",TOTAL,NOT SPECIFIED,STATE,,98,OT,OTHER STATES,,,,,,,,00000000,,,9000,UNITED STATES,OTHER STATES,2022,MONTHLY,07,07,JUL,,2024-04-26 15:00:00.000,"255,557,000",
SURVEY,ANIMALS & PRODUCTS,DAIRY,CHEESE,AMERICAN,ALL PRODUCTION PRACTICES,ALL UTILIZATION PRACTICES,PRODUCTION,LB,"CHEESE, AMERICAN - PRODUCTION, MEASURED IN LB",TOTAL,NOT SPECIFIED,STATE,,98,OT,OTHER STATES,,,,,,,,00000000,,,9000,UNITED STATES,OTHER STATES,2022,MONTHLY,08,08,AUG,,2024-04-26 15:00:00.000,"241,472,000",
SURVEY,ANIMALS & PRODUCTS,DAIRY,CHEESE,AMERICAN,ALL PRODUCTION PRACTICES,ALL UTILIZATION PRACTICES,PRODUCTION,LB,"CHEESE, AMERICAN - PRODUCTION, MEASURED IN LB",TOTAL,NOT SPECIFIED,STATE,,98,OT,OTHER STATES,,,,,,,,00000000,,,9000,UNITED STATES,OTHER STATES,2022,MONTHLY,09,09,SEP,,2024-04-26 15:00:00.000,"245,728,000",
SURVEY,ANIMALS & PRODUCTS,DAIRY,CHEESE,AMERICAN,ALL PRODUCTION PRACTICES,ALL UTILIZATION PRACTICES,PRODUCTION,LB,"CHEESE, AMERICAN - PRODUCTION, MEASURED IN LB",TOTAL,NOT SPECIFIED,STATE,,98,OT,OTHER STATES,,,,,,,,00000000,,,9000,UNITED STATES,OTHER STATES,2022,MONTHLY,10,10,OCT,,2024-04-26 15:00:00.000,"256,420,000",
SURVEY,ANIMALS & PRODUCTS,DAIRY,CHEESE,AMERICAN,ALL PRODUCTION PRACTICES,ALL UTILIZATION PRACTICES,PRODUCTION,LB,"CHEESE, AMERICAN - PRODUCTION, MEASURED IN LB",TOTAL,NOT SPECIFIED,STATE,,98,OT,OTHER STATES,,,,,,,,00000000,,,9000,UNITED STATES,OTHER STATES,2022,MONTHLY,11,11,NOV,,2024-04-26 15:00:00.000,"248,922,000",
SURVEY,ANIMALS & PRODUCTS,DAIRY,CHEESE,AMERICAN,ALL PRODUCTION PRACTICES,ALL UTILIZATION PRACTICES,PRODUCTION,LB,"CHEESE, AMERICAN - PRODUCTION, MEASURED IN LB",TOTAL,NOT SPECIFIED,STATE,,98,OT,OTHER STATES,,,,,,,,00000000,,,9000,UNITED STATES,OTHER STATES,2022,MONTHLY,12,12,DEC,,2024-04-26 15:00:00.000,"257,511,000",
SURVEY,ANIMALS & PRODUCTS,DAIRY,CHEESE,AMERICAN,ALL PRODUCTION PRACTICES,ALL UTILIZATION PRACTICES,PRODUCTION,LB,"CHEESE, AMERICAN - PRODUCTION, MEASURED IN LB",TOTAL,NOT SPECIFIED,STATE,06,06,CA,CALIFORNIA,,,,,,,,00000000,,,9000,UNITED STATES,CALIFORNIA,2022,MONTHLY,01,01,JAN,,2024-04-26 15:00:00.000,"47,261,000",
SURVEY,ANIMALS & PRODUCTS,DAIRY,CHEESE,AMERICAN,ALL PRODUCTION PRACTICES,ALL UTILIZATION PRACTICES,PRODUCTION,LB,"CHEESE, AMERICAN - PRODUCTION, MEASURED IN LB",TOTAL,NOT SPECIFIED,STATE,06,06,CA,CALIFORNIA,,,,,,,,00000000,,,9000,UNITED STATES,CALIFORNIA,2022,MONTHLY,02,02,FEB,,2024-04-26 15:00:00.000,"43,417,000",
SURVEY,ANIMALS & PRODUCTS,DAIRY,CHEESE,AMERICAN,ALL PRODUCTION PRACTICES,ALL UTILIZATION PRACTICES,PRODUCTION,LB,"CHEESE, AMERICAN - PRODUCTION, MEASURED IN LB",TOTAL,NOT SPECIFIED,STATE,06,06,CA,CALIFORNIA,,,,,,,,00000000,,,9000,UNITED STATES,CALIFORNIA,2022,MONTHLY,03,03,MAR,,2024-04-26 15:00:00.000,"49,098,000",
SURVEY,ANIMALS & PRODUCTS,DAIRY,CHEESE,AMERICAN,ALL PRODUCTION PRACTICES,ALL UTILIZATION PRACTICES,PRODUCTION,LB,"CHEESE, AMERICAN - PRODUCTION, MEASURED IN LB",TOTAL,NOT SPECIFIED,STATE,06,06,CA,CALIFORNIA,,,,,,,,00000000,,,9000,UNITED STATES,CALIFORNIA,2022,MONTHLY,04,04,APR,,2024-04-26 15:00:00.000,"47,126,000",
SURVEY,ANIMALS & PRODUCTS,DAIRY,CHEESE,AMERICAN,ALL PRODUCTION PRACTICES,ALL UTILIZATION PRACTICES,PRODUCTION,LB,"CHEESE, AMERICAN - PRODUCTION, MEASURED IN LB",TOTAL,NOT SPECIFIED,STATE,06,06,CA,CALIFORNIA,,,,,,,,00000000,,,9000,UNITED STATES,CALIFORNIA,2022,MONTHLY,05,05,MAY,,2024-04-26 15:00:00.000,"50,513,000",
SURVEY,ANIMALS & PRODUCTS,DAIRY,CHEESE,AMERICAN,ALL PRODUCTION PRACTICES,ALL UTILIZATION PRACTICES,PRODUCTION,LB,"CHEESE, AMERICAN - PRODUCTION, MEASURED IN LB",TOTAL,NOT SPECIFIED,STATE,06,06,CA,CALIFORNIA,,,,,,,,00000000,,,9000,UNITED STATES,CALIFORNIA,2022,MONTHLY,06,06,JUN,,2024-04-26 15:00:00.000,"47,205,000",
SURVEY,ANIMALS & PRODUCTS,DAIRY,CHEESE,AMERICAN,ALL PRODUCTION PRACTICES,ALL UTILIZATION PRACTICES,PRODUCTION,LB,"CHEESE, AMERICAN - PRODUCTION, MEASURED IN LB",TOTAL,NOT SPECIFIED,STATE,06,06,CA,CALIFORNIA,,,,,,,,00000000,,,9000,UNITED STATES,CALIFORNIA,2022,MONTHLY,07,07,JUL,,2024-04-26 15:00:00.000,"46,495,000",
SURVEY,ANIMALS & PRODUCTS,DAIRY,CHEESE,AMERICAN,ALL PRODUCTION PRACTICES,ALL UTILIZATION PRACTICES,PRODUCTION,LB,"CHEESE, AMERICAN - PRODUCTION, MEASURED IN LB",TOTAL,NOT SPECIFIED,STATE,06,06,CA,CALIFORNIA,,,,,,,,00000000,,,9000,UNITED STATES,CALIFORNIA,2022,MONTHLY,08,08,AUG,,2024-04-26 15:00:00.000,"44,996,000",
SURVEY,ANIMALS & PRODUCTS,DAIRY,CHEESE,AMERICAN,ALL PRODUCTION PRACTICES,ALL UTILIZATION PRACTICES,PRODUCTION,LB,"CHEESE, AMERICAN - PRODUCTION, MEASURED IN LB",TOTAL,NOT SPECIFIED,STATE,06,06,CA,CALIFORNIA,,,,,,,,00000000,,,9000,UNITED STATES,CALIFORNIA,2022,MONTHLY,09,09,SEP,,2024-04-26 15:00:00.000,"40,096,000",
SURVEY,ANIMALS & PRODUCTS,DAIRY,CHEESE,AMERICAN,ALL PRODUCTION PRACTICES,ALL UTILIZATION PRACTICES,PRODUCTION,LB,"CHEESE, AMERICAN - PRODUCTION, MEASURED IN LB",TOTAL,NOT SPECIFIED,STATE,06,06,CA,CALIFORNIA,,,,,,,,00000000,,,9000,UNITED STATES,CALIFORNIA,2022,MONTHLY,10,10,OCT,,2024-04-26 15:00:00.000,"45,502,000",
SURVEY,ANIMALS & PRODUCTS,DAIRY,CHEESE,AMERICAN,ALL PRODUCTION PRACTICES,ALL UTILIZATION PRACTICES,PRODUCTION,LB,"CHEESE, AMERICAN - PRODUCTION, MEASURED IN LB",TOTAL,NOT SPECIFIED,STATE,06,06,CA,CALIFORNIA,,,,,,,,00000000,,,9000,UNITED STATES,CALIFORNIA,2022,MONTHLY,11,11,NOV,,2024-04-26 15:00:00.000,"45,032,000",
SURVEY,ANIMALS & PRODUCTS,DAIRY,CHEESE,AMERICAN,ALL PRODUCTION PRACTICES,ALL UTILIZATION PRACTICES,PRODUCTION,LB,"CHEESE, AMERICAN - PRODUCTION, MEASURED IN LB",TOTAL,NOT SPECIFIED,STATE,06,06,CA,CALIFORNIA,,,,,,,,00000000,,,9000,UNITED STATES,CALIFORNIA,2022,MONTHLY,12,12,DEC,,2024-04-26 15:00:00.000,"46,482,000",
SURVEY,ANIMALS & PRODUCTS,DAIRY,CHEESE,AMERICAN,ALL PRODUCTION PRACTICES,ALL UTILIZATION PRACTICES,PRODUCTION,LB,"CHEESE, AMERICAN - PRODUCTION, MEASURED IN LB",TOTAL,NOT SPECIFIED,STATE,16,16,ID,IDAHO,,,,,,,,00000000,,,9000,UNITED STATES,IDAHO,2022,MONTHLY,01,01,JAN,,2022-04-01 15:00:12.000,"52,984,000",
SURVEY,ANIMALS & PRODUCTS,DAIRY,CHEESE,AMERICAN,ALL PRODUCTION PRACTICES,ALL UTILIZATION PRACTICES,PRODUCTION,LB,"CHEESE, AMERICAN - PRODUCTION, MEASURED IN LB",TOTAL,NOT SPECIFIED,STATE,19,19,IA,IOWA,,,,,,,,00000000,,,9000,UNITED STATES,IOWA,2022,MONTHLY,01,01,JAN,,2024-04-26 15:00:00.000,"16,912,000",
SURVEY,ANIMALS & PRODUCTS,DAIRY,CHEESE,AMERICAN,ALL PRODUCTION PRACTICES,ALL UTILIZATION PRACTICES,PRODUCTION,LB,"CHEESE, AMERICAN - PRODUCTION, MEASURED IN LB",TOTAL,NOT SPECIFIED,STATE,19,19,IA,IOWA,,,,,,,,00000000,,,9000,UNITED STATES,IOWA,2022,MONTHLY,02,02,FEB,,2024-04-26 15:00:00.000,"15,493,000",
SURVEY,ANIMALS & PRODUCTS,DAIRY,CHEESE,AMERICAN,ALL PRODUCTION PRACTICES,ALL UTILIZATION PRACTICES,PRODUCTION,LB,"CHEESE, AMERICAN - PRODUCTION, MEASURED IN LB",TOTAL,NOT SPECIFIED,STATE,19,19,IA,IOWA,,,,,,,,00000000,,,9000,UNITED STATES,IOWA,2022,MONTHLY,03,03,MAR,,2024-04-26 15:00:00.000,"16,980,000",
SURVEY,ANIMALS & PRODUCTS,DAIRY,CHEESE,AMERICAN,ALL PRODUCTION PRACTICES,ALL UTILIZATION PRACTICES,PRODUCTION,LB,"CHEESE, AMERICAN - PRODUCTION, MEASURED IN LB",TOTAL,NOT SPECIFIED,STATE,19,19,IA,IOWA,,,,,,,,00000000,,,9000,UNITED STATES,IOWA,2022,MONTHLY,04,04,APR,,2024-04-26 15:00:00.000,"17,026,000",
SURVEY,ANIMALS & PRODUCTS,DAIRY,CHEESE,AMERICAN,ALL PRODUCTION PRACTICES,ALL UTILIZATION PRACTICES,PRODUCTION,LB,"CHEESE, AMERICAN - PRODUCTION, MEASURED IN LB",TOTAL,NOT SPECIFIED,STATE,19,19,IA,IOWA,,,,,,,,00000000,,,9000,UNITED STATES,IOWA,2022,MONTHLY,05,05,MAY,,2024-04-26 15:00:00.000,"18,396,000",
SURVEY,ANIMALS & PRODUCTS,DAIRY,CHEESE,AMERICAN,ALL PRODUCTION PRACTICES,ALL UTILIZATION PRACTICES,PRODUCTION,LB,"CHEESE, AMERICAN - PRODUCTION, MEASURED IN LB",TOTAL,NOT SPECIFIED,STATE,19,19,IA,IOWA,,,,,,,,00000000,,,9000,UNITED STATES,IOWA,2022,MONTHLY,06,06,JUN,,2024-04-26 15:00:00.000,"17,656,000",
SURVEY,ANIMALS & PRODUCTS,DAIRY,CHEESE,AMERICAN,ALL PRODUCTION PRACTICES,ALL UTILIZATION PRACTICES,PRODUCTION,LB,"CHEESE, AMERICAN - PRODUCTION, MEASURED IN LB",TOTAL,NOT SPECIFIED,STATE,19,19,IA,IOWA,,,,,,,,00000000,,,9000,UNITED STATES,IOWA,2022,MONTHLY,07,07,JUL,,2024-04-26 15:00:00.000,"17,392,000",
SURVEY,ANIMALS & PRODUCTS,DAIRY,CHEESE,AMERICAN,ALL PRODUCTION PRACTICES,ALL UTILIZATION PRACTICES,PRODUCTION,LB,"CHEESE, AMERICAN - PRODUCTION, MEASURED IN LB",TOTAL,NOT SPECIFIED,STATE,19,19,IA,IOWA,,,,,,,,00000000,,,9000,UNITED STATES,IOWA,2022,MONTHLY,08,08,AUG,,2024-04-26 15:00:00.000,"16,555,000",
SURVEY,ANIMALS & PRODUCTS,DAIRY,CHEESE,AMERICAN,ALL PRODUCTION PRACTICES,ALL UTILIZATION PRACTICES,PRODUCTION,LB,"CHEESE, AMERICAN - PRODUCTION, MEASURED IN LB",TOTAL,NOT SPECIFIED,STATE,19,19,IA,IOWA,,,,,,,,00000000,,,9000,UNITED STATES,IOWA,2022,MONTHLY,09,09,SEP,,2024-04-26 15:00:00.000,"16,081,000",
SURVEY,ANIMALS & PRODUCTS,DAIRY,CHEESE,AMERICAN,ALL PRODUCTION PRACTICES,ALL UTILIZATION PRACTICES,PRODUCTION,LB,"CHEESE, AMERICAN - PRODUCTION, MEASURED IN LB",TOTAL,NOT SPECIFIED,STATE,19,19,IA,IOWA,,,,,,,,00000000,,,9000,UNITED STATES,IOWA,2022,MONTHLY,10,10,OCT,,2024-04-26 15:00:00.000,"17,569,000",
SURVEY,ANIMALS & PRODUCTS,DAIRY,CHEESE,AMERICAN,ALL PRODUCTION PRACTICES,ALL UTILIZATION PRACTICES,PRODUCTION,LB,"CHEESE, AMERICAN - PRODUCTION, MEASURED IN LB",TOTAL,NOT SPECIFIED,STATE,19,19,IA,IOWA,,,,,,,,00000000,,,9000,UNITED STATES,IOWA,2022,MONTHLY,11,11,NOV,,2024-04-26 15:00:00.000,"18,961,000",
SURVEY,ANIMALS & PRODUCTS,DAIRY,CHEESE,AMERICAN,ALL PRODUCTION PRACTICES,ALL UTILIZATION PRACTICES,PRODUCTION,LB,"CHEESE, AMERICAN - PRODUCTION, MEASURED IN LB",TOTAL,NOT SPECIFIED,STATE,19,19,IA,IOWA,,,,,,,,00000000,,,9000,UNITED STATES,IOWA,2022,MONTHLY,12,12,DEC,,2024-04-26 15:00:00.000,"19,026,000",
SURVEY,ANIMALS & PRODUCTS,DAIRY,CHEESE,AMERICAN,ALL PRODUCTION PRACTICES,ALL UTILIZATION PRACTICES,PRODUCTION,LB,"CHEESE, AMERICAN - PRODUCTION, MEASURED IN LB",TOTAL,NOT SPECIFIED,STATE,27,27,MN,MINNESOTA,,,,,,,,00000000,,,9000,UNITED STATES,MINNESOTA,2022,MONTHLY,01,01,JAN,,2024-04-26 15:00:00.000,"55,714,000",
SURVEY,ANIMALS & PRODUCTS,DAIRY,CHEESE,AMERICAN,ALL PRODUCTION PRACTICES,ALL UTILIZATION PRACTICES,PRODUCTION,LB,"CHEESE, AMERICAN - PRODUCTION, MEASURED IN LB",TOTAL,NOT SPECIFIED,STATE,27,27,MN,MINNESOTA,,,,,,,,00000000,,,9000,UNITED STATES,MINNESOTA,2022,MONTHLY,02,02,FEB,,2024-04-26 15:00:00.000,"51,378,000",
SURVEY,ANIMALS & PRODUCTS,DAIRY,CHEESE,AMERICAN,ALL PRODUCTION PRACTICES,ALL UTILIZATION PRACTICES,PRODUCTION,LB,"CHEESE, AMERICAN - PRODUCTION, MEASURED IN LB",TOTAL,NOT SPECIFIED,STATE,27,27,MN,MINNESOTA,,,,,,,,00000000,,,9000,UNITED STATES,MINNESOTA,2022,MONTHLY,03,03,MAR,,2024-04-26 15:00:00.000,"56,948,000",
SURVEY,ANIMALS & PRODUCTS,DAIRY,CHEESE,AMERICAN,ALL PRODUCTION PRACTICES,ALL UTILIZATION PRACTICES,PRODUCTION,LB,"CHEESE, AMERICAN - PRODUCTION, MEASURED IN LB",TOTAL,NOT SPECIFIED,STATE,27,27,MN,MINNESOTA,,,,,,,,00000000,,,9000,UNITED STATES,MINNESOTA,2022,MONTHLY,04,04,APR,,2024-04-26 15:00:00.000,"57,169,000",
SURVEY,ANIMALS & PRODUCTS,DAIRY,CHEESE,AMERICAN,ALL PRODUCTION PRACTICES,ALL UTILIZATION PRACTICES,PRODUCTION,LB,"CHEESE, AMERICAN - PRODUCTION, MEASURED IN LB",TOTAL,NOT SPECIFIED,STATE,27,27,MN,MINNESOTA,,,,,,,,00000000,,,9000,UNITED STATES,MINNESOTA,2022,MONTHLY,05,05,MAY,,2024-04-26 15:00:00.000,"58,757,000",
SURVEY,ANIMALS & PRODUCTS,DAIRY,CHEESE,AMERICAN,ALL PRODUCTION PRACTICES,ALL UTILIZATION PRACTICES,PRODUCTION,LB,"CHEESE, AMERICAN - PRODUCTION, MEASURED IN LB",TOTAL,NOT SPECIFIED,STATE,27,27,MN,MINNESOTA,,,,,,,,00000000,,,9000,UNITED STATES,MINNESOTA,2022,MONTHLY,06,06,JUN,,2024-04-26 15:00:00.000,"55,929,000",
SURVEY,ANIMALS & PRODUCTS,DAIRY,CHEESE,AMERICAN,ALL PRODUCTION PRACTICES,ALL UTILIZATION PRACTICES,PRODUCTION,LB,"CHEESE, AMERICAN - PRODUCTION, MEASURED IN LB",TOTAL,NOT SPECIFIED,STATE,27,27,MN,MINNESOTA,,,,,,,,00000000,,,9000,UNITED STATES,MINNESOTA,2022,MONTHLY,07,07,JUL,,2024-04-26 15:00:00.000,"57,599,000",
SURVEY,ANIMALS & PRODUCTS,DAIRY,CHEESE,AMERICAN,ALL PRODUCTION PRACTICES,ALL UTILIZATION PRACTICES,PRODUCTION,LB,"CHEESE, AMERICAN - PRODUCTION, MEASURED IN LB",TOTAL,NOT SPECIFIED,STATE,27,27,MN,MINNESOTA,,,,,,,,00000000,,,9000,UNITED STATES,MINNESOTA,2022,MONTHLY,08,08,AUG,,2024-04-26 15:00:00.000,"57,719,000",
SURVEY,ANIMALS & PRODUCTS,DAIRY,CHEESE,AMERICAN,ALL PRODUCTION PRACTICES,ALL UTILIZATION PRACTICES,PRODUCTION,LB,"CHEESE, AMERICAN - PRODUCTION, MEASURED IN LB",TOTAL,NOT SPECIFIED,STATE,27,27,MN,MINNESOTA,,,,,,,,00000000,,,9000,UNITED STATES,MINNESOTA,2022,MONTHLY,09,09,SEP,,2024-04-26 15:00:00.000,"54,225,000",
SURVEY,ANIMALS & PRODUCTS,DAIRY,CHEESE,AMERICAN,ALL PRODUCTION PRACTICES,ALL UTILIZATION PRACTICES,PRODUCTION,LB,"CHEESE, AMERICAN - PRODUCTION, MEASURED IN LB",TOTAL,NOT SPECIFIED,STATE,27,27,MN,MINNESOTA,,,,,,,,00000000,,,9000,UNITED STATES,MINNESOTA,2022,MONTHLY,10,10,OCT,,2024-04-26 15:00:00.000,"59,685,000",
SURVEY,ANIMALS & PRODUCTS,DAIRY,CHEESE,AMERICAN,ALL PRODUCTION PRACTICES,ALL UTILIZATION PRACTICES,PRODUCTION,LB,"CHEESE, AMERICAN - PRODUCTION, MEASURED IN LB",TOTAL,NOT SPECIFIED,STATE,27,27,MN,MINNESOTA,,,,,,,,00000000,,,9000,UNITED STATES,MINNESOTA,2022,MONTHLY,11,11,NOV,,2024-04-26 15:00:00.000,"55,582,000",
SURVEY,ANIMALS & PRODUCTS,DAIRY,CHEESE,AMERICAN,ALL PRODUCTION PRACTICES,ALL UTILIZATION PRACTICES,PRODUCTION,LB,"CHEESE, AMERICAN - PRODUCTION, MEASURED IN LB",TOTAL,NOT SPECIFIED,STATE,27,27,MN,MINNESOTA,,,,,,,,00000000,,,9000,UNITED STATES,MINNESOTA,2022,MONTHLY,12,12,DEC,,2024-04-26 15:00:00.000,"59,665,000",
SURVEY,ANIMALS & PRODUCTS,DAIRY,CHEESE,AMERICAN,ALL PRODUCTION PRACTICES,ALL UTILIZATION PRACTICES,PRODUCTION,LB,"CHEESE, AMERICAN - PRODUCTION, MEASURED IN LB",TOTAL,NOT SPECIFIED,STATE,36,36,NY,NEW YORK,,,,,,,,00000000,,,9000,UNITED STATES,NEW YORK,2022,MONTHLY,01,01,JAN,,2024-04-26 15:00:00.000,"12,219,000",
SURVEY,ANIMALS & PRODUCTS,DAIRY,CHEESE,AMERICAN,ALL PRODUCTION PRACTICES,ALL UTILIZATION PRACTICES,PRODUCTION,LB,"CHEESE, AMERICAN - PRODUCTION, MEASURED IN LB",TOTAL,NOT SPECIFIED,STATE,36,36,NY,NEW YORK,,,,,,,,00000000,,,9000,UNITED STATES,NEW YORK,2022,MONTHLY,02,02,FEB,,2024-04-26 15:00:00.000,"11,175,000",
SURVEY,ANIMALS & PRODUCTS,DAIRY,CHEESE,AMERICAN,ALL PRODUCTION PRACTICES,ALL UTILIZATION PRACTICES,PRODUCTION,LB,"CHEESE, AMERICAN - PRODUCTION, MEASURED IN LB",TOTAL,NOT SPECIFIED,STATE,36,36,NY,NEW YORK,,,,,,,,00000000,,,9000,UNITED STATES,NEW YORK,2022,MONTHLY,03,03,MAR,,2024-04-26 15:00:00.000,"11,651,000",
SURVEY,ANIMALS & PRODUCTS,DAIRY,CHEESE,AMERICAN,ALL PRODUCTION PRACTICES,ALL UTILIZATION PRACTICES,PRODUCTION,LB,"CHEESE, AMERICAN - PRODUCTION, MEASURED IN LB",TOTAL,NOT SPECIFIED,STATE,36,36,NY,NEW YORK,,,,,,,,00000000,,,9000,UNITED STATES,NEW YORK,2022,MONTHLY,04,04,APR,,2024-04-26 15:00:00.000,"11,634,000",
SURVEY,ANIMALS & PRODUCTS,DAIRY,CHEESE,AMERICAN,ALL PRODUCTION PRACTICES,ALL UTILIZATION PRACTICES,PRODUCTION,LB,"CHEESE, AMERICAN - PRODUCTION, MEASURED IN LB",TOTAL,NOT SPECIFIED,STATE,36,36,NY,NEW YORK,,,,,,,,00000000,,,9000,UNITED STATES,NEW YORK,2022,MONTHLY,05,05,MAY,,2024-04-26 15:00:00.000,"12,072,000",
SURVEY,ANIMALS & PRODUCTS,DAIRY,CHEESE,AMERICAN,ALL PRODUCTION PRACTICES,ALL UTILIZATION PRACTICES,PRODUCTION,LB,"CHEESE, AMERICAN - PRODUCTION, MEASURED IN LB",TOTAL,NOT SPECIFIED,STATE,36,36,NY,NEW YORK,,,,,,,,00000000,,,9000,UNITED STATES,NEW YORK,2022,MONTHLY,06,06,JUN,,2024-04-26 15:00:00.000,"11,939,000",
SURVEY,ANIMALS & PRODUCTS,DAIRY,CHEESE,AMERICAN,ALL PRODUCTION PRACTICES,ALL UTILIZATION PRACTICES,PRODUCTION,LB,"CHEESE, AMERICAN - PRODUCTION, MEASURED IN LB",TOTAL,NOT SPECIFIED,STATE,36,36,NY,NEW YORK,,,,,,,,00000000,,,9000,UNITED STATES,NEW YORK,2022,MONTHLY,07,07,JUL,,2024-04-26 15:00:00.000,"12,191,000",
SURVEY,ANIMALS & PRODUCTS,DAIRY,CHEESE,AMERICAN,ALL PRODUCTION PRACTICES,ALL UTILIZATION PRACTICES,PRODUCTION,LB,"CHEESE, AMERICAN - PRODUCTION, MEASURED IN LB",TOTAL,NOT SPECIFIED,STATE,36,36,NY,NEW YORK,,,,,,,,00000000,,,9000,UNITED STATES,NEW YORK,2022,MONTHLY,08,08,AUG,,2024-04-26 15:00:00.000,"12,168,000",
SURVEY,ANIMALS & PRODUCTS,DAIRY,CHEESE,AMERICAN,ALL PRODUCTION PRACTICES,ALL UTILIZATION PRACTICES,PRODUCTION,LB,"CHEESE, AMERICAN - PRODUCTION, MEASURED IN LB",TOTAL,NOT SPECIFIED,STATE,36,36,NY,NEW YORK,,,,,,,,00000000,,,9000,UNITED STATES,NEW YORK,2022,MONTHLY,09,09,SEP,,2024-04-26 15:00:00.000,"11,817,000",
SURVEY,ANIMALS & PRODUCTS,DAIRY,CHEESE,AMERICAN,ALL PRODUCTION PRACTICES,ALL UTILIZATION PRACTICES,PRODUCTION,LB,"CHEESE, AMERICAN - PRODUCTION, MEASURED IN LB",TOTAL,NOT SPECIFIED,STATE,36,36,NY,NEW YORK,,,,,,,,00000000,,,9000,UNITED STATES,NEW YORK,2022,MONTHLY,10,10,OCT,,2024-04-26 15:00:00.000,"10,876,000",
SURVEY,ANIMALS & PRODUCTS,DAIRY,CHEESE,AMERICAN,ALL PRODUCTION PRACTICES,ALL UTILIZATION PRACTICES,PRODUCTION,LB,"CHEESE, AMERICAN - PRODUCTION, MEASURED IN LB",TOTAL,NOT SPECIFIED,STATE,36,36,NY,NEW YORK,,,,,,,,00000000,,,9000,UNITED STATES,NEW YORK,2022,MONTHLY,11,11,NOV,,2024-04-26 15:00:00.000,"11,827,000",
SURVEY,ANIMALS & PRODUCTS,DAIRY,CHEESE,AMERICAN,ALL PRODUCTION PRACTICES,ALL UTILIZATION PRACTICES,PRODUCTION,LB,"CHEESE, AMERICAN - PRODUCTION, MEASURED IN LB",TOTAL,NOT SPECIFIED,STATE,36,36,NY,NEW YORK,,,,,,,,00000000,,,9000,UNITED STATES,NEW YORK,2022,MONTHLY,12,12,DEC,,2024-04-26 15:00:00.000,"12,353,000",
SURVEY,ANIMALS & PRODUCTS,DAIRY,CHEESE,AMERICAN,ALL PRODUCTION PRACTICES,ALL UTILIZATION PRACTICES,PRODUCTION,LB,"CHEESE, AMERICAN - PRODUCTION, MEASURED IN LB",TOTAL,NOT SPECIFIED,STATE,41,41,OR,OREGON,,,,,,,,00000000,,,9000,UNITED STATES,OREGON,2022,MONTHLY,01,01,JAN,,2022-04-01 15:00:12.000,"20,026,000",
SURVEY,ANIMALS & PRODUCTS,DAIRY,CHEESE,AMERICAN,ALL PRODUCTION PRACTICES,ALL UTILIZATION PRACTICES,PRODUCTION,LB,"CHEESE, AMERICAN - PRODUCTION, MEASURED IN LB",TOTAL,NOT SPECIFIED,STATE,55,55,WI,WISCONSIN,,,,,,,,00000000,,,9000,UNITED STATES,WISCONSIN,2022,MONTHLY,01,01,JAN,,2024-04-26 15:00:00.000,"93,391,000",
SURVEY,ANIMALS & PRODUCTS,DAIRY,CHEESE,AMERICAN,ALL PRODUCTION PRACTICES,ALL UTILIZATION PRACTICES,PRODUCTION,LB,"CHEESE, AMERICAN - PRODUCTION, MEASURED IN LB",TOTAL,NOT SPECIFIED,STATE,55,55,WI,WISCONSIN,,,,,,,,00000000,,,9000,UNITED STATES,WISCONSIN,2022,MONTHLY,02,02,FEB,,2024-04-26 15:00:00.000,"82,766,000",
SURVEY,ANIMALS & PRODUCTS,DAIRY,CHEESE,AMERICAN,ALL PRODUCTION PRACTICES,ALL UTILIZATION PRACTICES,PRODUCTION,LB,"CHEESE, AMERICAN - PRODUCTION, MEASURED IN LB",TOTAL,NOT SPECIFIED,STATE,55,55,WI,WISCONSIN,,,,,,,,00000000,,,9000,UNITED STATES,WISCONSIN,2022,MONTHLY,03,03,MAR,,2024-04-26 15:00:00.000,"92,180,000",
SURVEY,ANIMALS & PRODUCTS,DAIRY,CHEESE,AMERICAN,ALL PRODUCTION PRACTICES,ALL UTILIZATION PRACTICES,PRODUCTION,LB,"CHEESE, AMERICAN - PRODUCTION, MEASURED IN LB",TOTAL,NOT SPECIFIED,STATE,55,55,WI,WISCONSIN,,,,,,,,00000000,,,9000,UNITED STATES,WISCONSIN,2022,MONTHLY,04,04,APR,,2024-04-26 15:00:00.000,"90,573,000",
SURVEY,ANIMALS & PRODUCTS,DAIRY,CHEESE,AMERICAN,ALL PRODUCTION PRACTICES,ALL UTILIZATION PRACTICES,PRODUCTION,LB,"CHEESE, AMERICAN - PRODUCTION, MEASURED IN LB",TOTAL,NOT SPECIFIED,STATE,55,55,WI,WISCONSIN,,,,,,,,00000000,,,9000,UNITED STATES,WISCONSIN,2022,MONTHLY,05,05,MAY,,2024-04-26 15:00:00.000,"89,488,000",
SURVEY,ANIMALS & PRODUCTS,DAIRY,CHEESE,AMERICAN,ALL PRODUCTION PRACTICES,ALL UTILIZATION PRACTICES,PRODUCTION,LB,"CHEESE, AMERICAN - PRODUCTION, MEASURED IN LB",TOTAL,NOT SPECIFIED,STATE,55,55,WI,WISCONSIN,,,,,,,,00000000,,,9000,UNITED STATES,WISCONSIN,2022,MONTHLY,06,06,JUN,,2024-04-26 15:00:00.000,"87,335,000",
SURVEY,ANIMALS & PRODUCTS,DAIRY,CHEESE,AMERICAN,ALL PRODUCTION PRACTICES,ALL UTILIZATION PRACTICES,PRODUCTION,LB,"CHEESE, AMERICAN - PRODUCTION, MEASURED IN LB",TOTAL,NOT SPECIFIED,STATE,55,55,WI,WISCONSIN,,,,,,,,00000000,,,9000,UNITED STATES,WISCONSIN,2022,MONTHLY,07,07,JUL,,2024-04-26 15:00:00.000,"87,277,000",
SURVEY,ANIMALS & PRODUCTS,DAIRY,CHEESE,AMERICAN,ALL PRODUCTION PRACTICES,ALL UTILIZATION PRACTICES,PRODUCTION,LB,"CHEESE, AMERICAN - PRODUCTION, MEASURED IN LB",TOTAL,NOT SPECIFIED,STATE,55,55,WI,WISCONSIN,,,,,,,,00000000,,,9000,UNITED STATES,WISCONSIN,2022,MONTHLY,08,08,AUG,,2024-04-26 15:00:00.000,"87,622,000",
SURVEY,ANIMALS & PRODUCTS,DAIRY,CHEESE,AMERICAN,ALL PRODUCTION PRACTICES,ALL UTILIZATION PRACTICES,PRODUCTION,LB,"CHEESE, AMERICAN - PRODUCTION, MEASURED IN LB",TOTAL,NOT SPECIFIED,STATE,55,55,WI,WISCONSIN,,,,,,,,00000000,,,9000,UNITED STATES,WISCONSIN,2022,MONTHLY,09,09,SEP,,2024-04-26 15:00:00.000,"81,395,000",
SURVEY,ANIMALS & PRODUCTS,DAIRY,CHEESE,AMERICAN,ALL PRODUCTION PRACTICES,ALL UTILIZATION PRACTICES,PRODUCTION,LB,"CHEESE, AMERICAN - PRODUCTION, MEASURED IN LB",TOTAL,NOT SPECIFIED,STATE,55,55,WI,WISCONSIN,,,,,,,,00000000,,,9000,UNITED STATES,WISCONSIN,2022,MONTHLY,10,10,OCT,,2024-04-26 15:00:00.000,"89,031,000",
SURVEY,ANIMALS & PRODUCTS,DAIRY,CHEESE,AMERICAN,ALL PRODUCTION PRACTICES,ALL UTILIZATION PRACTICES,PRODUCTION,LB,"CHEESE, AMERICAN - PRODUCTION, MEASURED IN LB",TOTAL,NOT SPECIFIED,STATE,55,55,WI,WISCONSIN,,,,,,,,00000000,,,9000,UNITED STATES,WISCONSIN,2022,MONTHLY,11,11,NOV,,2024-04-26 15:00:00.000,"88,222,000",
SURVEY,ANIMALS & PRODUCTS,DAIRY,CHEESE,AMERICAN,ALL PRODUCTION PRACTICES,ALL UTILIZATION PRACTICES,PRODUCTION,LB,"CHEESE, AMERICAN - PRODUCTION, MEASURED IN LB",TOTAL,NOT SPECIFIED,STATE,55,55,WI,WISCONSIN,,,,,,,,00000000,,,9000,UNITED STATES,WISCONSIN,2022,MONTHLY,12,12,DEC,,2024-04-26 15:00:00.000,"93,108,000",
SURVEY,ANIMALS & PRODUCTS,DAIRY,CHEESE,"AMERICAN, CHEDDAR",ALL PRODUCTION PRACTICES,ALL UTILIZATION PRACTICES,PRODUCTION,LB,"CHEESE, AMERICAN, CHEDDAR - PRODUCTION, MEASURED IN LB",TOTAL,NOT SPECIFIED,STATE,,98,OT,OTHER STATES,,,,,,,,00000000,,,9000,UNITED STATES,OTHER STATES,2022,MONTHLY,01,01,JAN,,2024-04-26 15:00:00.000,"237,005,000",
SURVEY,ANIMALS & PRODUCTS,DAIRY,CHEESE,"AMERICAN, CHEDDAR",ALL PRODUCTION PRACTICES,ALL UTILIZATION PRACTICES,PRODUCTION,LB,"CHEESE, AMERICAN, CHEDDAR - PRODUCTION, MEASURED IN LB",TOTAL,NOT SPECIFIED,STATE,,98,OT,OTHER STATES,,,,,,,,00000000,,,9000,UNITED STATES,OTHER STATES,2022,MONTHLY,02,02,FEB,,2024-04-26 15:00:00.000,"209,984,000",
SURVEY,ANIMALS & PRODUCTS,DAIRY,CHEESE,"AMERICAN, CHEDDAR",ALL PRODUCTION PRACTICES,ALL UTILIZATION PRACTICES,PRODUCTION,LB,"CHEESE, AMERICAN, CHEDDAR - PRODUCTION, MEASURED IN LB",TOTAL,NOT SPECIFIED,STATE,,98,OT,OTHER STATES,,,,,,,,00000000,,,9000,UNITED STATES,OTHER STATES,2022,MONTHLY,03,03,MAR,,2024-04-26 15:00:00.000,"230,010,000",
SURVEY,ANIMALS & PRODUCTS,DAIRY,CHEESE,"AMERICAN, CHEDDAR",ALL PRODUCTION PRACTICES,ALL UTILIZATION PRACTICES,PRODUCTION,LB,"CHEESE, AMERICAN, CHEDDAR - PRODUCTION, MEASURED IN LB",TOTAL,NOT SPECIFIED,STATE,,98,OT,OTHER STATES,,,,,,,,00000000,,,9000,UNITED STATES,OTHER STATES,2022,MONTHLY,04,04,APR,,2024-04-26 15:00:00.000,"227,463,000",
SURVEY,ANIMALS & PRODUCTS,DAIRY,CHEESE,"AMERICAN, CHEDDAR",ALL PRODUCTION PRACTICES,ALL UTILIZATION PRACTICES,PRODUCTION,LB,"CHEESE, AMERICAN, CHEDDAR - PRODUCTION, MEASURED IN LB",TOTAL,NOT SPECIFIED,STATE,,98,OT,OTHER STATES,,,,,,,,00000000,,,9000,UNITED STATES,OTHER STATES,2022,MONTHLY,05,05,MAY,,2024-04-26 15:00:00.000,"237,998,000",
SURVEY,ANIMALS & PRODUCTS,DAIRY,CHEESE,"AMERICAN, CHEDDAR",ALL PRODUCTION PRACTICES,ALL UTILIZATION PRACTICES,PRODUCTION,LB,"CHEESE, AMERICAN, CHEDDAR - PRODUCTION, MEASURED IN LB",TOTAL,NOT SPECIFIED,STATE,,98,OT,OTHER STATES,,,,,,,,00000000,,,9000,UNITED STATES,OTHER STATES,2022,MONTHLY,06,06,JUN,,2024-04-26 15:00:00.000,"235,739,000",
SURVEY,ANIMALS & PRODUCTS,DAIRY,CHEESE,"AMERICAN, CHEDDAR",ALL PRODUCTION PRACTICES,ALL UTILIZATION PRACTICES,PRODUCTION,LB,"CHEESE, AMERICAN, CHEDDAR - PRODUCTION, MEASURED IN LB",TOTAL,NOT SPECIFIED,STATE,,98,OT,OTHER STATES,,,,,,,,00000000,,,9000,UNITED STATES,OTHER STATES,2022,MONTHLY,07,07,JUL,,2024-04-26 15:00:00.000,"235,657,000",
SURVEY,ANIMALS & PRODUCTS,DAIRY,CHEESE,"AMERICAN, CHEDDAR",ALL PRODUCTION PRACTICES,ALL UTILIZATION PRACTICES,PRODUCTION,LB,"CHEESE, AMERICAN, CHEDDAR - PRODUCTION, MEASURED IN LB",TOTAL,NOT SPECIFIED,STATE,,98,OT,OTHER STATES,,,,,,,,00000000,,,9000,UNITED STATES,OTHER STATES,2022,MONTHLY,08,08,AUG,,2024-04-26 15:00:00.000,"219,875,000",
SURVEY,ANIMALS & PRODUCTS,DAIRY,CHEESE,"AMERICAN, CHEDDAR",ALL PRODUCTION PRACTICES,ALL UTILIZATION PRACTICES,PRODUCTION,LB,"CHEESE, AMERICAN, CHEDDAR - PRODUCTION, MEASURED IN LB",TOTAL,NOT SPECIFIED,STATE,,98,OT,OTHER STATES,,,,,,,,00000000,,,9000,UNITED STATES,OTHER STATES,2022,MONTHLY,09,09,SEP,,2024-04-26 15:00:00.000,"216,535,000",
SURVEY,ANIMALS & PRODUCTS,DAIRY,CHEESE,"AMERICAN, CHEDDAR",ALL PRODUCTION PRACTICES,ALL UTILIZATION PRACTICES,PRODUCTION,LB,"CHEESE, AMERICAN, CHEDDAR - PRODUCTION, MEASURED IN LB",TOTAL,NOT SPECIFIED,STATE,,98,OT,OTHER STATES,,,,,,,,00000000,,,9000,UNITED STATES,OTHER STATES,2022,MONTHLY,10,10,OCT,,2024-04-26 15:00:00.000,"238,661,000",
SURVEY,ANIMALS & PRODUCTS,DAIRY,CHEESE,"AMERICAN, CHEDDAR",ALL PRODUCTION PRACTICES,ALL UTILIZATION PRACTICES,PRODUCTION,LB,"CHEESE, AMERICAN, CHEDDAR - PRODUCTION, MEASURED IN LB",TOTAL,NOT SPECIFIED,STATE,,98,OT,OTHER STATES,,,,,,,,00000000,,,9000,UNITED STATES,OTHER STATES,2022,MONTHLY,11,11,NOV,,2024-04-26 15:00:00.000,"223,268,000",
SURVEY,ANIMALS & PRODUCTS,DAIRY,CHEESE,"AMERICAN, CHEDDAR",ALL PRODUCTION PRACTICES,ALL UTILIZATION PRACTICES,PRODUCTION,LB,"CHEESE, AMERICAN, CHEDDAR - PRODUCTION, MEASURED IN LB",TOTAL,NOT SPECIFIED,STATE,,98,OT,OTHER STATES,,,,,,,,00000000,,,9000,UNITED STATES,OTHER STATES,2022,MONTHLY,12,12,DEC,,2024-04-26 15:00:00.000,"235,842,000",
SURVEY,ANIMALS & PRODUCTS,DAIRY,CHEESE,"AMERICAN, CHEDDAR",ALL PRODUCTION PRACTICES,ALL UTILIZATION PRACTICES,PRODUCTION,LB,"CHEESE, AMERICAN, CHEDDAR - PRODUCTION, MEASURED IN LB",TOTAL,NOT SPECIFIED,STATE,06,06,CA,CALIFORNIA,,,,,,,,00000000,,,9000,UNITED STATES,CALIFORNIA,2022,MONTHLY,01,01,JAN,,2024-04-26 15:00:00.000,"23,366,000",
SURVEY,ANIMALS & PRODUCTS,DAIRY,CHEESE,"AMERICAN, CHEDDAR",ALL PRODUCTION PRACTICES,ALL UTILIZATION PRACTICES,PRODUCTION,LB,"CHEESE, AMERICAN, CHEDDAR - PRODUCTION, MEASURED IN LB",TOTAL,NOT SPECIFIED,STATE,06,06,CA,CALIFORNIA,,,,,,,,00000000,,,9000,UNITED STATES,CALIFORNIA,2022,MONTHLY,02,02,FEB,,2024-04-26 15:00:00.000,"22,114,000",
SURVEY,ANIMALS & PRODUCTS,DAIRY,CHEESE,"AMERICAN, CHEDDAR",ALL PRODUCTION PRACTICES,ALL UTILIZATION PRACTICES,PRODUCTION,LB,"CHEESE, AMERICAN, CHEDDAR - PRODUCTION, MEASURED IN LB",TOTAL,NOT SPECIFIED,STATE,06,06,CA,CALIFORNIA,,,,,,,,00000000,,,9000,UNITED STATES,CALIFORNIA,2022,MONTHLY,03,03,MAR,,2024-04-26 15:00:00.000,"23,073,000",
SURVEY,ANIMALS & PRODUCTS,DAIRY,CHEESE,"AMERICAN, CHEDDAR",ALL PRODUCTION PRACTICES,ALL UTILIZATION PRACTICES,PRODUCTION,LB,"CHEESE, AMERICAN, CHEDDAR - PRODUCTION, MEASURED IN LB",TOTAL,NOT SPECIFIED,STATE,06,06,CA,CALIFORNIA,,,,,,,,00000000,,,9000,UNITED STATES,CALIFORNIA,2022,MONTHLY,04,04,APR,,2024-04-26 15:00:00.000,"21,342,000",
SURVEY,ANIMALS & PRODUCTS,DAIRY,CHEESE,"AMERICAN, CHEDDAR",ALL PRODUCTION PRACTICES,ALL UTILIZATION PRACTICES,PRODUCTION,LB,"CHEESE, AMERICAN, CHEDDAR - PRODUCTION, MEASURED IN LB",TOTAL,NOT SPECIFIED,STATE,06,06,CA,CALIFORNIA,,,,,,,,00000000,,,9000,UNITED STATES,CALIFORNIA,2022,MONTHLY,05,05,MAY,,2024-04-26 15:00:00.000,"24,127,000",
SURVEY,ANIMALS & PRODUCTS,DAIRY,CHEESE,"AMERICAN, CHEDDAR",ALL PRODUCTION PRACTICES,ALL UTILIZATION PRACTICES,PRODUCTION,LB,"CHEESE, AMERICAN, CHEDDAR - PRODUCTION, MEASURED IN LB",TOTAL,NOT SPECIFIED,STATE,06,06,CA,CALIFORNIA,,,,,,,,00000000,,,9000,UNITED STATES,CALIFORNIA,2022,MONTHLY,06,06,JUN,,2024-04-26 15:00:00.000,"26,572,000",
SURVEY,ANIMALS & PRODUCTS,DAIRY,CHEESE,"AMERICAN, CHEDDAR",ALL PRODUCTION PRACTICES,ALL UTILIZATION PRACTICES,PRODUCTION,LB,"CHEESE, AMERICAN, CHEDDAR - PRODUCTION, MEASURED IN LB",TOTAL,NOT SPECIFIED,STATE,06,06,CA,CALIFORNIA,,,,,,,,00000000,,,9000,UNITED STATES,CALIFORNIA,2022,MONTHLY,07,07,JUL,,2024-04-26 15:00:00.000,"24,911,000",
SURVEY,ANIMALS & PRODUCTS,DAIRY,CHEESE,"AMERICAN, CHEDDAR",ALL PRODUCTION PRACTICES,ALL UTILIZATION PRACTICES,PRODUCTION,LB,"CHEESE, AMERICAN, CHEDDAR - PRODUCTION, MEASURED IN LB",TOTAL,NOT SPECIFIED,STATE,06,06,CA,CALIFORNIA,,,,,,,,00000000,,,9000,UNITED STATES,CALIFORNIA,2022,MONTHLY,08,08,AUG,,2024-04-26 15:00:00.000,"22,583,000",
SURVEY,ANIMALS & PRODUCTS,DAIRY,CHEESE,"AMERICAN, CHEDDAR",ALL PRODUCTION PRACTICES,ALL UTILIZATION PRACTICES,PRODUCTION,LB,"CHEESE, AMERICAN, CHEDDAR - PRODUCTION, MEASURED IN LB",TOTAL,NOT SPECIFIED,STATE,06,06,CA,CALIFORNIA,,,,,,,,00000000,,,9000,UNITED STATES,CALIFORNIA,2022,MONTHLY,09,09,SEP,,2024-04-26 15:00:00.000,"17,524,000",
SURVEY,ANIMALS & PRODUCTS,DAIRY,CHEESE,"AMERICAN, CHEDDAR",ALL PRODUCTION PRACTICES,ALL UTILIZATION PRACTICES,PRODUCTION,LB,"CHEESE, AMERICAN, CHEDDAR - PRODUCTION, MEASURED IN LB",TOTAL,NOT SPECIFIED,STATE,06,06,CA,CALIFORNIA,,,,,,,,00000000,,,9000,UNITED STATES,CALIFORNIA,2022,MONTHLY,10,10,OCT,,2024-04-26 15:00:00.000,"22,871,000",
SURVEY,ANIMALS & PRODUCTS,DAIRY,CHEESE,"AMERICAN, CHEDDAR",ALL PRODUCTION PRACTICES,ALL UTILIZATION PRACTICES,PRODUCTION,LB,"CHEESE, AMERICAN, CHEDDAR - PRODUCTION, MEASURED IN LB",TOTAL,NOT SPECIFIED,STATE,06,06,CA,CALIFORNIA,,,,,,,,00000000,,,9000,UNITED STATES,CALIFORNIA,2022,MONTHLY,11,11,NOV,,2024-04-26 15:00:00.000,"22,890,000",
SURVEY,ANIMALS & PRODUCTS,DAIRY,CHEESE,"AMERICAN, CHEDDAR",ALL PRODUCTION PRACTICES,ALL UTILIZATION PRACTICES,PRODUCTION,LB,"CHEESE, AMERICAN, CHEDDAR - PRODUCTION, MEASURED IN LB",TOTAL,NOT SPECIFIED,STATE,06,06,CA,CALIFORNIA,,,,,,,,00000000,,,9000,UNITED STATES,CALIFORNIA,2022,MONTHLY,12,12,DEC,,2024-04-26 15:00:00.000,"23,940,000",
SURVEY,ANIMALS & PRODUCTS,DAIRY,CHEESE,"AMERICAN, CHEDDAR",ALL PRODUCTION PRACTICES,ALL UTILIZATION PRACTICES,PRODUCTION,LB,"CHEESE, AMERICAN, CHEDDAR - PRODUCTION, MEASURED IN LB",TOTAL,NOT SPECIFIED,STATE,19,19,IA,IOWA,,,,,,,,00000000,,,9000,UNITED STATES,IOWA,2022,MONTHLY,01,01,JAN,,2024-04-26 15:00:00.000,"11,454,000",
SURVEY,ANIMALS & PRODUCTS,DAIRY,CHEESE,"AMERICAN, CHEDDAR",ALL PRODUCTION PRACTICES,ALL UTILIZATION PRACTICES,PRODUCTION,LB,"CHEESE, AMERICAN, CHEDDAR - PRODUCTION, MEASURED IN LB",TOTAL,NOT SPECIFIED,STATE,19,19,IA,IOWA,,,,,,,,00000000,,,9000,UNITED STATES,IOWA,2022,MONTHLY,02,02,FEB,,2024-04-26 15:00:00.000,"10,417,000",
SURVEY,ANIMALS & PRODUCTS,DAIRY,CHEESE,"AMERICAN, CHEDDAR",ALL PRODUCTION PRACTICES,ALL UTILIZATION PRACTICES,PRODUCTION,LB,"CHEESE, AMERICAN, CHEDDAR - PRODUCTION, MEASURED IN LB",TOTAL,NOT SPECIFIED,STATE,19,19,IA,IOWA,,,,,,,,00000000,,,9000,UNITED STATES,IOWA,2022,MONTHLY,03,03,MAR,,2024-04-26 15:00:00.000,"10,653,000",
SURVEY,ANIMALS & PRODUCTS,DAIRY,CHEESE,"AMERICAN, CHEDDAR",ALL PRODUCTION PRACTICES,ALL UTILIZATION PRACTICES,PRODUCTION,LB,"CHEESE, AMERICAN, CHEDDAR - PRODUCTION, MEASURED IN LB",TOTAL,NOT SPECIFIED,STATE,19,19,IA,IOWA,,,,,,,,00000000,,,9000,UNITED STATES,IOWA,2022,MONTHLY,04,04,APR,,2024-04-26 15:00:00.000,"8,544,000",
SURVEY,ANIMALS & PRODUCTS,DAIRY,CHEESE,"AMERICAN, CHEDDAR",ALL PRODUCTION PRACTICES,ALL UTILIZATION PRACTICES,PRODUCTION,LB,"CHEESE, AMERICAN, CHEDDAR - PRODUCTION, MEASURED IN LB",TOTAL,NOT SPECIFIED,STATE,19,19,IA,IOWA,,,,,,,,00000000,,,9000,UNITED STATES,IOWA,2022,MONTHLY,05,05,MAY,,2024-04-26 15:00:00.000,"8,882,000",
SURVEY,ANIMALS & PRODUCTS,DAIRY,CHEESE,"AMERICAN, CHEDDAR",ALL PRODUCTION PRACTICES,ALL UTILIZATION PRACTICES,PRODUCTION,LB,"CHEESE, AMERICAN, CHEDDAR - PRODUCTION, MEASURED IN LB",TOTAL,NOT SPECIFIED,STATE,19,19,IA,IOWA,,,,,,,,00000000,,,9000,UNITED STATES,IOWA,2022,MONTHLY,06,06,JUN,,2024-04-26 15:00:00.000,"11,261,000",
SURVEY,ANIMALS & PRODUCTS,DAIRY,CHEESE,"AMERICAN, CHEDDAR",ALL PRODUCTION PRACTICES,ALL UTILIZATION PRACTICES,PRODUCTION,LB,"CHEESE, AMERICAN, CHEDDAR - PRODUCTION, MEASURED IN LB",TOTAL,NOT SPECIFIED,STATE,19,19,IA,IOWA,,,,,,,,00000000,,,9000,UNITED STATES,IOWA,2022,MONTHLY,07,07,JUL,,2024-04-26 15:00:00.000,"11,522,000",
SURVEY,ANIMALS & PRODUCTS,DAIRY,CHEESE,"AMERICAN, CHEDDAR",ALL PRODUCTION PRACTICES,ALL UTILIZATION PRACTICES,PRODUCTION,LB,"CHEESE, AMERICAN, CHEDDAR - PRODUCTION, MEASURED IN LB",TOTAL,NOT SPECIFIED,STATE,19,19,IA,IOWA,,,,,,,,00000000,,,9000,UNITED STATES,IOWA,2022,MONTHLY,08,08,AUG,,2024-04-26 15:00:00.000,"9,128,000",
SURVEY,ANIMALS & PRODUCTS,DAIRY,CHEESE,"AMERICAN, CHEDDAR",ALL PRODUCTION PRACTICES,ALL UTILIZATION PRACTICES,PRODUCTION,LB,"CHEESE, AMERICAN, CHEDDAR - PRODUCTION, MEASURED IN LB",TOTAL,NOT SPECIFIED,STATE,19,19,IA,IOWA,,,,,,,,00000000,,,9000,UNITED STATES,IOWA,2022,MONTHLY,09,09,SEP,,2024-04-26 15:00:00.000,"9,384,000",
SURVEY,ANIMALS & PRODUCTS,DAIRY,CHEESE,"AMERICAN, CHEDDAR",ALL PRODUCTION PRACTICES,ALL UTILIZATION PRACTICES,PRODUCTION,LB,"CHEESE, AMERICAN, CHEDDAR - PRODUCTION, MEASURED IN LB",TOTAL,NOT SPECIFIED,STATE,19,19,IA,IOWA,,,,,,,,00000000,,,9000,UNITED STATES,IOWA,2022,MONTHLY,10,10,OCT,,2024-04-26 15:00:00.000,"10,339,000",
SURVEY,ANIMALS & PRODUCTS,DAIRY,CHEESE,"AMERICAN, CHEDDAR",ALL PRODUCTION PRACTICES,ALL UTILIZATION PRACTICES,PRODUCTION,LB,"CHEESE, AMERICAN, CHEDDAR - PRODUCTION, MEASURED IN LB",TOTAL,NOT SPECIFIED,STATE,19,19,IA,IOWA,,,,,,,,00000000,,,9000,UNITED STATES,IOWA,2022,MONTHLY,11,11,NOV,,2024-04-26 15:00:00.000,"10,567,000",
SURVEY,ANIMALS & PRODUCTS,DAIRY,CHEESE,"AMERICAN, CHEDDAR",ALL PRODUCTION PRACTICES,ALL UTILIZATION PRACTICES,PRODUCTION,LB,"CHEESE, AMERICAN, CHEDDAR - PRODUCTION, MEASURED IN LB",TOTAL,NOT SPECIFIED,STATE,19,19,IA,IOWA,,,,,,,,00000000,,,9000,UNITED STATES,IOWA,2022,MONTHLY,12,12,DEC,,2024-04-26 15:00:00.000,"12,409,000",
SURVEY,ANIMALS & PRODUCTS,DAIRY,CHEESE,"AMERICAN, CHEDDAR",ALL PRODUCTION PRACTICES,ALL UTILIZATION PRACTICES,PRODUCTION,LB,"CHEESE, AMERICAN, CHEDDAR - PRODUCTION, MEASURED IN LB",TOTAL,NOT SPECIFIED,STATE,27,27,MN,MINNESOTA,,,,,,,,00000000,,,9000,UNITED STATES,MINNESOTA,2022,MONTHLY,01,01,JAN,,2022-04-01 15:00:12.000,"52,253,000",
SURVEY,ANIMALS & PRODUCTS,DAIRY,CHEESE,"AMERICAN, CHEDDAR",ALL PRODUCTION PRACTICES,ALL UTILIZATION PRACTICES,PRODUCTION,LB,"CHEESE, AMERICAN, CHEDDAR - PRODUCTION, MEASURED IN LB",TOTAL,NOT SPECIFIED,STATE,41,41,OR,OREGON,,,,,,,,00000000,,,9000,UNITED STATES,OREGON,2022,MONTHLY,01,01,JAN,,2022-04-01 15:00:12.000,"16,795,000",
SURVEY,ANIMALS & PRODUCTS,DAIRY,CHEESE,"AMERICAN, CHEDDAR",ALL PRODUCTION PRACTICES,ALL UTILIZATION PRACTICES,PRODUCTION,LB,"CHEESE, AMERICAN, CHEDDAR - PRODUCTION, MEASURED IN LB",TOTAL,NOT SPECIFIED,STATE,50,50,VT,VERMONT,,,,,,,,00000000,,,9000,UNITED STATES,VERMONT,2022,MONTHLY,01,01,JAN,,2024-04-26 15:00:00.000,"8,808,000",
SURVEY,ANIMALS & PRODUCTS,DAIRY,CHEESE,"AMERICAN, CHEDDAR",ALL PRODUCTION PRACTICES,ALL UTILIZATION PRACTICES,PRODUCTION,LB,"CHEESE, AMERICAN, CHEDDAR - PRODUCTION, MEASURED IN LB",TOTAL,NOT SPECIFIED,STATE,50,50,VT,VERMONT,,,,,,,,00000000,,,9000,UNITED STATES,VERMONT,2022,MONTHLY,02,02,FEB,,2024-04-26 15:00:00.000,"8,007,000",
SURVEY,ANIMALS & PRODUCTS,DAIRY,CHEESE,"AMERICAN, CHEDDAR",ALL PRODUCTION PRACTICES,ALL UTILIZATION PRACTICES,PRODUCTION,LB,"CHEESE, AMERICAN, CHEDDAR - PRODUCTION, MEASURED IN LB",TOTAL,NOT SPECIFIED,STATE,50,50,VT,VERMONT,,,,,,,,00000000,,,9000,UNITED STATES,VERMONT,2022,MONTHLY,03,03,MAR,,2024-04-26 15:00:00.000,"8,782,000",
SURVEY,ANIMALS & PRODUCTS,DAIRY,CHEESE,"AMERICAN, CHEDDAR",ALL PRODUCTION PRACTICES,ALL UTILIZATION PRACTICES,PRODUCTION,LB,"CHEESE, AMERICAN, CHEDDAR - PRODUCTION, MEASURED IN LB",TOTAL,NOT SPECIFIED,STATE,50,50,VT,VERMONT,,,,,,,,00000000,,,9000,UNITED STATES,VERMONT,2022,MONTHLY,04,04,APR,,2024-04-26 15:00:00.000,"8,993,000",
SURVEY,ANIMALS & PRODUCTS,DAIRY,CHEESE,"AMERICAN, CHEDDAR",ALL PRODUCTION PRACTICES,ALL UTILIZATION PRACTICES,PRODUCTION,LB,"CHEESE, AMERICAN, CHEDDAR - PRODUCTION, MEASURED IN LB",TOTAL,NOT SPECIFIED,STATE,50,50,VT,VERMONT,,,,,,,,00000000,,,9000,UNITED STATES,VERMONT,2022,MONTHLY,05,05,MAY,,2024-04-26 15:00:00.000,"9,267,000",
SURVEY,ANIMALS & PRODUCTS,DAIRY,CHEESE,"AMERICAN, CHEDDAR",ALL PRODUCTION PRACTICES,ALL UTILIZATION PRACTICES,PRODUCTION,LB,"CHEESE, AMERICAN, CHEDDAR - PRODUCTION, MEASURED IN LB",TOTAL,NOT SPECIFIED,STATE,50,50,VT,VERMONT,,,,,,,,00000000,,,9000,UNITED STATES,VERMONT,2022,MONTHLY,06,06,JUN,,2024-04-26 15:00:00.000,"8,496,000",
SURVEY,ANIMALS & PRODUCTS,DAIRY,CHEESE,"AMERICAN, CHEDDAR",ALL PRODUCTION PRACTICES,ALL UTILIZATION PRACTICES,PRODUCTION,LB,"CHEESE, AMERICAN, CHEDDAR - PRODUCTION, MEASURED IN LB",TOTAL,NOT SPECIFIED,STATE,50,50,VT,VERMONT,,,,,,,,00000000,,,9000,UNITED STATES,VERMONT,2022,MONTHLY,07,07,JUL,,2024-04-26 15:00:00.000,"8,588,000",
SURVEY,ANIMALS & PRODUCTS,DAIRY,CHEESE,"AMERICAN, CHEDDAR",ALL PRODUCTION PRACTICES,ALL UTILIZATION PRACTICES,PRODUCTION,LB,"CHEESE, AMERICAN, CHEDDAR - PRODUCTION, MEASURED IN LB",TOTAL,NOT SPECIFIED,STATE,50,50,VT,VERMONT,,,,,,,,00000000,,,9000,UNITED STATES,VERMONT,2022,MONTHLY,08,08,AUG,,2024-04-26 15:00:00.000,"8,638,000",
SURVEY,ANIMALS & PRODUCTS,DAIRY,CHEESE,"AMERICAN, CHEDDAR",ALL PRODUCTION PRACTICES,ALL UTILIZATION PRACTICES,PRODUCTION,LB,"CHEESE, AMERICAN, CHEDDAR - PRODUCTION, MEASURED IN LB",TOTAL,NOT SPECIFIED,STATE,50,50,VT,VERMONT,,,,,,,,00000000,,,9000,UNITED STATES,VERMONT,2022,MONTHLY,09,09,SEP,,2024-04-26 15:00:00.000,"8,283,000",
SURVEY,ANIMALS & PRODUCTS,DAIRY,CHEESE,"AMERICAN, CHEDDAR",ALL PRODUCTION PRACTICES,ALL UTILIZATION PRACTICES,PRODUCTION,LB,"CHEESE, AMERICAN, CHEDDAR - PRODUCTION, MEASURED IN LB",TOTAL,NOT SPECIFIED,STATE,50,50,VT,VERMONT,,,,,,,,00000000,,,9000,UNITED STATES,VERMONT,2022,MONTHLY,10,10,OCT,,2024-04-26 15:00:00.000,"8,591,000",
SURVEY,ANIMALS & PRODUCTS,DAIRY,CHEESE,"AMERICAN, CHEDDAR",ALL PRODUCTION PRACTICES,ALL UTILIZATION PRACTICES,PRODUCTION,LB,"CHEESE, AMERICAN, CHEDDAR - PRODUCTION, MEASURED IN LB",TOTAL,NOT SPECIFIED,STATE,50,50,VT,VERMONT,,,,,,,,00000000,,,9000,UNITED STATES,VERMONT,2022,MONTHLY,11,11,NOV,,2024-04-26 15:00:00.000,"9,073,000",
SURVEY,ANIMALS & PRODUCTS,DAIRY,CHEESE,"AMERICAN, CHEDDAR",ALL PRODUCTION PRACTICES,ALL UTILIZATION PRACTICES,PRODUCTION,LB,"CHEESE, AMERICAN, CHEDDAR - PRODUCTION, MEASURED IN LB",TOTAL,NOT SPECIFIED,STATE,50,50,VT,VERMONT,,,,,,,,00000000,,,9000,UNITED STATES,VERMONT,2022,MONTHLY,12,12,DEC,,2024-04-26 15:00:00.000,"9,370,000",
SURVEY,ANIMALS & PRODUCTS,DAIRY,CHEESE,"AMERICAN, CHEDDAR",ALL PRODUCTION PRACTICES,ALL UTILIZATION PRACTICES,PRODUCTION,LB,"CHEESE, AMERICAN, CHEDDAR - PRODUCTION, MEASURED IN LB",TOTAL,NOT SPECIFIED,STATE,55,55,WI,WISCONSIN,,,,,,,,00000000,,,9000,UNITED STATES,WISCONSIN,2022,MONTHLY,01,01,JAN,,2024-04-26 15:00:00.000,"63,954,000",
SURVEY,ANIMALS & PRODUCTS,DAIRY,CHEESE,"AMERICAN, CHEDDAR",ALL PRODUCTION PRACTICES,ALL UTILIZATION PRACTICES,PRODUCTION,LB,"CHEESE, AMERICAN, CHEDDAR - PRODUCTION, MEASURED IN LB",TOTAL,NOT SPECIFIED,STATE,55,55,WI,WISCONSIN,,,,,,,,00000000,,,9000,UNITED STATES,WISCONSIN,2022,MONTHLY,02,02,FEB,,2024-04-26 15:00:00.000,"55,808,000",
SURVEY,ANIMALS & PRODUCTS,DAIRY,CHEESE,"AMERICAN, CHEDDAR",ALL PRODUCTION PRACTICES,ALL UTILIZATION PRACTICES,PRODUCTION,LB,"CHEESE, AMERICAN, CHEDDAR - PRODUCTION, MEASURED IN LB",TOTAL,NOT SPECIFIED,STATE,55,55,WI,WISCONSIN,,,,,,,,00000000,,,9000,UNITED STATES,WISCONSIN,2022,MONTHLY,03,03,MAR,,2024-04-26 15:00:00.000,"60,961,000",
SURVEY,ANIMALS & PRODUCTS,DAIRY,CHEESE,"AMERICAN, CHEDDAR",ALL PRODUCTION PRACTICES,ALL UTILIZATION PRACTICES,PRODUCTION,LB,"CHEESE, AMERICAN, CHEDDAR - PRODUCTION, MEASURED IN LB",TOTAL,NOT SPECIFIED,STATE,55,55,WI,WISCONSIN,,,,,,,,00000000,,,9000,UNITED STATES,WISCONSIN,2022,MONTHLY,04,04,APR,,2024-04-26 15:00:00.000,"60,811,000",
SURVEY,ANIMALS & PRODUCTS,DAIRY,CHEESE,"AMERICAN, CHEDDAR",ALL PRODUCTION PRACTICES,ALL UTILIZATION PRACTICES,PRODUCTION,LB,"CHEESE, AMERICAN, CHEDDAR - PRODUCTION, MEASURED IN LB",TOTAL,NOT SPECIFIED,STATE,55,55,WI,WISCONSIN,,,,,,,,00000000,,,9000,UNITED STATES,WISCONSIN,2022,MONTHLY,05,05,MAY,,2024-04-26 15:00:00.000,"59,406,000",
SURVEY,ANIMALS & PRODUCTS,DAIRY,CHEESE,"AMERICAN, CHEDDAR",ALL PRODUCTION PRACTICES,ALL UTILIZATION PRACTICES,PRODUCTION,LB,"CHEESE, AMERICAN, CHEDDAR - PRODUCTION, MEASURED IN LB",TOTAL,NOT SPECIFIED,STATE,55,55,WI,WISCONSIN,,,,,,,,00000000,,,9000,UNITED STATES,WISCONSIN,2022,MONTHLY,06,06,JUN,,2024-04-26 15:00:00.000,"59,535,000",
SURVEY,ANIMALS & PRODUCTS,DAIRY,CHEESE,"AMERICAN, CHEDDAR",ALL PRODUCTION PRACTICES,ALL UTILIZATION PRACTICES,PRODUCTION,LB,"CHEESE, AMERICAN, CHEDDAR - PRODUCTION, MEASURED IN LB",TOTAL,NOT SPECIFIED,STATE,55,55,WI,WISCONSIN,,,,,,,,00000000,,,9000,UNITED STATES,WISCONSIN,2022,MONTHLY,07,07,JUL,,2024-04-26 15:00:00.000,"59,537,000",
SURVEY,ANIMALS & PRODUCTS,DAIRY,CHEESE,"AMERICAN, CHEDDAR",ALL PRODUCTION PRACTICES,ALL UTILIZATION PRACTICES,PRODUCTION,LB,"CHEESE, AMERICAN, CHEDDAR - PRODUCTION, MEASURED IN LB",TOTAL,NOT SPECIFIED,STATE,55,55,WI,WISCONSIN,,,,,,,,00000000,,,9000,UNITED STATES,WISCONSIN,2022,MONTHLY,08,08,AUG,,2024-04-26 15:00:00.000,"57,871,000",
SURVEY,ANIMALS & PRODUCTS,DAIRY,CHEESE,"AMERICAN, CHEDDAR",ALL PRODUCTION PRACTICES,ALL UTILIZATION PRACTICES,PRODUCTION,LB,"CHEESE, AMERICAN, CHEDDAR - PRODUCTION, MEASURED IN LB",TOTAL,NOT SPECIFIED,STATE,55,55,WI,WISCONSIN,,,,,,,,00000000,,,9000,UNITED STATES,WISCONSIN,2022,MONTHLY,09,09,SEP,,2024-04-26 15:00:00.000,"53,406,000",
SURVEY,ANIMALS & PRODUCTS,DAIRY,CHEESE,"AMERICAN, CHEDDAR",ALL PRODUCTION PRACTICES,ALL UTILIZATION PRACTICES,PRODUCTION,LB,"CHEESE, AMERICAN, CHEDDAR - PRODUCTION, MEASURED IN LB",TOTAL,NOT SPECIFIED,STATE,55,55,WI,WISCONSIN,,,,,,,,00000000,,,9000,UNITED STATES,WISCONSIN,2022,MONTHLY,10,10,OCT,,2024-04-26 15:00:00.000,"59,751,000",
SURVEY,ANIMALS & PRODUCTS,DAIRY,CHEESE,"AMERICAN, CHEDDAR",ALL PRODUCTION PRACTICES,ALL UTILIZATION PRACTICES,PRODUCTION,LB,"CHEESE, AMERICAN, CHEDDAR - PRODUCTION, MEASURED IN LB",TOTAL,NOT SPECIFIED,STATE,55,55,WI,WISCONSIN,,,,,,,,00000000,,,9000,UNITED STATES,WISCONSIN,2022,MONTHLY,11,11,NOV,,2024-04-26 15:00:00.000,"57,970,000",
SURVEY,ANIMALS & PRODUCTS,DAIRY,CHEESE,"AMERICAN, CHEDDAR",ALL PRODUCTION PRACTICES,ALL UTILIZATION PRACTICES,PRODUCTION,LB,"CHEESE, AMERICAN, CHEDDAR - PRODUCTION, MEASURED IN LB",TOTAL,NOT SPECIFIED,STATE,55,55,WI,WISCONSIN,,,,,,,,00000000,,,9000,UNITED STATES,WISCONSIN,2022,MONTHLY,12,12,DEC,,2024-04-26 15:00:00.000,"61,646,000",
SURVEY,ANIMALS & PRODUCTS,DAIRY,CHEESE,"AMERICAN, COLBY & JACK & MONTEREY",ALL PRODUCTION PRACTICES,ALL UTILIZATION PRACTICES,PRODUCTION,LB,"CHEESE, AMERICAN, COLBY & JACK & MONTEREY - PRODUCTION, MEASURED IN LB",TOTAL,NOT SPECIFIED,STATE,,98,OT,OTHER STATES,,,,,,,,00000000,,,9000,UNITED STATES,OTHER STATES,2022,MONTHLY,01,01,JAN,,2024-04-26 15:00:00.000,"84,224,000",
SURVEY,ANIMALS & PRODUCTS,DAIRY,CHEESE,"AMERICAN, COLBY & JACK & MONTEREY",ALL PRODUCTION PRACTICES,ALL UTILIZATION PRACTICES,PRODUCTION,LB,"CHEESE, AMERICAN, COLBY & JACK & MONTEREY - PRODUCTION, MEASURED IN LB",TOTAL,NOT SPECIFIED,STATE,,98,OT,OTHER STATES,,,,,,,,00000000,,,9000,UNITED STATES,OTHER STATES,2022,MONTHLY,02,02,FEB,,2024-04-26 15:00:00.000,"79,261,000",
SURVEY,ANIMALS & PRODUCTS,DAIRY,CHEESE,"AMERICAN, COLBY & JACK & MONTEREY",ALL PRODUCTION PRACTICES,ALL UTILIZATION PRACTICES,PRODUCTION,LB,"CHEESE, AMERICAN, COLBY & JACK & MONTEREY - PRODUCTION, MEASURED IN LB",TOTAL,NOT SPECIFIED,STATE,,98,OT,OTHER STATES,,,,,,,,00000000,,,9000,UNITED STATES,OTHER STATES,2022,MONTHLY,03,03,MAR,,2024-04-26 15:00:00.000,"88,289,000",
SURVEY,ANIMALS & PRODUCTS,DAIRY,CHEESE,"AMERICAN, COLBY & JACK & MONTEREY",ALL PRODUCTION PRACTICES,ALL UTILIZATION PRACTICES,PRODUCTION,LB,"CHEESE, AMERICAN, COLBY & JACK & MONTEREY - PRODUCTION, MEASURED IN LB",TOTAL,NOT SPECIFIED,STATE,,98,OT,OTHER STATES,,,,,,,,00000000,,,9000,UNITED STATES,OTHER STATES,2022,MONTHLY,04,04,APR,,2024-04-26 15:00:00.000,"88,687,000",
SURVEY,ANIMALS & PRODUCTS,DAIRY,CHEESE,"AMERICAN, COLBY & JACK & MONTEREY",ALL PRODUCTION PRACTICES,ALL UTILIZATION PRACTICES,PRODUCTION,LB,"CHEESE, AMERICAN, COLBY & JACK & MONTEREY - PRODUCTION, MEASURED IN LB",TOTAL,NOT SPECIFIED,STATE,,98,OT,OTHER STATES,,,,,,,,00000000,,,9000,UNITED STATES,OTHER STATES,2022,MONTHLY,05,05,MAY,,2024-04-26 15:00:00.000,"84,403,000",
SURVEY,ANIMALS & PRODUCTS,DAIRY,CHEESE,"AMERICAN, COLBY & JACK & MONTEREY",ALL PRODUCTION PRACTICES,ALL UTILIZATION PRACTICES,PRODUCTION,LB,"CHEESE, AMERICAN, COLBY & JACK & MONTEREY - PRODUCTION, MEASURED IN LB",TOTAL,NOT SPECIFIED,STATE,,98,OT,OTHER STATES,,,,,,,,00000000,,,9000,UNITED STATES,OTHER STATES,2022,MONTHLY,06,06,JUN,,2024-04-26 15:00:00.000,"72,091,000",
SURVEY,ANIMALS & PRODUCTS,DAIRY,CHEESE,"AMERICAN, COLBY & JACK & MONTEREY",ALL PRODUCTION PRACTICES,ALL UTILIZATION PRACTICES,PRODUCTION,LB,"CHEESE, AMERICAN, COLBY & JACK & MONTEREY - PRODUCTION, MEASURED IN LB",TOTAL,NOT SPECIFIED,STATE,,98,OT,OTHER STATES,,,,,,,,00000000,,,9000,UNITED STATES,OTHER STATES,2022,MONTHLY,07,07,JUL,,2024-04-26 15:00:00.000,"81,102,000",
SURVEY,ANIMALS & PRODUCTS,DAIRY,CHEESE,"AMERICAN, COLBY & JACK & MONTEREY",ALL PRODUCTION PRACTICES,ALL UTILIZATION PRACTICES,PRODUCTION,LB,"CHEESE, AMERICAN, COLBY & JACK & MONTEREY - PRODUCTION, MEASURED IN LB",TOTAL,NOT SPECIFIED,STATE,,98,OT,OTHER STATES,,,,,,,,00000000,,,9000,UNITED STATES,OTHER STATES,2022,MONTHLY,08,08,AUG,,2024-04-26 15:00:00.000,"82,846,000",
SURVEY,ANIMALS & PRODUCTS,DAIRY,CHEESE,"AMERICAN, COLBY & JACK & MONTEREY",ALL PRODUCTION PRACTICES,ALL UTILIZATION PRACTICES,PRODUCTION,LB,"CHEESE, AMERICAN, COLBY & JACK & MONTEREY - PRODUCTION, MEASURED IN LB",TOTAL,NOT SPECIFIED,STATE,,98,OT,OTHER STATES,,,,,,,,00000000,,,9000,UNITED STATES,OTHER STATES,2022,MONTHLY,09,09,SEP,,2024-04-26 15:00:00.000,"86,952,000",
SURVEY,ANIMALS & PRODUCTS,DAIRY,CHEESE,"AMERICAN, COLBY & JACK & MONTEREY",ALL PRODUCTION PRACTICES,ALL UTILIZATION PRACTICES,PRODUCTION,LB,"CHEESE, AMERICAN, COLBY & JACK & MONTEREY - PRODUCTION, MEASURED IN LB",TOTAL,NOT SPECIFIED,STATE,,98,OT,OTHER STATES,,,,,,,,00000000,,,9000,UNITED STATES,OTHER STATES,2022,MONTHLY,10,10,OCT,,2024-04-26 15:00:00.000,"79,729,000",
SURVEY,ANIMALS & PRODUCTS,DAIRY,CHEESE,"AMERICAN, COLBY & JACK & MONTEREY",ALL PRODUCTION PRACTICES,ALL UTILIZATION PRACTICES,PRODUCTION,LB,"CHEESE, AMERICAN, COLBY & JACK & MONTEREY - PRODUCTION, MEASURED IN LB",TOTAL,NOT SPECIFIED,STATE,,98,OT,OTHER STATES,,,,,,,,00000000,,,9000,UNITED STATES,OTHER STATES,2022,MONTHLY,11,11,NOV,,2024-04-26 15:00:00.000,"83,990,000",
SURVEY,ANIMALS & PRODUCTS,DAIRY,CHEESE,"AMERICAN, COLBY & JACK & MONTEREY",ALL PRODUCTION PRACTICES,ALL UTILIZATION PRACTICES,PRODUCTION,LB,"CHEESE, AMERICAN, COLBY & JACK & MONTEREY - PRODUCTION, MEASURED IN LB",TOTAL,NOT SPECIFIED,STATE,,98,OT,OTHER STATES,,,,,,,,00000000,,,9000,UNITED STATES,OTHER STATES,2022,MONTHLY,12,12,DEC,,2024-04-26 15:00:00.000,"84,317,000",
SURVEY,ANIMALS & PRODUCTS,DAIRY,CHEESE,"AMERICAN, COLBY & JACK & MONTEREY",ALL PRODUCTION PRACTICES,ALL UTILIZATION PRACTICES,PRODUCTION,LB,"CHEESE, AMERICAN, COLBY & JACK & MONTEREY - PRODUCTION, MEASURED IN LB",TOTAL,NOT SPECIFIED,STATE,06,06,CA,CALIFORNIA,,,,,,,,00000000,,,9000,UNITED STATES,CALIFORNIA,2022,MONTHLY,01,01,JAN,,2024-04-26 15:00:00.000,"23,895,000",
SURVEY,ANIMALS & PRODUCTS,DAIRY,CHEESE,"AMERICAN, COLBY & JACK & MONTEREY",ALL PRODUCTION PRACTICES,ALL UTILIZATION PRACTICES,PRODUCTION,LB,"CHEESE, AMERICAN, COLBY & JACK & MONTEREY - PRODUCTION, MEASURED IN LB",TOTAL,NOT SPECIFIED,STATE,06,06,CA,CALIFORNIA,,,,,,,,00000000,,,9000,UNITED STATES,CALIFORNIA,2022,MONTHLY,02,02,FEB,,2024-04-26 15:00:00.000,"21,303,000",
SURVEY,ANIMALS & PRODUCTS,DAIRY,CHEESE,"AMERICAN, COLBY & JACK & MONTEREY",ALL PRODUCTION PRACTICES,ALL UTILIZATION PRACTICES,PRODUCTION,LB,"CHEESE, AMERICAN, COLBY & JACK & MONTEREY - PRODUCTION, MEASURED IN LB",TOTAL,NOT SPECIFIED,STATE,06,06,CA,CALIFORNIA,,,,,,,,00000000,,,9000,UNITED STATES,CALIFORNIA,2022,MONTHLY,03,03,MAR,,2024-04-26 15:00:00.000,"26,025,000",
SURVEY,ANIMALS & PRODUCTS,DAIRY,CHEESE,"AMERICAN, COLBY & JACK & MONTEREY",ALL PRODUCTION PRACTICES,ALL UTILIZATION PRACTICES,PRODUCTION,LB,"CHEESE, AMERICAN, COLBY & JACK & MONTEREY - PRODUCTION, MEASURED IN LB",TOTAL,NOT SPECIFIED,STATE,06,06,CA,CALIFORNIA,,,,,,,,00000000,,,9000,UNITED STATES,CALIFORNIA,2022,MONTHLY,04,04,APR,,2024-04-26 15:00:00.000,"25,784,000",
SURVEY,ANIMALS & PRODUCTS,DAIRY,CHEESE,"AMERICAN, COLBY & JACK & MONTEREY",ALL PRODUCTION PRACTICES,ALL UTILIZATION PRACTICES,PRODUCTION,LB,"CHEESE, AMERICAN, COLBY & JACK & MONTEREY - PRODUCTION, MEASURED IN LB",TOTAL,NOT SPECIFIED,STATE,06,06,CA,CALIFORNIA,,,,,,,,00000000,,,9000,UNITED STATES,CALIFORNIA,2022,MONTHLY,05,05,MAY,,2024-04-26 15:00:00.000,"26,386,000",
SURVEY,ANIMALS & PRODUCTS,DAIRY,CHEESE,"AMERICAN, COLBY & JACK & MONTEREY",ALL PRODUCTION PRACTICES,ALL UTILIZATION PRACTICES,PRODUCTION,LB,"CHEESE, AMERICAN, COLBY & JACK & MONTEREY - PRODUCTION, MEASURED IN LB",TOTAL,NOT SPECIFIED,STATE,06,06,CA,CALIFORNIA,,,,,,,,00000000,,,9000,UNITED STATES,CALIFORNIA,2022,MONTHLY,06,06,JUN,,2024-04-26 15:00:00.000,"20,633,000",
SURVEY,ANIMALS & PRODUCTS,DAIRY,CHEESE,"AMERICAN, COLBY & JACK & MONTEREY",ALL PRODUCTION PRACTICES,ALL UTILIZATION PRACTICES,PRODUCTION,LB,"CHEESE, AMERICAN, COLBY & JACK & MONTEREY - PRODUCTION, MEASURED IN LB",TOTAL,NOT SPECIFIED,STATE,06,06,CA,CALIFORNIA,,,,,,,,00000000,,,9000,UNITED STATES,CALIFORNIA,2022,MONTHLY,07,07,JUL,,2024-04-26 15:00:00.000,"21,584,000",
SURVEY,ANIMALS & PRODUCTS,DAIRY,CHEESE,"AMERICAN, COLBY & JACK & MONTEREY",ALL PRODUCTION PRACTICES,ALL UTILIZATION PRACTICES,PRODUCTION,LB,"CHEESE, AMERICAN, COLBY & JACK & MONTEREY - PRODUCTION, MEASURED IN LB",TOTAL,NOT SPECIFIED,STATE,06,06,CA,CALIFORNIA,,,,,,,,00000000,,,9000,UNITED STATES,CALIFORNIA,2022,MONTHLY,08,08,AUG,,2024-04-26 15:00:00.000,"22,413,000",
SURVEY,ANIMALS & PRODUCTS,DAIRY,CHEESE,"AMERICAN, COLBY & JACK & MONTEREY",ALL PRODUCTION PRACTICES,ALL UTILIZATION PRACTICES,PRODUCTION,LB,"CHEESE, AMERICAN, COLBY & JACK & MONTEREY - PRODUCTION, MEASURED IN LB",TOTAL,NOT SPECIFIED,STATE,06,06,CA,CALIFORNIA,,,,,,,,00000000,,,9000,UNITED STATES,CALIFORNIA,2022,MONTHLY,09,09,SEP,,2024-04-26 15:00:00.000,"22,572,000",
SURVEY,ANIMALS & PRODUCTS,DAIRY,CHEESE,"AMERICAN, COLBY & JACK & MONTEREY",ALL PRODUCTION PRACTICES,ALL UTILIZATION PRACTICES,PRODUCTION,LB,"CHEESE, AMERICAN, COLBY & JACK & MONTEREY - PRODUCTION, MEASURED IN LB",TOTAL,NOT SPECIFIED,STATE,06,06,CA,CALIFORNIA,,,,,,,,00000000,,,9000,UNITED STATES,CALIFORNIA,2022,MONTHLY,10,10,OCT,,2024-04-26 15:00:00.000,"22,631,000",
SURVEY,ANIMALS & PRODUCTS,DAIRY,CHEESE,"AMERICAN, COLBY & JACK & MONTEREY",ALL PRODUCTION PRACTICES,ALL UTILIZATION PRACTICES,PRODUCTION,LB,"CHEESE, AMERICAN, COLBY & JACK & MONTEREY - PRODUCTION, MEASURED IN LB",TOTAL,NOT SPECIFIED,STATE,06,06,CA,CALIFORNIA,,,,,,,,00000000,,,9000,UNITED STATES,CALIFORNIA,2022,MONTHLY,11,11,NOV,,2024-04-26 15:00:00.000,"22,142,000",
SURVEY,ANIMALS & PRODUCTS,DAIRY,CHEESE,"AMERICAN, COLBY & JACK & MONTEREY",ALL PRODUCTION PRACTICES,ALL UTILIZATION PRACTICES,PRODUCTION,LB,"CHEESE, AMERICAN, COLBY & JACK & MONTEREY - PRODUCTION, MEASURED IN LB",TOTAL,NOT SPECIFIED,STATE,06,06,CA,CALIFORNIA,,,,,,,,00000000,,,9000,UNITED STATES,CALIFORNIA,2022,MONTHLY,12,12,DEC,,2024-04-26 15:00:00.000,"22,542,000",
SURVEY,ANIMALS & PRODUCTS,DAIRY,CHEESE,"AMERICAN, COLBY & JACK & MONTEREY",ALL PRODUCTION PRACTICES,ALL UTILIZATION PRACTICES,PRODUCTION,LB,"CHEESE, AMERICAN, COLBY & JACK & MONTEREY - PRODUCTION, MEASURED IN LB",TOTAL,NOT SPECIFIED,STATE,19,19,IA,IOWA,,,,,,,,00000000,,,9000,UNITED STATES,IOWA,2022,MONTHLY,01,01,JAN,,2024-04-26 15:00:00.000,"5,458,000",
SURVEY,ANIMALS & PRODUCTS,DAIRY,CHEESE,"AMERICAN, COLBY & JACK & MONTEREY",ALL PRODUCTION PRACTICES,ALL UTILIZATION PRACTICES,PRODUCTION,LB,"CHEESE, AMERICAN, COLBY & JACK & MONTEREY - PRODUCTION, MEASURED IN LB",TOTAL,NOT SPECIFIED,STATE,19,19,IA,IOWA,,,,,,,,00000000,,,9000,UNITED STATES,IOWA,2022,MONTHLY,02,02,FEB,,2024-04-26 15:00:00.000,"5,076,000",
SURVEY,ANIMALS & PRODUCTS,DAIRY,CHEESE,"AMERICAN, COLBY & JACK & MONTEREY",ALL PRODUCTION PRACTICES,ALL UTILIZATION PRACTICES,PRODUCTION,LB,"CHEESE, AMERICAN, COLBY & JACK & MONTEREY - PRODUCTION, MEASURED IN LB",TOTAL,NOT SPECIFIED,STATE,19,19,IA,IOWA,,,,,,,,00000000,,,9000,UNITED STATES,IOWA,2022,MONTHLY,03,03,MAR,,2024-04-26 15:00:00.000,"6,327,000",
SURVEY,ANIMALS & PRODUCTS,DAIRY,CHEESE,"AMERICAN, COLBY & JACK & MONTEREY",ALL PRODUCTION PRACTICES,ALL UTILIZATION PRACTICES,PRODUCTION,LB,"CHEESE, AMERICAN, COLBY & JACK & MONTEREY - PRODUCTION, MEASURED IN LB",TOTAL,NOT SPECIFIED,STATE,19,19,IA,IOWA,,,,,,,,00000000,,,9000,UNITED STATES,IOWA,2022,MONTHLY,04,04,APR,,2024-04-26 15:00:00.000,"8,482,000",
SURVEY,ANIMALS & PRODUCTS,DAIRY,CHEESE,"AMERICAN, COLBY & JACK & MONTEREY",ALL PRODUCTION PRACTICES,ALL UTILIZATION PRACTICES,PRODUCTION,LB,"CHEESE, AMERICAN, COLBY & JACK & MONTEREY - PRODUCTION, MEASURED IN LB",TOTAL,NOT SPECIFIED,STATE,19,19,IA,IOWA,,,,,,,,00000000,,,9000,UNITED STATES,IOWA,2022,MONTHLY,05,05,MAY,,2024-04-26 15:00:00.000,"9,514,000",
SURVEY,ANIMALS & PRODUCTS,DAIRY,CHEESE,"AMERICAN, COLBY & JACK & MONTEREY",ALL PRODUCTION PRACTICES,ALL UTILIZATION PRACTICES,PRODUCTION,LB,"CHEESE, AMERICAN, COLBY & JACK & MONTEREY - PRODUCTION, MEASURED IN LB",TOTAL,NOT SPECIFIED,STATE,19,19,IA,IOWA,,,,,,,,00000000,,,9000,UNITED STATES,IOWA,2022,MONTHLY,06,06,JUN,,2024-04-26 15:00:00.000,"6,395,000",
SURVEY,ANIMALS & PRODUCTS,DAIRY,CHEESE,"AMERICAN, COLBY & JACK & MONTEREY",ALL PRODUCTION PRACTICES,ALL UTILIZATION PRACTICES,PRODUCTION,LB,"CHEESE, AMERICAN, COLBY & JACK & MONTEREY - PRODUCTION, MEASURED IN LB",TOTAL,NOT SPECIFIED,STATE,19,19,IA,IOWA,,,,,,,,00000000,,,9000,UNITED STATES,IOWA,2022,MONTHLY,07,07,JUL,,2024-04-26 15:00:00.000,"5,870,000",
SURVEY,ANIMALS & PRODUCTS,DAIRY,CHEESE,"AMERICAN, COLBY & JACK & MONTEREY",ALL PRODUCTION PRACTICES,ALL UTILIZATION PRACTICES,PRODUCTION,LB,"CHEESE, AMERICAN, COLBY & JACK & MONTEREY - PRODUCTION, MEASURED IN LB",TOTAL,NOT SPECIFIED,STATE,19,19,IA,IOWA,,,,,,,,00000000,,,9000,UNITED STATES,IOWA,2022,MONTHLY,08,08,AUG,,2024-04-26 15:00:00.000,"7,427,000",
SURVEY,ANIMALS & PRODUCTS,DAIRY,CHEESE,"AMERICAN, COLBY & JACK & MONTEREY",ALL PRODUCTION PRACTICES,ALL UTILIZATION PRACTICES,PRODUCTION,LB,"CHEESE, AMERICAN, COLBY & JACK & MONTEREY - PRODUCTION, MEASURED IN LB",TOTAL,NOT SPECIFIED,STATE,19,19,IA,IOWA,,,,,,,,00000000,,,9000,UNITED STATES,IOWA,2022,MONTHLY,09,09,SEP,,2024-04-26 15:00:00.000,"6,697,000",
SURVEY,ANIMALS & PRODUCTS,DAIRY,CHEESE,"AMERICAN, COLBY & JACK & MONTEREY",ALL PRODUCTION PRACTICES,ALL UTILIZATION PRACTICES,PRODUCTION,LB,"CHEESE, AMERICAN, COLBY & JACK & MONTEREY - PRODUCTION, MEASURED IN LB",TOTAL,NOT SPECIFIED,STATE,19,19,IA,IOWA,,,,,,,,00000000,,,9000,UNITED STATES,IOWA,2022,MONTHLY,10,10,OCT,,2024-04-26 15:00:00.000,"7,230,000",
SURVEY,ANIMALS & PRODUCTS,DAIRY,CHEESE,"AMERICAN, COLBY & JACK & MONTEREY",ALL PRODUCTION PRACTICES,ALL UTILIZATION PRACTICES,PRODUCTION,LB,"CHEESE, AMERICAN, COLBY & JACK & MONTEREY - PRODUCTION, MEASURED IN LB",TOTAL,NOT SPECIFIED,STATE,19,19,IA,IOWA,,,,,,,,00000000,,,9000,UNITED STATES,IOWA,2022,MONTHLY,11,11,NOV,,2024-04-26 15:00:00.000,"8,394,000",
SURVEY,ANIMALS & PRODUCTS,DAIRY,CHEESE,"AMERICAN, COLBY & JACK & MONTEREY",ALL PRODUCTION PRACTICES,ALL UTILIZATION PRACTICES,PRODUCTION,LB,"CHEESE, AMERICAN, COLBY & JACK & MONTEREY - PRODUCTION, MEASURED IN LB",TOTAL,NOT SPECIFIED,STATE,19,19,IA,IOWA,,,,,,,,00000000,,,9000,UNITED STATES,IOWA,2022,MONTHLY,12,12,DEC,,2024-04-26 15:00:00.000,"6,617,000",
SURVEY,ANIMALS & PRODUCTS,DAIRY,CHEESE,"AMERICAN, COLBY & JACK & MONTEREY",ALL PRODUCTION PRACTICES,ALL UTILIZATION PRACTICES,PRODUCTION,LB,"CHEESE, AMERICAN, COLBY & JACK & MONTEREY - PRODUCTION, MEASURED IN LB",TOTAL,NOT SPECIFIED,STATE,55,55,WI,WISCONSIN,,,,,,,,00000000,,,9000,UNITED STATES,WISCONSIN,2022,MONTHLY,01,01,JAN,,2024-04-26 15:00:00.000,"29,437,000",
SURVEY,ANIMALS & PRODUCTS,DAIRY,CHEESE,"AMERICAN, COLBY & JACK & MONTEREY",ALL PRODUCTION PRACTICES,ALL UTILIZATION PRACTICES,PRODUCTION,LB,"CHEESE, AMERICAN, COLBY & JACK & MONTEREY - PRODUCTION, MEASURED IN LB",TOTAL,NOT SPECIFIED,STATE,55,55,WI,WISCONSIN,,,,,,,,00000000,,,9000,UNITED STATES,WISCONSIN,2022,MONTHLY,02,02,FEB,,2024-04-26 15:00:00.000,"26,958,000",
SURVEY,ANIMALS & PRODUCTS,DAIRY,CHEESE,"AMERICAN, COLBY & JACK & MONTEREY",ALL PRODUCTION PRACTICES,ALL UTILIZATION PRACTICES,PRODUCTION,LB,"CHEESE, AMERICAN, COLBY & JACK & MONTEREY - PRODUCTION, MEASURED IN LB",TOTAL,NOT SPECIFIED,STATE,55,55,WI,WISCONSIN,,,,,,,,00000000,,,9000,UNITED STATES,WISCONSIN,2022,MONTHLY,03,03,MAR,,2024-04-26 15:00:00.000,"31,219,000",
SURVEY,ANIMALS & PRODUCTS,DAIRY,CHEESE,"AMERICAN, COLBY & JACK & MONTEREY",ALL PRODUCTION PRACTICES,ALL UTILIZATION PRACTICES,PRODUCTION,LB,"CHEESE, AMERICAN, COLBY & JACK & MONTEREY - PRODUCTION, MEASURED IN LB",TOTAL,NOT SPECIFIED,STATE,55,55,WI,WISCONSIN,,,,,,,,00000000,,,9000,UNITED STATES,WISCONSIN,2022,MONTHLY,04,04,APR,,2024-04-26 15:00:00.000,"29,762,000",
SURVEY,ANIMALS & PRODUCTS,DAIRY,CHEESE,"AMERICAN, COLBY & JACK & MONTEREY",ALL PRODUCTION PRACTICES,ALL UTILIZATION PRACTICES,PRODUCTION,LB,"CHEESE, AMERICAN, COLBY & JACK & MONTEREY - PRODUCTION, MEASURED IN LB",TOTAL,NOT SPECIFIED,STATE,55,55,WI,WISCONSIN,,,,,,,,00000000,,,9000,UNITED STATES,WISCONSIN,2022,MONTHLY,05,05,MAY,,2024-04-26 15:00:00.000,"30,082,000",
SURVEY,ANIMALS & PRODUCTS,DAIRY,CHEESE,"AMERICAN, COLBY & JACK & MONTEREY",ALL PRODUCTION PRACTICES,ALL UTILIZATION PRACTICES,PRODUCTION,LB,"CHEESE, AMERICAN, COLBY & JACK & MONTEREY - PRODUCTION, MEASURED IN LB",TOTAL,NOT SPECIFIED,STATE,55,55,WI,WISCONSIN,,,,,,,,00000000,,,9000,UNITED STATES,WISCONSIN,2022,MONTHLY,06,06,JUN,,2024-04-26 15:00:00.000,"27,800,000",
SURVEY,ANIMALS & PRODUCTS,DAIRY,CHEESE,"AMERICAN, COLBY & JACK & MONTEREY",ALL PRODUCTION PRACTICES,ALL UTILIZATION PRACTICES,PRODUCTION,LB,"CHEESE, AMERICAN, COLBY & JACK & MONTEREY - PRODUCTION, MEASURED IN LB",TOTAL,NOT SPECIFIED,STATE,55,55,WI,WISCONSIN,,,,,,,,00000000,,,9000,UNITED STATES,WISCONSIN,2022,MONTHLY,07,07,JUL,,2024-04-26 15:00:00.000,"27,740,000",
SURVEY,ANIMALS & PRODUCTS,DAIRY,CHEESE,"AMERICAN, COLBY & JACK & MONTEREY",ALL PRODUCTION PRACTICES,ALL UTILIZATION PRACTICES,PRODUCTION,LB,"CHEESE, AMERICAN, COLBY & JACK & MONTEREY - PRODUCTION, MEASURED IN LB",TOTAL,NOT SPECIFIED,STATE,55,55,WI,WISCONSIN,,,,,,,,00000000,,,9000,UNITED STATES,WISCONSIN,2022,MONTHLY,08,08,AUG,,2024-04-26 15:00:00.000,"29,751,000",
SURVEY,ANIMALS & PRODUCTS,DAIRY,CHEESE,"AMERICAN, COLBY & JACK & MONTEREY",ALL PRODUCTION PRACTICES,ALL UTILIZATION PRACTICES,PRODUCTION,LB,"CHEESE, AMERICAN, COLBY & JACK & MONTEREY - PRODUCTION, MEASURED IN LB",TOTAL,NOT SPECIFIED,STATE,55,55,WI,WISCONSIN,,,,,,,,00000000,,,9000,UNITED STATES,WISCONSIN,2022,MONTHLY,09,09,SEP,,2024-04-26 15:00:00.000,"27,989,000",
SURVEY,ANIMALS & PRODUCTS,DAIRY,CHEESE,"AMERICAN, COLBY & JACK & MONTEREY",ALL PRODUCTION PRACTICES,ALL UTILIZATION PRACTICES,PRODUCTION,LB,"CHEESE, AMERICAN, COLBY & JACK & MONTEREY - PRODUCTION, MEASURED IN LB",TOTAL,NOT SPECIFIED,STATE,55,55,WI,WISCONSIN,,,,,,,,00000000,,,9000,UNITED STATES,WISCONSIN,2022,MONTHLY,10,10,OCT,,2024-04-26 15:00:00.000,"29,280,000",
SURVEY,ANIMALS & PRODUCTS,DAIRY,CHEESE,"AMERICAN, COLBY & JACK & MONTEREY",ALL PRODUCTION PRACTICES,ALL UTILIZATION PRACTICES,PRODUCTION,LB,"CHEESE, AMERICAN, COLBY & JACK & MONTEREY - PRODUCTION, MEASURED IN LB",TOTAL,NOT SPECIFIED,STATE,55,55,WI,WISCONSIN,,,,,,,,00000000,,,9000,UNITED STATES,WISCONSIN,2022,MONTHLY,11,11,NOV,,2024-04-26 15:00:00.000,"30,252,000",
SURVEY,ANIMALS & PRODUCTS,DAIRY,CHEESE,"AMERICAN, COLBY & JACK & MONTEREY",ALL PRODUCTION PRACTICES,ALL UTILIZATION PRACTICES,PRODUCTION,LB,"CHEESE, AMERICAN, COLBY & JACK & MONTEREY - PRODUCTION, MEASURED IN LB",TOTAL,NOT SPECIFIED,STATE,55,55,WI,WISCONSIN,,,,,,,,00000000,,,9000,UNITED STATES,WISCONSIN,2022,MONTHLY,12,12,DEC,,2024-04-26 15:00:00.000,"31,462,000",
SURVEY,ANIMALS & PRODUCTS,DAIRY,CHEESE,"AMERICAN, COLBY & JACK & MONTEREY",ALL PRODUCTION PRACTICES,ALL UTILIZATION PRACTICES,PRODUCTION,PLANTS,"CHEESE, AMERICAN, COLBY & JACK & MONTEREY - PRODUCTION, MEASURED IN PLANTS",TOTAL,NOT SPECIFIED,STATE,19,19,IA,IOWA,,,,,,,,00000000,,,9000,UNITED STATES,IOWA,2022,MONTHLY,08,08,AUG,,2024-04-26 15:00:00.000,5,
SURVEY,ANIMALS & PRODUCTS,DAIRY,CHEESE,"COTTAGE, CREAMED, FAT CONTENT GE 4 PCT",ALL PRODUCTION PRACTICES,ALL UTILIZATION PRACTICES,PRODUCTION,LB,"CHEESE, COTTAGE, CREAMED, FAT CONTENT GE 4 PCT - PRODUCTION, MEASURED IN LB",TOTAL,NOT SPECIFIED,STATE,,98,OT,OTHER STATES,,,,,,,,00000000,,,9000,UNITED STATES,OTHER STATES,2022,MONTHLY,01,01,JAN,,2024-04-26 15:00:00.000,"15,606,000",
SURVEY,ANIMALS & PRODUCTS,DAIRY,CHEESE,"COTTAGE, CREAMED, FAT CONTENT GE 4 PCT",ALL PRODUCTION PRACTICES,ALL UTILIZATION PRACTICES,PRODUCTION,LB,"CHEESE, COTTAGE, CREAMED, FAT CONTENT GE 4 PCT - PRODUCTION, MEASURED IN LB",TOTAL,NOT SPECIFIED,STATE,,98,OT,OTHER STATES,,,,,,,,00000000,,,9000,UNITED STATES,OTHER STATES,2022,MONTHLY,02,02,FEB,,2024-04-26 15:00:00.000,"15,252,000",
SURVEY,ANIMALS & PRODUCTS,DAIRY,CHEESE,"COTTAGE, CREAMED, FAT CONTENT GE 4 PCT",ALL PRODUCTION PRACTICES,ALL UTILIZATION PRACTICES,PRODUCTION,LB,"CHEESE, COTTAGE, CREAMED, FAT CONTENT GE 4 PCT - PRODUCTION, MEASURED IN LB",TOTAL,NOT SPECIFIED,STATE,,98,OT,OTHER STATES,,,,,,,,00000000,,,9000,UNITED STATES,OTHER STATES,2022,MONTHLY,03,03,MAR,,2024-04-26 15:00:00.000,"16,616,000",
SURVEY,ANIMALS & PRODUCTS,DAIRY,CHEESE,"COTTAGE, CREAMED, FAT CONTENT GE 4 PCT",ALL PRODUCTION PRACTICES,ALL UTILIZATION PRACTICES,PRODUCTION,LB,"CHEESE, COTTAGE, CREAMED, FAT CONTENT GE 4 PCT - PRODUCTION, MEASURED IN LB",TOTAL,NOT SPECIFIED,STATE,,98,OT,OTHER STATES,,,,,,,,00000000,,,9000,UNITED STATES,OTHER STATES,2022,MONTHLY,04,04,APR,,2024-04-26 15:00:00.000,"15,055,000",
SURVEY,ANIMALS & PRODUCTS,DAIRY,CHEESE,"COTTAGE, CREAMED, FAT CONTENT GE 4 PCT",ALL PRODUCTION PRACTICES,ALL UTILIZATION PRACTICES,PRODUCTION,LB,"CHEESE, COTTAGE, CREAMED, FAT CONTENT GE 4 PCT - PRODUCTION, MEASURED IN LB",TOTAL,NOT SPECIFIED,STATE,,98,OT,OTHER STATES,,,,,,,,00000000,,,9000,UNITED STATES,OTHER STATES,2022,MONTHLY,05,05,MAY,,2024-04-26 15:00:00.000,"14,761,000",
SURVEY,ANIMALS & PRODUCTS,DAIRY,CHEESE,"COTTAGE, CREAMED, FAT CONTENT GE 4 PCT",ALL PRODUCTION PRACTICES,ALL UTILIZATION PRACTICES,PRODUCTION,LB,"CHEESE, COTTAGE, CREAMED, FAT CONTENT GE 4 PCT - PRODUCTION, MEASURED IN LB",TOTAL,NOT SPECIFIED,STATE,,98,OT,OTHER STATES,,,,,,,,00000000,,,9000,UNITED STATES,OTHER STATES,2022,MONTHLY,06,06,JUN,,2024-04-26 15:00:00.000,"15,701,000",
SURVEY,ANIMALS & PRODUCTS,DAIRY,CHEESE,"COTTAGE, CREAMED, FAT CONTENT GE 4 PCT",ALL PRODUCTION PRACTICES,ALL UTILIZATION PRACTICES,PRODUCTION,LB,"CHEESE, COTTAGE, CREAMED, FAT CONTENT GE 4 PCT - PRODUCTION, MEASURED IN LB",TOTAL,NOT SPECIFIED,STATE,,98,OT,OTHER STATES,,,,,,,,00000000,,,9000,UNITED STATES,OTHER STATES,2022,MONTHLY,07,07,JUL,,2024-04-26 15:00:00.000,"15,241,000",
SURVEY,ANIMALS & PRODUCTS,DAIRY,CHEESE,"COTTAGE, CREAMED, FAT CONTENT GE 4 PCT",ALL PRODUCTION PRACTICES,ALL UTILIZATION PRACTICES,PRODUCTION,LB,"CHEESE, COTTAGE, CREAMED, FAT CONTENT GE 4 PCT - PRODUCTION, MEASURED IN LB",TOTAL,NOT SPECIFIED,STATE,,98,OT,OTHER STATES,,,,,,,,00000000,,,9000,UNITED STATES,OTHER STATES,2022,MONTHLY,08,08,AUG,,2024-04-26 15:00:00.000,"16,616,000",
SURVEY,ANIMALS & PRODUCTS,DAIRY,CHEESE,"COTTAGE, CREAMED, FAT CONTENT GE 4 PCT",ALL PRODUCTION PRACTICES,ALL UTILIZATION PRACTICES,PRODUCTION,LB,"CHEESE, COTTAGE, CREAMED, FAT CONTENT GE 4 PCT - PRODUCTION, MEASURED IN LB",TOTAL,NOT SPECIFIED,STATE,,98,OT,OTHER STATES,,,,,,,,00000000,,,9000,UNITED STATES,OTHER STATES,2022,MONTHLY,09,09,SEP,,2024-04-26 15:00:00.000,"16,204,000",
SURVEY,ANIMALS & PRODUCTS,DAIRY,CHEESE,"COTTAGE, CREAMED, FAT CONTENT GE 4 PCT",ALL PRODUCTION PRACTICES,ALL UTILIZATION PRACTICES,PRODUCTION,LB,"CHEESE, COTTAGE, CREAMED, FAT CONTENT GE 4 PCT - PRODUCTION, MEASURED IN LB",TOTAL,NOT SPECIFIED,STATE,,98,OT,OTHER STATES,,,,,,,,00000000,,,9000,UNITED STATES,OTHER STATES,2022,MONTHLY,10,10,OCT,,2024-04-26 15:00:00.000,"14,847,000",
SURVEY,ANIMALS & PRODUCTS,DAIRY,CHEESE,"COTTAGE, CREAMED, FAT CONTENT GE 4 PCT",ALL PRODUCTION PRACTICES,ALL UTILIZATION PRACTICES,PRODUCTION,LB,"CHEESE, COTTAGE, CREAMED, FAT CONTENT GE 4 PCT - PRODUCTION, MEASURED IN LB",TOTAL,NOT SPECIFIED,STATE,,98,OT,OTHER STATES,,,,,,,,00000000,,,9000,UNITED STATES,OTHER STATES,2022,MONTHLY,11,11,NOV,,2024-04-26 15:00:00.000,"15,186,000",
SURVEY,ANIMALS & PRODUCTS,DAIRY,CHEESE,"COTTAGE, CREAMED, FAT CONTENT GE 4 PCT",ALL PRODUCTION PRACTICES,ALL UTILIZATION PRACTICES,PRODUCTION,LB,"CHEESE, COTTAGE, CREAMED, FAT CONTENT GE 4 PCT - PRODUCTION, MEASURED IN LB",TOTAL,NOT SPECIFIED,STATE,,98,OT,OTHER STATES,,,,,,,,00000000,,,9000,UNITED STATES,OTHER STATES,2022,MONTHLY,12,12,DEC,,2024-04-26 15:00:00.000,"15,089,000",
SURVEY,ANIMALS & PRODUCTS,DAIRY,CHEESE,"COTTAGE, CREAMED, FAT CONTENT GE 4 PCT",ALL PRODUCTION PRACTICES,ALL UTILIZATION PRACTICES,PRODUCTION,LB,"CHEESE, COTTAGE, CREAMED, FAT CONTENT GE 4 PCT - PRODUCTION, MEASURED IN LB",TOTAL,NOT SPECIFIED,STATE,36,36,NY,NEW YORK,,,,,,,,00000000,,,9000,UNITED STATES,NEW YORK,2022,MONTHLY,01,01,JAN,,2024-04-26 15:00:00.000,"8,287,000",
SURVEY,ANIMALS & PRODUCTS,DAIRY,CHEESE,"COTTAGE, CREAMED, FAT CONTENT GE 4 PCT",ALL PRODUCTION PRACTICES,ALL UTILIZATION PRACTICES,PRODUCTION,LB,"CHEESE, COTTAGE, CREAMED, FAT CONTENT GE 4 PCT - PRODUCTION, MEASURED IN LB",TOTAL,NOT SPECIFIED,STATE,36,36,NY,NEW YORK,,,,,,,,00000000,,,9000,UNITED STATES,NEW YORK,2022,MONTHLY,02,02,FEB,,2024-04-26 15:00:00.000,"9,004,000",
SURVEY,ANIMALS & PRODUCTS,DAIRY,CHEESE,"COTTAGE, CREAMED, FAT CONTENT GE 4 PCT",ALL PRODUCTION PRACTICES,ALL UTILIZATION PRACTICES,PRODUCTION,LB,"CHEESE, COTTAGE, CREAMED, FAT CONTENT GE 4 PCT - PRODUCTION, MEASURED IN LB",TOTAL,NOT SPECIFIED,STATE,36,36,NY,NEW YORK,,,,,,,,00000000,,,9000,UNITED STATES,NEW YORK,2022,MONTHLY,03,03,MAR,,2024-04-26 15:00:00.000,"8,635,000",
SURVEY,ANIMALS & PRODUCTS,DAIRY,CHEESE,"COTTAGE, CREAMED, FAT CONTENT GE 4 PCT",ALL PRODUCTION PRACTICES,ALL UTILIZATION PRACTICES,PRODUCTION,LB,"CHEESE, COTTAGE, CREAMED, FAT CONTENT GE 4 PCT - PRODUCTION, MEASURED IN LB",TOTAL,NOT SPECIFIED,STATE,36,36,NY,NEW YORK,,,,,,,,00000000,,,9000,UNITED STATES,NEW YORK,2022,MONTHLY,04,04,APR,,2024-04-26 15:00:00.000,"7,978,000",
SURVEY,ANIMALS & PRODUCTS,DAIRY,CHEESE,"COTTAGE, CREAMED, FAT CONTENT GE 4 PCT",ALL PRODUCTION PRACTICES,ALL UTILIZATION PRACTICES,PRODUCTION,LB,"CHEESE, COTTAGE, CREAMED, FAT CONTENT GE 4 PCT - PRODUCTION, MEASURED IN LB",TOTAL,NOT SPECIFIED,STATE,36,36,NY,NEW YORK,,,,,,,,00000000,,,9000,UNITED STATES,NEW YORK,2022,MONTHLY,05,05,MAY,,2024-04-26 15:00:00.000,"8,324,000",
SURVEY,ANIMALS & PRODUCTS,DAIRY,CHEESE,"COTTAGE, CREAMED, FAT CONTENT GE 4 PCT",ALL PRODUCTION PRACTICES,ALL UTILIZATION PRACTICES,PRODUCTION,LB,"CHEESE, COTTAGE, CREAMED, FAT CONTENT GE 4 PCT - PRODUCTION, MEASURED IN LB",TOTAL,NOT SPECIFIED,STATE,36,36,NY,NEW YORK,,,,,,,,00000000,,,9000,UNITED STATES,NEW YORK,2022,MONTHLY,06,06,JUN,,2024-04-26 15:00:00.000,"8,995,000",
SURVEY,ANIMALS & PRODUCTS,DAIRY,CHEESE,"COTTAGE, CREAMED, FAT CONTENT GE 4 PCT",ALL PRODUCTION PRACTICES,ALL UTILIZATION PRACTICES,PRODUCTION,LB,"CHEESE, COTTAGE, CREAMED, FAT CONTENT GE 4 PCT - PRODUCTION, MEASURED IN LB",TOTAL,NOT SPECIFIED,STATE,36,36,NY,NEW YORK,,,,,,,,00000000,,,9000,UNITED STATES,NEW YORK,2022,MONTHLY,07,07,JUL,,2024-04-26 15:00:00.000,"8,761,000",
SURVEY,ANIMALS & PRODUCTS,DAIRY,CHEESE,"COTTAGE, CREAMED, FAT CONTENT GE 4 PCT",ALL PRODUCTION PRACTICES,ALL UTILIZATION PRACTICES,PRODUCTION,LB,"CHEESE, COTTAGE, CREAMED, FAT CONTENT GE 4 PCT - PRODUCTION, MEASURED IN LB",TOTAL,NOT SPECIFIED,STATE,36,36,NY,NEW YORK,,,,,,,,00000000,,,9000,UNITED STATES,NEW YORK,2022,MONTHLY,08,08,AUG,,2024-04-26 15:00:00.000,"9,537,000",
SURVEY,ANIMALS & PRODUCTS,DAIRY,CHEESE,"COTTAGE, CREAMED, FAT CONTENT GE 4 PCT",ALL PRODUCTION PRACTICES,ALL UTILIZATION PRACTICES,PRODUCTION,LB,"CHEESE, COTTAGE, CREAMED, FAT CONTENT GE 4 PCT - PRODUCTION, MEASURED IN LB",TOTAL,NOT SPECIFIED,STATE,36,36,NY,NEW YORK,,,,,,,,00000000,,,9000,UNITED STATES,NEW YORK,2022,MONTHLY,09,09,SEP,,2024-04-26 15:00:00.000,"8,908,000",
SURVEY,ANIMALS & PRODUCTS,DAIRY,CHEESE,"COTTAGE, CREAMED, FAT CONTENT GE 4 PCT",ALL PRODUCTION PRACTICES,ALL UTILIZATION PRACTICES,PRODUCTION,LB,"CHEESE, COTTAGE, CREAMED, FAT CONTENT GE 4 PCT - PRODUCTION, MEASURED IN LB",TOTAL,NOT SPECIFIED,STATE,36,36,NY,NEW YORK,,,,,,,,00000000,,,9000,UNITED STATES,NEW YORK,2022,MONTHLY,10,10,OCT,,2024-04-26 15:00:00.000,"8,656,000",
SURVEY,ANIMALS & PRODUCTS,DAIRY,CHEESE,"COTTAGE, CREAMED, FAT CONTENT GE 4 PCT",ALL PRODUCTION PRACTICES,ALL UTILIZATION PRACTICES,PRODUCTION,LB,"CHEESE, COTTAGE, CREAMED, FAT CONTENT GE 4 PCT - PRODUCTION, MEASURED IN LB",TOTAL,NOT SPECIFIED,STATE,36,36,NY,NEW YORK,,,,,,,,00000000,,,9000,UNITED STATES,NEW YORK,2022,MONTHLY,11,11,NOV,,2024-04-26 15:00:00.000,"9,348,000",
SURVEY,ANIMALS & PRODUCTS,DAIRY,CHEESE,"COTTAGE, CREAMED, FAT CONTENT GE 4 PCT",ALL PRODUCTION PRACTICES,ALL UTILIZATION PRACTICES,PRODUCTION,LB,"CHEESE, COTTAGE, CREAMED, FAT CONTENT GE 4 PCT - PRODUCTION, MEASURED IN LB",TOTAL,NOT SPECIFIED,STATE,36,36,NY,NEW YORK,,,,,,,,00000000,,,9000,UNITED STATES,NEW YORK,2022,MONTHLY,12,12,DEC,,2024-04-26 15:00:00.000,"10,005,000",
SURVEY,ANIMALS & PRODUCTS,DAIRY,CHEESE,"COTTAGE, CREAMED, FAT CONTENT GE 4 PCT",ALL PRODUCTION PRACTICES,ALL UTILIZATION PRACTICES,PRODUCTION,LB,"CHEESE, COTTAGE, CREAMED, FAT CONTENT GE 4 PCT - PRODUCTION, MEASURED IN LB",TOTAL,NOT SPECIFIED,STATE,39,39,OH,OHIO,,,,,,,,00000000,,,9000,UNITED STATES,OHIO,2022,MONTHLY,01,01,JAN,,2024-04-26 15:00:00.000,"3,652,000",
SURVEY,ANIMALS & PRODUCTS,DAIRY,CHEESE,"COTTAGE, CREAMED, FAT CONTENT GE 4 PCT",ALL PRODUCTION PRACTICES,ALL UTILIZATION PRACTICES,PRODUCTION,LB,"CHEESE, COTTAGE, CREAMED, FAT CONTENT GE 4 PCT - PRODUCTION, MEASURED IN LB",TOTAL,NOT SPECIFIED,STATE,39,39,OH,OHIO,,,,,,,,00000000,,,9000,UNITED STATES,OHIO,2022,MONTHLY,02,02,FEB,,2024-04-26 15:00:00.000,"3,615,000",
SURVEY,ANIMALS & PRODUCTS,DAIRY,CHEESE,"COTTAGE, CREAMED, FAT CONTENT GE 4 PCT",ALL PRODUCTION PRACTICES,ALL UTILIZATION PRACTICES,PRODUCTION,LB,"CHEESE, COTTAGE, CREAMED, FAT CONTENT GE 4 PCT - PRODUCTION, MEASURED IN LB",TOTAL,NOT SPECIFIED,STATE,39,39,OH,OHIO,,,,,,,,00000000,,,9000,UNITED STATES,OHIO,2022,MONTHLY,03,03,MAR,,2024-04-26 15:00:00.000,"3,892,000",
SURVEY,ANIMALS & PRODUCTS,DAIRY,CHEESE,"COTTAGE, CREAMED, FAT CONTENT GE 4 PCT",ALL PRODUCTION PRACTICES,ALL UTILIZATION PRACTICES,PRODUCTION,LB,"CHEESE, COTTAGE, CREAMED, FAT CONTENT GE 4 PCT - PRODUCTION, MEASURED IN LB",TOTAL,NOT SPECIFIED,STATE,39,39,OH,OHIO,,,,,,,,00000000,,,9000,UNITED STATES,OHIO,2022,MONTHLY,04,04,APR,,2024-04-26 15:00:00.000,"3,209,000",
SURVEY,ANIMALS & PRODUCTS,DAIRY,CHEESE,"COTTAGE, CREAMED, FAT CONTENT GE 4 PCT",ALL PRODUCTION PRACTICES,ALL UTILIZATION PRACTICES,PRODUCTION,LB,"CHEESE, COTTAGE, CREAMED, FAT CONTENT GE 4 PCT - PRODUCTION, MEASURED IN LB",TOTAL,NOT SPECIFIED,STATE,39,39,OH,OHIO,,,,,,,,00000000,,,9000,UNITED STATES,OHIO,2022,MONTHLY,05,05,MAY,,2024-04-26 15:00:00.000,"3,920,000",
SURVEY,ANIMALS & PRODUCTS,DAIRY,CHEESE,"COTTAGE, CREAMED, FAT CONTENT GE 4 PCT",ALL PRODUCTION PRACTICES,ALL UTILIZATION PRACTICES,PRODUCTION,LB,"CHEESE, COTTAGE, CREAMED, FAT CONTENT GE 4 PCT - PRODUCTION, MEASURED IN LB",TOTAL,NOT SPECIFIED,STATE,39,39,OH,OHIO,,,,,,,,00000000,,,9000,UNITED STATES,OHIO,2022,MONTHLY,06,06,JUN,,2024-04-26 15:00:00.000,"4,186,000",
SURVEY,ANIMALS & PRODUCTS,DAIRY,CHEESE,"COTTAGE, CREAMED, FAT CONTENT GE 4 PCT",ALL PRODUCTION PRACTICES,ALL UTILIZATION PRACTICES,PRODUCTION,LB,"CHEESE, COTTAGE, CREAMED, FAT CONTENT GE 4 PCT - PRODUCTION, MEASURED IN LB",TOTAL,NOT SPECIFIED,STATE,39,39,OH,OHIO,,,,,,,,00000000,,,9000,UNITED STATES,OHIO,2022,MONTHLY,07,07,JUL,,2024-04-26 15:00:00.000,"4,312,000",
SURVEY,ANIMALS & PRODUCTS,DAIRY,CHEESE,"COTTAGE, CREAMED, FAT CONTENT GE 4 PCT",ALL PRODUCTION PRACTICES,ALL UTILIZATION PRACTICES,PRODUCTION,LB,"CHEESE, COTTAGE, CREAMED, FAT CONTENT GE 4 PCT - PRODUCTION, MEASURED IN LB",TOTAL,NOT SPECIFIED,STATE,39,39,OH,OHIO,,,,,,,,00000000,,,9000,UNITED STATES,OHIO,2022,MONTHLY,08,08,AUG,,2024-04-26 15:00:00.000,"4,777,000",
SURVEY,ANIMALS & PRODUCTS,DAIRY,CHEESE,"COTTAGE, CREAMED, FAT CONTENT GE 4 PCT",ALL PRODUCTION PRACTICES,ALL UTILIZATION PRACTICES,PRODUCTION,LB,"CHEESE, COTTAGE, CREAMED, FAT CONTENT GE 4 PCT - PRODUCTION, MEASURED IN LB",TOTAL,NOT SPECIFIED,STATE,39,39,OH,OHIO,,,,,,,,00000000,,,9000,UNITED STATES,OHIO,2022,MONTHLY,09,09,SEP,,2024-04-26 15:00:00.000,"4,008,000",
SURVEY,ANIMALS & PRODUCTS,DAIRY,CHEESE,"COTTAGE, CREAMED, FAT CONTENT GE 4 PCT",ALL PRODUCTION PRACTICES,ALL UTILIZATION PRACTICES,PRODUCTION,LB,"CHEESE, COTTAGE, CREAMED, FAT CONTENT GE 4 PCT - PRODUCTION, MEASURED IN LB",TOTAL,NOT SPECIFIED,STATE,39,39,OH,OHIO,,,,,,,,00000000,,,9000,UNITED STATES,OHIO,2022,MONTHLY,10,10,OCT,,2024-04-26 15:00:00.000,"3,797,000",
SURVEY,ANIMALS & PRODUCTS,DAIRY,CHEESE,"COTTAGE, CREAMED, FAT CONTENT GE 4 PCT",ALL PRODUCTION PRACTICES,ALL UTILIZATION PRACTICES,PRODUCTION,LB,"CHEESE, COTTAGE, CREAMED, FAT CONTENT GE 4 PCT - PRODUCTION, MEASURED IN LB",TOTAL,NOT SPECIFIED,STATE,39,39,OH,OHIO,,,,,,,,00000000,,,9000,UNITED STATES,OHIO,2022,MONTHLY,11,11,NOV,,2024-04-26 15:00:00.000,"3,450,000",
SURVEY,ANIMALS & PRODUCTS,DAIRY,CHEESE,"COTTAGE, CREAMED, FAT CONTENT GE 4 PCT",ALL PRODUCTION PRACTICES,ALL UTILIZATION PRACTICES,PRODUCTION,LB,"CHEESE, COTTAGE, CREAMED, FAT CONTENT GE 4 PCT - PRODUCTION, MEASURED IN LB",TOTAL,NOT SPECIFIED,STATE,39,39,OH,OHIO,,,,,,,,00000000,,,9000,UNITED STATES,OHIO,2022,MONTHLY,12,12,DEC,,2024-04-26 15:00:00.000,"3,563,000",
SURVEY,ANIMALS & PRODUCTS,DAIRY,CHEESE,"COTTAGE, CREAMED, FAT CONTENT GE 4 PCT",ALL PRODUCTION PRACTICES,ALL UTILIZATION PRACTICES,PRODUCTION,LB,"CHEESE, COTTAGE, CREAMED, FAT CONTENT GE 4 PCT - PRODUCTION, MEASURED IN LB",TOTAL,NOT SPECIFIED,STATE,41,41,OR,OREGON,,,,,,,,00000000,,,9000,UNITED STATES,OREGON,2022,MONTHLY,01,01,JAN,,2024-04-26 15:00:00.000,"327,000",
SURVEY,ANIMALS & PRODUCTS,DAIRY,CHEESE,"COTTAGE, CREAMED, FAT CONTENT GE 4 PCT",ALL PRODUCTION PRACTICES,ALL UTILIZATION PRACTICES,PRODUCTION,LB,"CHEESE, COTTAGE, CREAMED, FAT CONTENT GE 4 PCT - PRODUCTION, MEASURED IN LB",TOTAL,NOT SPECIFIED,STATE,41,41,OR,OREGON,,,,,,,,00000000,,,9000,UNITED STATES,OREGON,2022,MONTHLY,02,02,FEB,,2024-04-26 15:00:00.000,"430,000",
SURVEY,ANIMALS & PRODUCTS,DAIRY,CHEESE,"COTTAGE, CREAMED, FAT CONTENT GE 4 PCT",ALL PRODUCTION PRACTICES,ALL UTILIZATION PRACTICES,PRODUCTION,LB,"CHEESE, COTTAGE, CREAMED, FAT CONTENT GE 4 PCT - PRODUCTION, MEASURED IN LB",TOTAL,NOT SPECIFIED,STATE,41,41,OR,OREGON,,,,,,,,00000000,,,9000,UNITED STATES,OREGON,2022,MONTHLY,03,03,MAR,,2024-04-26 15:00:00.000,"384,000",
SURVEY,ANIMALS & PRODUCTS,DAIRY,CHEESE,"COTTAGE, CREAMED, FAT CONTENT GE 4 PCT",ALL PRODUCTION PRACTICES,ALL UTILIZATION PRACTICES,PRODUCTION,LB,"CHEESE, COTTAGE, CREAMED, FAT CONTENT GE 4 PCT - PRODUCTION, MEASURED IN LB",TOTAL,NOT SPECIFIED,STATE,41,41,OR,OREGON,,,,,,,,00000000,,,9000,UNITED STATES,OREGON,2022,MONTHLY,04,04,APR,,2024-04-26 15:00:00.000,"387,000",
SURVEY,ANIMALS & PRODUCTS,DAIRY,CHEESE,"COTTAGE, CREAMED, FAT CONTENT GE 4 PCT",ALL PRODUCTION PRACTICES,ALL UTILIZATION PRACTICES,PRODUCTION,LB,"CHEESE, COTTAGE, CREAMED, FAT CONTENT GE 4 PCT - PRODUCTION, MEASURED IN LB",TOTAL,NOT SPECIFIED,STATE,41,41,OR,OREGON,,,,,,,,00000000,,,9000,UNITED STATES,OREGON,2022,MONTHLY,05,05,MAY,,2024-04-26 15:00:00.000,"357,000",
SURVEY,ANIMALS & PRODUCTS,DAIRY,CHEESE,"COTTAGE, CREAMED, FAT CONTENT GE 4 PCT",ALL PRODUCTION PRACTICES,ALL UTILIZATION PRACTICES,PRODUCTION,LB,"CHEESE, COTTAGE, CREAMED, FAT CONTENT GE 4 PCT - PRODUCTION, MEASURED IN LB",TOTAL,NOT SPECIFIED,STATE,41,41,OR,OREGON,,,,,,,,00000000,,,9000,UNITED STATES,OREGON,2022,MONTHLY,06,06,JUN,,2024-04-26 15:00:00.000,"484,000",
SURVEY,ANIMALS & PRODUCTS,DAIRY,CHEESE,"COTTAGE, CREAMED, FAT CONTENT GE 4 PCT",ALL PRODUCTION PRACTICES,ALL UTILIZATION PRACTICES,PRODUCTION,LB,"CHEESE, COTTAGE, CREAMED, FAT CONTENT GE 4 PCT - PRODUCTION, MEASURED IN LB",TOTAL,NOT SPECIFIED,STATE,41,41,OR,OREGON,,,,,,,,00000000,,,9000,UNITED STATES,OREGON,2022,MONTHLY,07,07,JUL,,2024-04-26 15:00:00.000,"413,000",
SURVEY,ANIMALS & PRODUCTS,DAIRY,CHEESE,"COTTAGE, CREAMED, FAT CONTENT GE 4 PCT",ALL PRODUCTION PRACTICES,ALL UTILIZATION PRACTICES,PRODUCTION,LB,"CHEESE, COTTAGE, CREAMED, FAT CONTENT GE 4 PCT - PRODUCTION, MEASURED IN LB",TOTAL,NOT SPECIFIED,STATE,41,41,OR,OREGON,,,,,,,,00000000,,,9000,UNITED STATES,OREGON,2022,MONTHLY,08,08,AUG,,2024-04-26 15:00:00.000,"506,000",
SURVEY,ANIMALS & PRODUCTS,DAIRY,CHEESE,"COTTAGE, CREAMED, FAT CONTENT GE 4 PCT",ALL PRODUCTION PRACTICES,ALL UTILIZATION PRACTICES,PRODUCTION,LB,"CHEESE, COTTAGE, CREAMED, FAT CONTENT GE 4 PCT - PRODUCTION, MEASURED IN LB",TOTAL,NOT SPECIFIED,STATE,41,41,OR,OREGON,,,,,,,,00000000,,,9000,UNITED STATES,OREGON,2022,MONTHLY,09,09,SEP,,2024-04-26 15:00:00.000,"514,000",
SURVEY,ANIMALS & PRODUCTS,DAIRY,CHEESE,"COTTAGE, CREAMED, FAT CONTENT GE 4 PCT",ALL PRODUCTION PRACTICES,ALL UTILIZATION PRACTICES,PRODUCTION,LB,"CHEESE, COTTAGE, CREAMED, FAT CONTENT GE 4 PCT - PRODUCTION, MEASURED IN LB",TOTAL,NOT SPECIFIED,STATE,41,41,OR,OREGON,,,,,,,,00000000,,,9000,UNITED STATES,OREGON,2022,MONTHLY,10,10,OCT,,2024-04-26 15:00:00.000,"532,000",
SURVEY,ANIMALS & PRODUCTS,DAIRY,CHEESE,"COTTAGE, CREAMED, FAT CONTENT GE 4 PCT",ALL PRODUCTION PRACTICES,ALL UTILIZATION PRACTICES,PRODUCTION,LB,"CHEESE, COTTAGE, CREAMED, FAT CONTENT GE 4 PCT - PRODUCTION, MEASURED IN LB",TOTAL,NOT SPECIFIED,STATE,41,41,OR,OREGON,,,,,,,,00000000,,,9000,UNITED STATES,OREGON,2022,MONTHLY,11,11,NOV,,2024-04-26 15:00:00.000,"494,000",
SURVEY,ANIMALS & PRODUCTS,DAIRY,CHEESE,"COTTAGE, CREAMED, FAT CONTENT GE 4 PCT",ALL PRODUCTION PRACTICES,ALL UTILIZATION PRACTICES,PRODUCTION,LB,"CHEESE, COTTAGE, CREAMED, FAT CONTENT GE 4 PCT - PRODUCTION, MEASURED IN LB",TOTAL,NOT SPECIFIED,STATE,41,41,OR,OREGON,,,,,,,,00000000,,,9000,UNITED STATES,OREGON,2022,MONTHLY,12,12,DEC,,2024-04-26 15:00:00.000,"479,000",
SURVEY,ANIMALS & PRODUCTS,DAIRY,CHEESE,"COTTAGE, CURD",ALL PRODUCTION PRACTICES,ALL UTILIZATION PRACTICES,PRODUCTION,LB,"CHEESE, COTTAGE, CURD - PRODUCTION, MEASURED IN LB",TOTAL,NOT SPECIFIED,STATE,,98,OT,OTHER STATES,,,,,,,,00000000,,,9000,UNITED STATES,OTHER STATES,2022,MONTHLY,01,01,JAN,,2024-04-26 15:00:00.000,"18,396,000",
SURVEY,ANIMALS & PRODUCTS,DAIRY,CHEESE,"COTTAGE, CURD",ALL PRODUCTION PRACTICES,ALL UTILIZATION PRACTICES,PRODUCTION,LB,"CHEESE, COTTAGE, CURD - PRODUCTION, MEASURED IN LB",TOTAL,NOT SPECIFIED,STATE,,98,OT,OTHER STATES,,,,,,,,00000000,,,9000,UNITED STATES,OTHER STATES,2022,MONTHLY,02,02,FEB,,2024-04-26 15:00:00.000,"18,265,000",
SURVEY,ANIMALS & PRODUCTS,DAIRY,CHEESE,"COTTAGE, CURD",ALL PRODUCTION PRACTICES,ALL UTILIZATION PRACTICES,PRODUCTION,LB,"CHEESE, COTTAGE, CURD - PRODUCTION, MEASURED IN LB",TOTAL,NOT SPECIFIED,STATE,,98,OT,OTHER STATES,,,,,,,,00000000,,,9000,UNITED STATES,OTHER STATES,2022,MONTHLY,03,03,MAR,,2024-04-26 15:00:00.000,"19,408,000",
SURVEY,ANIMALS & PRODUCTS,DAIRY,CHEESE,"COTTAGE, CURD",ALL PRODUCTION PRACTICES,ALL UTILIZATION PRACTICES,PRODUCTION,LB,"CHEESE, COTTAGE, CURD - PRODUCTION, MEASURED IN LB",TOTAL,NOT SPECIFIED,STATE,,98,OT,OTHER STATES,,,,,,,,00000000,,,9000,UNITED STATES,OTHER STATES,2022,MONTHLY,04,04,APR,,2024-04-26 15:00:00.000,"18,134,000",
SURVEY,ANIMALS & PRODUCTS,DAIRY,CHEESE,"COTTAGE, CURD",ALL PRODUCTION PRACTICES,ALL UTILIZATION PRACTICES,PRODUCTION,LB,"CHEESE, COTTAGE, CURD - PRODUCTION, MEASURED IN LB",TOTAL,NOT SPECIFIED,STATE,,98,OT,OTHER STATES,,,,,,,,00000000,,,9000,UNITED STATES,OTHER STATES,2022,MONTHLY,05,05,MAY,,2024-04-26 15:00:00.000,"17,644,000",
SURVEY,ANIMALS & PRODUCTS,DAIRY,CHEESE,"COTTAGE, CURD",ALL PRODUCTION PRACTICES,ALL UTILIZATION PRACTICES,PRODUCTION,LB,"CHEESE, COTTAGE, CURD - PRODUCTION, MEASURED IN LB",TOTAL,NOT SPECIFIED,STATE,,98,OT,OTHER STATES,,,,,,,,00000000,,,9000,UNITED STATES,OTHER STATES,2022,MONTHLY,06,06,JUN,,2024-04-26 15:00:00.000,"18,200,000",
SURVEY,ANIMALS & PRODUCTS,DAIRY,CHEESE,"COTTAGE, CURD",ALL PRODUCTION PRACTICES,ALL UTILIZATION PRACTICES,PRODUCTION,LB,"CHEESE, COTTAGE, CURD - PRODUCTION, MEASURED IN LB",TOTAL,NOT SPECIFIED,STATE,,98,OT,OTHER STATES,,,,,,,,00000000,,,9000,UNITED STATES,OTHER STATES,2022,MONTHLY,07,07,JUL,,2024-04-26 15:00:00.000,"19,035,000",
SURVEY,ANIMALS & PRODUCTS,DAIRY,CHEESE,"COTTAGE, CURD",ALL PRODUCTION PRACTICES,ALL UTILIZATION PRACTICES,PRODUCTION,LB,"CHEESE, COTTAGE, CURD - PRODUCTION, MEASURED IN LB",TOTAL,NOT SPECIFIED,STATE,,98,OT,OTHER STATES,,,,,,,,00000000,,,9000,UNITED STATES,OTHER STATES,2022,MONTHLY,08,08,AUG,,2024-04-26 15:00:00.000,"20,191,000",
SURVEY,ANIMALS & PRODUCTS,DAIRY,CHEESE,"COTTAGE, CURD",ALL PRODUCTION PRACTICES,ALL UTILIZATION PRACTICES,PRODUCTION,LB,"CHEESE, COTTAGE, CURD - PRODUCTION, MEASURED IN LB",TOTAL,NOT SPECIFIED,STATE,,98,OT,OTHER STATES,,,,,,,,00000000,,,9000,UNITED STATES,OTHER STATES,2022,MONTHLY,09,09,SEP,,2024-04-26 15:00:00.000,"19,712,000",
SURVEY,ANIMALS & PRODUCTS,DAIRY,CHEESE,"COTTAGE, CURD",ALL PRODUCTION PRACTICES,ALL UTILIZATION PRACTICES,PRODUCTION,LB,"CHEESE, COTTAGE, CURD - PRODUCTION, MEASURED IN LB",TOTAL,NOT SPECIFIED,STATE,,98,OT,OTHER STATES,,,,,,,,00000000,,,9000,UNITED STATES,OTHER STATES,2022,MONTHLY,10,10,OCT,,2024-04-26 15:00:00.000,"17,922,000",
SURVEY,ANIMALS & PRODUCTS,DAIRY,CHEESE,"COTTAGE, CURD",ALL PRODUCTION PRACTICES,ALL UTILIZATION PRACTICES,PRODUCTION,LB,"CHEESE, COTTAGE, CURD - PRODUCTION, MEASURED IN LB",TOTAL,NOT SPECIFIED,STATE,,98,OT,OTHER STATES,,,,,,,,00000000,,,9000,UNITED STATES,OTHER STATES,2022,MONTHLY,11,11,NOV,,2024-04-26 15:00:00.000,"17,600,000",
SURVEY,ANIMALS & PRODUCTS,DAIRY,CHEESE,"COTTAGE, CURD",ALL PRODUCTION PRACTICES,ALL UTILIZATION PRACTICES,PRODUCTION,LB,"CHEESE, COTTAGE, CURD - PRODUCTION, MEASURED IN LB",TOTAL,NOT SPECIFIED,STATE,,98,OT,OTHER STATES,,,,,,,,00000000,,,9000,UNITED STATES,OTHER STATES,2022,MONTHLY,12,12,DEC,,2024-04-26 15:00:00.000,"17,759,000",
SURVEY,ANIMALS & PRODUCTS,DAIRY,CHEESE,"COTTAGE, CURD",ALL PRODUCTION PRACTICES,ALL UTILIZATION PRACTICES,PRODUCTION,LB,"CHEESE, COTTAGE, CURD - PRODUCTION, MEASURED IN LB",TOTAL,NOT SPECIFIED,STATE,36,36,NY,NEW YORK,,,,,,,,00000000,,,9000,UNITED STATES,NEW YORK,2022,MONTHLY,01,01,JAN,,2024-04-26 15:00:00.000,"8,166,000",
SURVEY,ANIMALS & PRODUCTS,DAIRY,CHEESE,"COTTAGE, CURD",ALL PRODUCTION PRACTICES,ALL UTILIZATION PRACTICES,PRODUCTION,LB,"CHEESE, COTTAGE, CURD - PRODUCTION, MEASURED IN LB",TOTAL,NOT SPECIFIED,STATE,36,36,NY,NEW YORK,,,,,,,,00000000,,,9000,UNITED STATES,NEW YORK,2022,MONTHLY,02,02,FEB,,2024-04-26 15:00:00.000,"8,685,000",
SURVEY,ANIMALS & PRODUCTS,DAIRY,CHEESE,"COTTAGE, CURD",ALL PRODUCTION PRACTICES,ALL UTILIZATION PRACTICES,PRODUCTION,LB,"CHEESE, COTTAGE, CURD - PRODUCTION, MEASURED IN LB",TOTAL,NOT SPECIFIED,STATE,36,36,NY,NEW YORK,,,,,,,,00000000,,,9000,UNITED STATES,NEW YORK,2022,MONTHLY,03,03,MAR,,2024-04-26 15:00:00.000,"9,163,000",
SURVEY,ANIMALS & PRODUCTS,DAIRY,CHEESE,"COTTAGE, CURD",ALL PRODUCTION PRACTICES,ALL UTILIZATION PRACTICES,PRODUCTION,LB,"CHEESE, COTTAGE, CURD - PRODUCTION, MEASURED IN LB",TOTAL,NOT SPECIFIED,STATE,36,36,NY,NEW YORK,,,,,,,,00000000,,,9000,UNITED STATES,NEW YORK,2022,MONTHLY,04,04,APR,,2024-04-26 15:00:00.000,"8,524,000",
SURVEY,ANIMALS & PRODUCTS,DAIRY,CHEESE,"COTTAGE, CURD",ALL PRODUCTION PRACTICES,ALL UTILIZATION PRACTICES,PRODUCTION,LB,"CHEESE, COTTAGE, CURD - PRODUCTION, MEASURED IN LB",TOTAL,NOT SPECIFIED,STATE,36,36,NY,NEW YORK,,,,,,,,00000000,,,9000,UNITED STATES,NEW YORK,2022,MONTHLY,05,05,MAY,,2024-04-26 15:00:00.000,"8,641,000",
SURVEY,ANIMALS & PRODUCTS,DAIRY,CHEESE,"COTTAGE, CURD",ALL PRODUCTION PRACTICES,ALL UTILIZATION PRACTICES,PRODUCTION,LB,"CHEESE, COTTAGE, CURD - PRODUCTION, MEASURED IN LB",TOTAL,NOT SPECIFIED,STATE,36,36,NY,NEW YORK,,,,,,,,00000000,,,9000,UNITED STATES,NEW YORK,2022,MONTHLY,06,06,JUN,,2024-04-26 15:00:00.000,"8,812,000",
SURVEY,ANIMALS & PRODUCTS,DAIRY,CHEESE,"COTTAGE, CURD",ALL PRODUCTION PRACTICES,ALL UTILIZATION PRACTICES,PRODUCTION,LB,"CHEESE, COTTAGE, CURD - PRODUCTION, MEASURED IN LB",TOTAL,NOT SPECIFIED,STATE,36,36,NY,NEW YORK,,,,,,,,00000000,,,9000,UNITED STATES,NEW YORK,2022,MONTHLY,07,07,JUL,,2024-04-26 15:00:00.000,"8,705,000",
SURVEY,ANIMALS & PRODUCTS,DAIRY,CHEESE,"COTTAGE, CURD",ALL PRODUCTION PRACTICES,ALL UTILIZATION PRACTICES,PRODUCTION,LB,"CHEESE, COTTAGE, CURD - PRODUCTION, MEASURED IN LB",TOTAL,NOT SPECIFIED,STATE,36,36,NY,NEW YORK,,,,,,,,00000000,,,9000,UNITED STATES,NEW YORK,2022,MONTHLY,08,08,AUG,,2024-04-26 15:00:00.000,"9,703,000",
SURVEY,ANIMALS & PRODUCTS,DAIRY,CHEESE,"COTTAGE, CURD",ALL PRODUCTION PRACTICES,ALL UTILIZATION PRACTICES,PRODUCTION,LB,"CHEESE, COTTAGE, CURD - PRODUCTION, MEASURED IN LB",TOTAL,NOT SPECIFIED,STATE,36,36,NY,NEW YORK,,,,,,,,00000000,,,9000,UNITED STATES,NEW YORK,2022,MONTHLY,09,09,SEP,,2024-04-26 15:00:00.000,"9,198,000",
SURVEY,ANIMALS & PRODUCTS,DAIRY,CHEESE,"COTTAGE, CURD",ALL PRODUCTION PRACTICES,ALL UTILIZATION PRACTICES,PRODUCTION,LB,"CHEESE, COTTAGE, CURD - PRODUCTION, MEASURED IN LB",TOTAL,NOT SPECIFIED,STATE,36,36,NY,NEW YORK,,,,,,,,00000000,,,9000,UNITED STATES,NEW YORK,2022,MONTHLY,10,10,OCT,,2024-04-26 15:00:00.000,"8,448,000",
SURVEY,ANIMALS & PRODUCTS,DAIRY,CHEESE,"COTTAGE, CURD",ALL PRODUCTION PRACTICES,ALL UTILIZATION PRACTICES,PRODUCTION,LB,"CHEESE, COTTAGE, CURD - PRODUCTION, MEASURED IN LB",TOTAL,NOT SPECIFIED,STATE,36,36,NY,NEW YORK,,,,,,,,00000000,,,9000,UNITED STATES,NEW YORK,2022,MONTHLY,11,11,NOV,,2024-04-26 15:00:00.000,"8,278,000",
SURVEY,ANIMALS & PRODUCTS,DAIRY,CHEESE,"COTTAGE, CURD",ALL PRODUCTION PRACTICES,ALL UTILIZATION PRACTICES,PRODUCTION,LB,"CHEESE, COTTAGE, CURD - PRODUCTION, MEASURED IN LB",TOTAL,NOT SPECIFIED,STATE,36,36,NY,NEW YORK,,,,,,,,00000000,,,9000,UNITED STATES,NEW YORK,2022,MONTHLY,12,12,DEC,,2024-04-26 15:00:00.000,"8,771,000",
SURVEY,ANIMALS & PRODUCTS,DAIRY,CHEESE,"COTTAGE, CURD",ALL PRODUCTION PRACTICES,ALL UTILIZATION PRACTICES,PRODUCTION,LB,"CHEESE, COTTAGE, CURD - PRODUCTION, MEASURED IN LB",TOTAL,NOT SPECIFIED,STATE,39,39,OH,OHIO,,,,,,,,00000000,,,9000,UNITED STATES,OHIO,2022,MONTHLY,01,01,JAN,,2024-04-26 15:00:00.000,"2,762,000",
SURVEY,ANIMALS & PRODUCTS,DAIRY,CHEESE,"COTTAGE, CURD",ALL PRODUCTION PRACTICES,ALL UTILIZATION PRACTICES,PRODUCTION,LB,"CHEESE, COTTAGE, CURD - PRODUCTION, MEASURED IN LB",TOTAL,NOT SPECIFIED,STATE,39,39,OH,OHIO,,,,,,,,00000000,,,9000,UNITED STATES,OHIO,2022,MONTHLY,02,02,FEB,,2024-04-26 15:00:00.000,"2,818,000",
SURVEY,ANIMALS & PRODUCTS,DAIRY,CHEESE,"COTTAGE, CURD",ALL PRODUCTION PRACTICES,ALL UTILIZATION PRACTICES,PRODUCTION,LB,"CHEESE, COTTAGE, CURD - PRODUCTION, MEASURED IN LB",TOTAL,NOT SPECIFIED,STATE,39,39,OH,OHIO,,,,,,,,00000000,,,9000,UNITED STATES,OHIO,2022,MONTHLY,03,03,MAR,,2024-04-26 15:00:00.000,"3,282,000",
SURVEY,ANIMALS & PRODUCTS,DAIRY,CHEESE,"COTTAGE, CURD",ALL PRODUCTION PRACTICES,ALL UTILIZATION PRACTICES,PRODUCTION,LB,"CHEESE, COTTAGE, CURD - PRODUCTION, MEASURED IN LB",TOTAL,NOT SPECIFIED,STATE,39,39,OH,OHIO,,,,,,,,00000000,,,9000,UNITED STATES,OHIO,2022,MONTHLY,04,04,APR,,2024-04-26 15:00:00.000,"2,705,000",
SURVEY,ANIMALS & PRODUCTS,DAIRY,CHEESE,"COTTAGE, CURD",ALL PRODUCTION PRACTICES,ALL UTILIZATION PRACTICES,PRODUCTION,LB,"CHEESE, COTTAGE, CURD - PRODUCTION, MEASURED IN LB",TOTAL,NOT SPECIFIED,STATE,39,39,OH,OHIO,,,,,,,,00000000,,,9000,UNITED STATES,OHIO,2022,MONTHLY,05,05,MAY,,2024-04-26 15:00:00.000,"2,941,000",
SURVEY,ANIMALS & PRODUCTS,DAIRY,CHEESE,"COTTAGE, CURD",ALL PRODUCTION PRACTICES,ALL UTILIZATION PRACTICES,PRODUCTION,LB,"CHEESE, COTTAGE, CURD - PRODUCTION, MEASURED IN LB",TOTAL,NOT SPECIFIED,STATE,39,39,OH,OHIO,,,,,,,,00000000,,,9000,UNITED STATES,OHIO,2022,MONTHLY,06,06,JUN,,2024-04-26 15:00:00.000,"3,065,000",
SURVEY,ANIMALS & PRODUCTS,DAIRY,CHEESE,"COTTAGE, CURD",ALL PRODUCTION PRACTICES,ALL UTILIZATION PRACTICES,PRODUCTION,LB,"CHEESE, COTTAGE, CURD - PRODUCTION, MEASURED IN LB",TOTAL,NOT SPECIFIED,STATE,39,39,OH,OHIO,,,,,,,,00000000,,,9000,UNITED STATES,OHIO,2022,MONTHLY,07,07,JUL,,2024-04-26 15:00:00.000,"3,011,000",
SURVEY,ANIMALS & PRODUCTS,DAIRY,CHEESE,"COTTAGE, CURD",ALL PRODUCTION PRACTICES,ALL UTILIZATION PRACTICES,PRODUCTION,LB,"CHEESE, COTTAGE, CURD - PRODUCTION, MEASURED IN LB",TOTAL,NOT SPECIFIED,STATE,39,39,OH,OHIO,,,,,,,,00000000,,,9000,UNITED STATES,OHIO,2022,MONTHLY,08,08,AUG,,2024-04-26 15:00:00.000,"3,531,000",
SURVEY,ANIMALS & PRODUCTS,DAIRY,CHEESE,"COTTAGE, CURD",ALL PRODUCTION PRACTICES,ALL UTILIZATION PRACTICES,PRODUCTION,LB,"CHEESE, COTTAGE, CURD - PRODUCTION, MEASURED IN LB",TOTAL,NOT SPECIFIED,STATE,39,39,OH,OHIO,,,,,,,,00000000,,,9000,UNITED STATES,OHIO,2022,MONTHLY,09,09,SEP,,2024-04-26 15:00:00.000,"2,900,000",
SURVEY,ANIMALS & PRODUCTS,DAIRY,CHEESE,"COTTAGE, CURD",ALL PRODUCTION PRACTICES,ALL UTILIZATION PRACTICES,PRODUCTION,LB,"CHEESE, COTTAGE, CURD - PRODUCTION, MEASURED IN LB",TOTAL,NOT SPECIFIED,STATE,39,39,OH,OHIO,,,,,,,,00000000,,,9000,UNITED STATES,OHIO,2022,MONTHLY,10,10,OCT,,2024-04-26 15:00:00.000,"2,885,000",
SURVEY,ANIMALS & PRODUCTS,DAIRY,CHEESE,"COTTAGE, CURD",ALL PRODUCTION PRACTICES,ALL UTILIZATION PRACTICES,PRODUCTION,LB,"CHEESE, COTTAGE, CURD - PRODUCTION, MEASURED IN LB",TOTAL,NOT SPECIFIED,STATE,39,39,OH,OHIO,,,,,,,,00000000,,,9000,UNITED STATES,OHIO,2022,MONTHLY,11,11,NOV,,2024-04-26 15:00:00.000,"2,586,000",
SURVEY,ANIMALS & PRODUCTS,DAIRY,CHEESE,"COTTAGE, CURD",ALL PRODUCTION PRACTICES,ALL UTILIZATION PRACTICES,PRODUCTION,LB,"CHEESE, COTTAGE, CURD - PRODUCTION, MEASURED IN LB",TOTAL,NOT SPECIFIED,STATE,39,39,OH,OHIO,,,,,,,,00000000,,,9000,UNITED STATES,OHIO,2022,MONTHLY,12,12,DEC,,2024-04-26 15:00:00.000,"2,507,000",
SURVEY,ANIMALS & PRODUCTS,DAIRY,CHEESE,"COTTAGE, LOWFAT, FAT CONTENT LT 4 PCT",ALL PRODUCTION PRACTICES,ALL UTILIZATION PRACTICES,PRODUCTION,LB,"CHEESE, COTTAGE, LOWFAT, FAT CONTENT LT 4 PCT - PRODUCTION, MEASURED IN LB",TOTAL,NOT SPECIFIED,STATE,,98,OT,OTHER STATES,,,,,,,,00000000,,,9000,UNITED STATES,OTHER STATES,2022,MONTHLY,01,01,JAN,,2024-04-26 15:00:00.000,"15,758,000",
SURVEY,ANIMALS & PRODUCTS,DAIRY,CHEESE,"COTTAGE, LOWFAT, FAT CONTENT LT 4 PCT",ALL PRODUCTION PRACTICES,ALL UTILIZATION PRACTICES,PRODUCTION,LB,"CHEESE, COTTAGE, LOWFAT, FAT CONTENT LT 4 PCT - PRODUCTION, MEASURED IN LB",TOTAL,NOT SPECIFIED,STATE,,98,OT,OTHER STATES,,,,,,,,00000000,,,9000,UNITED STATES,OTHER STATES,2022,MONTHLY,02,02,FEB,,2024-04-26 15:00:00.000,"15,290,000",
SURVEY,ANIMALS & PRODUCTS,DAIRY,CHEESE,"COTTAGE, LOWFAT, FAT CONTENT LT 4 PCT",ALL PRODUCTION PRACTICES,ALL UTILIZATION PRACTICES,PRODUCTION,LB,"CHEESE, COTTAGE, LOWFAT, FAT CONTENT LT 4 PCT - PRODUCTION, MEASURED IN LB",TOTAL,NOT SPECIFIED,STATE,,98,OT,OTHER STATES,,,,,,,,00000000,,,9000,UNITED STATES,OTHER STATES,2022,MONTHLY,03,03,MAR,,2024-04-26 15:00:00.000,"16,373,000",
SURVEY,ANIMALS & PRODUCTS,DAIRY,CHEESE,"COTTAGE, LOWFAT, FAT CONTENT LT 4 PCT",ALL PRODUCTION PRACTICES,ALL UTILIZATION PRACTICES,PRODUCTION,LB,"CHEESE, COTTAGE, LOWFAT, FAT CONTENT LT 4 PCT - PRODUCTION, MEASURED IN LB",TOTAL,NOT SPECIFIED,STATE,,98,OT,OTHER STATES,,,,,,,,00000000,,,9000,UNITED STATES,OTHER STATES,2022,MONTHLY,04,04,APR,,2024-04-26 15:00:00.000,"15,225,000",
SURVEY,ANIMALS & PRODUCTS,DAIRY,CHEESE,"COTTAGE, LOWFAT, FAT CONTENT LT 4 PCT",ALL PRODUCTION PRACTICES,ALL UTILIZATION PRACTICES,PRODUCTION,LB,"CHEESE, COTTAGE, LOWFAT, FAT CONTENT LT 4 PCT - PRODUCTION, MEASURED IN LB",TOTAL,NOT SPECIFIED,STATE,,98,OT,OTHER STATES,,,,,,,,00000000,,,9000,UNITED STATES,OTHER STATES,2022,MONTHLY,05,05,MAY,,2024-04-26 15:00:00.000,"14,857,000",
SURVEY,ANIMALS & PRODUCTS,DAIRY,CHEESE,"COTTAGE, LOWFAT, FAT CONTENT LT 4 PCT",ALL PRODUCTION PRACTICES,ALL UTILIZATION PRACTICES,PRODUCTION,LB,"CHEESE, COTTAGE, LOWFAT, FAT CONTENT LT 4 PCT - PRODUCTION, MEASURED IN LB",TOTAL,NOT SPECIFIED,STATE,,98,OT,OTHER STATES,,,,,,,,00000000,,,9000,UNITED STATES,OTHER STATES,2022,MONTHLY,06,06,JUN,,2024-04-26 15:00:00.000,"15,126,000",
SURVEY,ANIMALS & PRODUCTS,DAIRY,CHEESE,"COTTAGE, LOWFAT, FAT CONTENT LT 4 PCT",ALL PRODUCTION PRACTICES,ALL UTILIZATION PRACTICES,PRODUCTION,LB,"CHEESE, COTTAGE, LOWFAT, FAT CONTENT LT 4 PCT - PRODUCTION, MEASURED IN LB",TOTAL,NOT SPECIFIED,STATE,,98,OT,OTHER STATES,,,,,,,,00000000,,,9000,UNITED STATES,OTHER STATES,2022,MONTHLY,07,07,JUL,,2024-04-26 15:00:00.000,"16,204,000",
SURVEY,ANIMALS & PRODUCTS,DAIRY,CHEESE,"COTTAGE, LOWFAT, FAT CONTENT LT 4 PCT",ALL PRODUCTION PRACTICES,ALL UTILIZATION PRACTICES,PRODUCTION,LB,"CHEESE, COTTAGE, LOWFAT, FAT CONTENT LT 4 PCT - PRODUCTION, MEASURED IN LB",TOTAL,NOT SPECIFIED,STATE,,98,OT,OTHER STATES,,,,,,,,00000000,,,9000,UNITED STATES,OTHER STATES,2022,MONTHLY,08,08,AUG,,2024-04-26 15:00:00.000,"16,520,000",
SURVEY,ANIMALS & PRODUCTS,DAIRY,CHEESE,"COTTAGE, LOWFAT, FAT CONTENT LT 4 PCT",ALL PRODUCTION PRACTICES,ALL UTILIZATION PRACTICES,PRODUCTION,LB,"CHEESE, COTTAGE, LOWFAT, FAT CONTENT LT 4 PCT - PRODUCTION, MEASURED IN LB",TOTAL,NOT SPECIFIED,STATE,,98,OT,OTHER STATES,,,,,,,,00000000,,,9000,UNITED STATES,OTHER STATES,2022,MONTHLY,09,09,SEP,,2024-04-26 15:00:00.000,"16,002,000",
SURVEY,ANIMALS & PRODUCTS,DAIRY,CHEESE,"COTTAGE, LOWFAT, FAT CONTENT LT 4 PCT",ALL PRODUCTION PRACTICES,ALL UTILIZATION PRACTICES,PRODUCTION,LB,"CHEESE, COTTAGE, LOWFAT, FAT CONTENT LT 4 PCT - PRODUCTION, MEASURED IN LB",TOTAL,NOT SPECIFIED,STATE,,98,OT,OTHER STATES,,,,,,,,00000000,,,9000,UNITED STATES,OTHER STATES,2022,MONTHLY,10,10,OCT,,2024-04-26 15:00:00.000,"15,129,000",
SURVEY,ANIMALS & PRODUCTS,DAIRY,CHEESE,"COTTAGE, LOWFAT, FAT CONTENT LT 4 PCT",ALL PRODUCTION PRACTICES,ALL UTILIZATION PRACTICES,PRODUCTION,LB,"CHEESE, COTTAGE, LOWFAT, FAT CONTENT LT 4 PCT - PRODUCTION, MEASURED IN LB",TOTAL,NOT SPECIFIED,STATE,,98,OT,OTHER STATES,,,,,,,,00000000,,,9000,UNITED STATES,OTHER STATES,2022,MONTHLY,11,11,NOV,,2024-04-26 15:00:00.000,"13,738,000",
SURVEY,ANIMALS & PRODUCTS,DAIRY,CHEESE,"COTTAGE, LOWFAT, FAT CONTENT LT 4 PCT",ALL PRODUCTION PRACTICES,ALL UTILIZATION PRACTICES,PRODUCTION,LB,"CHEESE, COTTAGE, LOWFAT, FAT CONTENT LT 4 PCT - PRODUCTION, MEASURED IN LB",TOTAL,NOT SPECIFIED,STATE,,98,OT,OTHER STATES,,,,,,,,00000000,,,9000,UNITED STATES,OTHER STATES,2022,MONTHLY,12,12,DEC,,2024-04-26 15:00:00.000,"13,957,000",
SURVEY,ANIMALS & PRODUCTS,DAIRY,CHEESE,"COTTAGE, LOWFAT, FAT CONTENT LT 4 PCT",ALL PRODUCTION PRACTICES,ALL UTILIZATION PRACTICES,PRODUCTION,LB,"CHEESE, COTTAGE, LOWFAT, FAT CONTENT LT 4 PCT - PRODUCTION, MEASURED IN LB",TOTAL,NOT SPECIFIED,STATE,36,36,NY,NEW YORK,,,,,,,,00000000,,,9000,UNITED STATES,NEW YORK,2022,MONTHLY,01,01,JAN,,2024-04-26 15:00:00.000,"6,566,000",
SURVEY,ANIMALS & PRODUCTS,DAIRY,CHEESE,"COTTAGE, LOWFAT, FAT CONTENT LT 4 PCT",ALL PRODUCTION PRACTICES,ALL UTILIZATION PRACTICES,PRODUCTION,LB,"CHEESE, COTTAGE, LOWFAT, FAT CONTENT LT 4 PCT - PRODUCTION, MEASURED IN LB",TOTAL,NOT SPECIFIED,STATE,36,36,NY,NEW YORK,,,,,,,,00000000,,,9000,UNITED STATES,NEW YORK,2022,MONTHLY,02,02,FEB,,2024-04-26 15:00:00.000,"7,497,000",
SURVEY,ANIMALS & PRODUCTS,DAIRY,CHEESE,"COTTAGE, LOWFAT, FAT CONTENT LT 4 PCT",ALL PRODUCTION PRACTICES,ALL UTILIZATION PRACTICES,PRODUCTION,LB,"CHEESE, COTTAGE, LOWFAT, FAT CONTENT LT 4 PCT - PRODUCTION, MEASURED IN LB",TOTAL,NOT SPECIFIED,STATE,36,36,NY,NEW YORK,,,,,,,,00000000,,,9000,UNITED STATES,NEW YORK,2022,MONTHLY,03,03,MAR,,2024-04-26 15:00:00.000,"7,676,000",
SURVEY,ANIMALS & PRODUCTS,DAIRY,CHEESE,"COTTAGE, LOWFAT, FAT CONTENT LT 4 PCT",ALL PRODUCTION PRACTICES,ALL UTILIZATION PRACTICES,PRODUCTION,LB,"CHEESE, COTTAGE, LOWFAT, FAT CONTENT LT 4 PCT - PRODUCTION, MEASURED IN LB",TOTAL,NOT SPECIFIED,STATE,36,36,NY,NEW YORK,,,,,,,,00000000,,,9000,UNITED STATES,NEW YORK,2022,MONTHLY,04,04,APR,,2024-04-26 15:00:00.000,"7,538,000",
SURVEY,ANIMALS & PRODUCTS,DAIRY,CHEESE,"COTTAGE, LOWFAT, FAT CONTENT LT 4 PCT",ALL PRODUCTION PRACTICES,ALL UTILIZATION PRACTICES,PRODUCTION,LB,"CHEESE, COTTAGE, LOWFAT, FAT CONTENT LT 4 PCT - PRODUCTION, MEASURED IN LB",TOTAL,NOT SPECIFIED,STATE,36,36,NY,NEW YORK,,,,,,,,00000000,,,9000,UNITED STATES,NEW YORK,2022,MONTHLY,05,05,MAY,,2024-04-26 15:00:00.000,"7,229,000",
SURVEY,ANIMALS & PRODUCTS,DAIRY,CHEESE,"COTTAGE, LOWFAT, FAT CONTENT LT 4 PCT",ALL PRODUCTION PRACTICES,ALL UTILIZATION PRACTICES,PRODUCTION,LB,"CHEESE, COTTAGE, LOWFAT, FAT CONTENT LT 4 PCT - PRODUCTION, MEASURED IN LB",TOTAL,NOT SPECIFIED,STATE,36,36,NY,NEW YORK,,,,,,,,00000000,,,9000,UNITED STATES,NEW YORK,2022,MONTHLY,06,06,JUN,,2024-04-26 15:00:00.000,"7,427,000",
SURVEY,ANIMALS & PRODUCTS,DAIRY,CHEESE,"COTTAGE, LOWFAT, FAT CONTENT LT 4 PCT",ALL PRODUCTION PRACTICES,ALL UTILIZATION PRACTICES,PRODUCTION,LB,"CHEESE, COTTAGE, LOWFAT, FAT CONTENT LT 4 PCT - PRODUCTION, MEASURED IN LB",TOTAL,NOT SPECIFIED,STATE,36,36,NY,NEW YORK,,,,,,,,00000000,,,9000,UNITED STATES,NEW YORK,2022,MONTHLY,07,07,JUL,,2024-04-26 15:00:00.000,"7,026,000",
SURVEY,ANIMALS & PRODUCTS,DAIRY,CHEESE,"COTTAGE, LOWFAT, FAT CONTENT LT 4 PCT",ALL PRODUCTION PRACTICES,ALL UTILIZATION PRACTICES,PRODUCTION,LB,"CHEESE, COTTAGE, LOWFAT, FAT CONTENT LT 4 PCT - PRODUCTION, MEASURED IN LB",TOTAL,NOT SPECIFIED,STATE,36,36,NY,NEW YORK,,,,,,,,00000000,,,9000,UNITED STATES,NEW YORK,2022,MONTHLY,08,08,AUG,,2024-04-26 15:00:00.000,"8,693,000",
SURVEY,ANIMALS & PRODUCTS,DAIRY,CHEESE,"COTTAGE, LOWFAT, FAT CONTENT LT 4 PCT",ALL PRODUCTION PRACTICES,ALL UTILIZATION PRACTICES,PRODUCTION,LB,"CHEESE, COTTAGE, LOWFAT, FAT CONTENT LT 4 PCT - PRODUCTION, MEASURED IN LB",TOTAL,NOT SPECIFIED,STATE,36,36,NY,NEW YORK,,,,,,,,00000000,,,9000,UNITED STATES,NEW YORK,2022,MONTHLY,09,09,SEP,,2024-04-26 15:00:00.000,"7,722,000",
SURVEY,ANIMALS & PRODUCTS,DAIRY,CHEESE,"COTTAGE, LOWFAT, FAT CONTENT LT 4 PCT",ALL PRODUCTION PRACTICES,ALL UTILIZATION PRACTICES,PRODUCTION,LB,"CHEESE, COTTAGE, LOWFAT, FAT CONTENT LT 4 PCT - PRODUCTION, MEASURED IN LB",TOTAL,NOT SPECIFIED,STATE,36,36,NY,NEW YORK,,,,,,,,00000000,,,9000,UNITED STATES,NEW YORK,2022,MONTHLY,10,10,OCT,,2024-04-26 15:00:00.000,"6,896,000",
SURVEY,ANIMALS & PRODUCTS,DAIRY,CHEESE,"COTTAGE, LOWFAT, FAT CONTENT LT 4 PCT",ALL PRODUCTION PRACTICES,ALL UTILIZATION PRACTICES,PRODUCTION,LB,"CHEESE, COTTAGE, LOWFAT, FAT CONTENT LT 4 PCT - PRODUCTION, MEASURED IN LB",TOTAL,NOT SPECIFIED,STATE,36,36,NY,NEW YORK,,,,,,,,00000000,,,9000,UNITED STATES,NEW YORK,2022,MONTHLY,11,11,NOV,,2024-04-26 15:00:00.000,"6,645,000",
SURVEY,ANIMALS & PRODUCTS,DAIRY,CHEESE,"COTTAGE, LOWFAT, FAT CONTENT LT 4 PCT",ALL PRODUCTION PRACTICES,ALL UTILIZATION PRACTICES,PRODUCTION,LB,"CHEESE, COTTAGE, LOWFAT, FAT CONTENT LT 4 PCT - PRODUCTION, MEASURED IN LB",TOTAL,NOT SPECIFIED,STATE,36,36,NY,NEW YORK,,,,,,,,00000000,,,9000,UNITED STATES,NEW YORK,2022,MONTHLY,12,12,DEC,,2024-04-26 15:00:00.000,"6,512,000",
SURVEY,ANIMALS & PRODUCTS,DAIRY,CHEESE,"COTTAGE, LOWFAT, FAT CONTENT LT 4 PCT",ALL PRODUCTION PRACTICES,ALL UTILIZATION PRACTICES,PRODUCTION,LB,"CHEESE, COTTAGE, LOWFAT, FAT CONTENT LT 4 PCT - PRODUCTION, MEASURED IN LB",TOTAL,NOT SPECIFIED,STATE,39,39,OH,OHIO,,,,,,,,00000000,,,9000,UNITED STATES,OHIO,2022,MONTHLY,01,01,JAN,,2024-04-26 15:00:00.000,"1,870,000",
SURVEY,ANIMALS & PRODUCTS,DAIRY,CHEESE,"COTTAGE, LOWFAT, FAT CONTENT LT 4 PCT",ALL PRODUCTION PRACTICES,ALL UTILIZATION PRACTICES,PRODUCTION,LB,"CHEESE, COTTAGE, LOWFAT, FAT CONTENT LT 4 PCT - PRODUCTION, MEASURED IN LB",TOTAL,NOT SPECIFIED,STATE,39,39,OH,OHIO,,,,,,,,00000000,,,9000,UNITED STATES,OHIO,2022,MONTHLY,02,02,FEB,,2024-04-26 15:00:00.000,"1,887,000",
SURVEY,ANIMALS & PRODUCTS,DAIRY,CHEESE,"COTTAGE, LOWFAT, FAT CONTENT LT 4 PCT",ALL PRODUCTION PRACTICES,ALL UTILIZATION PRACTICES,PRODUCTION,LB,"CHEESE, COTTAGE, LOWFAT, FAT CONTENT LT 4 PCT - PRODUCTION, MEASURED IN LB",TOTAL,NOT SPECIFIED,STATE,39,39,OH,OHIO,,,,,,,,00000000,,,9000,UNITED STATES,OHIO,2022,MONTHLY,03,03,MAR,,2024-04-26 15:00:00.000,"2,522,000",
SURVEY,ANIMALS & PRODUCTS,DAIRY,CHEESE,"COTTAGE, LOWFAT, FAT CONTENT LT 4 PCT",ALL PRODUCTION PRACTICES,ALL UTILIZATION PRACTICES,PRODUCTION,LB,"CHEESE, COTTAGE, LOWFAT, FAT CONTENT LT 4 PCT - PRODUCTION, MEASURED IN LB",TOTAL,NOT SPECIFIED,STATE,39,39,OH,OHIO,,,,,,,,00000000,,,9000,UNITED STATES,OHIO,2022,MONTHLY,04,04,APR,,2024-04-26 15:00:00.000,"2,058,000",
SURVEY,ANIMALS & PRODUCTS,DAIRY,CHEESE,"COTTAGE, LOWFAT, FAT CONTENT LT 4 PCT",ALL PRODUCTION PRACTICES,ALL UTILIZATION PRACTICES,PRODUCTION,LB,"CHEESE, COTTAGE, LOWFAT, FAT CONTENT LT 4 PCT - PRODUCTION, MEASURED IN LB",TOTAL,NOT SPECIFIED,STATE,39,39,OH,OHIO,,,,,,,,00000000,,,9000,UNITED STATES,OHIO,2022,MONTHLY,05,05,MAY,,2024-04-26 15:00:00.000,"1,844,000",
SURVEY,ANIMALS & PRODUCTS,DAIRY,CHEESE,"COTTAGE, LOWFAT, FAT CONTENT LT 4 PCT",ALL PRODUCTION PRACTICES,ALL UTILIZATION PRACTICES,PRODUCTION,LB,"CHEESE, COTTAGE, LOWFAT, FAT CONTENT LT 4 PCT - PRODUCTION, MEASURED IN LB",TOTAL,NOT SPECIFIED,STATE,39,39,OH,OHIO,,,,,,,,00000000,,,9000,UNITED STATES,OHIO,2022,MONTHLY,06,06,JUN,,2024-04-26 15:00:00.000,"1,806,000",
SURVEY,ANIMALS & PRODUCTS,DAIRY,CHEESE,"COTTAGE, LOWFAT, FAT CONTENT LT 4 PCT",ALL PRODUCTION PRACTICES,ALL UTILIZATION PRACTICES,PRODUCTION,LB,"CHEESE, COTTAGE, LOWFAT, FAT CONTENT LT 4 PCT - PRODUCTION, MEASURED IN LB",TOTAL,NOT SPECIFIED,STATE,39,39,OH,OHIO,,,,,,,,00000000,,,9000,UNITED STATES,OHIO,2022,MONTHLY,07,07,JUL,,2024-04-26 15:00:00.000,"1,596,000",
SURVEY,ANIMALS & PRODUCTS,DAIRY,CHEESE,"COTTAGE, LOWFAT, FAT CONTENT LT 4 PCT",ALL PRODUCTION PRACTICES,ALL UTILIZATION PRACTICES,PRODUCTION,LB,"CHEESE, COTTAGE, LOWFAT, FAT CONTENT LT 4 PCT - PRODUCTION, MEASURED IN LB",TOTAL,NOT SPECIFIED,STATE,39,39,OH,OHIO,,,,,,,,00000000,,,9000,UNITED STATES,OHIO,2022,MONTHLY,08,08,AUG,,2024-04-26 15:00:00.000,"2,214,000",
SURVEY,ANIMALS & PRODUCTS,DAIRY,CHEESE,"COTTAGE, LOWFAT, FAT CONTENT LT 4 PCT",ALL PRODUCTION PRACTICES,ALL UTILIZATION PRACTICES,PRODUCTION,LB,"CHEESE, COTTAGE, LOWFAT, FAT CONTENT LT 4 PCT - PRODUCTION, MEASURED IN LB",TOTAL,NOT SPECIFIED,STATE,39,39,OH,OHIO,,,,,,,,00000000,,,9000,UNITED STATES,OHIO,2022,MONTHLY,09,09,SEP,,2024-04-26 15:00:00.000,"1,696,000",
SURVEY,ANIMALS & PRODUCTS,DAIRY,CHEESE,"COTTAGE, LOWFAT, FAT CONTENT LT 4 PCT",ALL PRODUCTION PRACTICES,ALL UTILIZATION PRACTICES,PRODUCTION,LB,"CHEESE, COTTAGE, LOWFAT, FAT CONTENT LT 4 PCT - PRODUCTION, MEASURED IN LB",TOTAL,NOT SPECIFIED,STATE,39,39,OH,OHIO,,,,,,,,00000000,,,9000,UNITED STATES,OHIO,2022,MONTHLY,10,10,OCT,,2024-04-26 15:00:00.000,"1,886,000",
SURVEY,ANIMALS & PRODUCTS,DAIRY,CHEESE,"COTTAGE, LOWFAT, FAT CONTENT LT 4 PCT",ALL PRODUCTION PRACTICES,ALL UTILIZATION PRACTICES,PRODUCTION,LB,"CHEESE, COTTAGE, LOWFAT, FAT CONTENT LT 4 PCT - PRODUCTION, MEASURED IN LB",TOTAL,NOT SPECIFIED,STATE,39,39,OH,OHIO,,,,,,,,00000000,,,9000,UNITED STATES,OHIO,2022,MONTHLY,11,11,NOV,,2024-04-26 15:00:00.000,"1,652,000",
SURVEY,ANIMALS & PRODUCTS,DAIRY,CHEESE,"COTTAGE, LOWFAT, FAT CONTENT LT 4 PCT",ALL PRODUCTION PRACTICES,ALL UTILIZATION PRACTICES,PRODUCTION,LB,"CHEESE, COTTAGE, LOWFAT, FAT CONTENT LT 4 PCT - PRODUCTION, MEASURED IN LB",TOTAL,NOT SPECIFIED,STATE,39,39,OH,OHIO,,,,,,,,00000000,,,9000,UNITED STATES,OHIO,2022,MONTHLY,12,12,DEC,,2024-04-26 15:00:00.000,"1,389,000",
SURVEY,ANIMALS & PRODUCTS,DAIRY,CHEESE,HISPANIC,ALL PRODUCTION PRACTICES,ALL UTILIZATION PRACTICES,PRODUCTION,LB,"CHEESE, HISPANIC - PRODUCTION, MEASURED IN LB",TOTAL,NOT SPECIFIED,STATE,,98,OT,OTHER STATES,,,,,,,,00000000,,,9000,UNITED STATES,OTHER STATES,2022,MONTHLY,01,01,JAN,,2024-04-26 15:00:00.000,"6,867,000",
SURVEY,ANIMALS & PRODUCTS,DAIRY,CHEESE,HISPANIC,ALL PRODUCTION PRACTICES,ALL UTILIZATION PRACTICES,PRODUCTION,LB,"CHEESE, HISPANIC - PRODUCTION, MEASURED IN LB",TOTAL,NOT SPECIFIED,STATE,,98,OT,OTHER STATES,,,,,,,,00000000,,,9000,UNITED STATES,OTHER STATES,2022,MONTHLY,02,02,FEB,,2024-04-26 15:00:00.000,"7,466,000",
SURVEY,ANIMALS & PRODUCTS,DAIRY,CHEESE,HISPANIC,ALL PRODUCTION PRACTICES,ALL UTILIZATION PRACTICES,PRODUCTION,LB,"CHEESE, HISPANIC - PRODUCTION, MEASURED IN LB",TOTAL,NOT SPECIFIED,STATE,,98,OT,OTHER STATES,,,,,,,,00000000,,,9000,UNITED STATES,OTHER STATES,2022,MONTHLY,03,03,MAR,,2024-04-26 15:00:00.000,"7,334,000",
SURVEY,ANIMALS & PRODUCTS,DAIRY,CHEESE,HISPANIC,ALL PRODUCTION PRACTICES,ALL UTILIZATION PRACTICES,PRODUCTION,LB,"CHEESE, HISPANIC - PRODUCTION, MEASURED IN LB",TOTAL,NOT SPECIFIED,STATE,,98,OT,OTHER STATES,,,,,,,,00000000,,,9000,UNITED STATES,OTHER STATES,2022,MONTHLY,04,04,APR,,2024-04-26 15:00:00.000,"6,259,000",
SURVEY,ANIMALS & PRODUCTS,DAIRY,CHEESE,HISPANIC,ALL PRODUCTION PRACTICES,ALL UTILIZATION PRACTICES,PRODUCTION,LB,"CHEESE, HISPANIC - PRODUCTION, MEASURED IN LB",TOTAL,NOT SPECIFIED,STATE,,98,OT,OTHER STATES,,,,,,,,00000000,,,9000,UNITED STATES,OTHER STATES,2022,MONTHLY,05,05,MAY,,2024-04-26 15:00:00.000,"7,857,000",
SURVEY,ANIMALS & PRODUCTS,DAIRY,CHEESE,HISPANIC,ALL PRODUCTION PRACTICES,ALL UTILIZATION PRACTICES,PRODUCTION,LB,"CHEESE, HISPANIC - PRODUCTION, MEASURED IN LB",TOTAL,NOT SPECIFIED,STATE,,98,OT,OTHER STATES,,,,,,,,00000000,,,9000,UNITED STATES,OTHER STATES,2022,MONTHLY,06,06,JUN,,2024-04-26 15:00:00.000,"8,366,000",
SURVEY,ANIMALS & PRODUCTS,DAIRY,CHEESE,HISPANIC,ALL PRODUCTION PRACTICES,ALL UTILIZATION PRACTICES,PRODUCTION,LB,"CHEESE, HISPANIC - PRODUCTION, MEASURED IN LB",TOTAL,NOT SPECIFIED,STATE,,98,OT,OTHER STATES,,,,,,,,00000000,,,9000,UNITED STATES,OTHER STATES,2022,MONTHLY,07,07,JUL,,2024-04-26 15:00:00.000,"8,560,000",
SURVEY,ANIMALS & PRODUCTS,DAIRY,CHEESE,HISPANIC,ALL PRODUCTION PRACTICES,ALL UTILIZATION PRACTICES,PRODUCTION,LB,"CHEESE, HISPANIC - PRODUCTION, MEASURED IN LB",TOTAL,NOT SPECIFIED,STATE,,98,OT,OTHER STATES,,,,,,,,00000000,,,9000,UNITED STATES,OTHER STATES,2022,MONTHLY,08,08,AUG,,2024-04-26 15:00:00.000,"8,701,000",
SURVEY,ANIMALS & PRODUCTS,DAIRY,CHEESE,HISPANIC,ALL PRODUCTION PRACTICES,ALL UTILIZATION PRACTICES,PRODUCTION,LB,"CHEESE, HISPANIC - PRODUCTION, MEASURED IN LB",TOTAL,NOT SPECIFIED,STATE,,98,OT,OTHER STATES,,,,,,,,00000000,,,9000,UNITED STATES,OTHER STATES,2022,MONTHLY,09,09,SEP,,2024-04-26 15:00:00.000,"7,511,000",
SURVEY,ANIMALS & PRODUCTS,DAIRY,CHEESE,HISPANIC,ALL PRODUCTION PRACTICES,ALL UTILIZATION PRACTICES,PRODUCTION,LB,"CHEESE, HISPANIC - PRODUCTION, MEASURED IN LB",TOTAL,NOT SPECIFIED,STATE,,98,OT,OTHER STATES,,,,,,,,00000000,,,9000,UNITED STATES,OTHER STATES,2022,MONTHLY,10,10,OCT,,2024-04-26 15:00:00.000,"8,136,000",
SURVEY,ANIMALS & PRODUCTS,DAIRY,CHEESE,HISPANIC,ALL PRODUCTION PRACTICES,ALL UTILIZATION PRACTICES,PRODUCTION,LB,"CHEESE, HISPANIC - PRODUCTION, MEASURED IN LB",TOTAL,NOT SPECIFIED,STATE,,98,OT,OTHER STATES,,,,,,,,00000000,,,9000,UNITED STATES,OTHER STATES,2022,MONTHLY,11,11,NOV,,2024-04-26 15:00:00.000,"7,951,000",
SURVEY,ANIMALS & PRODUCTS,DAIRY,CHEESE,HISPANIC,ALL PRODUCTION PRACTICES,ALL UTILIZATION PRACTICES,PRODUCTION,LB,"CHEESE, HISPANIC - PRODUCTION, MEASURED IN LB",TOTAL,NOT SPECIFIED,STATE,,98,OT,OTHER STATES,,,,,,,,00000000,,,9000,UNITED STATES,OTHER STATES,2022,MONTHLY,12,12,DEC,,2024-04-26 15:00:00.000,"7,952,000",
SURVEY,ANIMALS & PRODUCTS,DAIRY,CHEESE,HISPANIC,ALL PRODUCTION PRACTICES,ALL UTILIZATION PRACTICES,PRODUCTION,LB,"CHEESE, HISPANIC - PRODUCTION, MEASURED IN LB",TOTAL,NOT SPECIFIED,STATE,06,06,CA,CALIFORNIA,,,,,,,,00000000,,,9000,UNITED STATES,CALIFORNIA,2022,MONTHLY,01,01,JAN,,2024-04-26 15:00:00.000,"11,931,000",
SURVEY,ANIMALS & PRODUCTS,DAIRY,CHEESE,HISPANIC,ALL PRODUCTION PRACTICES,ALL UTILIZATION PRACTICES,PRODUCTION,LB,"CHEESE, HISPANIC - PRODUCTION, MEASURED IN LB",TOTAL,NOT SPECIFIED,STATE,06,06,CA,CALIFORNIA,,,,,,,,00000000,,,9000,UNITED STATES,CALIFORNIA,2022,MONTHLY,02,02,FEB,,2024-04-26 15:00:00.000,"13,562,000",
SURVEY,ANIMALS & PRODUCTS,DAIRY,CHEESE,HISPANIC,ALL PRODUCTION PRACTICES,ALL UTILIZATION PRACTICES,PRODUCTION,LB,"CHEESE, HISPANIC - PRODUCTION, MEASURED IN LB",TOTAL,NOT SPECIFIED,STATE,06,06,CA,CALIFORNIA,,,,,,,,00000000,,,9000,UNITED STATES,CALIFORNIA,2022,MONTHLY,03,03,MAR,,2024-04-26 15:00:00.000,"14,832,000",
SURVEY,ANIMALS & PRODUCTS,DAIRY,CHEESE,HISPANIC,ALL PRODUCTION PRACTICES,ALL UTILIZATION PRACTICES,PRODUCTION,LB,"CHEESE, HISPANIC - PRODUCTION, MEASURED IN LB",TOTAL,NOT SPECIFIED,STATE,06,06,CA,CALIFORNIA,,,,,,,,00000000,,,9000,UNITED STATES,CALIFORNIA,2022,MONTHLY,04,04,APR,,2024-04-26 15:00:00.000,"13,396,000",
SURVEY,ANIMALS & PRODUCTS,DAIRY,CHEESE,HISPANIC,ALL PRODUCTION PRACTICES,ALL UTILIZATION PRACTICES,PRODUCTION,LB,"CHEESE, HISPANIC - PRODUCTION, MEASURED IN LB",TOTAL,NOT SPECIFIED,STATE,06,06,CA,CALIFORNIA,,,,,,,,00000000,,,9000,UNITED STATES,CALIFORNIA,2022,MONTHLY,05,05,MAY,,2024-04-26 15:00:00.000,"13,315,000",
SURVEY,ANIMALS & PRODUCTS,DAIRY,CHEESE,HISPANIC,ALL PRODUCTION PRACTICES,ALL UTILIZATION PRACTICES,PRODUCTION,LB,"CHEESE, HISPANIC - PRODUCTION, MEASURED IN LB",TOTAL,NOT SPECIFIED,STATE,06,06,CA,CALIFORNIA,,,,,,,,00000000,,,9000,UNITED STATES,CALIFORNIA,2022,MONTHLY,06,06,JUN,,2024-04-26 15:00:00.000,"13,624,000",
SURVEY,ANIMALS & PRODUCTS,DAIRY,CHEESE,HISPANIC,ALL PRODUCTION PRACTICES,ALL UTILIZATION PRACTICES,PRODUCTION,LB,"CHEESE, HISPANIC - PRODUCTION, MEASURED IN LB",TOTAL,NOT SPECIFIED,STATE,06,06,CA,CALIFORNIA,,,,,,,,00000000,,,9000,UNITED STATES,CALIFORNIA,2022,MONTHLY,07,07,JUL,,2024-04-26 15:00:00.000,"13,821,000",
SURVEY,ANIMALS & PRODUCTS,DAIRY,CHEESE,HISPANIC,ALL PRODUCTION PRACTICES,ALL UTILIZATION PRACTICES,PRODUCTION,LB,"CHEESE, HISPANIC - PRODUCTION, MEASURED IN LB",TOTAL,NOT SPECIFIED,STATE,06,06,CA,CALIFORNIA,,,,,,,,00000000,,,9000,UNITED STATES,CALIFORNIA,2022,MONTHLY,08,08,AUG,,2024-04-26 15:00:00.000,"15,247,000",
SURVEY,ANIMALS & PRODUCTS,DAIRY,CHEESE,HISPANIC,ALL PRODUCTION PRACTICES,ALL UTILIZATION PRACTICES,PRODUCTION,LB,"CHEESE, HISPANIC - PRODUCTION, MEASURED IN LB",TOTAL,NOT SPECIFIED,STATE,06,06,CA,CALIFORNIA,,,,,,,,00000000,,,9000,UNITED STATES,CALIFORNIA,2022,MONTHLY,09,09,SEP,,2024-04-26 15:00:00.000,"14,002,000",
SURVEY,ANIMALS & PRODUCTS,DAIRY,CHEESE,HISPANIC,ALL PRODUCTION PRACTICES,ALL UTILIZATION PRACTICES,PRODUCTION,LB,"CHEESE, HISPANIC - PRODUCTION, MEASURED IN LB",TOTAL,NOT SPECIFIED,STATE,06,06,CA,CALIFORNIA,,,,,,,,00000000,,,9000,UNITED STATES,CALIFORNIA,2022,MONTHLY,10,10,OCT,,2024-04-26 15:00:00.000,"13,685,000",
SURVEY,ANIMALS & PRODUCTS,DAIRY,CHEESE,HISPANIC,ALL PRODUCTION PRACTICES,ALL UTILIZATION PRACTICES,PRODUCTION,LB,"CHEESE, HISPANIC - PRODUCTION, MEASURED IN LB",TOTAL,NOT SPECIFIED,STATE,06,06,CA,CALIFORNIA,,,,,,,,00000000,,,9000,UNITED STATES,CALIFORNIA,2022,MONTHLY,11,11,NOV,,2024-04-26 15:00:00.000,"14,501,000",
SURVEY,ANIMALS & PRODUCTS,DAIRY,CHEESE,HISPANIC,ALL PRODUCTION PRACTICES,ALL UTILIZATION PRACTICES,PRODUCTION,LB,"CHEESE, HISPANIC - PRODUCTION, MEASURED IN LB",TOTAL,NOT SPECIFIED,STATE,06,06,CA,CALIFORNIA,,,,,,,,00000000,,,9000,UNITED STATES,CALIFORNIA,2022,MONTHLY,12,12,DEC,,2024-04-26 15:00:00.000,"13,820,000",
SURVEY,ANIMALS & PRODUCTS,DAIRY,CHEESE,HISPANIC,ALL PRODUCTION PRACTICES,ALL UTILIZATION PRACTICES,PRODUCTION,LB,"CHEESE, HISPANIC - PRODUCTION, MEASURED IN LB",TOTAL,NOT SPECIFIED,STATE,55,55,WI,WISCONSIN,,,,,,,,00000000,,,9000,UNITED STATES,WISCONSIN,2022,MONTHLY,01,01,JAN,,2024-04-26 15:00:00.000,"9,420,000",
SURVEY,ANIMALS & PRODUCTS,DAIRY,CHEESE,HISPANIC,ALL PRODUCTION PRACTICES,ALL UTILIZATION PRACTICES,PRODUCTION,LB,"CHEESE, HISPANIC - PRODUCTION, MEASURED IN LB",TOTAL,NOT SPECIFIED,STATE,55,55,WI,WISCONSIN,,,,,,,,00000000,,,9000,UNITED STATES,WISCONSIN,2022,MONTHLY,02,02,FEB,,2024-04-26 15:00:00.000,"10,099,000",
SURVEY,ANIMALS & PRODUCTS,DAIRY,CHEESE,HISPANIC,ALL PRODUCTION PRACTICES,ALL UTILIZATION PRACTICES,PRODUCTION,LB,"CHEESE, HISPANIC - PRODUCTION, MEASURED IN LB",TOTAL,NOT SPECIFIED,STATE,55,55,WI,WISCONSIN,,,,,,,,00000000,,,9000,UNITED STATES,WISCONSIN,2022,MONTHLY,03,03,MAR,,2024-04-26 15:00:00.000,"10,577,000",
SURVEY,ANIMALS & PRODUCTS,DAIRY,CHEESE,HISPANIC,ALL PRODUCTION PRACTICES,ALL UTILIZATION PRACTICES,PRODUCTION,LB,"CHEESE, HISPANIC - PRODUCTION, MEASURED IN LB",TOTAL,NOT SPECIFIED,STATE,55,55,WI,WISCONSIN,,,,,,,,00000000,,,9000,UNITED STATES,WISCONSIN,2022,MONTHLY,04,04,APR,,2024-04-26 15:00:00.000,"9,398,000",
SURVEY,ANIMALS & PRODUCTS,DAIRY,CHEESE,HISPANIC,ALL PRODUCTION PRACTICES,ALL UTILIZATION PRACTICES,PRODUCTION,LB,"CHEESE, HISPANIC - PRODUCTION, MEASURED IN LB",TOTAL,NOT SPECIFIED,STATE,55,55,WI,WISCONSIN,,,,,,,,00000000,,,9000,UNITED STATES,WISCONSIN,2022,MONTHLY,05,05,MAY,,2024-04-26 15:00:00.000,"9,998,000",
SURVEY,ANIMALS & PRODUCTS,DAIRY,CHEESE,HISPANIC,ALL PRODUCTION PRACTICES,ALL UTILIZATION PRACTICES,PRODUCTION,LB,"CHEESE, HISPANIC - PRODUCTION, MEASURED IN LB",TOTAL,NOT SPECIFIED,STATE,55,55,WI,WISCONSIN,,,,,,,,00000000,,,9000,UNITED STATES,WISCONSIN,2022,MONTHLY,06,06,JUN,,2024-04-26 15:00:00.000,"10,265,000",
SURVEY,ANIMALS & PRODUCTS,DAIRY,CHEESE,HISPANIC,ALL PRODUCTION PRACTICES,ALL UTILIZATION PRACTICES,PRODUCTION,LB,"CHEESE, HISPANIC - PRODUCTION, MEASURED IN LB",TOTAL,NOT SPECIFIED,STATE,55,55,WI,WISCONSIN,,,,,,,,00000000,,,9000,UNITED STATES,WISCONSIN,2022,MONTHLY,07,07,JUL,,2024-04-26 15:00:00.000,"10,932,000",
SURVEY,ANIMALS & PRODUCTS,DAIRY,CHEESE,HISPANIC,ALL PRODUCTION PRACTICES,ALL UTILIZATION PRACTICES,PRODUCTION,LB,"CHEESE, HISPANIC - PRODUCTION, MEASURED IN LB",TOTAL,NOT SPECIFIED,STATE,55,55,WI,WISCONSIN,,,,,,,,00000000,,,9000,UNITED STATES,WISCONSIN,2022,MONTHLY,08,08,AUG,,2024-04-26 15:00:00.000,"11,128,000",
SURVEY,ANIMALS & PRODUCTS,DAIRY,CHEESE,HISPANIC,ALL PRODUCTION PRACTICES,ALL UTILIZATION PRACTICES,PRODUCTION,LB,"CHEESE, HISPANIC - PRODUCTION, MEASURED IN LB",TOTAL,NOT SPECIFIED,STATE,55,55,WI,WISCONSIN,,,,,,,,00000000,,,9000,UNITED STATES,WISCONSIN,2022,MONTHLY,09,09,SEP,,2024-04-26 15:00:00.000,"11,449,000",
SURVEY,ANIMALS & PRODUCTS,DAIRY,CHEESE,HISPANIC,ALL PRODUCTION PRACTICES,ALL UTILIZATION PRACTICES,PRODUCTION,LB,"CHEESE, HISPANIC - PRODUCTION, MEASURED IN LB",TOTAL,NOT SPECIFIED,STATE,55,55,WI,WISCONSIN,,,,,,,,00000000,,,9000,UNITED STATES,WISCONSIN,2022,MONTHLY,10,10,OCT,,2024-04-26 15:00:00.000,"12,092,000",
SURVEY,ANIMALS & PRODUCTS,DAIRY,CHEESE,HISPANIC,ALL PRODUCTION PRACTICES,ALL UTILIZATION PRACTICES,PRODUCTION,LB,"CHEESE, HISPANIC - PRODUCTION, MEASURED IN LB",TOTAL,NOT SPECIFIED,STATE,55,55,WI,WISCONSIN,,,,,,,,00000000,,,9000,UNITED STATES,WISCONSIN,2022,MONTHLY,11,11,NOV,,2024-04-26 15:00:00.000,"11,396,000",
SURVEY,ANIMALS & PRODUCTS,DAIRY,CHEESE,HISPANIC,ALL PRODUCTION PRACTICES,ALL UTILIZATION PRACTICES,PRODUCTION,LB,"CHEESE, HISPANIC - PRODUCTION, MEASURED IN LB",TOTAL,NOT SPECIFIED,STATE,55,55,WI,WISCONSIN,,,,,,,,00000000,,,9000,UNITED STATES,WISCONSIN,2022,MONTHLY,12,12,DEC,,2024-04-26 15:00:00.000,"10,858,000",
SURVEY,ANIMALS & PRODUCTS,DAIRY,CHEESE,ITALIAN,ALL PRODUCTION PRACTICES,ALL UTILIZATION PRACTICES,PRODUCTION,LB,"CHEESE, ITALIAN - PRODUCTION, MEASURED IN LB",TOTAL,NOT SPECIFIED,STATE,,98,OT,OTHER STATES,,,,,,,,00000000,,,9000,UNITED STATES,OTHER STATES,2022,MONTHLY,01,01,JAN,,2024-04-26 15:00:00.000,"156,219,000",
SURVEY,ANIMALS & PRODUCTS,DAIRY,CHEESE,ITALIAN,ALL PRODUCTION PRACTICES,ALL UTILIZATION PRACTICES,PRODUCTION,LB,"CHEESE, ITALIAN - PRODUCTION, MEASURED IN LB",TOTAL,NOT SPECIFIED,STATE,,98,OT,OTHER STATES,,,,,,,,00000000,,,9000,UNITED STATES,OTHER STATES,2022,MONTHLY,02,02,FEB,,2024-04-26 15:00:00.000,"133,913,000",
SURVEY,ANIMALS & PRODUCTS,DAIRY,CHEESE,ITALIAN,ALL PRODUCTION PRACTICES,ALL UTILIZATION PRACTICES,PRODUCTION,LB,"CHEESE, ITALIAN - PRODUCTION, MEASURED IN LB",TOTAL,NOT SPECIFIED,STATE,,98,OT,OTHER STATES,,,,,,,,00000000,,,9000,UNITED STATES,OTHER STATES,2022,MONTHLY,03,03,MAR,,2024-04-26 15:00:00.000,"159,464,000",
SURVEY,ANIMALS & PRODUCTS,DAIRY,CHEESE,ITALIAN,ALL PRODUCTION PRACTICES,ALL UTILIZATION PRACTICES,PRODUCTION,LB,"CHEESE, ITALIAN - PRODUCTION, MEASURED IN LB",TOTAL,NOT SPECIFIED,STATE,,98,OT,OTHER STATES,,,,,,,,00000000,,,9000,UNITED STATES,OTHER STATES,2022,MONTHLY,04,04,APR,,2024-04-26 15:00:00.000,"151,766,000",
SURVEY,ANIMALS & PRODUCTS,DAIRY,CHEESE,ITALIAN,ALL PRODUCTION PRACTICES,ALL UTILIZATION PRACTICES,PRODUCTION,LB,"CHEESE, ITALIAN - PRODUCTION, MEASURED IN LB",TOTAL,NOT SPECIFIED,STATE,,98,OT,OTHER STATES,,,,,,,,00000000,,,9000,UNITED STATES,OTHER STATES,2022,MONTHLY,05,05,MAY,,2024-04-26 15:00:00.000,"148,730,000",
SURVEY,ANIMALS & PRODUCTS,DAIRY,CHEESE,ITALIAN,ALL PRODUCTION PRACTICES,ALL UTILIZATION PRACTICES,PRODUCTION,LB,"CHEESE, ITALIAN - PRODUCTION, MEASURED IN LB",TOTAL,NOT SPECIFIED,STATE,,98,OT,OTHER STATES,,,,,,,,00000000,,,9000,UNITED STATES,OTHER STATES,2022,MONTHLY,06,06,JUN,,2024-04-26 15:00:00.000,"149,037,000",
SURVEY,ANIMALS & PRODUCTS,DAIRY,CHEESE,ITALIAN,ALL PRODUCTION PRACTICES,ALL UTILIZATION PRACTICES,PRODUCTION,LB,"CHEESE, ITALIAN - PRODUCTION, MEASURED IN LB",TOTAL,NOT SPECIFIED,STATE,,98,OT,OTHER STATES,,,,,,,,00000000,,,9000,UNITED STATES,OTHER STATES,2022,MONTHLY,07,07,JUL,,2024-04-26 15:00:00.000,"152,478,000",
SURVEY,ANIMALS & PRODUCTS,DAIRY,CHEESE,ITALIAN,ALL PRODUCTION PRACTICES,ALL UTILIZATION PRACTICES,PRODUCTION,LB,"CHEESE, ITALIAN - PRODUCTION, MEASURED IN LB",TOTAL,NOT SPECIFIED,STATE,,98,OT,OTHER STATES,,,,,,,,00000000,,,9000,UNITED STATES,OTHER STATES,2022,MONTHLY,08,08,AUG,,2024-04-26 15:00:00.000,"148,912,000",
SURVEY,ANIMALS & PRODUCTS,DAIRY,CHEESE,ITALIAN,ALL PRODUCTION PRACTICES,ALL UTILIZATION PRACTICES,PRODUCTION,LB,"CHEESE, ITALIAN - PRODUCTION, MEASURED IN LB",TOTAL,NOT SPECIFIED,STATE,,98,OT,OTHER STATES,,,,,,,,00000000,,,9000,UNITED STATES,OTHER STATES,2022,MONTHLY,09,09,SEP,,2024-04-26 15:00:00.000,"156,738,000",
SURVEY,ANIMALS & PRODUCTS,DAIRY,CHEESE,ITALIAN,ALL PRODUCTION PRACTICES,ALL UTILIZATION PRACTICES,PRODUCTION,LB,"CHEESE, ITALIAN - PRODUCTION, MEASURED IN LB",TOTAL,NOT SPECIFIED,STATE,,98,OT,OTHER STATES,,,,,,,,00000000,,,9000,UNITED STATES,OTHER STATES,2022,MONTHLY,10,10,OCT,,2024-04-26 15:00:00.000,"157,140,000",
SURVEY,ANIMALS & PRODUCTS,DAIRY,CHEESE,ITALIAN,ALL PRODUCTION PRACTICES,ALL UTILIZATION PRACTICES,PRODUCTION,LB,"CHEESE, ITALIAN - PRODUCTION, MEASURED IN LB",TOTAL,NOT SPECIFIED,STATE,,98,OT,OTHER STATES,,,,,,,,00000000,,,9000,UNITED STATES,OTHER STATES,2022,MONTHLY,11,11,NOV,,2024-04-26 15:00:00.000,"148,305,000",
SURVEY,ANIMALS & PRODUCTS,DAIRY,CHEESE,ITALIAN,ALL PRODUCTION PRACTICES,ALL UTILIZATION PRACTICES,PRODUCTION,LB,"CHEESE, ITALIAN - PRODUCTION, MEASURED IN LB",TOTAL,NOT SPECIFIED,STATE,,98,OT,OTHER STATES,,,,,,,,00000000,,,9000,UNITED STATES,OTHER STATES,2022,MONTHLY,12,12,DEC,,2024-04-26 15:00:00.000,"159,547,000",
SURVEY,ANIMALS & PRODUCTS,DAIRY,CHEESE,ITALIAN,ALL PRODUCTION PRACTICES,ALL UTILIZATION PRACTICES,PRODUCTION,LB,"CHEESE, ITALIAN - PRODUCTION, MEASURED IN LB",TOTAL,NOT SPECIFIED,STATE,06,06,CA,CALIFORNIA,,,,,,,,00000000,,,9000,UNITED STATES,CALIFORNIA,2022,MONTHLY,01,01,JAN,,2024-04-26 15:00:00.000,"122,060,000",
SURVEY,ANIMALS & PRODUCTS,DAIRY,CHEESE,ITALIAN,ALL PRODUCTION PRACTICES,ALL UTILIZATION PRACTICES,PRODUCTION,LB,"CHEESE, ITALIAN - PRODUCTION, MEASURED IN LB",TOTAL,NOT SPECIFIED,STATE,06,06,CA,CALIFORNIA,,,,,,,,00000000,,,9000,UNITED STATES,CALIFORNIA,2022,MONTHLY,02,02,FEB,,2024-04-26 15:00:00.000,"133,037,000",
SURVEY,ANIMALS & PRODUCTS,DAIRY,CHEESE,ITALIAN,ALL PRODUCTION PRACTICES,ALL UTILIZATION PRACTICES,PRODUCTION,LB,"CHEESE, ITALIAN - PRODUCTION, MEASURED IN LB",TOTAL,NOT SPECIFIED,STATE,06,06,CA,CALIFORNIA,,,,,,,,00000000,,,9000,UNITED STATES,CALIFORNIA,2022,MONTHLY,03,03,MAR,,2024-04-26 15:00:00.000,"139,740,000",
SURVEY,ANIMALS & PRODUCTS,DAIRY,CHEESE,ITALIAN,ALL PRODUCTION PRACTICES,ALL UTILIZATION PRACTICES,PRODUCTION,LB,"CHEESE, ITALIAN - PRODUCTION, MEASURED IN LB",TOTAL,NOT SPECIFIED,STATE,06,06,CA,CALIFORNIA,,,,,,,,00000000,,,9000,UNITED STATES,CALIFORNIA,2022,MONTHLY,04,04,APR,,2024-04-26 15:00:00.000,"133,669,000",
SURVEY,ANIMALS & PRODUCTS,DAIRY,CHEESE,ITALIAN,ALL PRODUCTION PRACTICES,ALL UTILIZATION PRACTICES,PRODUCTION,LB,"CHEESE, ITALIAN - PRODUCTION, MEASURED IN LB",TOTAL,NOT SPECIFIED,STATE,06,06,CA,CALIFORNIA,,,,,,,,00000000,,,9000,UNITED STATES,CALIFORNIA,2022,MONTHLY,05,05,MAY,,2024-04-26 15:00:00.000,"138,858,000",
SURVEY,ANIMALS & PRODUCTS,DAIRY,CHEESE,ITALIAN,ALL PRODUCTION PRACTICES,ALL UTILIZATION PRACTICES,PRODUCTION,LB,"CHEESE, ITALIAN - PRODUCTION, MEASURED IN LB",TOTAL,NOT SPECIFIED,STATE,06,06,CA,CALIFORNIA,,,,,,,,00000000,,,9000,UNITED STATES,CALIFORNIA,2022,MONTHLY,06,06,JUN,,2024-04-26 15:00:00.000,"133,080,000",
SURVEY,ANIMALS & PRODUCTS,DAIRY,CHEESE,ITALIAN,ALL PRODUCTION PRACTICES,ALL UTILIZATION PRACTICES,PRODUCTION,LB,"CHEESE, ITALIAN - PRODUCTION, MEASURED IN LB",TOTAL,NOT SPECIFIED,STATE,06,06,CA,CALIFORNIA,,,,,,,,00000000,,,9000,UNITED STATES,CALIFORNIA,2022,MONTHLY,07,07,JUL,,2024-04-26 15:00:00.000,"139,805,000",
SURVEY,ANIMALS & PRODUCTS,DAIRY,CHEESE,ITALIAN,ALL PRODUCTION PRACTICES,ALL UTILIZATION PRACTICES,PRODUCTION,LB,"CHEESE, ITALIAN - PRODUCTION, MEASURED IN LB",TOTAL,NOT SPECIFIED,STATE,06,06,CA,CALIFORNIA,,,,,,,,00000000,,,9000,UNITED STATES,CALIFORNIA,2022,MONTHLY,08,08,AUG,,2024-04-26 15:00:00.000,"136,922,000",
SURVEY,ANIMALS & PRODUCTS,DAIRY,CHEESE,ITALIAN,ALL PRODUCTION PRACTICES,ALL UTILIZATION PRACTICES,PRODUCTION,LB,"CHEESE, ITALIAN - PRODUCTION, MEASURED IN LB",TOTAL,NOT SPECIFIED,STATE,06,06,CA,CALIFORNIA,,,,,,,,00000000,,,9000,UNITED STATES,CALIFORNIA,2022,MONTHLY,09,09,SEP,,2024-04-26 15:00:00.000,"129,583,000",
SURVEY,ANIMALS & PRODUCTS,DAIRY,CHEESE,ITALIAN,ALL PRODUCTION PRACTICES,ALL UTILIZATION PRACTICES,PRODUCTION,LB,"CHEESE, ITALIAN - PRODUCTION, MEASURED IN LB",TOTAL,NOT SPECIFIED,STATE,06,06,CA,CALIFORNIA,,,,,,,,00000000,,,9000,UNITED STATES,CALIFORNIA,2022,MONTHLY,10,10,OCT,,2024-04-26 15:00:00.000,"136,701,000",
SURVEY,ANIMALS & PRODUCTS,DAIRY,CHEESE,ITALIAN,ALL PRODUCTION PRACTICES,ALL UTILIZATION PRACTICES,PRODUCTION,LB,"CHEESE, ITALIAN - PRODUCTION, MEASURED IN LB",TOTAL,NOT SPECIFIED,STATE,06,06,CA,CALIFORNIA,,,,,,,,00000000,,,9000,UNITED STATES,CALIFORNIA,2022,MONTHLY,11,11,NOV,,2024-04-26 15:00:00.000,"136,176,000",
SURVEY,ANIMALS & PRODUCTS,DAIRY,CHEESE,ITALIAN,ALL PRODUCTION PRACTICES,ALL UTILIZATION PRACTICES,PRODUCTION,LB,"CHEESE, ITALIAN - PRODUCTION, MEASURED IN LB",TOTAL,NOT SPECIFIED,STATE,06,06,CA,CALIFORNIA,,,,,,,,00000000,,,9000,UNITED STATES,CALIFORNIA,2022,MONTHLY,12,12,DEC,,2024-04-26 15:00:00.000,"140,067,000",
SURVEY,ANIMALS & PRODUCTS,DAIRY,CHEESE,ITALIAN,ALL PRODUCTION PRACTICES,ALL UTILIZATION PRACTICES,PRODUCTION,LB,"CHEESE, ITALIAN - PRODUCTION, MEASURED IN LB",TOTAL,NOT SPECIFIED,STATE,16,16,ID,IDAHO,,,,,,,,00000000,,,9000,UNITED STATES,IDAHO,2022,MONTHLY,01,01,JAN,,2022-04-01 15:00:12.000,"29,749,000",
SURVEY,ANIMALS & PRODUCTS,DAIRY,CHEESE,ITALIAN,ALL PRODUCTION PRACTICES,ALL UTILIZATION PRACTICES,PRODUCTION,LB,"CHEESE, ITALIAN - PRODUCTION, MEASURED IN LB",TOTAL,NOT SPECIFIED,STATE,27,27,MN,MINNESOTA,,,,,,,,00000000,,,9000,UNITED STATES,MINNESOTA,2022,MONTHLY,01,01,JAN,,2024-04-26 15:00:00.000,"11,757,000",
SURVEY,ANIMALS & PRODUCTS,DAIRY,CHEESE,ITALIAN,ALL PRODUCTION PRACTICES,ALL UTILIZATION PRACTICES,PRODUCTION,LB,"CHEESE, ITALIAN - PRODUCTION, MEASURED IN LB",TOTAL,NOT SPECIFIED,STATE,27,27,MN,MINNESOTA,,,,,,,,00000000,,,9000,UNITED STATES,MINNESOTA,2022,MONTHLY,02,02,FEB,,2024-04-26 15:00:00.000,"11,243,000",
SURVEY,ANIMALS & PRODUCTS,DAIRY,CHEESE,ITALIAN,ALL PRODUCTION PRACTICES,ALL UTILIZATION PRACTICES,PRODUCTION,LB,"CHEESE, ITALIAN - PRODUCTION, MEASURED IN LB",TOTAL,NOT SPECIFIED,STATE,27,27,MN,MINNESOTA,,,,,,,,00000000,,,9000,UNITED STATES,MINNESOTA,2022,MONTHLY,03,03,MAR,,2024-04-26 15:00:00.000,"12,160,000",
SURVEY,ANIMALS & PRODUCTS,DAIRY,CHEESE,ITALIAN,ALL PRODUCTION PRACTICES,ALL UTILIZATION PRACTICES,PRODUCTION,LB,"CHEESE, ITALIAN - PRODUCTION, MEASURED IN LB",TOTAL,NOT SPECIFIED,STATE,27,27,MN,MINNESOTA,,,,,,,,00000000,,,9000,UNITED STATES,MINNESOTA,2022,MONTHLY,04,04,APR,,2024-04-26 15:00:00.000,"11,210,000",
SURVEY,ANIMALS & PRODUCTS,DAIRY,CHEESE,ITALIAN,ALL PRODUCTION PRACTICES,ALL UTILIZATION PRACTICES,PRODUCTION,LB,"CHEESE, ITALIAN - PRODUCTION, MEASURED IN LB",TOTAL,NOT SPECIFIED,STATE,27,27,MN,MINNESOTA,,,,,,,,00000000,,,9000,UNITED STATES,MINNESOTA,2022,MONTHLY,05,05,MAY,,2024-04-26 15:00:00.000,"9,917,000",
SURVEY,ANIMALS & PRODUCTS,DAIRY,CHEESE,ITALIAN,ALL PRODUCTION PRACTICES,ALL UTILIZATION PRACTICES,PRODUCTION,LB,"CHEESE, ITALIAN - PRODUCTION, MEASURED IN LB",TOTAL,NOT SPECIFIED,STATE,27,27,MN,MINNESOTA,,,,,,,,00000000,,,9000,UNITED STATES,MINNESOTA,2022,MONTHLY,06,06,JUN,,2024-04-26 15:00:00.000,"10,532,000",
SURVEY,ANIMALS & PRODUCTS,DAIRY,CHEESE,ITALIAN,ALL PRODUCTION PRACTICES,ALL UTILIZATION PRACTICES,PRODUCTION,LB,"CHEESE, ITALIAN - PRODUCTION, MEASURED IN LB",TOTAL,NOT SPECIFIED,STATE,27,27,MN,MINNESOTA,,,,,,,,00000000,,,9000,UNITED STATES,MINNESOTA,2022,MONTHLY,07,07,JUL,,2024-04-26 15:00:00.000,"9,505,000",
SURVEY,ANIMALS & PRODUCTS,DAIRY,CHEESE,ITALIAN,ALL PRODUCTION PRACTICES,ALL UTILIZATION PRACTICES,PRODUCTION,LB,"CHEESE, ITALIAN - PRODUCTION, MEASURED IN LB",TOTAL,NOT SPECIFIED,STATE,27,27,MN,MINNESOTA,,,,,,,,00000000,,,9000,UNITED STATES,MINNESOTA,2022,MONTHLY,08,08,AUG,,2024-04-26 15:00:00.000,"10,018,000",
SURVEY,ANIMALS & PRODUCTS,DAIRY,CHEESE,ITALIAN,ALL PRODUCTION PRACTICES,ALL UTILIZATION PRACTICES,PRODUCTION,LB,"CHEESE, ITALIAN - PRODUCTION, MEASURED IN LB",TOTAL,NOT SPECIFIED,STATE,27,27,MN,MINNESOTA,,,,,,,,00000000,,,9000,UNITED STATES,MINNESOTA,2022,MONTHLY,09,09,SEP,,2024-04-26 15:00:00.000,"10,105,000",
SURVEY,ANIMALS & PRODUCTS,DAIRY,CHEESE,ITALIAN,ALL PRODUCTION PRACTICES,ALL UTILIZATION PRACTICES,PRODUCTION,LB,"CHEESE, ITALIAN - PRODUCTION, MEASURED IN LB",TOTAL,NOT SPECIFIED,STATE,27,27,MN,MINNESOTA,,,,,,,,00000000,,,9000,UNITED STATES,MINNESOTA,2022,MONTHLY,10,10,OCT,,2024-04-26 15:00:00.000,"9,272,000",
SURVEY,ANIMALS & PRODUCTS,DAIRY,CHEESE,ITALIAN,ALL PRODUCTION PRACTICES,ALL UTILIZATION PRACTICES,PRODUCTION,LB,"CHEESE, ITALIAN - PRODUCTION, MEASURED IN LB",TOTAL,NOT SPECIFIED,STATE,27,27,MN,MINNESOTA,,,,,,,,00000000,,,9000,UNITED STATES,MINNESOTA,2022,MONTHLY,11,11,NOV,,2024-04-26 15:00:00.000,"11,490,000",
SURVEY,ANIMALS & PRODUCTS,DAIRY,CHEESE,ITALIAN,ALL PRODUCTION PRACTICES,ALL UTILIZATION PRACTICES,PRODUCTION,LB,"CHEESE, ITALIAN - PRODUCTION, MEASURED IN LB",TOTAL,NOT SPECIFIED,STATE,27,27,MN,MINNESOTA,,,,,,,,00000000,,,9000,UNITED STATES,MINNESOTA,2022,MONTHLY,12,12,DEC,,2024-04-26 15:00:00.000,"10,290,000",
SURVEY,ANIMALS & PRODUCTS,DAIRY,CHEESE,ITALIAN,ALL PRODUCTION PRACTICES,ALL UTILIZATION PRACTICES,PRODUCTION,LB,"CHEESE, ITALIAN - PRODUCTION, MEASURED IN LB",TOTAL,NOT SPECIFIED,STATE,34,34,NJ,NEW JERSEY,,,,,,,,00000000,,,9000,UNITED STATES,NEW JERSEY,2022,MONTHLY,01,01,JAN,,2024-04-26 15:00:00.000,"2,787,000",
SURVEY,ANIMALS & PRODUCTS,DAIRY,CHEESE,ITALIAN,ALL PRODUCTION PRACTICES,ALL UTILIZATION PRACTICES,PRODUCTION,LB,"CHEESE, ITALIAN - PRODUCTION, MEASURED IN LB",TOTAL,NOT SPECIFIED,STATE,34,34,NJ,NEW JERSEY,,,,,,,,00000000,,,9000,UNITED STATES,NEW JERSEY,2022,MONTHLY,02,02,FEB,,2024-04-26 15:00:00.000,"2,251,000",
SURVEY,ANIMALS & PRODUCTS,DAIRY,CHEESE,ITALIAN,ALL PRODUCTION PRACTICES,ALL UTILIZATION PRACTICES,PRODUCTION,LB,"CHEESE, ITALIAN - PRODUCTION, MEASURED IN LB",TOTAL,NOT SPECIFIED,STATE,34,34,NJ,NEW JERSEY,,,,,,,,00000000,,,9000,UNITED STATES,NEW JERSEY,2022,MONTHLY,03,03,MAR,,2024-04-26 15:00:00.000,"3,201,000",
SURVEY,ANIMALS & PRODUCTS,DAIRY,CHEESE,ITALIAN,ALL PRODUCTION PRACTICES,ALL UTILIZATION PRACTICES,PRODUCTION,LB,"CHEESE, ITALIAN - PRODUCTION, MEASURED IN LB",TOTAL,NOT SPECIFIED,STATE,34,34,NJ,NEW JERSEY,,,,,,,,00000000,,,9000,UNITED STATES,NEW JERSEY,2022,MONTHLY,04,04,APR,,2024-04-26 15:00:00.000,"2,231,000",
SURVEY,ANIMALS & PRODUCTS,DAIRY,CHEESE,ITALIAN,ALL PRODUCTION PRACTICES,ALL UTILIZATION PRACTICES,PRODUCTION,LB,"CHEESE, ITALIAN - PRODUCTION, MEASURED IN LB",TOTAL,NOT SPECIFIED,STATE,34,34,NJ,NEW JERSEY,,,,,,,,00000000,,,9000,UNITED STATES,NEW JERSEY,2022,MONTHLY,05,05,MAY,,2024-04-26 15:00:00.000,"1,914,000",
SURVEY,ANIMALS & PRODUCTS,DAIRY,CHEESE,ITALIAN,ALL PRODUCTION PRACTICES,ALL UTILIZATION PRACTICES,PRODUCTION,LB,"CHEESE, ITALIAN - PRODUCTION, MEASURED IN LB",TOTAL,NOT SPECIFIED,STATE,34,34,NJ,NEW JERSEY,,,,,,,,00000000,,,9000,UNITED STATES,NEW JERSEY,2022,MONTHLY,06,06,JUN,,2024-04-26 15:00:00.000,"2,171,000",
SURVEY,ANIMALS & PRODUCTS,DAIRY,CHEESE,ITALIAN,ALL PRODUCTION PRACTICES,ALL UTILIZATION PRACTICES,PRODUCTION,LB,"CHEESE, ITALIAN - PRODUCTION, MEASURED IN LB",TOTAL,NOT SPECIFIED,STATE,34,34,NJ,NEW JERSEY,,,,,,,,00000000,,,9000,UNITED STATES,NEW JERSEY,2022,MONTHLY,07,07,JUL,,2024-04-26 15:00:00.000,"2,840,000",
SURVEY,ANIMALS & PRODUCTS,DAIRY,CHEESE,ITALIAN,ALL PRODUCTION PRACTICES,ALL UTILIZATION PRACTICES,PRODUCTION,LB,"CHEESE, ITALIAN - PRODUCTION, MEASURED IN LB",TOTAL,NOT SPECIFIED,STATE,34,34,NJ,NEW JERSEY,,,,,,,,00000000,,,9000,UNITED STATES,NEW JERSEY,2022,MONTHLY,08,08,AUG,,2024-04-26 15:00:00.000,"2,727,000",
SURVEY,ANIMALS & PRODUCTS,DAIRY,CHEESE,ITALIAN,ALL PRODUCTION PRACTICES,ALL UTILIZATION PRACTICES,PRODUCTION,LB,"CHEESE, ITALIAN - PRODUCTION, MEASURED IN LB",TOTAL,NOT SPECIFIED,STATE,34,34,NJ,NEW JERSEY,,,,,,,,00000000,,,9000,UNITED STATES,NEW JERSEY,2022,MONTHLY,09,09,SEP,,2024-04-26 15:00:00.000,"2,589,000",
SURVEY,ANIMALS & PRODUCTS,DAIRY,CHEESE,ITALIAN,ALL PRODUCTION PRACTICES,ALL UTILIZATION PRACTICES,PRODUCTION,LB,"CHEESE, ITALIAN - PRODUCTION, MEASURED IN LB",TOTAL,NOT SPECIFIED,STATE,34,34,NJ,NEW JERSEY,,,,,,,,00000000,,,9000,UNITED STATES,NEW JERSEY,2022,MONTHLY,10,10,OCT,,2024-04-26 15:00:00.000,"2,876,000",
SURVEY,ANIMALS & PRODUCTS,DAIRY,CHEESE,ITALIAN,ALL PRODUCTION PRACTICES,ALL UTILIZATION PRACTICES,PRODUCTION,LB,"CHEESE, ITALIAN - PRODUCTION, MEASURED IN LB",TOTAL,NOT SPECIFIED,STATE,34,34,NJ,NEW JERSEY,,,,,,,,00000000,,,9000,UNITED STATES,NEW JERSEY,2022,MONTHLY,11,11,NOV,,2024-04-26 15:00:00.000,"2,708,000",
SURVEY,ANIMALS & PRODUCTS,DAIRY,CHEESE,ITALIAN,ALL PRODUCTION PRACTICES,ALL UTILIZATION PRACTICES,PRODUCTION,LB,"CHEESE, ITALIAN - PRODUCTION, MEASURED IN LB",TOTAL,NOT SPECIFIED,STATE,34,34,NJ,NEW JERSEY,,,,,,,,00000000,,,9000,UNITED STATES,NEW JERSEY,2022,MONTHLY,12,12,DEC,,2024-04-26 15:00:00.000,"3,433,000",
SURVEY,ANIMALS & PRODUCTS,DAIRY,CHEESE,ITALIAN,ALL PRODUCTION PRACTICES,ALL UTILIZATION PRACTICES,PRODUCTION,LB,"CHEESE, ITALIAN - PRODUCTION, MEASURED IN LB",TOTAL,NOT SPECIFIED,STATE,36,36,NY,NEW YORK,,,,,,,,00000000,,,9000,UNITED STATES,NEW YORK,2022,MONTHLY,01,01,JAN,,2024-04-26 15:00:00.000,"31,128,000",
SURVEY,ANIMALS & PRODUCTS,DAIRY,CHEESE,ITALIAN,ALL PRODUCTION PRACTICES,ALL UTILIZATION PRACTICES,PRODUCTION,LB,"CHEESE, ITALIAN - PRODUCTION, MEASURED IN LB",TOTAL,NOT SPECIFIED,STATE,36,36,NY,NEW YORK,,,,,,,,00000000,,,9000,UNITED STATES,NEW YORK,2022,MONTHLY,02,02,FEB,,2024-04-26 15:00:00.000,"27,405,000",
SURVEY,ANIMALS & PRODUCTS,DAIRY,CHEESE,ITALIAN,ALL PRODUCTION PRACTICES,ALL UTILIZATION PRACTICES,PRODUCTION,LB,"CHEESE, ITALIAN - PRODUCTION, MEASURED IN LB",TOTAL,NOT SPECIFIED,STATE,36,36,NY,NEW YORK,,,,,,,,00000000,,,9000,UNITED STATES,NEW YORK,2022,MONTHLY,03,03,MAR,,2024-04-26 15:00:00.000,"30,903,000",
SURVEY,ANIMALS & PRODUCTS,DAIRY,CHEESE,ITALIAN,ALL PRODUCTION PRACTICES,ALL UTILIZATION PRACTICES,PRODUCTION,LB,"CHEESE, ITALIAN - PRODUCTION, MEASURED IN LB",TOTAL,NOT SPECIFIED,STATE,36,36,NY,NEW YORK,,,,,,,,00000000,,,9000,UNITED STATES,NEW YORK,2022,MONTHLY,04,04,APR,,2024-04-26 15:00:00.000,"28,380,000",
SURVEY,ANIMALS & PRODUCTS,DAIRY,CHEESE,ITALIAN,ALL PRODUCTION PRACTICES,ALL UTILIZATION PRACTICES,PRODUCTION,LB,"CHEESE, ITALIAN - PRODUCTION, MEASURED IN LB",TOTAL,NOT SPECIFIED,STATE,36,36,NY,NEW YORK,,,,,,,,00000000,,,9000,UNITED STATES,NEW YORK,2022,MONTHLY,05,05,MAY,,2024-04-26 15:00:00.000,"32,531,000",
SURVEY,ANIMALS & PRODUCTS,DAIRY,CHEESE,ITALIAN,ALL PRODUCTION PRACTICES,ALL UTILIZATION PRACTICES,PRODUCTION,LB,"CHEESE, ITALIAN - PRODUCTION, MEASURED IN LB",TOTAL,NOT SPECIFIED,STATE,36,36,NY,NEW YORK,,,,,,,,00000000,,,9000,UNITED STATES,NEW YORK,2022,MONTHLY,06,06,JUN,,2024-04-26 15:00:00.000,"26,413,000",
SURVEY,ANIMALS & PRODUCTS,DAIRY,CHEESE,ITALIAN,ALL PRODUCTION PRACTICES,ALL UTILIZATION PRACTICES,PRODUCTION,LB,"CHEESE, ITALIAN - PRODUCTION, MEASURED IN LB",TOTAL,NOT SPECIFIED,STATE,36,36,NY,NEW YORK,,,,,,,,00000000,,,9000,UNITED STATES,NEW YORK,2022,MONTHLY,07,07,JUL,,2024-04-26 15:00:00.000,"25,219,000",
SURVEY,ANIMALS & PRODUCTS,DAIRY,CHEESE,ITALIAN,ALL PRODUCTION PRACTICES,ALL UTILIZATION PRACTICES,PRODUCTION,LB,"CHEESE, ITALIAN - PRODUCTION, MEASURED IN LB",TOTAL,NOT SPECIFIED,STATE,36,36,NY,NEW YORK,,,,,,,,00000000,,,9000,UNITED STATES,NEW YORK,2022,MONTHLY,08,08,AUG,,2024-04-26 15:00:00.000,"28,558,000",
SURVEY,ANIMALS & PRODUCTS,DAIRY,CHEESE,ITALIAN,ALL PRODUCTION PRACTICES,ALL UTILIZATION PRACTICES,PRODUCTION,LB,"CHEESE, ITALIAN - PRODUCTION, MEASURED IN LB",TOTAL,NOT SPECIFIED,STATE,36,36,NY,NEW YORK,,,,,,,,00000000,,,9000,UNITED STATES,NEW YORK,2022,MONTHLY,09,09,SEP,,2024-04-26 15:00:00.000,"27,275,000",
SURVEY,ANIMALS & PRODUCTS,DAIRY,CHEESE,ITALIAN,ALL PRODUCTION PRACTICES,ALL UTILIZATION PRACTICES,PRODUCTION,LB,"CHEESE, ITALIAN - PRODUCTION, MEASURED IN LB",TOTAL,NOT SPECIFIED,STATE,36,36,NY,NEW YORK,,,,,,,,00000000,,,9000,UNITED STATES,NEW YORK,2022,MONTHLY,10,10,OCT,,2024-04-26 15:00:00.000,"30,672,000",
SURVEY,ANIMALS & PRODUCTS,DAIRY,CHEESE,ITALIAN,ALL PRODUCTION PRACTICES,ALL UTILIZATION PRACTICES,PRODUCTION,LB,"CHEESE, ITALIAN - PRODUCTION, MEASURED IN LB",TOTAL,NOT SPECIFIED,STATE,36,36,NY,NEW YORK,,,,,,,,00000000,,,9000,UNITED STATES,NEW YORK,2022,MONTHLY,11,11,NOV,,2024-04-26 15:00:00.000,"29,918,000",
SURVEY,ANIMALS & PRODUCTS,DAIRY,CHEESE,ITALIAN,ALL PRODUCTION PRACTICES,ALL UTILIZATION PRACTICES,PRODUCTION,LB,"CHEESE, ITALIAN - PRODUCTION, MEASURED IN LB",TOTAL,NOT SPECIFIED,STATE,36,36,NY,NEW YORK,,,,,,,,00000000,,,9000,UNITED STATES,NEW YORK,2022,MONTHLY,12,12,DEC,,2024-04-26 15:00:00.000,"28,883,000",
SURVEY,ANIMALS & PRODUCTS,DAIRY,CHEESE,ITALIAN,ALL PRODUCTION PRACTICES,ALL UTILIZATION PRACTICES,PRODUCTION,LB,"CHEESE, ITALIAN - PRODUCTION, MEASURED IN LB",TOTAL,NOT SPECIFIED,STATE,42,42,PA,PENNSYLVANIA,,,,,,,,00000000,,,9000,UNITED STATES,PENNSYLVANIA,2022,MONTHLY,01,01,JAN,,2024-04-26 15:00:00.000,"24,261,000",
SURVEY,ANIMALS & PRODUCTS,DAIRY,CHEESE,ITALIAN,ALL PRODUCTION PRACTICES,ALL UTILIZATION PRACTICES,PRODUCTION,LB,"CHEESE, ITALIAN - PRODUCTION, MEASURED IN LB",TOTAL,NOT SPECIFIED,STATE,42,42,PA,PENNSYLVANIA,,,,,,,,00000000,,,9000,UNITED STATES,PENNSYLVANIA,2022,MONTHLY,02,02,FEB,,2024-04-26 15:00:00.000,"21,988,000",
SURVEY,ANIMALS & PRODUCTS,DAIRY,CHEESE,ITALIAN,ALL PRODUCTION PRACTICES,ALL UTILIZATION PRACTICES,PRODUCTION,LB,"CHEESE, ITALIAN - PRODUCTION, MEASURED IN LB",TOTAL,NOT SPECIFIED,STATE,42,42,PA,PENNSYLVANIA,,,,,,,,00000000,,,9000,UNITED STATES,PENNSYLVANIA,2022,MONTHLY,03,03,MAR,,2024-04-26 15:00:00.000,"24,102,000",
SURVEY,ANIMALS & PRODUCTS,DAIRY,CHEESE,ITALIAN,ALL PRODUCTION PRACTICES,ALL UTILIZATION PRACTICES,PRODUCTION,LB,"CHEESE, ITALIAN - PRODUCTION, MEASURED IN LB",TOTAL,NOT SPECIFIED,STATE,42,42,PA,PENNSYLVANIA,,,,,,,,00000000,,,9000,UNITED STATES,PENNSYLVANIA,2022,MONTHLY,04,04,APR,,2024-04-26 15:00:00.000,"22,992,000",
SURVEY,ANIMALS & PRODUCTS,DAIRY,CHEESE,ITALIAN,ALL PRODUCTION PRACTICES,ALL UTILIZATION PRACTICES,PRODUCTION,LB,"CHEESE, ITALIAN - PRODUCTION, MEASURED IN LB",TOTAL,NOT SPECIFIED,STATE,42,42,PA,PENNSYLVANIA,,,,,,,,00000000,,,9000,UNITED STATES,PENNSYLVANIA,2022,MONTHLY,05,05,MAY,,2024-04-26 15:00:00.000,"23,936,000",
SURVEY,ANIMALS & PRODUCTS,DAIRY,CHEESE,ITALIAN,ALL PRODUCTION PRACTICES,ALL UTILIZATION PRACTICES,PRODUCTION,LB,"CHEESE, ITALIAN - PRODUCTION, MEASURED IN LB",TOTAL,NOT SPECIFIED,STATE,42,42,PA,PENNSYLVANIA,,,,,,,,00000000,,,9000,UNITED STATES,PENNSYLVANIA,2022,MONTHLY,06,06,JUN,,2024-04-26 15:00:00.000,"22,568,000",
SURVEY,ANIMALS & PRODUCTS,DAIRY,CHEESE,ITALIAN,ALL PRODUCTION PRACTICES,ALL UTILIZATION PRACTICES,PRODUCTION,LB,"CHEESE, ITALIAN - PRODUCTION, MEASURED IN LB",TOTAL,NOT SPECIFIED,STATE,42,42,PA,PENNSYLVANIA,,,,,,,,00000000,,,9000,UNITED STATES,PENNSYLVANIA,2022,MONTHLY,07,07,JUL,,2024-04-26 15:00:00.000,"23,105,000",
SURVEY,ANIMALS & PRODUCTS,DAIRY,CHEESE,ITALIAN,ALL PRODUCTION PRACTICES,ALL UTILIZATION PRACTICES,PRODUCTION,LB,"CHEESE, ITALIAN - PRODUCTION, MEASURED IN LB",TOTAL,NOT SPECIFIED,STATE,42,42,PA,PENNSYLVANIA,,,,,,,,00000000,,,9000,UNITED STATES,PENNSYLVANIA,2022,MONTHLY,08,08,AUG,,2024-04-26 15:00:00.000,"22,046,000",
SURVEY,ANIMALS & PRODUCTS,DAIRY,CHEESE,ITALIAN,ALL PRODUCTION PRACTICES,ALL UTILIZATION PRACTICES,PRODUCTION,LB,"CHEESE, ITALIAN - PRODUCTION, MEASURED IN LB",TOTAL,NOT SPECIFIED,STATE,42,42,PA,PENNSYLVANIA,,,,,,,,00000000,,,9000,UNITED STATES,PENNSYLVANIA,2022,MONTHLY,09,09,SEP,,2024-04-26 15:00:00.000,"22,543,000",
SURVEY,ANIMALS & PRODUCTS,DAIRY,CHEESE,ITALIAN,ALL PRODUCTION PRACTICES,ALL UTILIZATION PRACTICES,PRODUCTION,LB,"CHEESE, ITALIAN - PRODUCTION, MEASURED IN LB",TOTAL,NOT SPECIFIED,STATE,42,42,PA,PENNSYLVANIA,,,,,,,,00000000,,,9000,UNITED STATES,PENNSYLVANIA,2022,MONTHLY,10,10,OCT,,2024-04-26 15:00:00.000,"22,230,000",
SURVEY,ANIMALS & PRODUCTS,DAIRY,CHEESE,ITALIAN,ALL PRODUCTION PRACTICES,ALL UTILIZATION PRACTICES,PRODUCTION,LB,"CHEESE, ITALIAN - PRODUCTION, MEASURED IN LB",TOTAL,NOT SPECIFIED,STATE,42,42,PA,PENNSYLVANIA,,,,,,,,00000000,,,9000,UNITED STATES,PENNSYLVANIA,2022,MONTHLY,11,11,NOV,,2024-04-26 15:00:00.000,"20,801,000",
SURVEY,ANIMALS & PRODUCTS,DAIRY,CHEESE,ITALIAN,ALL PRODUCTION PRACTICES,ALL UTILIZATION PRACTICES,PRODUCTION,LB,"CHEESE, ITALIAN - PRODUCTION, MEASURED IN LB",TOTAL,NOT SPECIFIED,STATE,42,42,PA,PENNSYLVANIA,,,,,,,,00000000,,,9000,UNITED STATES,PENNSYLVANIA,2022,MONTHLY,12,12,DEC,,2024-04-26 15:00:00.000,"24,953,000",
SURVEY,ANIMALS & PRODUCTS,DAIRY,CHEESE,ITALIAN,ALL PRODUCTION PRACTICES,ALL UTILIZATION PRACTICES,PRODUCTION,LB,"CHEESE, ITALIAN - PRODUCTION, MEASURED IN LB",TOTAL,NOT SPECIFIED,STATE,55,55,WI,WISCONSIN,,,,,,,,00000000,,,9000,UNITED STATES,WISCONSIN,2022,MONTHLY,01,01,JAN,,2024-04-26 15:00:00.000,"137,437,000",
SURVEY,ANIMALS & PRODUCTS,DAIRY,CHEESE,ITALIAN,ALL PRODUCTION PRACTICES,ALL UTILIZATION PRACTICES,PRODUCTION,LB,"CHEESE, ITALIAN - PRODUCTION, MEASURED IN LB",TOTAL,NOT SPECIFIED,STATE,55,55,WI,WISCONSIN,,,,,,,,00000000,,,9000,UNITED STATES,WISCONSIN,2022,MONTHLY,02,02,FEB,,2024-04-26 15:00:00.000,"127,460,000",
SURVEY,ANIMALS & PRODUCTS,DAIRY,CHEESE,ITALIAN,ALL PRODUCTION PRACTICES,ALL UTILIZATION PRACTICES,PRODUCTION,LB,"CHEESE, ITALIAN - PRODUCTION, MEASURED IN LB",TOTAL,NOT SPECIFIED,STATE,55,55,WI,WISCONSIN,,,,,,,,00000000,,,9000,UNITED STATES,WISCONSIN,2022,MONTHLY,03,03,MAR,,2024-04-26 15:00:00.000,"149,700,000",
SURVEY,ANIMALS & PRODUCTS,DAIRY,CHEESE,ITALIAN,ALL PRODUCTION PRACTICES,ALL UTILIZATION PRACTICES,PRODUCTION,LB,"CHEESE, ITALIAN - PRODUCTION, MEASURED IN LB",TOTAL,NOT SPECIFIED,STATE,55,55,WI,WISCONSIN,,,,,,,,00000000,,,9000,UNITED STATES,WISCONSIN,2022,MONTHLY,04,04,APR,,2024-04-26 15:00:00.000,"140,848,000",
SURVEY,ANIMALS & PRODUCTS,DAIRY,CHEESE,ITALIAN,ALL PRODUCTION PRACTICES,ALL UTILIZATION PRACTICES,PRODUCTION,LB,"CHEESE, ITALIAN - PRODUCTION, MEASURED IN LB",TOTAL,NOT SPECIFIED,STATE,55,55,WI,WISCONSIN,,,,,,,,00000000,,,9000,UNITED STATES,WISCONSIN,2022,MONTHLY,05,05,MAY,,2024-04-26 15:00:00.000,"141,031,000",
SURVEY,ANIMALS & PRODUCTS,DAIRY,CHEESE,ITALIAN,ALL PRODUCTION PRACTICES,ALL UTILIZATION PRACTICES,PRODUCTION,LB,"CHEESE, ITALIAN - PRODUCTION, MEASURED IN LB",TOTAL,NOT SPECIFIED,STATE,55,55,WI,WISCONSIN,,,,,,,,00000000,,,9000,UNITED STATES,WISCONSIN,2022,MONTHLY,06,06,JUN,,2024-04-26 15:00:00.000,"141,778,000",
SURVEY,ANIMALS & PRODUCTS,DAIRY,CHEESE,ITALIAN,ALL PRODUCTION PRACTICES,ALL UTILIZATION PRACTICES,PRODUCTION,LB,"CHEESE, ITALIAN - PRODUCTION, MEASURED IN LB",TOTAL,NOT SPECIFIED,STATE,55,55,WI,WISCONSIN,,,,,,,,00000000,,,9000,UNITED STATES,WISCONSIN,2022,MONTHLY,07,07,JUL,,2024-04-26 15:00:00.000,"135,802,000",
SURVEY,ANIMALS & PRODUCTS,DAIRY,CHEESE,ITALIAN,ALL PRODUCTION PRACTICES,ALL UTILIZATION PRACTICES,PRODUCTION,LB,"CHEESE, ITALIAN - PRODUCTION, MEASURED IN LB",TOTAL,NOT SPECIFIED,STATE,55,55,WI,WISCONSIN,,,,,,,,00000000,,,9000,UNITED STATES,WISCONSIN,2022,MONTHLY,08,08,AUG,,2024-04-26 15:00:00.000,"137,538,000",
SURVEY,ANIMALS & PRODUCTS,DAIRY,CHEESE,ITALIAN,ALL PRODUCTION PRACTICES,ALL UTILIZATION PRACTICES,PRODUCTION,LB,"CHEESE, ITALIAN - PRODUCTION, MEASURED IN LB",TOTAL,NOT SPECIFIED,STATE,55,55,WI,WISCONSIN,,,,,,,,00000000,,,9000,UNITED STATES,WISCONSIN,2022,MONTHLY,09,09,SEP,,2024-04-26 15:00:00.000,"147,646,000",
SURVEY,ANIMALS & PRODUCTS,DAIRY,CHEESE,ITALIAN,ALL PRODUCTION PRACTICES,ALL UTILIZATION PRACTICES,PRODUCTION,LB,"CHEESE, ITALIAN - PRODUCTION, MEASURED IN LB",TOTAL,NOT SPECIFIED,STATE,55,55,WI,WISCONSIN,,,,,,,,00000000,,,9000,UNITED STATES,WISCONSIN,2022,MONTHLY,10,10,OCT,,2024-04-26 15:00:00.000,"140,330,000",
SURVEY,ANIMALS & PRODUCTS,DAIRY,CHEESE,ITALIAN,ALL PRODUCTION PRACTICES,ALL UTILIZATION PRACTICES,PRODUCTION,LB,"CHEESE, ITALIAN - PRODUCTION, MEASURED IN LB",TOTAL,NOT SPECIFIED,STATE,55,55,WI,WISCONSIN,,,,,,,,00000000,,,9000,UNITED STATES,WISCONSIN,2022,MONTHLY,11,11,NOV,,2024-04-26 15:00:00.000,"139,334,000",
SURVEY,ANIMALS & PRODUCTS,DAIRY,CHEESE,ITALIAN,ALL PRODUCTION PRACTICES,ALL UTILIZATION PRACTICES,PRODUCTION,LB,"CHEESE, ITALIAN - PRODUCTION, MEASURED IN LB",TOTAL,NOT SPECIFIED,STATE,55,55,WI,WISCONSIN,,,,,,,,00000000,,,9000,UNITED STATES,WISCONSIN,2022,MONTHLY,12,12,DEC,,2024-04-26 15:00:00.000,"141,537,000",
SURVEY,ANIMALS & PRODUCTS,DAIRY,CHEESE,"ITALIAN, SOFT, MOZZARELLA",ALL PRODUCTION PRACTICES,ALL UTILIZATION PRACTICES,PRODUCTION,LB,"CHEESE, ITALIAN, SOFT, MOZZARELLA - PRODUCTION, MEASURED IN LB",TOTAL,NOT SPECIFIED,STATE,,98,OT,OTHER STATES,,,,,,,,00000000,,,9000,UNITED STATES,OTHER STATES,2022,MONTHLY,01,01,JAN,,2024-04-26 15:00:00.000,"141,629,000",
SURVEY,ANIMALS & PRODUCTS,DAIRY,CHEESE,"ITALIAN, SOFT, MOZZARELLA",ALL PRODUCTION PRACTICES,ALL UTILIZATION PRACTICES,PRODUCTION,LB,"CHEESE, ITALIAN, SOFT, MOZZARELLA - PRODUCTION, MEASURED IN LB",TOTAL,NOT SPECIFIED,STATE,,98,OT,OTHER STATES,,,,,,,,00000000,,,9000,UNITED STATES,OTHER STATES,2022,MONTHLY,02,02,FEB,,2024-04-26 15:00:00.000,"120,097,000",
SURVEY,ANIMALS & PRODUCTS,DAIRY,CHEESE,"ITALIAN, SOFT, MOZZARELLA",ALL PRODUCTION PRACTICES,ALL UTILIZATION PRACTICES,PRODUCTION,LB,"CHEESE, ITALIAN, SOFT, MOZZARELLA - PRODUCTION, MEASURED IN LB",TOTAL,NOT SPECIFIED,STATE,,98,OT,OTHER STATES,,,,,,,,00000000,,,9000,UNITED STATES,OTHER STATES,2022,MONTHLY,03,03,MAR,,2024-04-26 15:00:00.000,"144,287,000",
SURVEY,ANIMALS & PRODUCTS,DAIRY,CHEESE,"ITALIAN, SOFT, MOZZARELLA",ALL PRODUCTION PRACTICES,ALL UTILIZATION PRACTICES,PRODUCTION,LB,"CHEESE, ITALIAN, SOFT, MOZZARELLA - PRODUCTION, MEASURED IN LB",TOTAL,NOT SPECIFIED,STATE,,98,OT,OTHER STATES,,,,,,,,00000000,,,9000,UNITED STATES,OTHER STATES,2022,MONTHLY,04,04,APR,,2024-04-26 15:00:00.000,"137,138,000",
SURVEY,ANIMALS & PRODUCTS,DAIRY,CHEESE,"ITALIAN, SOFT, MOZZARELLA",ALL PRODUCTION PRACTICES,ALL UTILIZATION PRACTICES,PRODUCTION,LB,"CHEESE, ITALIAN, SOFT, MOZZARELLA - PRODUCTION, MEASURED IN LB",TOTAL,NOT SPECIFIED,STATE,,98,OT,OTHER STATES,,,,,,,,00000000,,,9000,UNITED STATES,OTHER STATES,2022,MONTHLY,05,05,MAY,,2024-04-26 15:00:00.000,"136,336,000",
SURVEY,ANIMALS & PRODUCTS,DAIRY,CHEESE,"ITALIAN, SOFT, MOZZARELLA",ALL PRODUCTION PRACTICES,ALL UTILIZATION PRACTICES,PRODUCTION,LB,"CHEESE, ITALIAN, SOFT, MOZZARELLA - PRODUCTION, MEASURED IN LB",TOTAL,NOT SPECIFIED,STATE,,98,OT,OTHER STATES,,,,,,,,00000000,,,9000,UNITED STATES,OTHER STATES,2022,MONTHLY,06,06,JUN,,2024-04-26 15:00:00.000,"138,024,000",
SURVEY,ANIMALS & PRODUCTS,DAIRY,CHEESE,"ITALIAN, SOFT, MOZZARELLA",ALL PRODUCTION PRACTICES,ALL UTILIZATION PRACTICES,PRODUCTION,LB,"CHEESE, ITALIAN, SOFT, MOZZARELLA - PRODUCTION, MEASURED IN LB",TOTAL,NOT SPECIFIED,STATE,,98,OT,OTHER STATES,,,,,,,,00000000,,,9000,UNITED STATES,OTHER STATES,2022,MONTHLY,07,07,JUL,,2024-04-26 15:00:00.000,"142,093,000",
SURVEY,ANIMALS & PRODUCTS,DAIRY,CHEESE,"ITALIAN, SOFT, MOZZARELLA",ALL PRODUCTION PRACTICES,ALL UTILIZATION PRACTICES,PRODUCTION,LB,"CHEESE, ITALIAN, SOFT, MOZZARELLA - PRODUCTION, MEASURED IN LB",TOTAL,NOT SPECIFIED,STATE,,98,OT,OTHER STATES,,,,,,,,00000000,,,9000,UNITED STATES,OTHER STATES,2022,MONTHLY,08,08,AUG,,2024-04-26 15:00:00.000,"136,763,000",
SURVEY,ANIMALS & PRODUCTS,DAIRY,CHEESE,"ITALIAN, SOFT, MOZZARELLA",ALL PRODUCTION PRACTICES,ALL UTILIZATION PRACTICES,PRODUCTION,LB,"CHEESE, ITALIAN, SOFT, MOZZARELLA - PRODUCTION, MEASURED IN LB",TOTAL,NOT SPECIFIED,STATE,,98,OT,OTHER STATES,,,,,,,,00000000,,,9000,UNITED STATES,OTHER STATES,2022,MONTHLY,09,09,SEP,,2024-04-26 15:00:00.000,"143,695,000",
SURVEY,ANIMALS & PRODUCTS,DAIRY,CHEESE,"ITALIAN, SOFT, MOZZARELLA",ALL PRODUCTION PRACTICES,ALL UTILIZATION PRACTICES,PRODUCTION,LB,"CHEESE, ITALIAN, SOFT, MOZZARELLA - PRODUCTION, MEASURED IN LB",TOTAL,NOT SPECIFIED,STATE,,98,OT,OTHER STATES,,,,,,,,00000000,,,9000,UNITED STATES,OTHER STATES,2022,MONTHLY,10,10,OCT,,2024-04-26 15:00:00.000,"146,242,000",
SURVEY,ANIMALS & PRODUCTS,DAIRY,CHEESE,"ITALIAN, SOFT, MOZZARELLA",ALL PRODUCTION PRACTICES,ALL UTILIZATION PRACTICES,PRODUCTION,LB,"CHEESE, ITALIAN, SOFT, MOZZARELLA - PRODUCTION, MEASURED IN LB",TOTAL,NOT SPECIFIED,STATE,,98,OT,OTHER STATES,,,,,,,,00000000,,,9000,UNITED STATES,OTHER STATES,2022,MONTHLY,11,11,NOV,,2024-04-26 15:00:00.000,"137,356,000",
SURVEY,ANIMALS & PRODUCTS,DAIRY,CHEESE,"ITALIAN, SOFT, MOZZARELLA",ALL PRODUCTION PRACTICES,ALL UTILIZATION PRACTICES,PRODUCTION,LB,"CHEESE, ITALIAN, SOFT, MOZZARELLA - PRODUCTION, MEASURED IN LB",TOTAL,NOT SPECIFIED,STATE,,98,OT,OTHER STATES,,,,,,,,00000000,,,9000,UNITED STATES,OTHER STATES,2022,MONTHLY,12,12,DEC,,2024-04-26 15:00:00.000,"146,757,000",
SURVEY,ANIMALS & PRODUCTS,DAIRY,CHEESE,"ITALIAN, SOFT, MOZZARELLA",ALL PRODUCTION PRACTICES,ALL UTILIZATION PRACTICES,PRODUCTION,LB,"CHEESE, ITALIAN, SOFT, MOZZARELLA - PRODUCTION, MEASURED IN LB",TOTAL,NOT SPECIFIED,STATE,06,06,CA,CALIFORNIA,,,,,,,,00000000,,,9000,UNITED STATES,CALIFORNIA,2022,MONTHLY,01,01,JAN,,2024-04-26 15:00:00.000,"109,211,000",
SURVEY,ANIMALS & PRODUCTS,DAIRY,CHEESE,"ITALIAN, SOFT, MOZZARELLA",ALL PRODUCTION PRACTICES,ALL UTILIZATION PRACTICES,PRODUCTION,LB,"CHEESE, ITALIAN, SOFT, MOZZARELLA - PRODUCTION, MEASURED IN LB",TOTAL,NOT SPECIFIED,STATE,06,06,CA,CALIFORNIA,,,,,,,,00000000,,,9000,UNITED STATES,CALIFORNIA,2022,MONTHLY,02,02,FEB,,2024-04-26 15:00:00.000,"122,011,000",
SURVEY,ANIMALS & PRODUCTS,DAIRY,CHEESE,"ITALIAN, SOFT, MOZZARELLA",ALL PRODUCTION PRACTICES,ALL UTILIZATION PRACTICES,PRODUCTION,LB,"CHEESE, ITALIAN, SOFT, MOZZARELLA - PRODUCTION, MEASURED IN LB",TOTAL,NOT SPECIFIED,STATE,06,06,CA,CALIFORNIA,,,,,,,,00000000,,,9000,UNITED STATES,CALIFORNIA,2022,MONTHLY,03,03,MAR,,2024-04-26 15:00:00.000,"130,099,000",
SURVEY,ANIMALS & PRODUCTS,DAIRY,CHEESE,"ITALIAN, SOFT, MOZZARELLA",ALL PRODUCTION PRACTICES,ALL UTILIZATION PRACTICES,PRODUCTION,LB,"CHEESE, ITALIAN, SOFT, MOZZARELLA - PRODUCTION, MEASURED IN LB",TOTAL,NOT SPECIFIED,STATE,06,06,CA,CALIFORNIA,,,,,,,,00000000,,,9000,UNITED STATES,CALIFORNIA,2022,MONTHLY,04,04,APR,,2024-04-26 15:00:00.000,"124,422,000",
SURVEY,ANIMALS & PRODUCTS,DAIRY,CHEESE,"ITALIAN, SOFT, MOZZARELLA",ALL PRODUCTION PRACTICES,ALL UTILIZATION PRACTICES,PRODUCTION,LB,"CHEESE, ITALIAN, SOFT, MOZZARELLA - PRODUCTION, MEASURED IN LB",TOTAL,NOT SPECIFIED,STATE,06,06,CA,CALIFORNIA,,,,,,,,00000000,,,9000,UNITED STATES,CALIFORNIA,2022,MONTHLY,05,05,MAY,,2024-04-26 15:00:00.000,"129,177,000",
SURVEY,ANIMALS & PRODUCTS,DAIRY,CHEESE,"ITALIAN, SOFT, MOZZARELLA",ALL PRODUCTION PRACTICES,ALL UTILIZATION PRACTICES,PRODUCTION,LB,"CHEESE, ITALIAN, SOFT, MOZZARELLA - PRODUCTION, MEASURED IN LB",TOTAL,NOT SPECIFIED,STATE,06,06,CA,CALIFORNIA,,,,,,,,00000000,,,9000,UNITED STATES,CALIFORNIA,2022,MONTHLY,06,06,JUN,,2024-04-26 15:00:00.000,"124,484,000",
SURVEY,ANIMALS & PRODUCTS,DAIRY,CHEESE,"ITALIAN, SOFT, MOZZARELLA",ALL PRODUCTION PRACTICES,ALL UTILIZATION PRACTICES,PRODUCTION,LB,"CHEESE, ITALIAN, SOFT, MOZZARELLA - PRODUCTION, MEASURED IN LB",TOTAL,NOT SPECIFIED,STATE,06,06,CA,CALIFORNIA,,,,,,,,00000000,,,9000,UNITED STATES,CALIFORNIA,2022,MONTHLY,07,07,JUL,,2024-04-26 15:00:00.000,"128,679,000",
SURVEY,ANIMALS & PRODUCTS,DAIRY,CHEESE,"ITALIAN, SOFT, MOZZARELLA",ALL PRODUCTION PRACTICES,ALL UTILIZATION PRACTICES,PRODUCTION,LB,"CHEESE, ITALIAN, SOFT, MOZZARELLA - PRODUCTION, MEASURED IN LB",TOTAL,NOT SPECIFIED,STATE,06,06,CA,CALIFORNIA,,,,,,,,00000000,,,9000,UNITED STATES,CALIFORNIA,2022,MONTHLY,08,08,AUG,,2024-04-26 15:00:00.000,"126,442,000",
SURVEY,ANIMALS & PRODUCTS,DAIRY,CHEESE,"ITALIAN, SOFT, MOZZARELLA",ALL PRODUCTION PRACTICES,ALL UTILIZATION PRACTICES,PRODUCTION,LB,"CHEESE, ITALIAN, SOFT, MOZZARELLA - PRODUCTION, MEASURED IN LB",TOTAL,NOT SPECIFIED,STATE,06,06,CA,CALIFORNIA,,,,,,,,00000000,,,9000,UNITED STATES,CALIFORNIA,2022,MONTHLY,09,09,SEP,,2024-04-26 15:00:00.000,"119,862,000",
SURVEY,ANIMALS & PRODUCTS,DAIRY,CHEESE,"ITALIAN, SOFT, MOZZARELLA",ALL PRODUCTION PRACTICES,ALL UTILIZATION PRACTICES,PRODUCTION,LB,"CHEESE, ITALIAN, SOFT, MOZZARELLA - PRODUCTION, MEASURED IN LB",TOTAL,NOT SPECIFIED,STATE,06,06,CA,CALIFORNIA,,,,,,,,00000000,,,9000,UNITED STATES,CALIFORNIA,2022,MONTHLY,10,10,OCT,,2024-04-26 15:00:00.000,"125,973,000",
SURVEY,ANIMALS & PRODUCTS,DAIRY,CHEESE,"ITALIAN, SOFT, MOZZARELLA",ALL PRODUCTION PRACTICES,ALL UTILIZATION PRACTICES,PRODUCTION,LB,"CHEESE, ITALIAN, SOFT, MOZZARELLA - PRODUCTION, MEASURED IN LB",TOTAL,NOT SPECIFIED,STATE,06,06,CA,CALIFORNIA,,,,,,,,00000000,,,9000,UNITED STATES,CALIFORNIA,2022,MONTHLY,11,11,NOV,,2024-04-26 15:00:00.000,"126,011,000",
SURVEY,ANIMALS & PRODUCTS,DAIRY,CHEESE,"ITALIAN, SOFT, MOZZARELLA",ALL PRODUCTION PRACTICES,ALL UTILIZATION PRACTICES,PRODUCTION,LB,"CHEESE, ITALIAN, SOFT, MOZZARELLA - PRODUCTION, MEASURED IN LB",TOTAL,NOT SPECIFIED,STATE,06,06,CA,CALIFORNIA,,,,,,,,00000000,,,9000,UNITED STATES,CALIFORNIA,2022,MONTHLY,12,12,DEC,,2024-04-26 15:00:00.000,"130,115,000",
SURVEY,ANIMALS & PRODUCTS,DAIRY,CHEESE,"ITALIAN, SOFT, MOZZARELLA",ALL PRODUCTION PRACTICES,ALL UTILIZATION PRACTICES,PRODUCTION,LB,"CHEESE, ITALIAN, SOFT, MOZZARELLA - PRODUCTION, MEASURED IN LB",TOTAL,NOT SPECIFIED,STATE,16,16,ID,IDAHO,,,,,,,,00000000,,,9000,UNITED STATES,IDAHO,2022,MONTHLY,01,01,JAN,,2022-04-01 15:00:12.000,"28,962,000",
SURVEY,ANIMALS & PRODUCTS,DAIRY,CHEESE,"ITALIAN, SOFT, MOZZARELLA",ALL PRODUCTION PRACTICES,ALL UTILIZATION PRACTICES,PRODUCTION,LB,"CHEESE, ITALIAN, SOFT, MOZZARELLA - PRODUCTION, MEASURED IN LB",TOTAL,NOT SPECIFIED,STATE,34,34,NJ,NEW JERSEY,,,,,,,,00000000,,,9000,UNITED STATES,NEW JERSEY,2022,MONTHLY,01,01,JAN,,2024-04-26 15:00:00.000,"1,342,000",
SURVEY,ANIMALS & PRODUCTS,DAIRY,CHEESE,"ITALIAN, SOFT, MOZZARELLA",ALL PRODUCTION PRACTICES,ALL UTILIZATION PRACTICES,PRODUCTION,LB,"CHEESE, ITALIAN, SOFT, MOZZARELLA - PRODUCTION, MEASURED IN LB",TOTAL,NOT SPECIFIED,STATE,34,34,NJ,NEW JERSEY,,,,,,,,00000000,,,9000,UNITED STATES,NEW JERSEY,2022,MONTHLY,02,02,FEB,,2024-04-26 15:00:00.000,"1,062,000",
SURVEY,ANIMALS & PRODUCTS,DAIRY,CHEESE,"ITALIAN, SOFT, MOZZARELLA",ALL PRODUCTION PRACTICES,ALL UTILIZATION PRACTICES,PRODUCTION,LB,"CHEESE, ITALIAN, SOFT, MOZZARELLA - PRODUCTION, MEASURED IN LB",TOTAL,NOT SPECIFIED,STATE,34,34,NJ,NEW JERSEY,,,,,,,,00000000,,,9000,UNITED STATES,NEW JERSEY,2022,MONTHLY,03,03,MAR,,2024-04-26 15:00:00.000,"1,405,000",
SURVEY,ANIMALS & PRODUCTS,DAIRY,CHEESE,"ITALIAN, SOFT, MOZZARELLA",ALL PRODUCTION PRACTICES,ALL UTILIZATION PRACTICES,PRODUCTION,LB,"CHEESE, ITALIAN, SOFT, MOZZARELLA - PRODUCTION, MEASURED IN LB",TOTAL,NOT SPECIFIED,STATE,34,34,NJ,NEW JERSEY,,,,,,,,00000000,,,9000,UNITED STATES,NEW JERSEY,2022,MONTHLY,04,04,APR,,2024-04-26 15:00:00.000,"1,197,000",
SURVEY,ANIMALS & PRODUCTS,DAIRY,CHEESE,"ITALIAN, SOFT, MOZZARELLA",ALL PRODUCTION PRACTICES,ALL UTILIZATION PRACTICES,PRODUCTION,LB,"CHEESE, ITALIAN, SOFT, MOZZARELLA - PRODUCTION, MEASURED IN LB",TOTAL,NOT SPECIFIED,STATE,34,34,NJ,NEW JERSEY,,,,,,,,00000000,,,9000,UNITED STATES,NEW JERSEY,2022,MONTHLY,05,05,MAY,,2024-04-26 15:00:00.000,"1,152,000",
SURVEY,ANIMALS & PRODUCTS,DAIRY,CHEESE,"ITALIAN, SOFT, MOZZARELLA",ALL PRODUCTION PRACTICES,ALL UTILIZATION PRACTICES,PRODUCTION,LB,"CHEESE, ITALIAN, SOFT, MOZZARELLA - PRODUCTION, MEASURED IN LB",TOTAL,NOT SPECIFIED,STATE,34,34,NJ,NEW JERSEY,,,,,,,,00000000,,,9000,UNITED STATES,NEW JERSEY,2022,MONTHLY,06,06,JUN,,2024-04-26 15:00:00.000,"1,292,000",
SURVEY,ANIMALS & PRODUCTS,DAIRY,CHEESE,"ITALIAN, SOFT, MOZZARELLA",ALL PRODUCTION PRACTICES,ALL UTILIZATION PRACTICES,PRODUCTION,LB,"CHEESE, ITALIAN, SOFT, MOZZARELLA - PRODUCTION, MEASURED IN LB",TOTAL,NOT SPECIFIED,STATE,34,34,NJ,NEW JERSEY,,,,,,,,00000000,,,9000,UNITED STATES,NEW JERSEY,2022,MONTHLY,07,07,JUL,,2024-04-26 15:00:00.000,"1,490,000",
SURVEY,ANIMALS & PRODUCTS,DAIRY,CHEESE,"ITALIAN, SOFT, MOZZARELLA",ALL PRODUCTION PRACTICES,ALL UTILIZATION PRACTICES,PRODUCTION,LB,"CHEESE, ITALIAN, SOFT, MOZZARELLA - PRODUCTION, MEASURED IN LB",TOTAL,NOT SPECIFIED,STATE,34,34,NJ,NEW JERSEY,,,,,,,,00000000,,,9000,UNITED STATES,NEW JERSEY,2022,MONTHLY,08,08,AUG,,2024-04-26 15:00:00.000,"1,379,000",
SURVEY,ANIMALS & PRODUCTS,DAIRY,CHEESE,"ITALIAN, SOFT, MOZZARELLA",ALL PRODUCTION PRACTICES,ALL UTILIZATION PRACTICES,PRODUCTION,LB,"CHEESE, ITALIAN, SOFT, MOZZARELLA - PRODUCTION, MEASURED IN LB",TOTAL,NOT SPECIFIED,STATE,34,34,NJ,NEW JERSEY,,,,,,,,00000000,,,9000,UNITED STATES,NEW JERSEY,2022,MONTHLY,09,09,SEP,,2024-04-26 15:00:00.000,"1,330,000",
SURVEY,ANIMALS & PRODUCTS,DAIRY,CHEESE,"ITALIAN, SOFT, MOZZARELLA",ALL PRODUCTION PRACTICES,ALL UTILIZATION PRACTICES,PRODUCTION,LB,"CHEESE, ITALIAN, SOFT, MOZZARELLA - PRODUCTION, MEASURED IN LB",TOTAL,NOT SPECIFIED,STATE,34,34,NJ,NEW JERSEY,,,,,,,,00000000,,,9000,UNITED STATES,NEW JERSEY,2022,MONTHLY,10,10,OCT,,2024-04-26 15:00:00.000,"1,374,000",
SURVEY,ANIMALS & PRODUCTS,DAIRY,CHEESE,"ITALIAN, SOFT, MOZZARELLA",ALL PRODUCTION PRACTICES,ALL UTILIZATION PRACTICES,PRODUCTION,LB,"CHEESE, ITALIAN, SOFT, MOZZARELLA - PRODUCTION, MEASURED IN LB",TOTAL,NOT SPECIFIED,STATE,34,34,NJ,NEW JERSEY,,,,,,,,00000000,,,9000,UNITED STATES,NEW JERSEY,2022,MONTHLY,11,11,NOV,,2024-04-26 15:00:00.000,"1,283,000",
SURVEY,ANIMALS & PRODUCTS,DAIRY,CHEESE,"ITALIAN, SOFT, MOZZARELLA",ALL PRODUCTION PRACTICES,ALL UTILIZATION PRACTICES,PRODUCTION,LB,"CHEESE, ITALIAN, SOFT, MOZZARELLA - PRODUCTION, MEASURED IN LB",TOTAL,NOT SPECIFIED,STATE,34,34,NJ,NEW JERSEY,,,,,,,,00000000,,,9000,UNITED STATES,NEW JERSEY,2022,MONTHLY,12,12,DEC,,2024-04-26 15:00:00.000,"1,502,000",
SURVEY,ANIMALS & PRODUCTS,DAIRY,CHEESE,"ITALIAN, SOFT, MOZZARELLA",ALL PRODUCTION PRACTICES,ALL UTILIZATION PRACTICES,PRODUCTION,LB,"CHEESE, ITALIAN, SOFT, MOZZARELLA - PRODUCTION, MEASURED IN LB",TOTAL,NOT SPECIFIED,STATE,36,36,NY,NEW YORK,,,,,,,,00000000,,,9000,UNITED STATES,NEW YORK,2022,MONTHLY,01,01,JAN,,2024-04-26 15:00:00.000,"15,699,000",
SURVEY,ANIMALS & PRODUCTS,DAIRY,CHEESE,"ITALIAN, SOFT, MOZZARELLA",ALL PRODUCTION PRACTICES,ALL UTILIZATION PRACTICES,PRODUCTION,LB,"CHEESE, ITALIAN, SOFT, MOZZARELLA - PRODUCTION, MEASURED IN LB",TOTAL,NOT SPECIFIED,STATE,36,36,NY,NEW YORK,,,,,,,,00000000,,,9000,UNITED STATES,NEW YORK,2022,MONTHLY,02,02,FEB,,2024-04-26 15:00:00.000,"13,913,000",
SURVEY,ANIMALS & PRODUCTS,DAIRY,CHEESE,"ITALIAN, SOFT, MOZZARELLA",ALL PRODUCTION PRACTICES,ALL UTILIZATION PRACTICES,PRODUCTION,LB,"CHEESE, ITALIAN, SOFT, MOZZARELLA - PRODUCTION, MEASURED IN LB",TOTAL,NOT SPECIFIED,STATE,36,36,NY,NEW YORK,,,,,,,,00000000,,,9000,UNITED STATES,NEW YORK,2022,MONTHLY,03,03,MAR,,2024-04-26 15:00:00.000,"15,542,000",
SURVEY,ANIMALS & PRODUCTS,DAIRY,CHEESE,"ITALIAN, SOFT, MOZZARELLA",ALL PRODUCTION PRACTICES,ALL UTILIZATION PRACTICES,PRODUCTION,LB,"CHEESE, ITALIAN, SOFT, MOZZARELLA - PRODUCTION, MEASURED IN LB",TOTAL,NOT SPECIFIED,STATE,36,36,NY,NEW YORK,,,,,,,,00000000,,,9000,UNITED STATES,NEW YORK,2022,MONTHLY,04,04,APR,,2024-04-26 15:00:00.000,"14,427,000",
SURVEY,ANIMALS & PRODUCTS,DAIRY,CHEESE,"ITALIAN, SOFT, MOZZARELLA",ALL PRODUCTION PRACTICES,ALL UTILIZATION PRACTICES,PRODUCTION,LB,"CHEESE, ITALIAN, SOFT, MOZZARELLA - PRODUCTION, MEASURED IN LB",TOTAL,NOT SPECIFIED,STATE,36,36,NY,NEW YORK,,,,,,,,00000000,,,9000,UNITED STATES,NEW YORK,2022,MONTHLY,05,05,MAY,,2024-04-26 15:00:00.000,"13,325,000",
SURVEY,ANIMALS & PRODUCTS,DAIRY,CHEESE,"ITALIAN, SOFT, MOZZARELLA",ALL PRODUCTION PRACTICES,ALL UTILIZATION PRACTICES,PRODUCTION,LB,"CHEESE, ITALIAN, SOFT, MOZZARELLA - PRODUCTION, MEASURED IN LB",TOTAL,NOT SPECIFIED,STATE,36,36,NY,NEW YORK,,,,,,,,00000000,,,9000,UNITED STATES,NEW YORK,2022,MONTHLY,06,06,JUN,,2024-04-26 15:00:00.000,"13,316,000",
SURVEY,ANIMALS & PRODUCTS,DAIRY,CHEESE,"ITALIAN, SOFT, MOZZARELLA",ALL PRODUCTION PRACTICES,ALL UTILIZATION PRACTICES,PRODUCTION,LB,"CHEESE, ITALIAN, SOFT, MOZZARELLA - PRODUCTION, MEASURED IN LB",TOTAL,NOT SPECIFIED,STATE,36,36,NY,NEW YORK,,,,,,,,00000000,,,9000,UNITED STATES,NEW YORK,2022,MONTHLY,07,07,JUL,,2024-04-26 15:00:00.000,"12,684,000",
SURVEY,ANIMALS & PRODUCTS,DAIRY,CHEESE,"ITALIAN, SOFT, MOZZARELLA",ALL PRODUCTION PRACTICES,ALL UTILIZATION PRACTICES,PRODUCTION,LB,"CHEESE, ITALIAN, SOFT, MOZZARELLA - PRODUCTION, MEASURED IN LB",TOTAL,NOT SPECIFIED,STATE,36,36,NY,NEW YORK,,,,,,,,00000000,,,9000,UNITED STATES,NEW YORK,2022,MONTHLY,08,08,AUG,,2024-04-26 15:00:00.000,"14,053,000",
SURVEY,ANIMALS & PRODUCTS,DAIRY,CHEESE,"ITALIAN, SOFT, MOZZARELLA",ALL PRODUCTION PRACTICES,ALL UTILIZATION PRACTICES,PRODUCTION,LB,"CHEESE, ITALIAN, SOFT, MOZZARELLA - PRODUCTION, MEASURED IN LB",TOTAL,NOT SPECIFIED,STATE,36,36,NY,NEW YORK,,,,,,,,00000000,,,9000,UNITED STATES,NEW YORK,2022,MONTHLY,09,09,SEP,,2024-04-26 15:00:00.000,"12,135,000",
SURVEY,ANIMALS & PRODUCTS,DAIRY,CHEESE,"ITALIAN, SOFT, MOZZARELLA",ALL PRODUCTION PRACTICES,ALL UTILIZATION PRACTICES,PRODUCTION,LB,"CHEESE, ITALIAN, SOFT, MOZZARELLA - PRODUCTION, MEASURED IN LB",TOTAL,NOT SPECIFIED,STATE,36,36,NY,NEW YORK,,,,,,,,00000000,,,9000,UNITED STATES,NEW YORK,2022,MONTHLY,10,10,OCT,,2024-04-26 15:00:00.000,"14,909,000",
SURVEY,ANIMALS & PRODUCTS,DAIRY,CHEESE,"ITALIAN, SOFT, MOZZARELLA",ALL PRODUCTION PRACTICES,ALL UTILIZATION PRACTICES,PRODUCTION,LB,"CHEESE, ITALIAN, SOFT, MOZZARELLA - PRODUCTION, MEASURED IN LB",TOTAL,NOT SPECIFIED,STATE,36,36,NY,NEW YORK,,,,,,,,00000000,,,9000,UNITED STATES,NEW YORK,2022,MONTHLY,11,11,NOV,,2024-04-26 15:00:00.000,"14,349,000",
SURVEY,ANIMALS & PRODUCTS,DAIRY,CHEESE,"ITALIAN, SOFT, MOZZARELLA",ALL PRODUCTION PRACTICES,ALL UTILIZATION PRACTICES,PRODUCTION,LB,"CHEESE, ITALIAN, SOFT, MOZZARELLA - PRODUCTION, MEASURED IN LB",TOTAL,NOT SPECIFIED,STATE,36,36,NY,NEW YORK,,,,,,,,00000000,,,9000,UNITED STATES,NEW YORK,2022,MONTHLY,12,12,DEC,,2024-04-26 15:00:00.000,"13,208,000",
SURVEY,ANIMALS & PRODUCTS,DAIRY,CHEESE,"ITALIAN, SOFT, MOZZARELLA",ALL PRODUCTION PRACTICES,ALL UTILIZATION PRACTICES,PRODUCTION,LB,"CHEESE, ITALIAN, SOFT, MOZZARELLA - PRODUCTION, MEASURED IN LB",TOTAL,NOT SPECIFIED,STATE,42,42,PA,PENNSYLVANIA,,,,,,,,00000000,,,9000,UNITED STATES,PENNSYLVANIA,2022,MONTHLY,01,01,JAN,,2024-04-26 15:00:00.000,"20,550,000",
SURVEY,ANIMALS & PRODUCTS,DAIRY,CHEESE,"ITALIAN, SOFT, MOZZARELLA",ALL PRODUCTION PRACTICES,ALL UTILIZATION PRACTICES,PRODUCTION,LB,"CHEESE, ITALIAN, SOFT, MOZZARELLA - PRODUCTION, MEASURED IN LB",TOTAL,NOT SPECIFIED,STATE,42,42,PA,PENNSYLVANIA,,,,,,,,00000000,,,9000,UNITED STATES,PENNSYLVANIA,2022,MONTHLY,02,02,FEB,,2024-04-26 15:00:00.000,"17,869,000",
SURVEY,ANIMALS & PRODUCTS,DAIRY,CHEESE,"ITALIAN, SOFT, MOZZARELLA",ALL PRODUCTION PRACTICES,ALL UTILIZATION PRACTICES,PRODUCTION,LB,"CHEESE, ITALIAN, SOFT, MOZZARELLA - PRODUCTION, MEASURED IN LB",TOTAL,NOT SPECIFIED,STATE,42,42,PA,PENNSYLVANIA,,,,,,,,00000000,,,9000,UNITED STATES,PENNSYLVANIA,2022,MONTHLY,03,03,MAR,,2024-04-26 15:00:00.000,"19,624,000",
SURVEY,ANIMALS & PRODUCTS,DAIRY,CHEESE,"ITALIAN, SOFT, MOZZARELLA",ALL PRODUCTION PRACTICES,ALL UTILIZATION PRACTICES,PRODUCTION,LB,"CHEESE, ITALIAN, SOFT, MOZZARELLA - PRODUCTION, MEASURED IN LB",TOTAL,NOT SPECIFIED,STATE,42,42,PA,PENNSYLVANIA,,,,,,,,00000000,,,9000,UNITED STATES,PENNSYLVANIA,2022,MONTHLY,04,04,APR,,2024-04-26 15:00:00.000,"18,849,000",
SURVEY,ANIMALS & PRODUCTS,DAIRY,CHEESE,"ITALIAN, SOFT, MOZZARELLA",ALL PRODUCTION PRACTICES,ALL UTILIZATION PRACTICES,PRODUCTION,LB,"CHEESE, ITALIAN, SOFT, MOZZARELLA - PRODUCTION, MEASURED IN LB",TOTAL,NOT SPECIFIED,STATE,42,42,PA,PENNSYLVANIA,,,,,,,,00000000,,,9000,UNITED STATES,PENNSYLVANIA,2022,MONTHLY,05,05,MAY,,2024-04-26 15:00:00.000,"19,504,000",
SURVEY,ANIMALS & PRODUCTS,DAIRY,CHEESE,"ITALIAN, SOFT, MOZZARELLA",ALL PRODUCTION PRACTICES,ALL UTILIZATION PRACTICES,PRODUCTION,LB,"CHEESE, ITALIAN, SOFT, MOZZARELLA - PRODUCTION, MEASURED IN LB",TOTAL,NOT SPECIFIED,STATE,42,42,PA,PENNSYLVANIA,,,,,,,,00000000,,,9000,UNITED STATES,PENNSYLVANIA,2022,MONTHLY,06,06,JUN,,2024-04-26 15:00:00.000,"18,757,000",
SURVEY,ANIMALS & PRODUCTS,DAIRY,CHEESE,"ITALIAN, SOFT, MOZZARELLA",ALL PRODUCTION PRACTICES,ALL UTILIZATION PRACTICES,PRODUCTION,LB,"CHEESE, ITALIAN, SOFT, MOZZARELLA - PRODUCTION, MEASURED IN LB",TOTAL,NOT SPECIFIED,STATE,42,42,PA,PENNSYLVANIA,,,,,,,,00000000,,,9000,UNITED STATES,PENNSYLVANIA,2022,MONTHLY,07,07,JUL,,2024-04-26 15:00:00.000,"19,068,000",
SURVEY,ANIMALS & PRODUCTS,DAIRY,CHEESE,"ITALIAN, SOFT, MOZZARELLA",ALL PRODUCTION PRACTICES,ALL UTILIZATION PRACTICES,PRODUCTION,LB,"CHEESE, ITALIAN, SOFT, MOZZARELLA - PRODUCTION, MEASURED IN LB",TOTAL,NOT SPECIFIED,STATE,42,42,PA,PENNSYLVANIA,,,,,,,,00000000,,,9000,UNITED STATES,PENNSYLVANIA,2022,MONTHLY,08,08,AUG,,2024-04-26 15:00:00.000,"17,622,000",
SURVEY,ANIMALS & PRODUCTS,DAIRY,CHEESE,"ITALIAN, SOFT, MOZZARELLA",ALL PRODUCTION PRACTICES,ALL UTILIZATION PRACTICES,PRODUCTION,LB,"CHEESE, ITALIAN, SOFT, MOZZARELLA - PRODUCTION, MEASURED IN LB",TOTAL,NOT SPECIFIED,STATE,42,42,PA,PENNSYLVANIA,,,,,,,,00000000,,,9000,UNITED STATES,PENNSYLVANIA,2022,MONTHLY,09,09,SEP,,2024-04-26 15:00:00.000,"18,335,000",
SURVEY,ANIMALS & PRODUCTS,DAIRY,CHEESE,"ITALIAN, SOFT, MOZZARELLA",ALL PRODUCTION PRACTICES,ALL UTILIZATION PRACTICES,PRODUCTION,LB,"CHEESE, ITALIAN, SOFT, MOZZARELLA - PRODUCTION, MEASURED IN LB",TOTAL,NOT SPECIFIED,STATE,42,42,PA,PENNSYLVANIA,,,,,,,,00000000,,,9000,UNITED STATES,PENNSYLVANIA,2022,MONTHLY,10,10,OCT,,2024-04-26 15:00:00.000,"18,213,000",
SURVEY,ANIMALS & PRODUCTS,DAIRY,CHEESE,"ITALIAN, SOFT, MOZZARELLA",ALL PRODUCTION PRACTICES,ALL UTILIZATION PRACTICES,PRODUCTION,LB,"CHEESE, ITALIAN, SOFT, MOZZARELLA - PRODUCTION, MEASURED IN LB",TOTAL,NOT SPECIFIED,STATE,42,42,PA,PENNSYLVANIA,,,,,,,,00000000,,,9000,UNITED STATES,PENNSYLVANIA,2022,MONTHLY,11,11,NOV,,2024-04-26 15:00:00.000,"16,699,000",
SURVEY,ANIMALS & PRODUCTS,DAIRY,CHEESE,"ITALIAN, SOFT, MOZZARELLA",ALL PRODUCTION PRACTICES,ALL UTILIZATION PRACTICES,PRODUCTION,LB,"CHEESE, ITALIAN, SOFT, MOZZARELLA - PRODUCTION, MEASURED IN LB",TOTAL,NOT SPECIFIED,STATE,42,42,PA,PENNSYLVANIA,,,,,,,,00000000,,,9000,UNITED STATES,PENNSYLVANIA,2022,MONTHLY,12,12,DEC,,2024-04-26 15:00:00.000,"20,907,000",
SURVEY,ANIMALS & PRODUCTS,DAIRY,CHEESE,"ITALIAN, SOFT, MOZZARELLA",ALL PRODUCTION PRACTICES,ALL UTILIZATION PRACTICES,PRODUCTION,LB,"CHEESE, ITALIAN, SOFT, MOZZARELLA - PRODUCTION, MEASURED IN LB",TOTAL,NOT SPECIFIED,STATE,55,55,WI,WISCONSIN,,,,,,,,00000000,,,9000,UNITED STATES,WISCONSIN,2022,MONTHLY,01,01,JAN,,2024-04-26 15:00:00.000,"88,120,000",
SURVEY,ANIMALS & PRODUCTS,DAIRY,CHEESE,"ITALIAN, SOFT, MOZZARELLA",ALL PRODUCTION PRACTICES,ALL UTILIZATION PRACTICES,PRODUCTION,LB,"CHEESE, ITALIAN, SOFT, MOZZARELLA - PRODUCTION, MEASURED IN LB",TOTAL,NOT SPECIFIED,STATE,55,55,WI,WISCONSIN,,,,,,,,00000000,,,9000,UNITED STATES,WISCONSIN,2022,MONTHLY,02,02,FEB,,2024-04-26 15:00:00.000,"81,657,000",
SURVEY,ANIMALS & PRODUCTS,DAIRY,CHEESE,"ITALIAN, SOFT, MOZZARELLA",ALL PRODUCTION PRACTICES,ALL UTILIZATION PRACTICES,PRODUCTION,LB,"CHEESE, ITALIAN, SOFT, MOZZARELLA - PRODUCTION, MEASURED IN LB",TOTAL,NOT SPECIFIED,STATE,55,55,WI,WISCONSIN,,,,,,,,00000000,,,9000,UNITED STATES,WISCONSIN,2022,MONTHLY,03,03,MAR,,2024-04-26 15:00:00.000,"97,232,000",
SURVEY,ANIMALS & PRODUCTS,DAIRY,CHEESE,"ITALIAN, SOFT, MOZZARELLA",ALL PRODUCTION PRACTICES,ALL UTILIZATION PRACTICES,PRODUCTION,LB,"CHEESE, ITALIAN, SOFT, MOZZARELLA - PRODUCTION, MEASURED IN LB",TOTAL,NOT SPECIFIED,STATE,55,55,WI,WISCONSIN,,,,,,,,00000000,,,9000,UNITED STATES,WISCONSIN,2022,MONTHLY,04,04,APR,,2024-04-26 15:00:00.000,"90,549,000",
SURVEY,ANIMALS & PRODUCTS,DAIRY,CHEESE,"ITALIAN, SOFT, MOZZARELLA",ALL PRODUCTION PRACTICES,ALL UTILIZATION PRACTICES,PRODUCTION,LB,"CHEESE, ITALIAN, SOFT, MOZZARELLA - PRODUCTION, MEASURED IN LB",TOTAL,NOT SPECIFIED,STATE,55,55,WI,WISCONSIN,,,,,,,,00000000,,,9000,UNITED STATES,WISCONSIN,2022,MONTHLY,05,05,MAY,,2024-04-26 15:00:00.000,"90,313,000",
SURVEY,ANIMALS & PRODUCTS,DAIRY,CHEESE,"ITALIAN, SOFT, MOZZARELLA",ALL PRODUCTION PRACTICES,ALL UTILIZATION PRACTICES,PRODUCTION,LB,"CHEESE, ITALIAN, SOFT, MOZZARELLA - PRODUCTION, MEASURED IN LB",TOTAL,NOT SPECIFIED,STATE,55,55,WI,WISCONSIN,,,,,,,,00000000,,,9000,UNITED STATES,WISCONSIN,2022,MONTHLY,06,06,JUN,,2024-04-26 15:00:00.000,"90,841,000",
SURVEY,ANIMALS & PRODUCTS,DAIRY,CHEESE,"ITALIAN, SOFT, MOZZARELLA",ALL PRODUCTION PRACTICES,ALL UTILIZATION PRACTICES,PRODUCTION,LB,"CHEESE, ITALIAN, SOFT, MOZZARELLA - PRODUCTION, MEASURED IN LB",TOTAL,NOT SPECIFIED,STATE,55,55,WI,WISCONSIN,,,,,,,,00000000,,,9000,UNITED STATES,WISCONSIN,2022,MONTHLY,07,07,JUL,,2024-04-26 15:00:00.000,"88,359,000",
SURVEY,ANIMALS & PRODUCTS,DAIRY,CHEESE,"ITALIAN, SOFT, MOZZARELLA",ALL PRODUCTION PRACTICES,ALL UTILIZATION PRACTICES,PRODUCTION,LB,"CHEESE, ITALIAN, SOFT, MOZZARELLA - PRODUCTION, MEASURED IN LB",TOTAL,NOT SPECIFIED,STATE,55,55,WI,WISCONSIN,,,,,,,,00000000,,,9000,UNITED STATES,WISCONSIN,2022,MONTHLY,08,08,AUG,,2024-04-26 15:00:00.000,"87,606,000",
SURVEY,ANIMALS & PRODUCTS,DAIRY,CHEESE,"ITALIAN, SOFT, MOZZARELLA",ALL PRODUCTION PRACTICES,ALL UTILIZATION PRACTICES,PRODUCTION,LB,"CHEESE, ITALIAN, SOFT, MOZZARELLA - PRODUCTION, MEASURED IN LB",TOTAL,NOT SPECIFIED,STATE,55,55,WI,WISCONSIN,,,,,,,,00000000,,,9000,UNITED STATES,WISCONSIN,2022,MONTHLY,09,09,SEP,,2024-04-26 15:00:00.000,"94,497,000",
SURVEY,ANIMALS & PRODUCTS,DAIRY,CHEESE,"ITALIAN, SOFT, MOZZARELLA",ALL PRODUCTION PRACTICES,ALL UTILIZATION PRACTICES,PRODUCTION,LB,"CHEESE, ITALIAN, SOFT, MOZZARELLA - PRODUCTION, MEASURED IN LB",TOTAL,NOT SPECIFIED,STATE,55,55,WI,WISCONSIN,,,,,,,,00000000,,,9000,UNITED STATES,WISCONSIN,2022,MONTHLY,10,10,OCT,,2024-04-26 15:00:00.000,"88,836,000",
SURVEY,ANIMALS & PRODUCTS,DAIRY,CHEESE,"ITALIAN, SOFT, MOZZARELLA",ALL PRODUCTION PRACTICES,ALL UTILIZATION PRACTICES,PRODUCTION,LB,"CHEESE, ITALIAN, SOFT, MOZZARELLA - PRODUCTION, MEASURED IN LB",TOTAL,NOT SPECIFIED,STATE,55,55,WI,WISCONSIN,,,,,,,,00000000,,,9000,UNITED STATES,WISCONSIN,2022,MONTHLY,11,11,NOV,,2024-04-26 15:00:00.000,"88,478,000",
SURVEY,ANIMALS & PRODUCTS,DAIRY,CHEESE,"ITALIAN, SOFT, MOZZARELLA",ALL PRODUCTION PRACTICES,ALL UTILIZATION PRACTICES,PRODUCTION,LB,"CHEESE, ITALIAN, SOFT, MOZZARELLA - PRODUCTION, MEASURED IN LB",TOTAL,NOT SPECIFIED,STATE,55,55,WI,WISCONSIN,,,,,,,,00000000,,,9000,UNITED STATES,WISCONSIN,2022,MONTHLY,12,12,DEC,,2024-04-26 15:00:00.000,"88,477,000",
SURVEY,ANIMALS & PRODUCTS,DAIRY,CHEESE,MUENSTER,ALL PRODUCTION PRACTICES,ALL UTILIZATION PRACTICES,PRODUCTION,LB,"CHEESE, MUENSTER - PRODUCTION, MEASURED IN LB",TOTAL,NOT SPECIFIED,STATE,,98,OT,OTHER STATES,,,,,,,,00000000,,,9000,UNITED STATES,OTHER STATES,2022,MONTHLY,01,01,JAN,,2024-04-26 15:00:00.000,"4,737,000",
SURVEY,ANIMALS & PRODUCTS,DAIRY,CHEESE,MUENSTER,ALL PRODUCTION PRACTICES,ALL UTILIZATION PRACTICES,PRODUCTION,LB,"CHEESE, MUENSTER - PRODUCTION, MEASURED IN LB",TOTAL,NOT SPECIFIED,STATE,,98,OT,OTHER STATES,,,,,,,,00000000,,,9000,UNITED STATES,OTHER STATES,2022,MONTHLY,02,02,FEB,,2024-04-26 15:00:00.000,"4,823,000",
SURVEY,ANIMALS & PRODUCTS,DAIRY,CHEESE,MUENSTER,ALL PRODUCTION PRACTICES,ALL UTILIZATION PRACTICES,PRODUCTION,LB,"CHEESE, MUENSTER - PRODUCTION, MEASURED IN LB",TOTAL,NOT SPECIFIED,STATE,,98,OT,OTHER STATES,,,,,,,,00000000,,,9000,UNITED STATES,OTHER STATES,2022,MONTHLY,03,03,MAR,,2024-04-26 15:00:00.000,"5,507,000",
SURVEY,ANIMALS & PRODUCTS,DAIRY,CHEESE,MUENSTER,ALL PRODUCTION PRACTICES,ALL UTILIZATION PRACTICES,PRODUCTION,LB,"CHEESE, MUENSTER - PRODUCTION, MEASURED IN LB",TOTAL,NOT SPECIFIED,STATE,,98,OT,OTHER STATES,,,,,,,,00000000,,,9000,UNITED STATES,OTHER STATES,2022,MONTHLY,04,04,APR,,2024-04-26 15:00:00.000,"5,971,000",
SURVEY,ANIMALS & PRODUCTS,DAIRY,CHEESE,MUENSTER,ALL PRODUCTION PRACTICES,ALL UTILIZATION PRACTICES,PRODUCTION,LB,"CHEESE, MUENSTER - PRODUCTION, MEASURED IN LB",TOTAL,NOT SPECIFIED,STATE,,98,OT,OTHER STATES,,,,,,,,00000000,,,9000,UNITED STATES,OTHER STATES,2022,MONTHLY,05,05,MAY,,2024-04-26 15:00:00.000,"4,275,000",
SURVEY,ANIMALS & PRODUCTS,DAIRY,CHEESE,MUENSTER,ALL PRODUCTION PRACTICES,ALL UTILIZATION PRACTICES,PRODUCTION,LB,"CHEESE, MUENSTER - PRODUCTION, MEASURED IN LB",TOTAL,NOT SPECIFIED,STATE,,98,OT,OTHER STATES,,,,,,,,00000000,,,9000,UNITED STATES,OTHER STATES,2022,MONTHLY,06,06,JUN,,2024-04-26 15:00:00.000,"6,042,000",
SURVEY,ANIMALS & PRODUCTS,DAIRY,CHEESE,MUENSTER,ALL PRODUCTION PRACTICES,ALL UTILIZATION PRACTICES,PRODUCTION,LB,"CHEESE, MUENSTER - PRODUCTION, MEASURED IN LB",TOTAL,NOT SPECIFIED,STATE,,98,OT,OTHER STATES,,,,,,,,00000000,,,9000,UNITED STATES,OTHER STATES,2022,MONTHLY,07,07,JUL,,2024-04-26 15:00:00.000,"5,552,000",
SURVEY,ANIMALS & PRODUCTS,DAIRY,CHEESE,MUENSTER,ALL PRODUCTION PRACTICES,ALL UTILIZATION PRACTICES,PRODUCTION,LB,"CHEESE, MUENSTER - PRODUCTION, MEASURED IN LB",TOTAL,NOT SPECIFIED,STATE,,98,OT,OTHER STATES,,,,,,,,00000000,,,9000,UNITED STATES,OTHER STATES,2022,MONTHLY,08,08,AUG,,2024-04-26 15:00:00.000,"4,907,000",
SURVEY,ANIMALS & PRODUCTS,DAIRY,CHEESE,MUENSTER,ALL PRODUCTION PRACTICES,ALL UTILIZATION PRACTICES,PRODUCTION,LB,"CHEESE, MUENSTER - PRODUCTION, MEASURED IN LB",TOTAL,NOT SPECIFIED,STATE,,98,OT,OTHER STATES,,,,,,,,00000000,,,9000,UNITED STATES,OTHER STATES,2022,MONTHLY,09,09,SEP,,2024-04-26 15:00:00.000,"5,186,000",
SURVEY,ANIMALS & PRODUCTS,DAIRY,CHEESE,MUENSTER,ALL PRODUCTION PRACTICES,ALL UTILIZATION PRACTICES,PRODUCTION,LB,"CHEESE, MUENSTER - PRODUCTION, MEASURED IN LB",TOTAL,NOT SPECIFIED,STATE,,98,OT,OTHER STATES,,,,,,,,00000000,,,9000,UNITED STATES,OTHER STATES,2022,MONTHLY,10,10,OCT,,2024-04-26 15:00:00.000,"5,665,000",
SURVEY,ANIMALS & PRODUCTS,DAIRY,CHEESE,MUENSTER,ALL PRODUCTION PRACTICES,ALL UTILIZATION PRACTICES,PRODUCTION,LB,"CHEESE, MUENSTER - PRODUCTION, MEASURED IN LB",TOTAL,NOT SPECIFIED,STATE,,98,OT,OTHER STATES,,,,,,,,00000000,,,9000,UNITED STATES,OTHER STATES,2022,MONTHLY,11,11,NOV,,2024-04-26 15:00:00.000,"5,095,000",
SURVEY,ANIMALS & PRODUCTS,DAIRY,CHEESE,MUENSTER,ALL PRODUCTION PRACTICES,ALL UTILIZATION PRACTICES,PRODUCTION,LB,"CHEESE, MUENSTER - PRODUCTION, MEASURED IN LB",TOTAL,NOT SPECIFIED,STATE,,98,OT,OTHER STATES,,,,,,,,00000000,,,9000,UNITED STATES,OTHER STATES,2022,MONTHLY,12,12,DEC,,2024-04-26 15:00:00.000,"4,675,000",
SURVEY,ANIMALS & PRODUCTS,DAIRY,CHEESE,MUENSTER,ALL PRODUCTION PRACTICES,ALL UTILIZATION PRACTICES,PRODUCTION,LB,"CHEESE, MUENSTER - PRODUCTION, MEASURED IN LB",TOTAL,NOT SPECIFIED,STATE,06,06,CA,CALIFORNIA,,,,,,,,00000000,,,9000,UNITED STATES,CALIFORNIA,2022,MONTHLY,01,01,JAN,,2024-04-26 15:00:00.000,"5,359,000",
SURVEY,ANIMALS & PRODUCTS,DAIRY,CHEESE,MUENSTER,ALL PRODUCTION PRACTICES,ALL UTILIZATION PRACTICES,PRODUCTION,LB,"CHEESE, MUENSTER - PRODUCTION, MEASURED IN LB",TOTAL,NOT SPECIFIED,STATE,06,06,CA,CALIFORNIA,,,,,,,,00000000,,,9000,UNITED STATES,CALIFORNIA,2022,MONTHLY,02,02,FEB,,2024-04-26 15:00:00.000,"5,114,000",
SURVEY,ANIMALS & PRODUCTS,DAIRY,CHEESE,MUENSTER,ALL PRODUCTION PRACTICES,ALL UTILIZATION PRACTICES,PRODUCTION,LB,"CHEESE, MUENSTER - PRODUCTION, MEASURED IN LB",TOTAL,NOT SPECIFIED,STATE,06,06,CA,CALIFORNIA,,,,,,,,00000000,,,9000,UNITED STATES,CALIFORNIA,2022,MONTHLY,03,03,MAR,,2024-04-26 15:00:00.000,"5,109,000",
SURVEY,ANIMALS & PRODUCTS,DAIRY,CHEESE,MUENSTER,ALL PRODUCTION PRACTICES,ALL UTILIZATION PRACTICES,PRODUCTION,LB,"CHEESE, MUENSTER - PRODUCTION, MEASURED IN LB",TOTAL,NOT SPECIFIED,STATE,06,06,CA,CALIFORNIA,,,,,,,,00000000,,,9000,UNITED STATES,CALIFORNIA,2022,MONTHLY,04,04,APR,,2024-04-26 15:00:00.000,"6,146,000",
SURVEY,ANIMALS & PRODUCTS,DAIRY,CHEESE,MUENSTER,ALL PRODUCTION PRACTICES,ALL UTILIZATION PRACTICES,PRODUCTION,LB,"CHEESE, MUENSTER - PRODUCTION, MEASURED IN LB",TOTAL,NOT SPECIFIED,STATE,06,06,CA,CALIFORNIA,,,,,,,,00000000,,,9000,UNITED STATES,CALIFORNIA,2022,MONTHLY,05,05,MAY,,2024-04-26 15:00:00.000,"5,690,000",
SURVEY,ANIMALS & PRODUCTS,DAIRY,CHEESE,MUENSTER,ALL PRODUCTION PRACTICES,ALL UTILIZATION PRACTICES,PRODUCTION,LB,"CHEESE, MUENSTER - PRODUCTION, MEASURED IN LB",TOTAL,NOT SPECIFIED,STATE,06,06,CA,CALIFORNIA,,,,,,,,00000000,,,9000,UNITED STATES,CALIFORNIA,2022,MONTHLY,06,06,JUN,,2024-04-26 15:00:00.000,"5,056,000",
SURVEY,ANIMALS & PRODUCTS,DAIRY,CHEESE,MUENSTER,ALL PRODUCTION PRACTICES,ALL UTILIZATION PRACTICES,PRODUCTION,LB,"CHEESE, MUENSTER - PRODUCTION, MEASURED IN LB",TOTAL,NOT SPECIFIED,STATE,06,06,CA,CALIFORNIA,,,,,,,,00000000,,,9000,UNITED STATES,CALIFORNIA,2022,MONTHLY,07,07,JUL,,2024-04-26 15:00:00.000,"5,138,000",
SURVEY,ANIMALS & PRODUCTS,DAIRY,CHEESE,MUENSTER,ALL PRODUCTION PRACTICES,ALL UTILIZATION PRACTICES,PRODUCTION,LB,"CHEESE, MUENSTER - PRODUCTION, MEASURED IN LB",TOTAL,NOT SPECIFIED,STATE,06,06,CA,CALIFORNIA,,,,,,,,00000000,,,9000,UNITED STATES,CALIFORNIA,2022,MONTHLY,08,08,AUG,,2024-04-26 15:00:00.000,"4,388,000",
SURVEY,ANIMALS & PRODUCTS,DAIRY,CHEESE,MUENSTER,ALL PRODUCTION PRACTICES,ALL UTILIZATION PRACTICES,PRODUCTION,LB,"CHEESE, MUENSTER - PRODUCTION, MEASURED IN LB",TOTAL,NOT SPECIFIED,STATE,06,06,CA,CALIFORNIA,,,,,,,,00000000,,,9000,UNITED STATES,CALIFORNIA,2022,MONTHLY,09,09,SEP,,2024-04-26 15:00:00.000,"4,685,000",
SURVEY,ANIMALS & PRODUCTS,DAIRY,CHEESE,MUENSTER,ALL PRODUCTION PRACTICES,ALL UTILIZATION PRACTICES,PRODUCTION,LB,"CHEESE, MUENSTER - PRODUCTION, MEASURED IN LB",TOTAL,NOT SPECIFIED,STATE,06,06,CA,CALIFORNIA,,,,,,,,00000000,,,9000,UNITED STATES,CALIFORNIA,2022,MONTHLY,10,10,OCT,,2024-04-26 15:00:00.000,"5,135,000",
SURVEY,ANIMALS & PRODUCTS,DAIRY,CHEESE,MUENSTER,ALL PRODUCTION PRACTICES,ALL UTILIZATION PRACTICES,PRODUCTION,LB,"CHEESE, MUENSTER - PRODUCTION, MEASURED IN LB",TOTAL,NOT SPECIFIED,STATE,06,06,CA,CALIFORNIA,,,,,,,,00000000,,,9000,UNITED STATES,CALIFORNIA,2022,MONTHLY,11,11,NOV,,2024-04-26 15:00:00.000,"4,969,000",
SURVEY,ANIMALS & PRODUCTS,DAIRY,CHEESE,MUENSTER,ALL PRODUCTION PRACTICES,ALL UTILIZATION PRACTICES,PRODUCTION,LB,"CHEESE, MUENSTER - PRODUCTION, MEASURED IN LB",TOTAL,NOT SPECIFIED,STATE,06,06,CA,CALIFORNIA,,,,,,,,00000000,,,9000,UNITED STATES,CALIFORNIA,2022,MONTHLY,12,12,DEC,,2024-04-26 15:00:00.000,"4,547,000",
SURVEY,ANIMALS & PRODUCTS,DAIRY,CHEESE,MUENSTER,ALL PRODUCTION PRACTICES,ALL UTILIZATION PRACTICES,PRODUCTION,LB,"CHEESE, MUENSTER - PRODUCTION, MEASURED IN LB",TOTAL,NOT SPECIFIED,STATE,55,55,WI,WISCONSIN,,,,,,,,00000000,,,9000,UNITED STATES,WISCONSIN,2022,MONTHLY,01,01,JAN,,2024-04-26 15:00:00.000,"5,883,000",
SURVEY,ANIMALS & PRODUCTS,DAIRY,CHEESE,MUENSTER,ALL PRODUCTION PRACTICES,ALL UTILIZATION PRACTICES,PRODUCTION,LB,"CHEESE, MUENSTER - PRODUCTION, MEASURED IN LB",TOTAL,NOT SPECIFIED,STATE,55,55,WI,WISCONSIN,,,,,,,,00000000,,,9000,UNITED STATES,WISCONSIN,2022,MONTHLY,02,02,FEB,,2024-04-26 15:00:00.000,"5,087,000",
SURVEY,ANIMALS & PRODUCTS,DAIRY,CHEESE,MUENSTER,ALL PRODUCTION PRACTICES,ALL UTILIZATION PRACTICES,PRODUCTION,LB,"CHEESE, MUENSTER - PRODUCTION, MEASURED IN LB",TOTAL,NOT SPECIFIED,STATE,55,55,WI,WISCONSIN,,,,,,,,00000000,,,9000,UNITED STATES,WISCONSIN,2022,MONTHLY,03,03,MAR,,2024-04-26 15:00:00.000,"5,764,000",
SURVEY,ANIMALS & PRODUCTS,DAIRY,CHEESE,MUENSTER,ALL PRODUCTION PRACTICES,ALL UTILIZATION PRACTICES,PRODUCTION,LB,"CHEESE, MUENSTER - PRODUCTION, MEASURED IN LB",TOTAL,NOT SPECIFIED,STATE,55,55,WI,WISCONSIN,,,,,,,,00000000,,,9000,UNITED STATES,WISCONSIN,2022,MONTHLY,04,04,APR,,2024-04-26 15:00:00.000,"5,446,000",
SURVEY,ANIMALS & PRODUCTS,DAIRY,CHEESE,MUENSTER,ALL PRODUCTION PRACTICES,ALL UTILIZATION PRACTICES,PRODUCTION,LB,"CHEESE, MUENSTER - PRODUCTION, MEASURED IN LB",TOTAL,NOT SPECIFIED,STATE,55,55,WI,WISCONSIN,,,,,,,,00000000,,,9000,UNITED STATES,WISCONSIN,2022,MONTHLY,05,05,MAY,,2024-04-26 15:00:00.000,"5,737,000",
SURVEY,ANIMALS & PRODUCTS,DAIRY,CHEESE,MUENSTER,ALL PRODUCTION PRACTICES,ALL UTILIZATION PRACTICES,PRODUCTION,LB,"CHEESE, MUENSTER - PRODUCTION, MEASURED IN LB",TOTAL,NOT SPECIFIED,STATE,55,55,WI,WISCONSIN,,,,,,,,00000000,,,9000,UNITED STATES,WISCONSIN,2022,MONTHLY,06,06,JUN,,2024-04-26 15:00:00.000,"5,879,000",
SURVEY,ANIMALS & PRODUCTS,DAIRY,CHEESE,MUENSTER,ALL PRODUCTION PRACTICES,ALL UTILIZATION PRACTICES,PRODUCTION,LB,"CHEESE, MUENSTER - PRODUCTION, MEASURED IN LB",TOTAL,NOT SPECIFIED,STATE,55,55,WI,WISCONSIN,,,,,,,,00000000,,,9000,UNITED STATES,WISCONSIN,2022,MONTHLY,07,07,JUL,,2024-04-26 15:00:00.000,"5,383,000",
SURVEY,ANIMALS & PRODUCTS,DAIRY,CHEESE,MUENSTER,ALL PRODUCTION PRACTICES,ALL UTILIZATION PRACTICES,PRODUCTION,LB,"CHEESE, MUENSTER - PRODUCTION, MEASURED IN LB",TOTAL,NOT SPECIFIED,STATE,55,55,WI,WISCONSIN,,,,,,,,00000000,,,9000,UNITED STATES,WISCONSIN,2022,MONTHLY,08,08,AUG,,2024-04-26 15:00:00.000,"6,110,000",
SURVEY,ANIMALS & PRODUCTS,DAIRY,CHEESE,MUENSTER,ALL PRODUCTION PRACTICES,ALL UTILIZATION PRACTICES,PRODUCTION,LB,"CHEESE, MUENSTER - PRODUCTION, MEASURED IN LB",TOTAL,NOT SPECIFIED,STATE,55,55,WI,WISCONSIN,,,,,,,,00000000,,,9000,UNITED STATES,WISCONSIN,2022,MONTHLY,09,09,SEP,,2024-04-26 15:00:00.000,"5,464,000",
SURVEY,ANIMALS & PRODUCTS,DAIRY,CHEESE,MUENSTER,ALL PRODUCTION PRACTICES,ALL UTILIZATION PRACTICES,PRODUCTION,LB,"CHEESE, MUENSTER - PRODUCTION, MEASURED IN LB",TOTAL,NOT SPECIFIED,STATE,55,55,WI,WISCONSIN,,,,,,,,00000000,,,9000,UNITED STATES,WISCONSIN,2022,MONTHLY,10,10,OCT,,2024-04-26 15:00:00.000,"5,577,000",
SURVEY,ANIMALS & PRODUCTS,DAIRY,CHEESE,MUENSTER,ALL PRODUCTION PRACTICES,ALL UTILIZATION PRACTICES,PRODUCTION,LB,"CHEESE, MUENSTER - PRODUCTION, MEASURED IN LB",TOTAL,NOT SPECIFIED,STATE,55,55,WI,WISCONSIN,,,,,,,,00000000,,,9000,UNITED STATES,WISCONSIN,2022,MONTHLY,11,11,NOV,,2024-04-26 15:00:00.000,"5,546,000",
SURVEY,ANIMALS & PRODUCTS,DAIRY,CHEESE,MUENSTER,ALL PRODUCTION PRACTICES,ALL UTILIZATION PRACTICES,PRODUCTION,LB,"CHEESE, MUENSTER - PRODUCTION, MEASURED IN LB",TOTAL,NOT SPECIFIED,STATE,55,55,WI,WISCONSIN,,,,,,,,00000000,,,9000,UNITED STATES,WISCONSIN,2022,MONTHLY,12,12,DEC,,2024-04-26 15:00:00.000,"5,997,000",
SURVEY,ANIMALS & PRODUCTS,DAIRY,CHEESE,SWISS,ALL PRODUCTION PRACTICES,ALL UTILIZATION PRACTICES,PRODUCTION,LB,"CHEESE, SWISS - PRODUCTION, MEASURED IN LB",TOTAL,NOT SPECIFIED,STATE,,98,OT,OTHER STATES,,,,,,,,00000000,,,9000,UNITED STATES,OTHER STATES,2022,MONTHLY,01,01,JAN,,2024-04-26 15:00:00.000,"15,094,000",
SURVEY,ANIMALS & PRODUCTS,DAIRY,CHEESE,SWISS,ALL PRODUCTION PRACTICES,ALL UTILIZATION PRACTICES,PRODUCTION,LB,"CHEESE, SWISS - PRODUCTION, MEASURED IN LB",TOTAL,NOT SPECIFIED,STATE,,98,OT,OTHER STATES,,,,,,,,00000000,,,9000,UNITED STATES,OTHER STATES,2022,MONTHLY,02,02,FEB,,2024-04-26 15:00:00.000,"13,642,000",
SURVEY,ANIMALS & PRODUCTS,DAIRY,CHEESE,SWISS,ALL PRODUCTION PRACTICES,ALL UTILIZATION PRACTICES,PRODUCTION,LB,"CHEESE, SWISS - PRODUCTION, MEASURED IN LB",TOTAL,NOT SPECIFIED,STATE,,98,OT,OTHER STATES,,,,,,,,00000000,,,9000,UNITED STATES,OTHER STATES,2022,MONTHLY,03,03,MAR,,2024-04-26 15:00:00.000,"14,785,000",
SURVEY,ANIMALS & PRODUCTS,DAIRY,CHEESE,SWISS,ALL PRODUCTION PRACTICES,ALL UTILIZATION PRACTICES,PRODUCTION,LB,"CHEESE, SWISS - PRODUCTION, MEASURED IN LB",TOTAL,NOT SPECIFIED,STATE,,98,OT,OTHER STATES,,,,,,,,00000000,,,9000,UNITED STATES,OTHER STATES,2022,MONTHLY,04,04,APR,,2024-04-26 15:00:00.000,"14,433,000",
SURVEY,ANIMALS & PRODUCTS,DAIRY,CHEESE,SWISS,ALL PRODUCTION PRACTICES,ALL UTILIZATION PRACTICES,PRODUCTION,LB,"CHEESE, SWISS - PRODUCTION, MEASURED IN LB",TOTAL,NOT SPECIFIED,STATE,,98,OT,OTHER STATES,,,,,,,,00000000,,,9000,UNITED STATES,OTHER STATES,2022,MONTHLY,05,05,MAY,,2024-04-26 15:00:00.000,"14,813,000",
SURVEY,ANIMALS & PRODUCTS,DAIRY,CHEESE,SWISS,ALL PRODUCTION PRACTICES,ALL UTILIZATION PRACTICES,PRODUCTION,LB,"CHEESE, SWISS - PRODUCTION, MEASURED IN LB",TOTAL,NOT SPECIFIED,STATE,,98,OT,OTHER STATES,,,,,,,,00000000,,,9000,UNITED STATES,OTHER STATES,2022,MONTHLY,06,06,JUN,,2024-04-26 15:00:00.000,"14,193,000",
SURVEY,ANIMALS & PRODUCTS,DAIRY,CHEESE,SWISS,ALL PRODUCTION PRACTICES,ALL UTILIZATION PRACTICES,PRODUCTION,LB,"CHEESE, SWISS - PRODUCTION, MEASURED IN LB",TOTAL,NOT SPECIFIED,STATE,,98,OT,OTHER STATES,,,,,,,,00000000,,,9000,UNITED STATES,OTHER STATES,2022,MONTHLY,07,07,JUL,,2024-04-26 15:00:00.000,"14,089,000",
SURVEY,ANIMALS & PRODUCTS,DAIRY,CHEESE,SWISS,ALL PRODUCTION PRACTICES,ALL UTILIZATION PRACTICES,PRODUCTION,LB,"CHEESE, SWISS - PRODUCTION, MEASURED IN LB",TOTAL,NOT SPECIFIED,STATE,,98,OT,OTHER STATES,,,,,,,,00000000,,,9000,UNITED STATES,OTHER STATES,2022,MONTHLY,08,08,AUG,,2024-04-26 15:00:00.000,"13,828,000",
SURVEY,ANIMALS & PRODUCTS,DAIRY,CHEESE,SWISS,ALL PRODUCTION PRACTICES,ALL UTILIZATION PRACTICES,PRODUCTION,LB,"CHEESE, SWISS - PRODUCTION, MEASURED IN LB",TOTAL,NOT SPECIFIED,STATE,,98,OT,OTHER STATES,,,,,,,,00000000,,,9000,UNITED STATES,OTHER STATES,2022,MONTHLY,09,09,SEP,,2024-04-26 15:00:00.000,"13,079,000",
SURVEY,ANIMALS & PRODUCTS,DAIRY,CHEESE,SWISS,ALL PRODUCTION PRACTICES,ALL UTILIZATION PRACTICES,PRODUCTION,LB,"CHEESE, SWISS - PRODUCTION, MEASURED IN LB",TOTAL,NOT SPECIFIED,STATE,,98,OT,OTHER STATES,,,,,,,,00000000,,,9000,UNITED STATES,OTHER STATES,2022,MONTHLY,10,10,OCT,,2024-04-26 15:00:00.000,"14,142,000",
SURVEY,ANIMALS & PRODUCTS,DAIRY,CHEESE,SWISS,ALL PRODUCTION PRACTICES,ALL UTILIZATION PRACTICES,PRODUCTION,LB,"CHEESE, SWISS - PRODUCTION, MEASURED IN LB",TOTAL,NOT SPECIFIED,STATE,,98,OT,OTHER STATES,,,,,,,,00000000,,,9000,UNITED STATES,OTHER STATES,2022,MONTHLY,11,11,NOV,,2024-04-26 15:00:00.000,"15,127,000",
SURVEY,ANIMALS & PRODUCTS,DAIRY,CHEESE,SWISS,ALL PRODUCTION PRACTICES,ALL UTILIZATION PRACTICES,PRODUCTION,LB,"CHEESE, SWISS - PRODUCTION, MEASURED IN LB",TOTAL,NOT SPECIFIED,STATE,,98,OT,OTHER STATES,,,,,,,,00000000,,,9000,UNITED STATES,OTHER STATES,2022,MONTHLY,12,12,DEC,,2024-04-26 15:00:00.000,"15,221,000",
SURVEY,ANIMALS & PRODUCTS,DAIRY,CHEESE,SWISS,ALL PRODUCTION PRACTICES,ALL UTILIZATION PRACTICES,PRODUCTION,LB,"CHEESE, SWISS - PRODUCTION, MEASURED IN LB",TOTAL,NOT SPECIFIED,STATE,39,39,OH,OHIO,,,,,,,,00000000,,,9000,UNITED STATES,OHIO,2022,MONTHLY,01,01,JAN,,2024-04-26 15:00:00.000,"14,276,000",
SURVEY,ANIMALS & PRODUCTS,DAIRY,CHEESE,SWISS,ALL PRODUCTION PRACTICES,ALL UTILIZATION PRACTICES,PRODUCTION,LB,"CHEESE, SWISS - PRODUCTION, MEASURED IN LB",TOTAL,NOT SPECIFIED,STATE,39,39,OH,OHIO,,,,,,,,00000000,,,9000,UNITED STATES,OHIO,2022,MONTHLY,02,02,FEB,,2024-04-26 15:00:00.000,"12,718,000",
SURVEY,ANIMALS & PRODUCTS,DAIRY,CHEESE,SWISS,ALL PRODUCTION PRACTICES,ALL UTILIZATION PRACTICES,PRODUCTION,LB,"CHEESE, SWISS - PRODUCTION, MEASURED IN LB",TOTAL,NOT SPECIFIED,STATE,39,39,OH,OHIO,,,,,,,,00000000,,,9000,UNITED STATES,OHIO,2022,MONTHLY,03,03,MAR,,2024-04-26 15:00:00.000,"14,738,000",
SURVEY,ANIMALS & PRODUCTS,DAIRY,CHEESE,SWISS,ALL PRODUCTION PRACTICES,ALL UTILIZATION PRACTICES,PRODUCTION,LB,"CHEESE, SWISS - PRODUCTION, MEASURED IN LB",TOTAL,NOT SPECIFIED,STATE,39,39,OH,OHIO,,,,,,,,00000000,,,9000,UNITED STATES,OHIO,2022,MONTHLY,04,04,APR,,2024-04-26 15:00:00.000,"13,900,000",
SURVEY,ANIMALS & PRODUCTS,DAIRY,CHEESE,SWISS,ALL PRODUCTION PRACTICES,ALL UTILIZATION PRACTICES,PRODUCTION,LB,"CHEESE, SWISS - PRODUCTION, MEASURED IN LB",TOTAL,NOT SPECIFIED,STATE,39,39,OH,OHIO,,,,,,,,00000000,,,9000,UNITED STATES,OHIO,2022,MONTHLY,05,05,MAY,,2024-04-26 15:00:00.000,"13,860,000",
SURVEY,ANIMALS & PRODUCTS,DAIRY,CHEESE,SWISS,ALL PRODUCTION PRACTICES,ALL UTILIZATION PRACTICES,PRODUCTION,LB,"CHEESE, SWISS - PRODUCTION, MEASURED IN LB",TOTAL,NOT SPECIFIED,STATE,39,39,OH,OHIO,,,,,,,,00000000,,,9000,UNITED STATES,OHIO,2022,MONTHLY,06,06,JUN,,2024-04-26 15:00:00.000,"12,680,000",
SURVEY,ANIMALS & PRODUCTS,DAIRY,CHEESE,SWISS,ALL PRODUCTION PRACTICES,ALL UTILIZATION PRACTICES,PRODUCTION,LB,"CHEESE, SWISS - PRODUCTION, MEASURED IN LB",TOTAL,NOT SPECIFIED,STATE,39,39,OH,OHIO,,,,,,,,00000000,,,9000,UNITED STATES,OHIO,2022,MONTHLY,07,07,JUL,,2024-04-26 15:00:00.000,"12,916,000",
SURVEY,ANIMALS & PRODUCTS,DAIRY,CHEESE,SWISS,ALL PRODUCTION PRACTICES,ALL UTILIZATION PRACTICES,PRODUCTION,LB,"CHEESE, SWISS - PRODUCTION, MEASURED IN LB",TOTAL,NOT SPECIFIED,STATE,39,39,OH,OHIO,,,,,,,,00000000,,,9000,UNITED STATES,OHIO,2022,MONTHLY,08,08,AUG,,2024-04-26 15:00:00.000,"12,053,000",
SURVEY,ANIMALS & PRODUCTS,DAIRY,CHEESE,SWISS,ALL PRODUCTION PRACTICES,ALL UTILIZATION PRACTICES,PRODUCTION,LB,"CHEESE, SWISS - PRODUCTION, MEASURED IN LB",TOTAL,NOT SPECIFIED,STATE,39,39,OH,OHIO,,,,,,,,00000000,,,9000,UNITED STATES,OHIO,2022,MONTHLY,09,09,SEP,,2024-04-26 15:00:00.000,"11,580,000",
SURVEY,ANIMALS & PRODUCTS,DAIRY,CHEESE,SWISS,ALL PRODUCTION PRACTICES,ALL UTILIZATION PRACTICES,PRODUCTION,LB,"CHEESE, SWISS - PRODUCTION, MEASURED IN LB",TOTAL,NOT SPECIFIED,STATE,39,39,OH,OHIO,,,,,,,,00000000,,,9000,UNITED STATES,OHIO,2022,MONTHLY,10,10,OCT,,2024-04-26 15:00:00.000,"10,775,000",
SURVEY,ANIMALS & PRODUCTS,DAIRY,CHEESE,SWISS,ALL PRODUCTION PRACTICES,ALL UTILIZATION PRACTICES,PRODUCTION,LB,"CHEESE, SWISS - PRODUCTION, MEASURED IN LB",TOTAL,NOT SPECIFIED,STATE,39,39,OH,OHIO,,,,,,,,00000000,,,9000,UNITED STATES,OHIO,2022,MONTHLY,11,11,NOV,,2024-04-26 15:00:00.000,"12,315,000",
SURVEY,ANIMALS & PRODUCTS,DAIRY,CHEESE,SWISS,ALL PRODUCTION PRACTICES,ALL UTILIZATION PRACTICES,PRODUCTION,LB,"CHEESE, SWISS - PRODUCTION, MEASURED IN LB",TOTAL,NOT SPECIFIED,STATE,39,39,OH,OHIO,,,,,,,,00000000,,,9000,UNITED STATES,OHIO,2022,MONTHLY,12,12,DEC,,2024-04-26 15:00:00.000,"13,363,000",
SURVEY,ANIMALS & PRODUCTS,DAIRY,CHEESE,SWISS,ALL PRODUCTION PRACTICES,ALL UTILIZATION PRACTICES,PRODUCTION,LB,"CHEESE, SWISS - PRODUCTION, MEASURED IN LB",TOTAL,NOT SPECIFIED,STATE,42,42,PA,PENNSYLVANIA,,,,,,,,00000000,,,9000,UNITED STATES,PENNSYLVANIA,2022,MONTHLY,01,01,JAN,,2024-04-26 15:00:00.000,"579,000",
SURVEY,ANIMALS & PRODUCTS,DAIRY,CHEESE,SWISS,ALL PRODUCTION PRACTICES,ALL UTILIZATION PRACTICES,PRODUCTION,LB,"CHEESE, SWISS - PRODUCTION, MEASURED IN LB",TOTAL,NOT SPECIFIED,STATE,42,42,PA,PENNSYLVANIA,,,,,,,,00000000,,,9000,UNITED STATES,PENNSYLVANIA,2022,MONTHLY,02,02,FEB,,2024-04-26 15:00:00.000,"530,000",
SURVEY,ANIMALS & PRODUCTS,DAIRY,CHEESE,SWISS,ALL PRODUCTION PRACTICES,ALL UTILIZATION PRACTICES,PRODUCTION,LB,"CHEESE, SWISS - PRODUCTION, MEASURED IN LB",TOTAL,NOT SPECIFIED,STATE,42,42,PA,PENNSYLVANIA,,,,,,,,00000000,,,9000,UNITED STATES,PENNSYLVANIA,2022,MONTHLY,03,03,MAR,,2024-04-26 15:00:00.000,"601,000",
SURVEY,ANIMALS & PRODUCTS,DAIRY,CHEESE,SWISS,ALL PRODUCTION PRACTICES,ALL UTILIZATION PRACTICES,PRODUCTION,LB,"CHEESE, SWISS - PRODUCTION, MEASURED IN LB",TOTAL,NOT SPECIFIED,STATE,42,42,PA,PENNSYLVANIA,,,,,,,,00000000,,,9000,UNITED STATES,PENNSYLVANIA,2022,MONTHLY,04,04,APR,,2024-04-26 15:00:00.000,"678,000",
SURVEY,ANIMALS & PRODUCTS,DAIRY,CHEESE,SWISS,ALL PRODUCTION PRACTICES,ALL UTILIZATION PRACTICES,PRODUCTION,LB,"CHEESE, SWISS - PRODUCTION, MEASURED IN LB",TOTAL,NOT SPECIFIED,STATE,42,42,PA,PENNSYLVANIA,,,,,,,,00000000,,,9000,UNITED STATES,PENNSYLVANIA,2022,MONTHLY,05,05,MAY,,2024-04-26 15:00:00.000,"684,000",
SURVEY,ANIMALS & PRODUCTS,DAIRY,CHEESE,SWISS,ALL PRODUCTION PRACTICES,ALL UTILIZATION PRACTICES,PRODUCTION,LB,"CHEESE, SWISS - PRODUCTION, MEASURED IN LB",TOTAL,NOT SPECIFIED,STATE,42,42,PA,PENNSYLVANIA,,,,,,,,00000000,,,9000,UNITED STATES,PENNSYLVANIA,2022,MONTHLY,06,06,JUN,,2024-04-26 15:00:00.000,"731,000",
SURVEY,ANIMALS & PRODUCTS,DAIRY,CHEESE,SWISS,ALL PRODUCTION PRACTICES,ALL UTILIZATION PRACTICES,PRODUCTION,LB,"CHEESE, SWISS - PRODUCTION, MEASURED IN LB",TOTAL,NOT SPECIFIED,STATE,42,42,PA,PENNSYLVANIA,,,,,,,,00000000,,,9000,UNITED STATES,PENNSYLVANIA,2022,MONTHLY,07,07,JUL,,2024-04-26 15:00:00.000,"647,000",
SURVEY,ANIMALS & PRODUCTS,DAIRY,CHEESE,SWISS,ALL PRODUCTION PRACTICES,ALL UTILIZATION PRACTICES,PRODUCTION,LB,"CHEESE, SWISS - PRODUCTION, MEASURED IN LB",TOTAL,NOT SPECIFIED,STATE,42,42,PA,PENNSYLVANIA,,,,,,,,00000000,,,9000,UNITED STATES,PENNSYLVANIA,2022,MONTHLY,08,08,AUG,,2024-04-26 15:00:00.000,"644,000",
SURVEY,ANIMALS & PRODUCTS,DAIRY,CHEESE,SWISS,ALL PRODUCTION PRACTICES,ALL UTILIZATION PRACTICES,PRODUCTION,LB,"CHEESE, SWISS - PRODUCTION, MEASURED IN LB",TOTAL,NOT SPECIFIED,STATE,42,42,PA,PENNSYLVANIA,,,,,,,,00000000,,,9000,UNITED STATES,PENNSYLVANIA,2022,MONTHLY,09,09,SEP,,2024-04-26 15:00:00.000,"598,000",
SURVEY,ANIMALS & PRODUCTS,DAIRY,CHEESE,SWISS,ALL PRODUCTION PRACTICES,ALL UTILIZATION PRACTICES,PRODUCTION,LB,"CHEESE, SWISS - PRODUCTION, MEASURED IN LB",TOTAL,NOT SPECIFIED,STATE,42,42,PA,PENNSYLVANIA,,,,,,,,00000000,,,9000,UNITED STATES,PENNSYLVANIA,2022,MONTHLY,10,10,OCT,,2024-04-26 15:00:00.000,"624,000",
SURVEY,ANIMALS & PRODUCTS,DAIRY,CHEESE,SWISS,ALL PRODUCTION PRACTICES,ALL UTILIZATION PRACTICES,PRODUCTION,LB,"CHEESE, SWISS - PRODUCTION, MEASURED IN LB",TOTAL,NOT SPECIFIED,STATE,42,42,PA,PENNSYLVANIA,,,,,,,,00000000,,,9000,UNITED STATES,PENNSYLVANIA,2022,MONTHLY,11,11,NOV,,2024-04-26 15:00:00.000,"623,000",
SURVEY,ANIMALS & PRODUCTS,DAIRY,CHEESE,SWISS,ALL PRODUCTION PRACTICES,ALL UTILIZATION PRACTICES,PRODUCTION,LB,"CHEESE, SWISS - PRODUCTION, MEASURED IN LB",TOTAL,NOT SPECIFIED,STATE,42,42,PA,PENNSYLVANIA,,,,,,,,00000000,,,9000,UNITED STATES,PENNSYLVANIA,2022,MONTHLY,12,12,DEC,,2024-04-26 15:00:00.000,"701,000",
SURVEY,ANIMALS & PRODUCTS,DAIRY,CHEESE,SWISS,ALL PRODUCTION PRACTICES,ALL UTILIZATION PRACTICES,PRODUCTION,LB,"CHEESE, SWISS - PRODUCTION, MEASURED IN LB",TOTAL,NOT SPECIFIED,STATE,55,55,WI,WISCONSIN,,,,,,,,00000000,,,9000,UNITED STATES,WISCONSIN,2022,MONTHLY,01,01,JAN,,2024-04-26 15:00:00.000,"1,248,000",
SURVEY,ANIMALS & PRODUCTS,DAIRY,CHEESE,SWISS,ALL PRODUCTION PRACTICES,ALL UTILIZATION PRACTICES,PRODUCTION,LB,"CHEESE, SWISS - PRODUCTION, MEASURED IN LB",TOTAL,NOT SPECIFIED,STATE,55,55,WI,WISCONSIN,,,,,,,,00000000,,,9000,UNITED STATES,WISCONSIN,2022,MONTHLY,02,02,FEB,,2024-04-26 15:00:00.000,"1,226,000",
SURVEY,ANIMALS & PRODUCTS,DAIRY,CHEESE,SWISS,ALL PRODUCTION PRACTICES,ALL UTILIZATION PRACTICES,PRODUCTION,LB,"CHEESE, SWISS - PRODUCTION, MEASURED IN LB",TOTAL,NOT SPECIFIED,STATE,55,55,WI,WISCONSIN,,,,,,,,00000000,,,9000,UNITED STATES,WISCONSIN,2022,MONTHLY,03,03,MAR,,2024-04-26 15:00:00.000,"1,434,000",
SURVEY,ANIMALS & PRODUCTS,DAIRY,CHEESE,SWISS,ALL PRODUCTION PRACTICES,ALL UTILIZATION PRACTICES,PRODUCTION,LB,"CHEESE, SWISS - PRODUCTION, MEASURED IN LB",TOTAL,NOT SPECIFIED,STATE,55,55,WI,WISCONSIN,,,,,,,,00000000,,,9000,UNITED STATES,WISCONSIN,2022,MONTHLY,04,04,APR,,2024-04-26 15:00:00.000,"1,383,000",
SURVEY,ANIMALS & PRODUCTS,DAIRY,CHEESE,SWISS,ALL PRODUCTION PRACTICES,ALL UTILIZATION PRACTICES,PRODUCTION,LB,"CHEESE, SWISS - PRODUCTION, MEASURED IN LB",TOTAL,NOT SPECIFIED,STATE,55,55,WI,WISCONSIN,,,,,,,,00000000,,,9000,UNITED STATES,WISCONSIN,2022,MONTHLY,05,05,MAY,,2024-04-26 15:00:00.000,"1,275,000",
SURVEY,ANIMALS & PRODUCTS,DAIRY,CHEESE,SWISS,ALL PRODUCTION PRACTICES,ALL UTILIZATION PRACTICES,PRODUCTION,LB,"CHEESE, SWISS - PRODUCTION, MEASURED IN LB",TOTAL,NOT SPECIFIED,STATE,55,55,WI,WISCONSIN,,,,,,,,00000000,,,9000,UNITED STATES,WISCONSIN,2022,MONTHLY,06,06,JUN,,2024-04-26 15:00:00.000,"1,358,000",
SURVEY,ANIMALS & PRODUCTS,DAIRY,CHEESE,SWISS,ALL PRODUCTION PRACTICES,ALL UTILIZATION PRACTICES,PRODUCTION,LB,"CHEESE, SWISS - PRODUCTION, MEASURED IN LB",TOTAL,NOT SPECIFIED,STATE,55,55,WI,WISCONSIN,,,,,,,,00000000,,,9000,UNITED STATES,WISCONSIN,2022,MONTHLY,07,07,JUL,,2024-04-26 15:00:00.000,"967,000",
SURVEY,ANIMALS & PRODUCTS,DAIRY,CHEESE,SWISS,ALL PRODUCTION PRACTICES,ALL UTILIZATION PRACTICES,PRODUCTION,LB,"CHEESE, SWISS - PRODUCTION, MEASURED IN LB",TOTAL,NOT SPECIFIED,STATE,55,55,WI,WISCONSIN,,,,,,,,00000000,,,9000,UNITED STATES,WISCONSIN,2022,MONTHLY,08,08,AUG,,2024-04-26 15:00:00.000,"1,348,000",
SURVEY,ANIMALS & PRODUCTS,DAIRY,CHEESE,SWISS,ALL PRODUCTION PRACTICES,ALL UTILIZATION PRACTICES,PRODUCTION,LB,"CHEESE, SWISS - PRODUCTION, MEASURED IN LB",TOTAL,NOT SPECIFIED,STATE,55,55,WI,WISCONSIN,,,,,,,,00000000,,,9000,UNITED STATES,WISCONSIN,2022,MONTHLY,09,09,SEP,,2024-04-26 15:00:00.000,"1,280,000",
SURVEY,ANIMALS & PRODUCTS,DAIRY,CHEESE,SWISS,ALL PRODUCTION PRACTICES,ALL UTILIZATION PRACTICES,PRODUCTION,LB,"CHEESE, SWISS - PRODUCTION, MEASURED IN LB",TOTAL,NOT SPECIFIED,STATE,55,55,WI,WISCONSIN,,,,,,,,00000000,,,9000,UNITED STATES,WISCONSIN,2022,MONTHLY,10,10,OCT,,2024-04-26 15:00:00.000,"1,418,000",
SURVEY,ANIMALS & PRODUCTS,DAIRY,CHEESE,SWISS,ALL PRODUCTION PRACTICES,ALL UTILIZATION PRACTICES,PRODUCTION,LB,"CHEESE, SWISS - PRODUCTION, MEASURED IN LB",TOTAL,NOT SPECIFIED,STATE,55,55,WI,WISCONSIN,,,,,,,,00000000,,,9000,UNITED STATES,WISCONSIN,2022,MONTHLY,11,11,NOV,,2024-04-26 15:00:00.000,"1,426,000",
SURVEY,ANIMALS & PRODUCTS,DAIRY,CHEESE,SWISS,ALL PRODUCTION PRACTICES,ALL UTILIZATION PRACTICES,PRODUCTION,LB,"CHEESE, SWISS - PRODUCTION, MEASURED IN LB",TOTAL,NOT SPECIFIED,STATE,55,55,WI,WISCONSIN,,,,,,,,00000000,,,9000,UNITED STATES,WISCONSIN,2022,MONTHLY,12,12,DEC,,2024-04-26 15:00:00.000,"1,234,000",
