source_desc,sector_desc,group_desc,commodity_desc,class_desc,prodn_practice_desc,util_practice_desc,statisticcat_desc,unit_desc,short_desc,domain_desc,domaincat_desc,agg_level_desc,state_ansi,state_fips_code,state_alpha,state_name,asd_code,asd_desc,county_ansi,county_code,county_name,region_desc,zip_5,watershed_code,watershed_desc,congr_district_code,country_code,country_name,location_desc,year,freq_desc,begin_code,end_code,reference_period_desc,week_ending,load_time,Value,CV (%)
SURVEY,ANIMALS & PRODUCTS,DAIRY,CHEESE,ALL CLASSES,ALL PRODUCTION PRACTICES,ALL UTILIZATION PRACTICES,PRODUCTION,LB,"CHEESE - PRODUCTION, MEASURED IN LB",TOTAL,NOT SPECIFIED,STATE,,98,OT,OTHER STATES,,,,,,,,00000000,,,9000,UNITED STATES,OTHER STATES,2023,MONTHLY,01,01,JAN,,2025-04-25 15:00:00.000,"266,917,000",
SURVEY,ANIMALS & PRODUCTS,DAIRY,CHEESE,ALL CLASSES,ALL PRODUCTION PRACTICES,ALL UTILIZATION PRACTICES,PRODUCTION,LB,"CHEESE - PRODUCTION, MEASURED IN LB",TOTAL,NOT SPECIFIED,STATE,,98,OT,OTHER STATES,,,,,,,,00000000,,,9000,UNITED STATES,OTHER STATES,2023,MONTHLY,02,02,FEB,,2025-04-25 15:00:00.000,"242,277,000",
SURVEY,ANIMALS & PRODUCTS,DAIRY,CHEESE,ALL CLASSES,ALL PRODUCTION PRACTICES,ALL UTILIZATION PRACTICES,PRODUCTION,LB,"CHEESE - PRODUCTION, MEASURED IN LB",TOTAL,NOT SPECIFIED,STATE,,98,OT,OTHER STATES,,,,,,,,00000000,,,9000,UNITED STATES,OTHER STATES,2023,MONTHLY,03,03,MAR,,2025-04-25 15:00:00.000,"249,257,000",
SURVEY,ANIMALS & PRODUCTS,DAIRY,CHEESE,ALL CLASSES,ALL PRODUCTION PRACTICES,ALL UTILIZATION PRACTICES,PRODUCTION,LB,"CHEESE - PRODUCTION, MEASURED IN LB",TOTAL,NOT SPECIFIED,STATE,,98,OT,OTHER STATES,,,,,,,,00000000,,,9000,UNITED STATES,OTHER STATES,2023,MONTHLY,04,04,APR,,2025-04-25 15:00:00.000,"257,424,000",
SURVEY,ANIMALS & PRODUCTS,DAIRY,CHEESE,ALL CLASSES,ALL PRODUCTION PRACTICES,ALL UTILIZATION PRACTICES,PRODUCTION,LB,"CHEESE - PRODUCTION, MEASURED IN LB",TOTAL,NOT SPECIFIED,STATE,,98,OT,OTHER STATES,,,,,,,,00000000,,,9000,UNITED STATES,OTHER STATES,2023,MONTHLY,05,05,MAY,,2025-04-25 15:00:00.000,"257,713,000",
SURVEY,ANIMALS & PRODUCTS,DAIRY,CHEESE,ALL CLASSES,ALL PRODUCTION PRACTICES,ALL UTILIZATION PRACTICES,PRODUCTION,LB,"CHEESE - PRODUCTION, MEASURED IN LB",TOTAL,NOT SPECIFIED,STATE,,98,OT,OTHER STATES,,,,,,,,00000000,,,9000,UNITED STATES,OTHER STATES,2023,MONTHLY,06,06,JUN,,2025-04-25 15:00:00.000,"243,301,000",
SURVEY,ANIMALS & PRODUCTS,DAIRY,CHEESE,ALL CLASSES,ALL PRODUCTION PRACTICES,ALL UTILIZATION PRACTICES,PRODUCTION,LB,"CHEESE - PRODUCTION, MEASURED IN LB",TOTAL,NOT SPECIFIED,STATE,,98,OT,OTHER STATES,,,,,,,,00000000,,,9000,UNITED STATES,OTHER STATES,2023,MONTHLY,07,07,JUL,,2025-04-25 15:00:00.000,"246,326,000",
SURVEY,ANIMALS & PRODUCTS,DAIRY,CHEESE,ALL CLASSES,ALL PRODUCTION PRACTICES,ALL UTILIZATION PRACTICES,PRODUCTION,LB,"CHEESE - PRODUCTION, MEASURED IN LB",TOTAL,NOT SPECIFIED,STATE,,98,OT,OTHER STATES,,,,,,,,00000000,,,9000,UNITED STATES,OTHER STATES,2023,MONTHLY,08,08,AUG,,2025-04-25 15:00:00.000,"244,407,000",
SURVEY,ANIMALS & PRODUCTS,DAIRY,CHEESE,ALL CLASSES,ALL PRODUCTION PRACTICES,ALL UTILIZATION PRACTICES,PRODUCTION,LB,"CHEESE - PRODUCTION, MEASURED IN LB",TOTAL,NOT SPECIFIED,STATE,,98,OT,OTHER STATES,,,,,,,,00000000,,,9000,UNITED STATES,OTHER STATES,2023,MONTHLY,09,09,SEP,,2025-04-25 15:00:00.000,"247,435,000",
SURVEY,ANIMALS & PRODUCTS,DAIRY,CHEESE,ALL CLASSES,ALL PRODUCTION PRACTICES,ALL UTILIZATION PRACTICES,PRODUCTION,LB,"CHEESE - PRODUCTION, MEASURED IN LB",TOTAL,NOT SPECIFIED,STATE,,98,OT,OTHER STATES,,,,,,,,00000000,,,9000,UNITED STATES,OTHER STATES,2023,MONTHLY,10,10,OCT,,2025-04-25 15:00:00.000,"262,511,000",
SURVEY,ANIMALS & PRODUCTS,DAIRY,CHEESE,ALL CLASSES,ALL PRODUCTION PRACTICES,ALL UTILIZATION PRACTICES,PRODUCTION,LB,"CHEESE - PRODUCTION, MEASURED IN LB",TOTAL,NOT SPECIFIED,STATE,,98,OT,OTHER STATES,,,,,,,,00000000,,,9000,UNITED STATES,OTHER STATES,2023,MONTHLY,11,11,NOV,,2025-04-25 15:00:00.000,"253,443,000",
SURVEY,ANIMALS & PRODUCTS,DAIRY,CHEESE,ALL CLASSES,ALL PRODUCTION PRACTICES,ALL UTILIZATION PRACTICES,PRODUCTION,LB,"CHEESE - PRODUCTION, MEASURED IN LB",TOTAL,NOT SPECIFIED,STATE,,98,OT,OTHER STATES,,,,,,,,00000000,,,9000,UNITED STATES,OTHER STATES,2023,MONTHLY,12,12,DEC,,2025-04-25 15:00:00.000,"261,030,000",
SURVEY,ANIMALS & PRODUCTS,DAIRY,CHEESE,ALL CLASSES,ALL PRODUCTION PRACTICES,ALL UTILIZATION PRACTICES,PRODUCTION,LB,"CHEESE - PRODUCTION, MEASURED IN LB",TOTAL,NOT SPECIFIED,STATE,06,06,CA,CALIFORNIA,,,,,,,,00000000,,,9000,UNITED STATES,CALIFORNIA,2023,MONTHLY,01,01,JAN,,2025-04-25 15:00:00.000,"205,511,000",
SURVEY,ANIMALS & PRODUCTS,DAIRY,CHEESE,ALL CLASSES,ALL PRODUCTION PRACTICES,ALL UTILIZATION PRACTICES,PRODUCTION,LB,"CHEESE - PRODUCTION, MEASURED IN LB",TOTAL,NOT SPECIFIED,STATE,06,06,CA,CALIFORNIA,,,,,,,,00000000,,,9000,UNITED STATES,CALIFORNIA,2023,MONTHLY,02,02,FEB,,2025-04-25 15:00:00.000,"201,928,000",
SURVEY,ANIMALS & PRODUCTS,DAIRY,CHEESE,ALL CLASSES,ALL PRODUCTION PRACTICES,ALL UTILIZATION PRACTICES,PRODUCTION,LB,"CHEESE - PRODUCTION, MEASURED IN LB",TOTAL,NOT SPECIFIED,STATE,06,06,CA,CALIFORNIA,,,,,,,,00000000,,,9000,UNITED STATES,CALIFORNIA,2023,MONTHLY,03,03,MAR,,2025-04-25 15:00:00.000,"219,313,000",
SURVEY,ANIMALS & PRODUCTS,DAIRY,CHEESE,ALL CLASSES,ALL PRODUCTION PRACTICES,ALL UTILIZATION PRACTICES,PRODUCTION,LB,"CHEESE - PRODUCTION, MEASURED IN LB",TOTAL,NOT SPECIFIED,STATE,06,06,CA,CALIFORNIA,,,,,,,,00000000,,,9000,UNITED STATES,CALIFORNIA,2023,MONTHLY,04,04,APR,,2025-04-25 15:00:00.000,"207,437,000",
SURVEY,ANIMALS & PRODUCTS,DAIRY,CHEESE,ALL CLASSES,ALL PRODUCTION PRACTICES,ALL UTILIZATION PRACTICES,PRODUCTION,LB,"CHEESE - PRODUCTION, MEASURED IN LB",TOTAL,NOT SPECIFIED,STATE,06,06,CA,CALIFORNIA,,,,,,,,00000000,,,9000,UNITED STATES,CALIFORNIA,2023,MONTHLY,05,05,MAY,,2025-04-25 15:00:00.000,"215,576,000",
SURVEY,ANIMALS & PRODUCTS,DAIRY,CHEESE,ALL CLASSES,ALL PRODUCTION PRACTICES,ALL UTILIZATION PRACTICES,PRODUCTION,LB,"CHEESE - PRODUCTION, MEASURED IN LB",TOTAL,NOT SPECIFIED,STATE,06,06,CA,CALIFORNIA,,,,,,,,00000000,,,9000,UNITED STATES,CALIFORNIA,2023,MONTHLY,06,06,JUN,,2025-04-25 15:00:00.000,"208,531,000",
SURVEY,ANIMALS & PRODUCTS,DAIRY,CHEESE,ALL CLASSES,ALL PRODUCTION PRACTICES,ALL UTILIZATION PRACTICES,PRODUCTION,LB,"CHEESE - PRODUCTION, MEASURED IN LB",TOTAL,NOT SPECIFIED,STATE,06,06,CA,CALIFORNIA,,,,,,,,00000000,,,9000,UNITED STATES,CALIFORNIA,2023,MONTHLY,07,07,JUL,,2025-04-25 15:00:00.000,"201,643,000",
SURVEY,ANIMALS & PRODUCTS,DAIRY,CHEESE,ALL CLASSES,ALL PRODUCTION PRACTICES,ALL UTILIZATION PRACTICES,PRODUCTION,LB,"CHEESE - PRODUCTION, MEASURED IN LB",TOTAL,NOT SPECIFIED,STATE,06,06,CA,CALIFORNIA,,,,,,,,00000000,,,9000,UNITED STATES,CALIFORNIA,2023,MONTHLY,08,08,AUG,,2025-04-25 15:00:00.000,"207,379,000",
SURVEY,ANIMALS & PRODUCTS,DAIRY,CHEESE,ALL CLASSES,ALL PRODUCTION PRACTICES,ALL UTILIZATION PRACTICES,PRODUCTION,LB,"CHEESE - PRODUCTION, MEASURED IN LB",TOTAL,NOT SPECIFIED,STATE,06,06,CA,CALIFORNIA,,,,,,,,00000000,,,9000,UNITED STATES,CALIFORNIA,2023,MONTHLY,09,09,SEP,,2025-04-25 15:00:00.000,"205,123,000",
SURVEY,ANIMALS & PRODUCTS,DAIRY,CHEESE,ALL CLASSES,ALL PRODUCTION PRACTICES,ALL UTILIZATION PRACTICES,PRODUCTION,LB,"CHEESE - PRODUCTION, MEASURED IN LB",TOTAL,NOT SPECIFIED,STATE,06,06,CA,CALIFORNIA,,,,,,,,00000000,,,9000,UNITED STATES,CALIFORNIA,2023,MONTHLY,10,10,OCT,,2025-04-25 15:00:00.000,"205,671,000",
SURVEY,ANIMALS & PRODUCTS,DAIRY,CHEESE,ALL CLASSES,ALL PRODUCTION PRACTICES,ALL UTILIZATION PRACTICES,PRODUCTION,LB,"CHEESE - PRODUCTION, MEASURED IN LB",TOTAL,NOT SPECIFIED,STATE,06,06,CA,CALIFORNIA,,,,,,,,00000000,,,9000,UNITED STATES,CALIFORNIA,2023,MONTHLY,11,11,NOV,,2025-04-25 15:00:00.000,"206,747,000",
SURVEY,ANIMALS & PRODUCTS,DAIRY,CHEESE,ALL CLASSES,ALL PRODUCTION PRACTICES,ALL UTILIZATION PRACTICES,PRODUCTION,LB,"CHEESE - PRODUCTION, MEASURED IN LB",TOTAL,NOT SPECIFIED,STATE,06,06,CA,CALIFORNIA,,,,,,,,00000000,,,9000,UNITED STATES,CALIFORNIA,2023,MONTHLY,12,12,DEC,,2025-04-25 15:00:00.000,"208,379,000",
SURVEY,ANIMALS & PRODUCTS,DAIRY,CHEESE,ALL CLASSES,ALL PRODUCTION PRACTICES,ALL UTILIZATION PRACTICES,PRODUCTION,LB,"CHEESE - PRODUCTION, MEASURED IN LB",TOTAL,NOT SPECIFIED,STATE,16,16,ID,IDAHO,,,,,,,,00000000,,,9000,UNITED STATES,IDAHO,2023,MONTHLY,01,01,JAN,,2025-04-25 15:00:00.000,"89,477,000",
SURVEY,ANIMALS & PRODUCTS,DAIRY,CHEESE,ALL CLASSES,ALL PRODUCTION PRACTICES,ALL UTILIZATION PRACTICES,PRODUCTION,LB,"CHEESE - PRODUCTION, MEASURED IN LB",TOTAL,NOT SPECIFIED,STATE,16,16,ID,IDAHO,,,,,,,,00000000,,,9000,UNITED STATES,IDAHO,2023,MONTHLY,02,02,FEB,,2025-04-25 15:00:00.000,"72,347,000",
SURVEY,ANIMALS & PRODUCTS,DAIRY,CHEESE,ALL CLASSES,ALL PRODUCTION PRACTICES,ALL UTILIZATION PRACTICES,PRODUCTION,LB,"CHEESE - PRODUCTION, MEASURED IN LB",TOTAL,NOT SPECIFIED,STATE,16,16,ID,IDAHO,,,,,,,,00000000,,,9000,UNITED STATES,IDAHO,2023,MONTHLY,03,03,MAR,,2025-04-25 15:00:00.000,"91,763,000",
SURVEY,ANIMALS & PRODUCTS,DAIRY,CHEESE,ALL CLASSES,ALL PRODUCTION PRACTICES,ALL UTILIZATION PRACTICES,PRODUCTION,LB,"CHEESE - PRODUCTION, MEASURED IN LB",TOTAL,NOT SPECIFIED,STATE,16,16,ID,IDAHO,,,,,,,,00000000,,,9000,UNITED STATES,IDAHO,2023,MONTHLY,04,04,APR,,2025-04-25 15:00:00.000,"86,470,000",
SURVEY,ANIMALS & PRODUCTS,DAIRY,CHEESE,ALL CLASSES,ALL PRODUCTION PRACTICES,ALL UTILIZATION PRACTICES,PRODUCTION,LB,"CHEESE - PRODUCTION, MEASURED IN LB",TOTAL,NOT SPECIFIED,STATE,16,16,ID,IDAHO,,,,,,,,00000000,,,9000,UNITED STATES,IDAHO,2023,MONTHLY,05,05,MAY,,2025-04-25 15:00:00.000,"75,008,000",
SURVEY,ANIMALS & PRODUCTS,DAIRY,CHEESE,ALL CLASSES,ALL PRODUCTION PRACTICES,ALL UTILIZATION PRACTICES,PRODUCTION,LB,"CHEESE - PRODUCTION, MEASURED IN LB",TOTAL,NOT SPECIFIED,STATE,16,16,ID,IDAHO,,,,,,,,00000000,,,9000,UNITED STATES,IDAHO,2023,MONTHLY,06,06,JUN,,2025-04-25 15:00:00.000,"87,181,000",
SURVEY,ANIMALS & PRODUCTS,DAIRY,CHEESE,ALL CLASSES,ALL PRODUCTION PRACTICES,ALL UTILIZATION PRACTICES,PRODUCTION,LB,"CHEESE - PRODUCTION, MEASURED IN LB",TOTAL,NOT SPECIFIED,STATE,16,16,ID,IDAHO,,,,,,,,00000000,,,9000,UNITED STATES,IDAHO,2023,MONTHLY,07,07,JUL,,2025-04-25 15:00:00.000,"87,713,000",
SURVEY,ANIMALS & PRODUCTS,DAIRY,CHEESE,ALL CLASSES,ALL PRODUCTION PRACTICES,ALL UTILIZATION PRACTICES,PRODUCTION,LB,"CHEESE - PRODUCTION, MEASURED IN LB",TOTAL,NOT SPECIFIED,STATE,16,16,ID,IDAHO,,,,,,,,00000000,,,9000,UNITED STATES,IDAHO,2023,MONTHLY,08,08,AUG,,2025-04-25 15:00:00.000,"80,651,000",
SURVEY,ANIMALS & PRODUCTS,DAIRY,CHEESE,ALL CLASSES,ALL PRODUCTION PRACTICES,ALL UTILIZATION PRACTICES,PRODUCTION,LB,"CHEESE - PRODUCTION, MEASURED IN LB",TOTAL,NOT SPECIFIED,STATE,16,16,ID,IDAHO,,,,,,,,00000000,,,9000,UNITED STATES,IDAHO,2023,MONTHLY,09,09,SEP,,2025-04-25 15:00:00.000,"87,366,000",
SURVEY,ANIMALS & PRODUCTS,DAIRY,CHEESE,ALL CLASSES,ALL PRODUCTION PRACTICES,ALL UTILIZATION PRACTICES,PRODUCTION,LB,"CHEESE - PRODUCTION, MEASURED IN LB",TOTAL,NOT SPECIFIED,STATE,16,16,ID,IDAHO,,,,,,,,00000000,,,9000,UNITED STATES,IDAHO,2023,MONTHLY,10,10,OCT,,2025-04-25 15:00:00.000,"89,282,000",
SURVEY,ANIMALS & PRODUCTS,DAIRY,CHEESE,ALL CLASSES,ALL PRODUCTION PRACTICES,ALL UTILIZATION PRACTICES,PRODUCTION,LB,"CHEESE - PRODUCTION, MEASURED IN LB",TOTAL,NOT SPECIFIED,STATE,16,16,ID,IDAHO,,,,,,,,00000000,,,9000,UNITED STATES,IDAHO,2023,MONTHLY,11,11,NOV,,2025-04-25 15:00:00.000,"76,763,000",
SURVEY,ANIMALS & PRODUCTS,DAIRY,CHEESE,ALL CLASSES,ALL PRODUCTION PRACTICES,ALL UTILIZATION PRACTICES,PRODUCTION,LB,"CHEESE - PRODUCTION, MEASURED IN LB",TOTAL,NOT SPECIFIED,STATE,16,16,ID,IDAHO,,,,,,,,00000000,,,9000,UNITED STATES,IDAHO,2023,MONTHLY,12,12,DEC,,2025-04-25 15:00:00.000,"88,122,000",
SURVEY,ANIMALS & PRODUCTS,DAIRY,CHEESE,ALL CLASSES,ALL PRODUCTION PRACTICES,ALL UTILIZATION PRACTICES,PRODUCTION,LB,"CHEESE - PRODUCTION, MEASURED IN LB",TOTAL,NOT SPECIFIED,STATE,17,17,IL,ILLINOIS,,,,,,,,00000000,,,9000,UNITED STATES,ILLINOIS,2023,MONTHLY,01,01,JAN,,2025-04-25 15:00:00.000,"5,971,000",
SURVEY,ANIMALS & PRODUCTS,DAIRY,CHEESE,ALL CLASSES,ALL PRODUCTION PRACTICES,ALL UTILIZATION PRACTICES,PRODUCTION,LB,"CHEESE - PRODUCTION, MEASURED IN LB",TOTAL,NOT SPECIFIED,STATE,17,17,IL,ILLINOIS,,,,,,,,00000000,,,9000,UNITED STATES,ILLINOIS,2023,MONTHLY,02,02,FEB,,2025-04-25 15:00:00.000,"5,180,000",
SURVEY,ANIMALS & PRODUCTS,DAIRY,CHEESE,ALL CLASSES,ALL PRODUCTION PRACTICES,ALL UTILIZATION PRACTICES,PRODUCTION,LB,"CHEESE - PRODUCTION, MEASURED IN LB",TOTAL,NOT SPECIFIED,STATE,17,17,IL,ILLINOIS,,,,,,,,00000000,,,9000,UNITED STATES,ILLINOIS,2023,MONTHLY,03,03,MAR,,2025-04-25 15:00:00.000,"5,802,000",
SURVEY,ANIMALS & PRODUCTS,DAIRY,CHEESE,ALL CLASSES,ALL PRODUCTION PRACTICES,ALL UTILIZATION PRACTICES,PRODUCTION,LB,"CHEESE - PRODUCTION, MEASURED IN LB",TOTAL,NOT SPECIFIED,STATE,17,17,IL,ILLINOIS,,,,,,,,00000000,,,9000,UNITED STATES,ILLINOIS,2023,MONTHLY,04,04,APR,,2025-04-25 15:00:00.000,"5,681,000",
SURVEY,ANIMALS & PRODUCTS,DAIRY,CHEESE,ALL CLASSES,ALL PRODUCTION PRACTICES,ALL UTILIZATION PRACTICES,PRODUCTION,LB,"CHEESE - PRODUCTION, MEASURED IN LB",TOTAL,NOT SPECIFIED,STATE,17,17,IL,ILLINOIS,,,,,,,,00000000,,,9000,UNITED STATES,ILLINOIS,2023,MONTHLY,05,05,MAY,,2025-04-25 15:00:00.000,"6,551,000",
SURVEY,ANIMALS & PRODUCTS,DAIRY,CHEESE,ALL CLASSES,ALL PRODUCTION PRACTICES,ALL UTILIZATION PRACTICES,PRODUCTION,LB,"CHEESE - PRODUCTION, MEASURED IN LB",TOTAL,NOT SPECIFIED,STATE,17,17,IL,ILLINOIS,,,,,,,,00000000,,,9000,UNITED STATES,ILLINOIS,2023,MONTHLY,06,06,JUN,,2025-04-25 15:00:00.000,"5,710,000",
SURVEY,ANIMALS & PRODUCTS,DAIRY,CHEESE,ALL CLASSES,ALL PRODUCTION PRACTICES,ALL UTILIZATION PRACTICES,PRODUCTION,LB,"CHEESE - PRODUCTION, MEASURED IN LB",TOTAL,NOT SPECIFIED,STATE,17,17,IL,ILLINOIS,,,,,,,,00000000,,,9000,UNITED STATES,ILLINOIS,2023,MONTHLY,07,07,JUL,,2025-04-25 15:00:00.000,"5,843,000",
SURVEY,ANIMALS & PRODUCTS,DAIRY,CHEESE,ALL CLASSES,ALL PRODUCTION PRACTICES,ALL UTILIZATION PRACTICES,PRODUCTION,LB,"CHEESE - PRODUCTION, MEASURED IN LB",TOTAL,NOT SPECIFIED,STATE,17,17,IL,ILLINOIS,,,,,,,,00000000,,,9000,UNITED STATES,ILLINOIS,2023,MONTHLY,08,08,AUG,,2025-04-25 15:00:00.000,"5,639,000",
SURVEY,ANIMALS & PRODUCTS,DAIRY,CHEESE,ALL CLASSES,ALL PRODUCTION PRACTICES,ALL UTILIZATION PRACTICES,PRODUCTION,LB,"CHEESE - PRODUCTION, MEASURED IN LB",TOTAL,NOT SPECIFIED,STATE,17,17,IL,ILLINOIS,,,,,,,,00000000,,,9000,UNITED STATES,ILLINOIS,2023,MONTHLY,09,09,SEP,,2025-04-25 15:00:00.000,"5,725,000",
SURVEY,ANIMALS & PRODUCTS,DAIRY,CHEESE,ALL CLASSES,ALL PRODUCTION PRACTICES,ALL UTILIZATION PRACTICES,PRODUCTION,LB,"CHEESE - PRODUCTION, MEASURED IN LB",TOTAL,NOT SPECIFIED,STATE,17,17,IL,ILLINOIS,,,,,,,,00000000,,,9000,UNITED STATES,ILLINOIS,2023,MONTHLY,10,10,OCT,,2025-04-25 15:00:00.000,"6,344,000",
SURVEY,ANIMALS & PRODUCTS,DAIRY,CHEESE,ALL CLASSES,ALL PRODUCTION PRACTICES,ALL UTILIZATION PRACTICES,PRODUCTION,LB,"CHEESE - PRODUCTION, MEASURED IN LB",TOTAL,NOT SPECIFIED,STATE,17,17,IL,ILLINOIS,,,,,,,,00000000,,,9000,UNITED STATES,ILLINOIS,2023,MONTHLY,11,11,NOV,,2025-04-25 15:00:00.000,"5,831,000",
SURVEY,ANIMALS & PRODUCTS,DAIRY,CHEESE,ALL CLASSES,ALL PRODUCTION PRACTICES,ALL UTILIZATION PRACTICES,PRODUCTION,LB,"CHEESE - PRODUCTION, MEASURED IN LB",TOTAL,NOT SPECIFIED,STATE,17,17,IL,ILLINOIS,,,,,,,,00000000,,,9000,UNITED STATES,ILLINOIS,2023,MONTHLY,12,12,DEC,,2025-04-25 15:00:00.000,"5,928,000",
SURVEY,ANIMALS & PRODUCTS,DAIRY,CHEESE,ALL CLASSES,ALL PRODUCTION PRACTICES,ALL UTILIZATION PRACTICES,PRODUCTION,LB,"CHEESE - PRODUCTION, MEASURED IN LB",TOTAL,NOT SPECIFIED,STATE,19,19,IA,IOWA,,,,,,,,00000000,,,9000,UNITED STATES,IOWA,2023,MONTHLY,01,01,JAN,,2025-04-25 15:00:00.000,"32,950,000",
SURVEY,ANIMALS & PRODUCTS,DAIRY,CHEESE,ALL CLASSES,ALL PRODUCTION PRACTICES,ALL UTILIZATION PRACTICES,PRODUCTION,LB,"CHEESE - PRODUCTION, MEASURED IN LB",TOTAL,NOT SPECIFIED,STATE,19,19,IA,IOWA,,,,,,,,00000000,,,9000,UNITED STATES,IOWA,2023,MONTHLY,02,02,FEB,,2025-04-25 15:00:00.000,"31,090,000",
SURVEY,ANIMALS & PRODUCTS,DAIRY,CHEESE,ALL CLASSES,ALL PRODUCTION PRACTICES,ALL UTILIZATION PRACTICES,PRODUCTION,LB,"CHEESE - PRODUCTION, MEASURED IN LB",TOTAL,NOT SPECIFIED,STATE,19,19,IA,IOWA,,,,,,,,00000000,,,9000,UNITED STATES,IOWA,2023,MONTHLY,03,03,MAR,,2025-04-25 15:00:00.000,"33,995,000",
SURVEY,ANIMALS & PRODUCTS,DAIRY,CHEESE,ALL CLASSES,ALL PRODUCTION PRACTICES,ALL UTILIZATION PRACTICES,PRODUCTION,LB,"CHEESE - PRODUCTION, MEASURED IN LB",TOTAL,NOT SPECIFIED,STATE,19,19,IA,IOWA,,,,,,,,00000000,,,9000,UNITED STATES,IOWA,2023,MONTHLY,04,04,APR,,2025-04-25 15:00:00.000,"30,238,000",
SURVEY,ANIMALS & PRODUCTS,DAIRY,CHEESE,ALL CLASSES,ALL PRODUCTION PRACTICES,ALL UTILIZATION PRACTICES,PRODUCTION,LB,"CHEESE - PRODUCTION, MEASURED IN LB",TOTAL,NOT SPECIFIED,STATE,19,19,IA,IOWA,,,,,,,,00000000,,,9000,UNITED STATES,IOWA,2023,MONTHLY,05,05,MAY,,2025-04-25 15:00:00.000,"34,960,000",
SURVEY,ANIMALS & PRODUCTS,DAIRY,CHEESE,ALL CLASSES,ALL PRODUCTION PRACTICES,ALL UTILIZATION PRACTICES,PRODUCTION,LB,"CHEESE - PRODUCTION, MEASURED IN LB",TOTAL,NOT SPECIFIED,STATE,19,19,IA,IOWA,,,,,,,,00000000,,,9000,UNITED STATES,IOWA,2023,MONTHLY,06,06,JUN,,2025-04-25 15:00:00.000,"32,962,000",
SURVEY,ANIMALS & PRODUCTS,DAIRY,CHEESE,ALL CLASSES,ALL PRODUCTION PRACTICES,ALL UTILIZATION PRACTICES,PRODUCTION,LB,"CHEESE - PRODUCTION, MEASURED IN LB",TOTAL,NOT SPECIFIED,STATE,19,19,IA,IOWA,,,,,,,,00000000,,,9000,UNITED STATES,IOWA,2023,MONTHLY,07,07,JUL,,2025-04-25 15:00:00.000,"31,896,000",
SURVEY,ANIMALS & PRODUCTS,DAIRY,CHEESE,ALL CLASSES,ALL PRODUCTION PRACTICES,ALL UTILIZATION PRACTICES,PRODUCTION,LB,"CHEESE - PRODUCTION, MEASURED IN LB",TOTAL,NOT SPECIFIED,STATE,19,19,IA,IOWA,,,,,,,,00000000,,,9000,UNITED STATES,IOWA,2023,MONTHLY,08,08,AUG,,2025-04-25 15:00:00.000,"32,504,000",
SURVEY,ANIMALS & PRODUCTS,DAIRY,CHEESE,ALL CLASSES,ALL PRODUCTION PRACTICES,ALL UTILIZATION PRACTICES,PRODUCTION,LB,"CHEESE - PRODUCTION, MEASURED IN LB",TOTAL,NOT SPECIFIED,STATE,19,19,IA,IOWA,,,,,,,,00000000,,,9000,UNITED STATES,IOWA,2023,MONTHLY,09,09,SEP,,2025-04-25 15:00:00.000,"33,445,000",
SURVEY,ANIMALS & PRODUCTS,DAIRY,CHEESE,ALL CLASSES,ALL PRODUCTION PRACTICES,ALL UTILIZATION PRACTICES,PRODUCTION,LB,"CHEESE - PRODUCTION, MEASURED IN LB",TOTAL,NOT SPECIFIED,STATE,19,19,IA,IOWA,,,,,,,,00000000,,,9000,UNITED STATES,IOWA,2023,MONTHLY,10,10,OCT,,2025-04-25 15:00:00.000,"31,892,000",
SURVEY,ANIMALS & PRODUCTS,DAIRY,CHEESE,ALL CLASSES,ALL PRODUCTION PRACTICES,ALL UTILIZATION PRACTICES,PRODUCTION,LB,"CHEESE - PRODUCTION, MEASURED IN LB",TOTAL,NOT SPECIFIED,STATE,19,19,IA,IOWA,,,,,,,,00000000,,,9000,UNITED STATES,IOWA,2023,MONTHLY,11,11,NOV,,2025-04-25 15:00:00.000,"34,248,000",
SURVEY,ANIMALS & PRODUCTS,DAIRY,CHEESE,ALL CLASSES,ALL PRODUCTION PRACTICES,ALL UTILIZATION PRACTICES,PRODUCTION,LB,"CHEESE - PRODUCTION, MEASURED IN LB",TOTAL,NOT SPECIFIED,STATE,19,19,IA,IOWA,,,,,,,,00000000,,,9000,UNITED STATES,IOWA,2023,MONTHLY,12,12,DEC,,2025-04-25 15:00:00.000,"35,624,000",
SURVEY,ANIMALS & PRODUCTS,DAIRY,CHEESE,ALL CLASSES,ALL PRODUCTION PRACTICES,ALL UTILIZATION PRACTICES,PRODUCTION,LB,"CHEESE - PRODUCTION, MEASURED IN LB",TOTAL,NOT SPECIFIED,STATE,25,25,MA,MASSACHUSETTS,,,,,,,,00000000,,,9000,UNITED STATES,MASSACHUSETTS,2023,MONTHLY,01,01,JAN,,2025-04-25 15:00:00.000,"110,000",
SURVEY,ANIMALS & PRODUCTS,DAIRY,CHEESE,ALL CLASSES,ALL PRODUCTION PRACTICES,ALL UTILIZATION PRACTICES,PRODUCTION,LB,"CHEESE - PRODUCTION, MEASURED IN LB",TOTAL,NOT SPECIFIED,STATE,25,25,MA,MASSACHUSETTS,,,,,,,,00000000,,,9000,UNITED STATES,MASSACHUSETTS,2023,MONTHLY,02,02,FEB,,2025-04-25 15:00:00.000,"81,000",
SURVEY,ANIMALS & PRODUCTS,DAIRY,CHEESE,ALL CLASSES,ALL PRODUCTION PRACTICES,ALL UTILIZATION PRACTICES,PRODUCTION,LB,"CHEESE - PRODUCTION, MEASURED IN LB",TOTAL,NOT SPECIFIED,STATE,25,25,MA,MASSACHUSETTS,,,,,,,,00000000,,,9000,UNITED STATES,MASSACHUSETTS,2023,MONTHLY,03,03,MAR,,2025-04-25 15:00:00.000,"80,000",
SURVEY,ANIMALS & PRODUCTS,DAIRY,CHEESE,ALL CLASSES,ALL PRODUCTION PRACTICES,ALL UTILIZATION PRACTICES,PRODUCTION,LB,"CHEESE - PRODUCTION, MEASURED IN LB",TOTAL,NOT SPECIFIED,STATE,25,25,MA,MASSACHUSETTS,,,,,,,,00000000,,,9000,UNITED STATES,MASSACHUSETTS,2023,MONTHLY,04,04,APR,,2025-04-25 15:00:00.000,"95,000",
SURVEY,ANIMALS & PRODUCTS,DAIRY,CHEESE,ALL CLASSES,ALL PRODUCTION PRACTICES,ALL UTILIZATION PRACTICES,PRODUCTION,LB,"CHEESE - PRODUCTION, MEASURED IN LB",TOTAL,NOT SPECIFIED,STATE,25,25,MA,MASSACHUSETTS,,,,,,,,00000000,,,9000,UNITED STATES,MASSACHUSETTS,2023,MONTHLY,05,05,MAY,,2025-04-25 15:00:00.000,"91,000",
SURVEY,ANIMALS & PRODUCTS,DAIRY,CHEESE,ALL CLASSES,ALL PRODUCTION PRACTICES,ALL UTILIZATION PRACTICES,PRODUCTION,LB,"CHEESE - PRODUCTION, MEASURED IN LB",TOTAL,NOT SPECIFIED,STATE,25,25,MA,MASSACHUSETTS,,,,,,,,00000000,,,9000,UNITED STATES,MASSACHUSETTS,2023,MONTHLY,06,06,JUN,,2025-04-25 15:00:00.000,"84,000",
SURVEY,ANIMALS & PRODUCTS,DAIRY,CHEESE,ALL CLASSES,ALL PRODUCTION PRACTICES,ALL UTILIZATION PRACTICES,PRODUCTION,LB,"CHEESE - PRODUCTION, MEASURED IN LB",TOTAL,NOT SPECIFIED,STATE,25,25,MA,MASSACHUSETTS,,,,,,,,00000000,,,9000,UNITED STATES,MASSACHUSETTS,2023,MONTHLY,07,07,JUL,,2025-04-25 15:00:00.000,"96,000",
SURVEY,ANIMALS & PRODUCTS,DAIRY,CHEESE,ALL CLASSES,ALL PRODUCTION PRACTICES,ALL UTILIZATION PRACTICES,PRODUCTION,LB,"CHEESE - PRODUCTION, MEASURED IN LB",TOTAL,NOT SPECIFIED,STATE,25,25,MA,MASSACHUSETTS,,,,,,,,00000000,,,9000,UNITED STATES,MASSACHUSETTS,2023,MONTHLY,08,08,AUG,,2025-04-25 15:00:00.000,"94,000",
SURVEY,ANIMALS & PRODUCTS,DAIRY,CHEESE,ALL CLASSES,ALL PRODUCTION PRACTICES,ALL UTILIZATION PRACTICES,PRODUCTION,LB,"CHEESE - PRODUCTION, MEASURED IN LB",TOTAL,NOT SPECIFIED,STATE,25,25,MA,MASSACHUSETTS,,,,,,,,00000000,,,9000,UNITED STATES,MASSACHUSETTS,2023,MONTHLY,09,09,SEP,,2025-04-25 15:00:00.000,"89,000",
SURVEY,ANIMALS & PRODUCTS,DAIRY,CHEESE,ALL CLASSES,ALL PRODUCTION PRACTICES,ALL UTILIZATION PRACTICES,PRODUCTION,LB,"CHEESE - PRODUCTION, MEASURED IN LB",TOTAL,NOT SPECIFIED,STATE,25,25,MA,MASSACHUSETTS,,,,,,,,00000000,,,9000,UNITED STATES,MASSACHUSETTS,2023,MONTHLY,10,10,OCT,,2025-04-25 15:00:00.000,"93,000",
SURVEY,ANIMALS & PRODUCTS,DAIRY,CHEESE,ALL CLASSES,ALL PRODUCTION PRACTICES,ALL UTILIZATION PRACTICES,PRODUCTION,LB,"CHEESE - PRODUCTION, MEASURED IN LB",TOTAL,NOT SPECIFIED,STATE,25,25,MA,MASSACHUSETTS,,,,,,,,00000000,,,9000,UNITED STATES,MASSACHUSETTS,2023,MONTHLY,11,11,NOV,,2025-04-25 15:00:00.000,"94,000",
SURVEY,ANIMALS & PRODUCTS,DAIRY,CHEESE,ALL CLASSES,ALL PRODUCTION PRACTICES,ALL UTILIZATION PRACTICES,PRODUCTION,LB,"CHEESE - PRODUCTION, MEASURED IN LB",TOTAL,NOT SPECIFIED,STATE,25,25,MA,MASSACHUSETTS,,,,,,,,00000000,,,9000,UNITED STATES,MASSACHUSETTS,2023,MONTHLY,12,12,DEC,,2025-04-25 15:00:00.000,"104,000",
SURVEY,ANIMALS & PRODUCTS,DAIRY,CHEESE,ALL CLASSES,ALL PRODUCTION PRACTICES,ALL UTILIZATION PRACTICES,PRODUCTION,LB,"CHEESE - PRODUCTION, MEASURED IN LB",TOTAL,NOT SPECIFIED,STATE,27,27,MN,MINNESOTA,,,,,,,,00000000,,,9000,UNITED STATES,MINNESOTA,2023,MONTHLY,01,01,JAN,,2025-04-25 15:00:00.000,"70,870,000",
SURVEY,ANIMALS & PRODUCTS,DAIRY,CHEESE,ALL CLASSES,ALL PRODUCTION PRACTICES,ALL UTILIZATION PRACTICES,PRODUCTION,LB,"CHEESE - PRODUCTION, MEASURED IN LB",TOTAL,NOT SPECIFIED,STATE,27,27,MN,MINNESOTA,,,,,,,,00000000,,,9000,UNITED STATES,MINNESOTA,2023,MONTHLY,02,02,FEB,,2025-04-25 15:00:00.000,"65,561,000",
SURVEY,ANIMALS & PRODUCTS,DAIRY,CHEESE,ALL CLASSES,ALL PRODUCTION PRACTICES,ALL UTILIZATION PRACTICES,PRODUCTION,LB,"CHEESE - PRODUCTION, MEASURED IN LB",TOTAL,NOT SPECIFIED,STATE,27,27,MN,MINNESOTA,,,,,,,,00000000,,,9000,UNITED STATES,MINNESOTA,2023,MONTHLY,03,03,MAR,,2025-04-25 15:00:00.000,"71,872,000",
SURVEY,ANIMALS & PRODUCTS,DAIRY,CHEESE,ALL CLASSES,ALL PRODUCTION PRACTICES,ALL UTILIZATION PRACTICES,PRODUCTION,LB,"CHEESE - PRODUCTION, MEASURED IN LB",TOTAL,NOT SPECIFIED,STATE,27,27,MN,MINNESOTA,,,,,,,,00000000,,,9000,UNITED STATES,MINNESOTA,2023,MONTHLY,04,04,APR,,2025-04-25 15:00:00.000,"68,956,000",
SURVEY,ANIMALS & PRODUCTS,DAIRY,CHEESE,ALL CLASSES,ALL PRODUCTION PRACTICES,ALL UTILIZATION PRACTICES,PRODUCTION,LB,"CHEESE - PRODUCTION, MEASURED IN LB",TOTAL,NOT SPECIFIED,STATE,27,27,MN,MINNESOTA,,,,,,,,00000000,,,9000,UNITED STATES,MINNESOTA,2023,MONTHLY,05,05,MAY,,2025-04-25 15:00:00.000,"71,136,000",
SURVEY,ANIMALS & PRODUCTS,DAIRY,CHEESE,ALL CLASSES,ALL PRODUCTION PRACTICES,ALL UTILIZATION PRACTICES,PRODUCTION,LB,"CHEESE - PRODUCTION, MEASURED IN LB",TOTAL,NOT SPECIFIED,STATE,27,27,MN,MINNESOTA,,,,,,,,00000000,,,9000,UNITED STATES,MINNESOTA,2023,MONTHLY,06,06,JUN,,2025-04-25 15:00:00.000,"67,329,000",
SURVEY,ANIMALS & PRODUCTS,DAIRY,CHEESE,ALL CLASSES,ALL PRODUCTION PRACTICES,ALL UTILIZATION PRACTICES,PRODUCTION,LB,"CHEESE - PRODUCTION, MEASURED IN LB",TOTAL,NOT SPECIFIED,STATE,27,27,MN,MINNESOTA,,,,,,,,00000000,,,9000,UNITED STATES,MINNESOTA,2023,MONTHLY,07,07,JUL,,2025-04-25 15:00:00.000,"70,100,000",
SURVEY,ANIMALS & PRODUCTS,DAIRY,CHEESE,ALL CLASSES,ALL PRODUCTION PRACTICES,ALL UTILIZATION PRACTICES,PRODUCTION,LB,"CHEESE - PRODUCTION, MEASURED IN LB",TOTAL,NOT SPECIFIED,STATE,27,27,MN,MINNESOTA,,,,,,,,00000000,,,9000,UNITED STATES,MINNESOTA,2023,MONTHLY,08,08,AUG,,2025-04-25 15:00:00.000,"66,328,000",
SURVEY,ANIMALS & PRODUCTS,DAIRY,CHEESE,ALL CLASSES,ALL PRODUCTION PRACTICES,ALL UTILIZATION PRACTICES,PRODUCTION,LB,"CHEESE - PRODUCTION, MEASURED IN LB",TOTAL,NOT SPECIFIED,STATE,27,27,MN,MINNESOTA,,,,,,,,00000000,,,9000,UNITED STATES,MINNESOTA,2023,MONTHLY,09,09,SEP,,2025-04-25 15:00:00.000,"65,393,000",
SURVEY,ANIMALS & PRODUCTS,DAIRY,CHEESE,ALL CLASSES,ALL PRODUCTION PRACTICES,ALL UTILIZATION PRACTICES,PRODUCTION,LB,"CHEESE - PRODUCTION, MEASURED IN LB",TOTAL,NOT SPECIFIED,STATE,27,27,MN,MINNESOTA,,,,,,,,00000000,,,9000,UNITED STATES,MINNESOTA,2023,MONTHLY,10,10,OCT,,2025-04-25 15:00:00.000,"66,409,000",
SURVEY,ANIMALS & PRODUCTS,DAIRY,CHEESE,ALL CLASSES,ALL PRODUCTION PRACTICES,ALL UTILIZATION PRACTICES,PRODUCTION,LB,"CHEESE - PRODUCTION, MEASURED IN LB",TOTAL,NOT SPECIFIED,STATE,27,27,MN,MINNESOTA,,,,,,,,00000000,,,9000,UNITED STATES,MINNESOTA,2023,MONTHLY,11,11,NOV,,2025-04-25 15:00:00.000,"65,272,000",
SURVEY,ANIMALS & PRODUCTS,DAIRY,CHEESE,ALL CLASSES,ALL PRODUCTION PRACTICES,ALL UTILIZATION PRACTICES,PRODUCTION,LB,"CHEESE - PRODUCTION, MEASURED IN LB",TOTAL,NOT SPECIFIED,STATE,27,27,MN,MINNESOTA,,,,,,,,00000000,,,9000,UNITED STATES,MINNESOTA,2023,MONTHLY,12,12,DEC,,2025-04-25 15:00:00.000,"70,174,000",
SURVEY,ANIMALS & PRODUCTS,DAIRY,CHEESE,ALL CLASSES,ALL PRODUCTION PRACTICES,ALL UTILIZATION PRACTICES,PRODUCTION,LB,"CHEESE - PRODUCTION, MEASURED IN LB",TOTAL,NOT SPECIFIED,STATE,34,34,NJ,NEW JERSEY,,,,,,,,00000000,,,9000,UNITED STATES,NEW JERSEY,2023,MONTHLY,01,01,JAN,,2025-04-25 15:00:00.000,"6,459,000",
SURVEY,ANIMALS & PRODUCTS,DAIRY,CHEESE,ALL CLASSES,ALL PRODUCTION PRACTICES,ALL UTILIZATION PRACTICES,PRODUCTION,LB,"CHEESE - PRODUCTION, MEASURED IN LB",TOTAL,NOT SPECIFIED,STATE,34,34,NJ,NEW JERSEY,,,,,,,,00000000,,,9000,UNITED STATES,NEW JERSEY,2023,MONTHLY,02,02,FEB,,2025-04-25 15:00:00.000,"5,020,000",
SURVEY,ANIMALS & PRODUCTS,DAIRY,CHEESE,ALL CLASSES,ALL PRODUCTION PRACTICES,ALL UTILIZATION PRACTICES,PRODUCTION,LB,"CHEESE - PRODUCTION, MEASURED IN LB",TOTAL,NOT SPECIFIED,STATE,34,34,NJ,NEW JERSEY,,,,,,,,00000000,,,9000,UNITED STATES,NEW JERSEY,2023,MONTHLY,03,03,MAR,,2025-04-25 15:00:00.000,"6,235,000",
SURVEY,ANIMALS & PRODUCTS,DAIRY,CHEESE,ALL CLASSES,ALL PRODUCTION PRACTICES,ALL UTILIZATION PRACTICES,PRODUCTION,LB,"CHEESE - PRODUCTION, MEASURED IN LB",TOTAL,NOT SPECIFIED,STATE,34,34,NJ,NEW JERSEY,,,,,,,,00000000,,,9000,UNITED STATES,NEW JERSEY,2023,MONTHLY,04,04,APR,,2025-04-25 15:00:00.000,"5,054,000",
SURVEY,ANIMALS & PRODUCTS,DAIRY,CHEESE,ALL CLASSES,ALL PRODUCTION PRACTICES,ALL UTILIZATION PRACTICES,PRODUCTION,LB,"CHEESE - PRODUCTION, MEASURED IN LB",TOTAL,NOT SPECIFIED,STATE,34,34,NJ,NEW JERSEY,,,,,,,,00000000,,,9000,UNITED STATES,NEW JERSEY,2023,MONTHLY,05,05,MAY,,2025-04-25 15:00:00.000,"5,771,000",
SURVEY,ANIMALS & PRODUCTS,DAIRY,CHEESE,ALL CLASSES,ALL PRODUCTION PRACTICES,ALL UTILIZATION PRACTICES,PRODUCTION,LB,"CHEESE - PRODUCTION, MEASURED IN LB",TOTAL,NOT SPECIFIED,STATE,34,34,NJ,NEW JERSEY,,,,,,,,00000000,,,9000,UNITED STATES,NEW JERSEY,2023,MONTHLY,06,06,JUN,,2025-04-25 15:00:00.000,"5,810,000",
SURVEY,ANIMALS & PRODUCTS,DAIRY,CHEESE,ALL CLASSES,ALL PRODUCTION PRACTICES,ALL UTILIZATION PRACTICES,PRODUCTION,LB,"CHEESE - PRODUCTION, MEASURED IN LB",TOTAL,NOT SPECIFIED,STATE,34,34,NJ,NEW JERSEY,,,,,,,,00000000,,,9000,UNITED STATES,NEW JERSEY,2023,MONTHLY,07,07,JUL,,2025-04-25 15:00:00.000,"5,940,000",
SURVEY,ANIMALS & PRODUCTS,DAIRY,CHEESE,ALL CLASSES,ALL PRODUCTION PRACTICES,ALL UTILIZATION PRACTICES,PRODUCTION,LB,"CHEESE - PRODUCTION, MEASURED IN LB",TOTAL,NOT SPECIFIED,STATE,34,34,NJ,NEW JERSEY,,,,,,,,00000000,,,9000,UNITED STATES,NEW JERSEY,2023,MONTHLY,08,08,AUG,,2025-04-25 15:00:00.000,"6,184,000",
SURVEY,ANIMALS & PRODUCTS,DAIRY,CHEESE,ALL CLASSES,ALL PRODUCTION PRACTICES,ALL UTILIZATION PRACTICES,PRODUCTION,LB,"CHEESE - PRODUCTION, MEASURED IN LB",TOTAL,NOT SPECIFIED,STATE,34,34,NJ,NEW JERSEY,,,,,,,,00000000,,,9000,UNITED STATES,NEW JERSEY,2023,MONTHLY,09,09,SEP,,2025-04-25 15:00:00.000,"5,802,000",
SURVEY,ANIMALS & PRODUCTS,DAIRY,CHEESE,ALL CLASSES,ALL PRODUCTION PRACTICES,ALL UTILIZATION PRACTICES,PRODUCTION,LB,"CHEESE - PRODUCTION, MEASURED IN LB",TOTAL,NOT SPECIFIED,STATE,34,34,NJ,NEW JERSEY,,,,,,,,00000000,,,9000,UNITED STATES,NEW JERSEY,2023,MONTHLY,10,10,OCT,,2025-04-25 15:00:00.000,"6,859,000",
SURVEY,ANIMALS & PRODUCTS,DAIRY,CHEESE,ALL CLASSES,ALL PRODUCTION PRACTICES,ALL UTILIZATION PRACTICES,PRODUCTION,LB,"CHEESE - PRODUCTION, MEASURED IN LB",TOTAL,NOT SPECIFIED,STATE,34,34,NJ,NEW JERSEY,,,,,,,,00000000,,,9000,UNITED STATES,NEW JERSEY,2023,MONTHLY,11,11,NOV,,2025-04-25 15:00:00.000,"6,307,000",
SURVEY,ANIMALS & PRODUCTS,DAIRY,CHEESE,ALL CLASSES,ALL PRODUCTION PRACTICES,ALL UTILIZATION PRACTICES,PRODUCTION,LB,"CHEESE - PRODUCTION, MEASURED IN LB",TOTAL,NOT SPECIFIED,STATE,34,34,NJ,NEW JERSEY,,,,,,,,00000000,,,9000,UNITED STATES,NEW JERSEY,2023,MONTHLY,12,12,DEC,,2025-04-25 15:00:00.000,"6,601,000",
SURVEY,ANIMALS & PRODUCTS,DAIRY,CHEESE,ALL CLASSES,ALL PRODUCTION PRACTICES,ALL UTILIZATION PRACTICES,PRODUCTION,LB,"CHEESE - PRODUCTION, MEASURED IN LB",TOTAL,NOT SPECIFIED,STATE,35,35,NM,NEW MEXICO,,,,,,,,00000000,,,9000,UNITED STATES,NEW MEXICO,2023,MONTHLY,01,01,JAN,,2025-04-25 15:00:00.000,"95,543,000",
SURVEY,ANIMALS & PRODUCTS,DAIRY,CHEESE,ALL CLASSES,ALL PRODUCTION PRACTICES,ALL UTILIZATION PRACTICES,PRODUCTION,LB,"CHEESE - PRODUCTION, MEASURED IN LB",TOTAL,NOT SPECIFIED,STATE,35,35,NM,NEW MEXICO,,,,,,,,00000000,,,9000,UNITED STATES,NEW MEXICO,2023,MONTHLY,02,02,FEB,,2025-04-25 15:00:00.000,"74,094,000",
SURVEY,ANIMALS & PRODUCTS,DAIRY,CHEESE,ALL CLASSES,ALL PRODUCTION PRACTICES,ALL UTILIZATION PRACTICES,PRODUCTION,LB,"CHEESE - PRODUCTION, MEASURED IN LB",TOTAL,NOT SPECIFIED,STATE,35,35,NM,NEW MEXICO,,,,,,,,00000000,,,9000,UNITED STATES,NEW MEXICO,2023,MONTHLY,03,03,MAR,,2025-04-25 15:00:00.000,"83,061,000",
SURVEY,ANIMALS & PRODUCTS,DAIRY,CHEESE,ALL CLASSES,ALL PRODUCTION PRACTICES,ALL UTILIZATION PRACTICES,PRODUCTION,LB,"CHEESE - PRODUCTION, MEASURED IN LB",TOTAL,NOT SPECIFIED,STATE,35,35,NM,NEW MEXICO,,,,,,,,00000000,,,9000,UNITED STATES,NEW MEXICO,2023,MONTHLY,04,04,APR,,2025-04-25 15:00:00.000,"79,035,000",
SURVEY,ANIMALS & PRODUCTS,DAIRY,CHEESE,ALL CLASSES,ALL PRODUCTION PRACTICES,ALL UTILIZATION PRACTICES,PRODUCTION,LB,"CHEESE - PRODUCTION, MEASURED IN LB",TOTAL,NOT SPECIFIED,STATE,35,35,NM,NEW MEXICO,,,,,,,,00000000,,,9000,UNITED STATES,NEW MEXICO,2023,MONTHLY,05,05,MAY,,2025-04-25 15:00:00.000,"93,542,000",
SURVEY,ANIMALS & PRODUCTS,DAIRY,CHEESE,ALL CLASSES,ALL PRODUCTION PRACTICES,ALL UTILIZATION PRACTICES,PRODUCTION,LB,"CHEESE - PRODUCTION, MEASURED IN LB",TOTAL,NOT SPECIFIED,STATE,35,35,NM,NEW MEXICO,,,,,,,,00000000,,,9000,UNITED STATES,NEW MEXICO,2023,MONTHLY,06,06,JUN,,2025-04-25 15:00:00.000,"81,188,000",
SURVEY,ANIMALS & PRODUCTS,DAIRY,CHEESE,ALL CLASSES,ALL PRODUCTION PRACTICES,ALL UTILIZATION PRACTICES,PRODUCTION,LB,"CHEESE - PRODUCTION, MEASURED IN LB",TOTAL,NOT SPECIFIED,STATE,35,35,NM,NEW MEXICO,,,,,,,,00000000,,,9000,UNITED STATES,NEW MEXICO,2023,MONTHLY,07,07,JUL,,2025-04-25 15:00:00.000,"78,819,000",
SURVEY,ANIMALS & PRODUCTS,DAIRY,CHEESE,ALL CLASSES,ALL PRODUCTION PRACTICES,ALL UTILIZATION PRACTICES,PRODUCTION,LB,"CHEESE - PRODUCTION, MEASURED IN LB",TOTAL,NOT SPECIFIED,STATE,35,35,NM,NEW MEXICO,,,,,,,,00000000,,,9000,UNITED STATES,NEW MEXICO,2023,MONTHLY,08,08,AUG,,2025-04-25 15:00:00.000,"85,370,000",
SURVEY,ANIMALS & PRODUCTS,DAIRY,CHEESE,ALL CLASSES,ALL PRODUCTION PRACTICES,ALL UTILIZATION PRACTICES,PRODUCTION,LB,"CHEESE - PRODUCTION, MEASURED IN LB",TOTAL,NOT SPECIFIED,STATE,35,35,NM,NEW MEXICO,,,,,,,,00000000,,,9000,UNITED STATES,NEW MEXICO,2023,MONTHLY,09,09,SEP,,2025-04-25 15:00:00.000,"77,336,000",
SURVEY,ANIMALS & PRODUCTS,DAIRY,CHEESE,ALL CLASSES,ALL PRODUCTION PRACTICES,ALL UTILIZATION PRACTICES,PRODUCTION,LB,"CHEESE - PRODUCTION, MEASURED IN LB",TOTAL,NOT SPECIFIED,STATE,35,35,NM,NEW MEXICO,,,,,,,,00000000,,,9000,UNITED STATES,NEW MEXICO,2023,MONTHLY,10,10,OCT,,2025-04-25 15:00:00.000,"85,214,000",
SURVEY,ANIMALS & PRODUCTS,DAIRY,CHEESE,ALL CLASSES,ALL PRODUCTION PRACTICES,ALL UTILIZATION PRACTICES,PRODUCTION,LB,"CHEESE - PRODUCTION, MEASURED IN LB",TOTAL,NOT SPECIFIED,STATE,35,35,NM,NEW MEXICO,,,,,,,,00000000,,,9000,UNITED STATES,NEW MEXICO,2023,MONTHLY,11,11,NOV,,2025-04-25 15:00:00.000,"79,160,000",
SURVEY,ANIMALS & PRODUCTS,DAIRY,CHEESE,ALL CLASSES,ALL PRODUCTION PRACTICES,ALL UTILIZATION PRACTICES,PRODUCTION,LB,"CHEESE - PRODUCTION, MEASURED IN LB",TOTAL,NOT SPECIFIED,STATE,35,35,NM,NEW MEXICO,,,,,,,,00000000,,,9000,UNITED STATES,NEW MEXICO,2023,MONTHLY,12,12,DEC,,2025-04-25 15:00:00.000,"83,210,000",
SURVEY,ANIMALS & PRODUCTS,DAIRY,CHEESE,ALL CLASSES,ALL PRODUCTION PRACTICES,ALL UTILIZATION PRACTICES,PRODUCTION,LB,"CHEESE - PRODUCTION, MEASURED IN LB",TOTAL,NOT SPECIFIED,STATE,36,36,NY,NEW YORK,,,,,,,,00000000,,,9000,UNITED STATES,NEW YORK,2023,MONTHLY,01,01,JAN,,2025-04-25 15:00:00.000,"70,219,000",
SURVEY,ANIMALS & PRODUCTS,DAIRY,CHEESE,ALL CLASSES,ALL PRODUCTION PRACTICES,ALL UTILIZATION PRACTICES,PRODUCTION,LB,"CHEESE - PRODUCTION, MEASURED IN LB",TOTAL,NOT SPECIFIED,STATE,36,36,NY,NEW YORK,,,,,,,,00000000,,,9000,UNITED STATES,NEW YORK,2023,MONTHLY,02,02,FEB,,2025-04-25 15:00:00.000,"65,170,000",
SURVEY,ANIMALS & PRODUCTS,DAIRY,CHEESE,ALL CLASSES,ALL PRODUCTION PRACTICES,ALL UTILIZATION PRACTICES,PRODUCTION,LB,"CHEESE - PRODUCTION, MEASURED IN LB",TOTAL,NOT SPECIFIED,STATE,36,36,NY,NEW YORK,,,,,,,,00000000,,,9000,UNITED STATES,NEW YORK,2023,MONTHLY,03,03,MAR,,2025-04-25 15:00:00.000,"75,063,000",
SURVEY,ANIMALS & PRODUCTS,DAIRY,CHEESE,ALL CLASSES,ALL PRODUCTION PRACTICES,ALL UTILIZATION PRACTICES,PRODUCTION,LB,"CHEESE - PRODUCTION, MEASURED IN LB",TOTAL,NOT SPECIFIED,STATE,36,36,NY,NEW YORK,,,,,,,,00000000,,,9000,UNITED STATES,NEW YORK,2023,MONTHLY,04,04,APR,,2025-04-25 15:00:00.000,"65,620,000",
SURVEY,ANIMALS & PRODUCTS,DAIRY,CHEESE,ALL CLASSES,ALL PRODUCTION PRACTICES,ALL UTILIZATION PRACTICES,PRODUCTION,LB,"CHEESE - PRODUCTION, MEASURED IN LB",TOTAL,NOT SPECIFIED,STATE,36,36,NY,NEW YORK,,,,,,,,00000000,,,9000,UNITED STATES,NEW YORK,2023,MONTHLY,05,05,MAY,,2025-04-25 15:00:00.000,"62,083,000",
SURVEY,ANIMALS & PRODUCTS,DAIRY,CHEESE,ALL CLASSES,ALL PRODUCTION PRACTICES,ALL UTILIZATION PRACTICES,PRODUCTION,LB,"CHEESE - PRODUCTION, MEASURED IN LB",TOTAL,NOT SPECIFIED,STATE,36,36,NY,NEW YORK,,,,,,,,00000000,,,9000,UNITED STATES,NEW YORK,2023,MONTHLY,06,06,JUN,,2025-04-25 15:00:00.000,"66,788,000",
SURVEY,ANIMALS & PRODUCTS,DAIRY,CHEESE,ALL CLASSES,ALL PRODUCTION PRACTICES,ALL UTILIZATION PRACTICES,PRODUCTION,LB,"CHEESE - PRODUCTION, MEASURED IN LB",TOTAL,NOT SPECIFIED,STATE,36,36,NY,NEW YORK,,,,,,,,00000000,,,9000,UNITED STATES,NEW YORK,2023,MONTHLY,07,07,JUL,,2025-04-25 15:00:00.000,"70,555,000",
SURVEY,ANIMALS & PRODUCTS,DAIRY,CHEESE,ALL CLASSES,ALL PRODUCTION PRACTICES,ALL UTILIZATION PRACTICES,PRODUCTION,LB,"CHEESE - PRODUCTION, MEASURED IN LB",TOTAL,NOT SPECIFIED,STATE,36,36,NY,NEW YORK,,,,,,,,00000000,,,9000,UNITED STATES,NEW YORK,2023,MONTHLY,08,08,AUG,,2025-04-25 15:00:00.000,"69,437,000",
SURVEY,ANIMALS & PRODUCTS,DAIRY,CHEESE,ALL CLASSES,ALL PRODUCTION PRACTICES,ALL UTILIZATION PRACTICES,PRODUCTION,LB,"CHEESE - PRODUCTION, MEASURED IN LB",TOTAL,NOT SPECIFIED,STATE,36,36,NY,NEW YORK,,,,,,,,00000000,,,9000,UNITED STATES,NEW YORK,2023,MONTHLY,09,09,SEP,,2025-04-25 15:00:00.000,"67,155,000",
SURVEY,ANIMALS & PRODUCTS,DAIRY,CHEESE,ALL CLASSES,ALL PRODUCTION PRACTICES,ALL UTILIZATION PRACTICES,PRODUCTION,LB,"CHEESE - PRODUCTION, MEASURED IN LB",TOTAL,NOT SPECIFIED,STATE,36,36,NY,NEW YORK,,,,,,,,00000000,,,9000,UNITED STATES,NEW YORK,2023,MONTHLY,10,10,OCT,,2025-04-25 15:00:00.000,"77,189,000",
SURVEY,ANIMALS & PRODUCTS,DAIRY,CHEESE,ALL CLASSES,ALL PRODUCTION PRACTICES,ALL UTILIZATION PRACTICES,PRODUCTION,LB,"CHEESE - PRODUCTION, MEASURED IN LB",TOTAL,NOT SPECIFIED,STATE,36,36,NY,NEW YORK,,,,,,,,00000000,,,9000,UNITED STATES,NEW YORK,2023,MONTHLY,11,11,NOV,,2025-04-25 15:00:00.000,"71,823,000",
SURVEY,ANIMALS & PRODUCTS,DAIRY,CHEESE,ALL CLASSES,ALL PRODUCTION PRACTICES,ALL UTILIZATION PRACTICES,PRODUCTION,LB,"CHEESE - PRODUCTION, MEASURED IN LB",TOTAL,NOT SPECIFIED,STATE,36,36,NY,NEW YORK,,,,,,,,00000000,,,9000,UNITED STATES,NEW YORK,2023,MONTHLY,12,12,DEC,,2025-04-25 15:00:00.000,"67,331,000",
SURVEY,ANIMALS & PRODUCTS,DAIRY,CHEESE,ALL CLASSES,ALL PRODUCTION PRACTICES,ALL UTILIZATION PRACTICES,PRODUCTION,LB,"CHEESE - PRODUCTION, MEASURED IN LB",TOTAL,NOT SPECIFIED,STATE,39,39,OH,OHIO,,,,,,,,00000000,,,9000,UNITED STATES,OHIO,2023,MONTHLY,01,01,JAN,,2025-04-25 15:00:00.000,"22,832,000",
SURVEY,ANIMALS & PRODUCTS,DAIRY,CHEESE,ALL CLASSES,ALL PRODUCTION PRACTICES,ALL UTILIZATION PRACTICES,PRODUCTION,LB,"CHEESE - PRODUCTION, MEASURED IN LB",TOTAL,NOT SPECIFIED,STATE,39,39,OH,OHIO,,,,,,,,00000000,,,9000,UNITED STATES,OHIO,2023,MONTHLY,02,02,FEB,,2025-04-25 15:00:00.000,"19,865,000",
SURVEY,ANIMALS & PRODUCTS,DAIRY,CHEESE,ALL CLASSES,ALL PRODUCTION PRACTICES,ALL UTILIZATION PRACTICES,PRODUCTION,LB,"CHEESE - PRODUCTION, MEASURED IN LB",TOTAL,NOT SPECIFIED,STATE,39,39,OH,OHIO,,,,,,,,00000000,,,9000,UNITED STATES,OHIO,2023,MONTHLY,03,03,MAR,,2025-04-25 15:00:00.000,"22,037,000",
SURVEY,ANIMALS & PRODUCTS,DAIRY,CHEESE,ALL CLASSES,ALL PRODUCTION PRACTICES,ALL UTILIZATION PRACTICES,PRODUCTION,LB,"CHEESE - PRODUCTION, MEASURED IN LB",TOTAL,NOT SPECIFIED,STATE,39,39,OH,OHIO,,,,,,,,00000000,,,9000,UNITED STATES,OHIO,2023,MONTHLY,04,04,APR,,2025-04-25 15:00:00.000,"20,489,000",
SURVEY,ANIMALS & PRODUCTS,DAIRY,CHEESE,ALL CLASSES,ALL PRODUCTION PRACTICES,ALL UTILIZATION PRACTICES,PRODUCTION,LB,"CHEESE - PRODUCTION, MEASURED IN LB",TOTAL,NOT SPECIFIED,STATE,39,39,OH,OHIO,,,,,,,,00000000,,,9000,UNITED STATES,OHIO,2023,MONTHLY,05,05,MAY,,2025-04-25 15:00:00.000,"22,087,000",
SURVEY,ANIMALS & PRODUCTS,DAIRY,CHEESE,ALL CLASSES,ALL PRODUCTION PRACTICES,ALL UTILIZATION PRACTICES,PRODUCTION,LB,"CHEESE - PRODUCTION, MEASURED IN LB",TOTAL,NOT SPECIFIED,STATE,39,39,OH,OHIO,,,,,,,,00000000,,,9000,UNITED STATES,OHIO,2023,MONTHLY,06,06,JUN,,2025-04-25 15:00:00.000,"20,511,000",
SURVEY,ANIMALS & PRODUCTS,DAIRY,CHEESE,ALL CLASSES,ALL PRODUCTION PRACTICES,ALL UTILIZATION PRACTICES,PRODUCTION,LB,"CHEESE - PRODUCTION, MEASURED IN LB",TOTAL,NOT SPECIFIED,STATE,39,39,OH,OHIO,,,,,,,,00000000,,,9000,UNITED STATES,OHIO,2023,MONTHLY,07,07,JUL,,2025-04-25 15:00:00.000,"20,464,000",
SURVEY,ANIMALS & PRODUCTS,DAIRY,CHEESE,ALL CLASSES,ALL PRODUCTION PRACTICES,ALL UTILIZATION PRACTICES,PRODUCTION,LB,"CHEESE - PRODUCTION, MEASURED IN LB",TOTAL,NOT SPECIFIED,STATE,39,39,OH,OHIO,,,,,,,,00000000,,,9000,UNITED STATES,OHIO,2023,MONTHLY,08,08,AUG,,2025-04-25 15:00:00.000,"21,049,000",
SURVEY,ANIMALS & PRODUCTS,DAIRY,CHEESE,ALL CLASSES,ALL PRODUCTION PRACTICES,ALL UTILIZATION PRACTICES,PRODUCTION,LB,"CHEESE - PRODUCTION, MEASURED IN LB",TOTAL,NOT SPECIFIED,STATE,39,39,OH,OHIO,,,,,,,,00000000,,,9000,UNITED STATES,OHIO,2023,MONTHLY,09,09,SEP,,2025-04-25 15:00:00.000,"20,935,000",
SURVEY,ANIMALS & PRODUCTS,DAIRY,CHEESE,ALL CLASSES,ALL PRODUCTION PRACTICES,ALL UTILIZATION PRACTICES,PRODUCTION,LB,"CHEESE - PRODUCTION, MEASURED IN LB",TOTAL,NOT SPECIFIED,STATE,39,39,OH,OHIO,,,,,,,,00000000,,,9000,UNITED STATES,OHIO,2023,MONTHLY,10,10,OCT,,2025-04-25 15:00:00.000,"20,564,000",
SURVEY,ANIMALS & PRODUCTS,DAIRY,CHEESE,ALL CLASSES,ALL PRODUCTION PRACTICES,ALL UTILIZATION PRACTICES,PRODUCTION,LB,"CHEESE - PRODUCTION, MEASURED IN LB",TOTAL,NOT SPECIFIED,STATE,39,39,OH,OHIO,,,,,,,,00000000,,,9000,UNITED STATES,OHIO,2023,MONTHLY,11,11,NOV,,2025-04-25 15:00:00.000,"21,110,000",
SURVEY,ANIMALS & PRODUCTS,DAIRY,CHEESE,ALL CLASSES,ALL PRODUCTION PRACTICES,ALL UTILIZATION PRACTICES,PRODUCTION,LB,"CHEESE - PRODUCTION, MEASURED IN LB",TOTAL,NOT SPECIFIED,STATE,39,39,OH,OHIO,,,,,,,,00000000,,,9000,UNITED STATES,OHIO,2023,MONTHLY,12,12,DEC,,2025-04-25 15:00:00.000,"22,762,000",
SURVEY,ANIMALS & PRODUCTS,DAIRY,CHEESE,ALL CLASSES,ALL PRODUCTION PRACTICES,ALL UTILIZATION PRACTICES,PRODUCTION,LB,"CHEESE - PRODUCTION, MEASURED IN LB",TOTAL,NOT SPECIFIED,STATE,42,42,PA,PENNSYLVANIA,,,,,,,,00000000,,,9000,UNITED STATES,PENNSYLVANIA,2023,MONTHLY,01,01,JAN,,2025-04-25 15:00:00.000,"44,085,000",
SURVEY,ANIMALS & PRODUCTS,DAIRY,CHEESE,ALL CLASSES,ALL PRODUCTION PRACTICES,ALL UTILIZATION PRACTICES,PRODUCTION,LB,"CHEESE - PRODUCTION, MEASURED IN LB",TOTAL,NOT SPECIFIED,STATE,42,42,PA,PENNSYLVANIA,,,,,,,,00000000,,,9000,UNITED STATES,PENNSYLVANIA,2023,MONTHLY,02,02,FEB,,2025-04-25 15:00:00.000,"42,923,000",
SURVEY,ANIMALS & PRODUCTS,DAIRY,CHEESE,ALL CLASSES,ALL PRODUCTION PRACTICES,ALL UTILIZATION PRACTICES,PRODUCTION,LB,"CHEESE - PRODUCTION, MEASURED IN LB",TOTAL,NOT SPECIFIED,STATE,42,42,PA,PENNSYLVANIA,,,,,,,,00000000,,,9000,UNITED STATES,PENNSYLVANIA,2023,MONTHLY,03,03,MAR,,2025-04-25 15:00:00.000,"47,193,000",
SURVEY,ANIMALS & PRODUCTS,DAIRY,CHEESE,ALL CLASSES,ALL PRODUCTION PRACTICES,ALL UTILIZATION PRACTICES,PRODUCTION,LB,"CHEESE - PRODUCTION, MEASURED IN LB",TOTAL,NOT SPECIFIED,STATE,42,42,PA,PENNSYLVANIA,,,,,,,,00000000,,,9000,UNITED STATES,PENNSYLVANIA,2023,MONTHLY,04,04,APR,,2025-04-25 15:00:00.000,"44,295,000",
SURVEY,ANIMALS & PRODUCTS,DAIRY,CHEESE,ALL CLASSES,ALL PRODUCTION PRACTICES,ALL UTILIZATION PRACTICES,PRODUCTION,LB,"CHEESE - PRODUCTION, MEASURED IN LB",TOTAL,NOT SPECIFIED,STATE,42,42,PA,PENNSYLVANIA,,,,,,,,00000000,,,9000,UNITED STATES,PENNSYLVANIA,2023,MONTHLY,05,05,MAY,,2025-04-25 15:00:00.000,"46,170,000",
SURVEY,ANIMALS & PRODUCTS,DAIRY,CHEESE,ALL CLASSES,ALL PRODUCTION PRACTICES,ALL UTILIZATION PRACTICES,PRODUCTION,LB,"CHEESE - PRODUCTION, MEASURED IN LB",TOTAL,NOT SPECIFIED,STATE,42,42,PA,PENNSYLVANIA,,,,,,,,00000000,,,9000,UNITED STATES,PENNSYLVANIA,2023,MONTHLY,06,06,JUN,,2025-04-25 15:00:00.000,"45,289,000",
SURVEY,ANIMALS & PRODUCTS,DAIRY,CHEESE,ALL CLASSES,ALL PRODUCTION PRACTICES,ALL UTILIZATION PRACTICES,PRODUCTION,LB,"CHEESE - PRODUCTION, MEASURED IN LB",TOTAL,NOT SPECIFIED,STATE,42,42,PA,PENNSYLVANIA,,,,,,,,00000000,,,9000,UNITED STATES,PENNSYLVANIA,2023,MONTHLY,07,07,JUL,,2025-04-25 15:00:00.000,"42,025,000",
SURVEY,ANIMALS & PRODUCTS,DAIRY,CHEESE,ALL CLASSES,ALL PRODUCTION PRACTICES,ALL UTILIZATION PRACTICES,PRODUCTION,LB,"CHEESE - PRODUCTION, MEASURED IN LB",TOTAL,NOT SPECIFIED,STATE,42,42,PA,PENNSYLVANIA,,,,,,,,00000000,,,9000,UNITED STATES,PENNSYLVANIA,2023,MONTHLY,08,08,AUG,,2025-04-25 15:00:00.000,"43,569,000",
SURVEY,ANIMALS & PRODUCTS,DAIRY,CHEESE,ALL CLASSES,ALL PRODUCTION PRACTICES,ALL UTILIZATION PRACTICES,PRODUCTION,LB,"CHEESE - PRODUCTION, MEASURED IN LB",TOTAL,NOT SPECIFIED,STATE,42,42,PA,PENNSYLVANIA,,,,,,,,00000000,,,9000,UNITED STATES,PENNSYLVANIA,2023,MONTHLY,09,09,SEP,,2025-04-25 15:00:00.000,"41,208,000",
SURVEY,ANIMALS & PRODUCTS,DAIRY,CHEESE,ALL CLASSES,ALL PRODUCTION PRACTICES,ALL UTILIZATION PRACTICES,PRODUCTION,LB,"CHEESE - PRODUCTION, MEASURED IN LB",TOTAL,NOT SPECIFIED,STATE,42,42,PA,PENNSYLVANIA,,,,,,,,00000000,,,9000,UNITED STATES,PENNSYLVANIA,2023,MONTHLY,10,10,OCT,,2025-04-25 15:00:00.000,"41,889,000",
SURVEY,ANIMALS & PRODUCTS,DAIRY,CHEESE,ALL CLASSES,ALL PRODUCTION PRACTICES,ALL UTILIZATION PRACTICES,PRODUCTION,LB,"CHEESE - PRODUCTION, MEASURED IN LB",TOTAL,NOT SPECIFIED,STATE,42,42,PA,PENNSYLVANIA,,,,,,,,00000000,,,9000,UNITED STATES,PENNSYLVANIA,2023,MONTHLY,11,11,NOV,,2025-04-25 15:00:00.000,"40,429,000",
SURVEY,ANIMALS & PRODUCTS,DAIRY,CHEESE,ALL CLASSES,ALL PRODUCTION PRACTICES,ALL UTILIZATION PRACTICES,PRODUCTION,LB,"CHEESE - PRODUCTION, MEASURED IN LB",TOTAL,NOT SPECIFIED,STATE,42,42,PA,PENNSYLVANIA,,,,,,,,00000000,,,9000,UNITED STATES,PENNSYLVANIA,2023,MONTHLY,12,12,DEC,,2025-04-25 15:00:00.000,"41,975,000",
SURVEY,ANIMALS & PRODUCTS,DAIRY,CHEESE,ALL CLASSES,ALL PRODUCTION PRACTICES,ALL UTILIZATION PRACTICES,PRODUCTION,LB,"CHEESE - PRODUCTION, MEASURED IN LB",TOTAL,NOT SPECIFIED,STATE,50,50,VT,VERMONT,,,,,,,,00000000,,,9000,UNITED STATES,VERMONT,2023,MONTHLY,01,01,JAN,,2025-04-25 15:00:00.000,"12,757,000",
SURVEY,ANIMALS & PRODUCTS,DAIRY,CHEESE,ALL CLASSES,ALL PRODUCTION PRACTICES,ALL UTILIZATION PRACTICES,PRODUCTION,LB,"CHEESE - PRODUCTION, MEASURED IN LB",TOTAL,NOT SPECIFIED,STATE,50,50,VT,VERMONT,,,,,,,,00000000,,,9000,UNITED STATES,VERMONT,2023,MONTHLY,02,02,FEB,,2025-04-25 15:00:00.000,"10,832,000",
SURVEY,ANIMALS & PRODUCTS,DAIRY,CHEESE,ALL CLASSES,ALL PRODUCTION PRACTICES,ALL UTILIZATION PRACTICES,PRODUCTION,LB,"CHEESE - PRODUCTION, MEASURED IN LB",TOTAL,NOT SPECIFIED,STATE,50,50,VT,VERMONT,,,,,,,,00000000,,,9000,UNITED STATES,VERMONT,2023,MONTHLY,03,03,MAR,,2025-04-25 15:00:00.000,"11,017,000",
SURVEY,ANIMALS & PRODUCTS,DAIRY,CHEESE,ALL CLASSES,ALL PRODUCTION PRACTICES,ALL UTILIZATION PRACTICES,PRODUCTION,LB,"CHEESE - PRODUCTION, MEASURED IN LB",TOTAL,NOT SPECIFIED,STATE,50,50,VT,VERMONT,,,,,,,,00000000,,,9000,UNITED STATES,VERMONT,2023,MONTHLY,04,04,APR,,2025-04-25 15:00:00.000,"11,292,000",
SURVEY,ANIMALS & PRODUCTS,DAIRY,CHEESE,ALL CLASSES,ALL PRODUCTION PRACTICES,ALL UTILIZATION PRACTICES,PRODUCTION,LB,"CHEESE - PRODUCTION, MEASURED IN LB",TOTAL,NOT SPECIFIED,STATE,50,50,VT,VERMONT,,,,,,,,00000000,,,9000,UNITED STATES,VERMONT,2023,MONTHLY,05,05,MAY,,2025-04-25 15:00:00.000,"12,756,000",
SURVEY,ANIMALS & PRODUCTS,DAIRY,CHEESE,ALL CLASSES,ALL PRODUCTION PRACTICES,ALL UTILIZATION PRACTICES,PRODUCTION,LB,"CHEESE - PRODUCTION, MEASURED IN LB",TOTAL,NOT SPECIFIED,STATE,50,50,VT,VERMONT,,,,,,,,00000000,,,9000,UNITED STATES,VERMONT,2023,MONTHLY,06,06,JUN,,2025-04-25 15:00:00.000,"11,708,000",
SURVEY,ANIMALS & PRODUCTS,DAIRY,CHEESE,ALL CLASSES,ALL PRODUCTION PRACTICES,ALL UTILIZATION PRACTICES,PRODUCTION,LB,"CHEESE - PRODUCTION, MEASURED IN LB",TOTAL,NOT SPECIFIED,STATE,50,50,VT,VERMONT,,,,,,,,00000000,,,9000,UNITED STATES,VERMONT,2023,MONTHLY,07,07,JUL,,2025-04-25 15:00:00.000,"11,905,000",
SURVEY,ANIMALS & PRODUCTS,DAIRY,CHEESE,ALL CLASSES,ALL PRODUCTION PRACTICES,ALL UTILIZATION PRACTICES,PRODUCTION,LB,"CHEESE - PRODUCTION, MEASURED IN LB",TOTAL,NOT SPECIFIED,STATE,50,50,VT,VERMONT,,,,,,,,00000000,,,9000,UNITED STATES,VERMONT,2023,MONTHLY,08,08,AUG,,2025-04-25 15:00:00.000,"11,546,000",
SURVEY,ANIMALS & PRODUCTS,DAIRY,CHEESE,ALL CLASSES,ALL PRODUCTION PRACTICES,ALL UTILIZATION PRACTICES,PRODUCTION,LB,"CHEESE - PRODUCTION, MEASURED IN LB",TOTAL,NOT SPECIFIED,STATE,50,50,VT,VERMONT,,,,,,,,00000000,,,9000,UNITED STATES,VERMONT,2023,MONTHLY,09,09,SEP,,2025-04-25 15:00:00.000,"11,573,000",
SURVEY,ANIMALS & PRODUCTS,DAIRY,CHEESE,ALL CLASSES,ALL PRODUCTION PRACTICES,ALL UTILIZATION PRACTICES,PRODUCTION,LB,"CHEESE - PRODUCTION, MEASURED IN LB",TOTAL,NOT SPECIFIED,STATE,50,50,VT,VERMONT,,,,,,,,00000000,,,9000,UNITED STATES,VERMONT,2023,MONTHLY,10,10,OCT,,2025-04-25 15:00:00.000,"12,288,000",
SURVEY,ANIMALS & PRODUCTS,DAIRY,CHEESE,ALL CLASSES,ALL PRODUCTION PRACTICES,ALL UTILIZATION PRACTICES,PRODUCTION,LB,"CHEESE - PRODUCTION, MEASURED IN LB",TOTAL,NOT SPECIFIED,STATE,50,50,VT,VERMONT,,,,,,,,00000000,,,9000,UNITED STATES,VERMONT,2023,MONTHLY,11,11,NOV,,2025-04-25 15:00:00.000,"12,003,000",
SURVEY,ANIMALS & PRODUCTS,DAIRY,CHEESE,ALL CLASSES,ALL PRODUCTION PRACTICES,ALL UTILIZATION PRACTICES,PRODUCTION,LB,"CHEESE - PRODUCTION, MEASURED IN LB",TOTAL,NOT SPECIFIED,STATE,50,50,VT,VERMONT,,,,,,,,00000000,,,9000,UNITED STATES,VERMONT,2023,MONTHLY,12,12,DEC,,2025-04-25 15:00:00.000,"12,253,000",
SURVEY,ANIMALS & PRODUCTS,DAIRY,CHEESE,ALL CLASSES,ALL PRODUCTION PRACTICES,ALL UTILIZATION PRACTICES,PRODUCTION,LB,"CHEESE - PRODUCTION, MEASURED IN LB",TOTAL,NOT SPECIFIED,STATE,55,55,WI,WISCONSIN,,,,,,,,00000000,,,9000,UNITED STATES,WISCONSIN,2023,MONTHLY,01,01,JAN,,2025-04-25 15:00:00.000,"295,998,000",
SURVEY,ANIMALS & PRODUCTS,DAIRY,CHEESE,ALL CLASSES,ALL PRODUCTION PRACTICES,ALL UTILIZATION PRACTICES,PRODUCTION,LB,"CHEESE - PRODUCTION, MEASURED IN LB",TOTAL,NOT SPECIFIED,STATE,55,55,WI,WISCONSIN,,,,,,,,00000000,,,9000,UNITED STATES,WISCONSIN,2023,MONTHLY,02,02,FEB,,2025-04-25 15:00:00.000,"275,727,000",
SURVEY,ANIMALS & PRODUCTS,DAIRY,CHEESE,ALL CLASSES,ALL PRODUCTION PRACTICES,ALL UTILIZATION PRACTICES,PRODUCTION,LB,"CHEESE - PRODUCTION, MEASURED IN LB",TOTAL,NOT SPECIFIED,STATE,55,55,WI,WISCONSIN,,,,,,,,00000000,,,9000,UNITED STATES,WISCONSIN,2023,MONTHLY,03,03,MAR,,2025-04-25 15:00:00.000,"303,956,000",
SURVEY,ANIMALS & PRODUCTS,DAIRY,CHEESE,ALL CLASSES,ALL PRODUCTION PRACTICES,ALL UTILIZATION PRACTICES,PRODUCTION,LB,"CHEESE - PRODUCTION, MEASURED IN LB",TOTAL,NOT SPECIFIED,STATE,55,55,WI,WISCONSIN,,,,,,,,00000000,,,9000,UNITED STATES,WISCONSIN,2023,MONTHLY,04,04,APR,,2025-04-25 15:00:00.000,"281,785,000",
SURVEY,ANIMALS & PRODUCTS,DAIRY,CHEESE,ALL CLASSES,ALL PRODUCTION PRACTICES,ALL UTILIZATION PRACTICES,PRODUCTION,LB,"CHEESE - PRODUCTION, MEASURED IN LB",TOTAL,NOT SPECIFIED,STATE,55,55,WI,WISCONSIN,,,,,,,,00000000,,,9000,UNITED STATES,WISCONSIN,2023,MONTHLY,05,05,MAY,,2025-04-25 15:00:00.000,"296,305,000",
SURVEY,ANIMALS & PRODUCTS,DAIRY,CHEESE,ALL CLASSES,ALL PRODUCTION PRACTICES,ALL UTILIZATION PRACTICES,PRODUCTION,LB,"CHEESE - PRODUCTION, MEASURED IN LB",TOTAL,NOT SPECIFIED,STATE,55,55,WI,WISCONSIN,,,,,,,,00000000,,,9000,UNITED STATES,WISCONSIN,2023,MONTHLY,06,06,JUN,,2025-04-25 15:00:00.000,"293,895,000",
SURVEY,ANIMALS & PRODUCTS,DAIRY,CHEESE,ALL CLASSES,ALL PRODUCTION PRACTICES,ALL UTILIZATION PRACTICES,PRODUCTION,LB,"CHEESE - PRODUCTION, MEASURED IN LB",TOTAL,NOT SPECIFIED,STATE,55,55,WI,WISCONSIN,,,,,,,,00000000,,,9000,UNITED STATES,WISCONSIN,2023,MONTHLY,07,07,JUL,,2025-04-25 15:00:00.000,"291,219,000",
SURVEY,ANIMALS & PRODUCTS,DAIRY,CHEESE,ALL CLASSES,ALL PRODUCTION PRACTICES,ALL UTILIZATION PRACTICES,PRODUCTION,LB,"CHEESE - PRODUCTION, MEASURED IN LB",TOTAL,NOT SPECIFIED,STATE,55,55,WI,WISCONSIN,,,,,,,,00000000,,,9000,UNITED STATES,WISCONSIN,2023,MONTHLY,08,08,AUG,,2025-04-25 15:00:00.000,"297,231,000",
SURVEY,ANIMALS & PRODUCTS,DAIRY,CHEESE,ALL CLASSES,ALL PRODUCTION PRACTICES,ALL UTILIZATION PRACTICES,PRODUCTION,LB,"CHEESE - PRODUCTION, MEASURED IN LB",TOTAL,NOT SPECIFIED,STATE,55,55,WI,WISCONSIN,,,,,,,,00000000,,,9000,UNITED STATES,WISCONSIN,2023,MONTHLY,09,09,SEP,,2025-04-25 15:00:00.000,"286,235,000",
SURVEY,ANIMALS & PRODUCTS,DAIRY,CHEESE,ALL CLASSES,ALL PRODUCTION PRACTICES,ALL UTILIZATION PRACTICES,PRODUCTION,LB,"CHEESE - PRODUCTION, MEASURED IN LB",TOTAL,NOT SPECIFIED,STATE,55,55,WI,WISCONSIN,,,,,,,,00000000,,,9000,UNITED STATES,WISCONSIN,2023,MONTHLY,10,10,OCT,,2025-04-25 15:00:00.000,"302,088,000",
SURVEY,ANIMALS & PRODUCTS,DAIRY,CHEESE,ALL CLASSES,ALL PRODUCTION PRACTICES,ALL UTILIZATION PRACTICES,PRODUCTION,LB,"CHEESE - PRODUCTION, MEASURED IN LB",TOTAL,NOT SPECIFIED,STATE,55,55,WI,WISCONSIN,,,,,,,,00000000,,,9000,UNITED STATES,WISCONSIN,2023,MONTHLY,11,11,NOV,,2025-04-25 15:00:00.000,"294,430,000",
SURVEY,ANIMALS & PRODUCTS,DAIRY,CHEESE,ALL CLASSES,ALL PRODUCTION PRACTICES,ALL UTILIZATION PRACTICES,PRODUCTION,LB,"CHEESE - PRODUCTION, MEASURED IN LB",TOTAL,NOT SPECIFIED,STATE,55,55,WI,WISCONSIN,,,,,,,,00000000,,,9000,UNITED STATES,WISCONSIN,2023,MONTHLY,12,12,DEC,,2025-04-25 15:00:00.000,"299,034,000",
SURVEY,ANIMALS & PRODUCTS,DAIRY,CHEESE,AMERICAN,ALL PRODUCTION PRACTICES,ALL UTILIZATION PRACTICES,PRODUCTION,LB,"CHEESE, AMERICAN - PRODUCTION, MEASURED IN LB",TOTAL,NOT SPECIFIED,STATE,,98,OT,OTHER STATES,,,,,,,,00000000,,,9000,UNITED STATES,OTHER STATES,2023,MONTHLY,01,01,JAN,,2025-04-25 15:00:00.000,"274,860,000",
SURVEY,ANIMALS & PRODUCTS,DAIRY,CHEESE,AMERICAN,ALL PRODUCTION PRACTICES,ALL UTILIZATION PRACTICES,PRODUCTION,LB,"CHEESE, AMERICAN - PRODUCTION, MEASURED IN LB",TOTAL,NOT SPECIFIED,STATE,,98,OT,OTHER STATES,,,,,,,,00000000,,,9000,UNITED STATES,OTHER STATES,2023,MONTHLY,02,02,FEB,,2025-04-25 15:00:00.000,"234,006,000",
SURVEY,ANIMALS & PRODUCTS,DAIRY,CHEESE,AMERICAN,ALL PRODUCTION PRACTICES,ALL UTILIZATION PRACTICES,PRODUCTION,LB,"CHEESE, AMERICAN - PRODUCTION, MEASURED IN LB",TOTAL,NOT SPECIFIED,STATE,,98,OT,OTHER STATES,,,,,,,,00000000,,,9000,UNITED STATES,OTHER STATES,2023,MONTHLY,03,03,MAR,,2025-04-25 15:00:00.000,"262,007,000",
SURVEY,ANIMALS & PRODUCTS,DAIRY,CHEESE,AMERICAN,ALL PRODUCTION PRACTICES,ALL UTILIZATION PRACTICES,PRODUCTION,LB,"CHEESE, AMERICAN - PRODUCTION, MEASURED IN LB",TOTAL,NOT SPECIFIED,STATE,,98,OT,OTHER STATES,,,,,,,,00000000,,,9000,UNITED STATES,OTHER STATES,2023,MONTHLY,04,04,APR,,2025-04-25 15:00:00.000,"256,066,000",
SURVEY,ANIMALS & PRODUCTS,DAIRY,CHEESE,AMERICAN,ALL PRODUCTION PRACTICES,ALL UTILIZATION PRACTICES,PRODUCTION,LB,"CHEESE, AMERICAN - PRODUCTION, MEASURED IN LB",TOTAL,NOT SPECIFIED,STATE,,98,OT,OTHER STATES,,,,,,,,00000000,,,9000,UNITED STATES,OTHER STATES,2023,MONTHLY,05,05,MAY,,2025-04-25 15:00:00.000,"275,351,000",
SURVEY,ANIMALS & PRODUCTS,DAIRY,CHEESE,AMERICAN,ALL PRODUCTION PRACTICES,ALL UTILIZATION PRACTICES,PRODUCTION,LB,"CHEESE, AMERICAN - PRODUCTION, MEASURED IN LB",TOTAL,NOT SPECIFIED,STATE,,98,OT,OTHER STATES,,,,,,,,00000000,,,9000,UNITED STATES,OTHER STATES,2023,MONTHLY,06,06,JUN,,2025-04-25 15:00:00.000,"253,151,000",
SURVEY,ANIMALS & PRODUCTS,DAIRY,CHEESE,AMERICAN,ALL PRODUCTION PRACTICES,ALL UTILIZATION PRACTICES,PRODUCTION,LB,"CHEESE, AMERICAN - PRODUCTION, MEASURED IN LB",TOTAL,NOT SPECIFIED,STATE,,98,OT,OTHER STATES,,,,,,,,00000000,,,9000,UNITED STATES,OTHER STATES,2023,MONTHLY,07,07,JUL,,2025-04-25 15:00:00.000,"251,623,000",
SURVEY,ANIMALS & PRODUCTS,DAIRY,CHEESE,AMERICAN,ALL PRODUCTION PRACTICES,ALL UTILIZATION PRACTICES,PRODUCTION,LB,"CHEESE, AMERICAN - PRODUCTION, MEASURED IN LB",TOTAL,NOT SPECIFIED,STATE,,98,OT,OTHER STATES,,,,,,,,00000000,,,9000,UNITED STATES,OTHER STATES,2023,MONTHLY,08,08,AUG,,2025-04-25 15:00:00.000,"251,391,000",
SURVEY,ANIMALS & PRODUCTS,DAIRY,CHEESE,AMERICAN,ALL PRODUCTION PRACTICES,ALL UTILIZATION PRACTICES,PRODUCTION,LB,"CHEESE, AMERICAN - PRODUCTION, MEASURED IN LB",TOTAL,NOT SPECIFIED,STATE,,98,OT,OTHER STATES,,,,,,,,00000000,,,9000,UNITED STATES,OTHER STATES,2023,MONTHLY,09,09,SEP,,2025-04-25 15:00:00.000,"244,989,000",
SURVEY,ANIMALS & PRODUCTS,DAIRY,CHEESE,AMERICAN,ALL PRODUCTION PRACTICES,ALL UTILIZATION PRACTICES,PRODUCTION,LB,"CHEESE, AMERICAN - PRODUCTION, MEASURED IN LB",TOTAL,NOT SPECIFIED,STATE,,98,OT,OTHER STATES,,,,,,,,00000000,,,9000,UNITED STATES,OTHER STATES,2023,MONTHLY,10,10,OCT,,2025-04-25 15:00:00.000,"260,738,000",
SURVEY,ANIMALS & PRODUCTS,DAIRY,CHEESE,AMERICAN,ALL PRODUCTION PRACTICES,ALL UTILIZATION PRACTICES,PRODUCTION,LB,"CHEESE, AMERICAN - PRODUCTION, MEASURED IN LB",TOTAL,NOT SPECIFIED,STATE,,98,OT,OTHER STATES,,,,,,,,00000000,,,9000,UNITED STATES,OTHER STATES,2023,MONTHLY,11,11,NOV,,2025-04-25 15:00:00.000,"240,631,000",
SURVEY,ANIMALS & PRODUCTS,DAIRY,CHEESE,AMERICAN,ALL PRODUCTION PRACTICES,ALL UTILIZATION PRACTICES,PRODUCTION,LB,"CHEESE, AMERICAN - PRODUCTION, MEASURED IN LB",TOTAL,NOT SPECIFIED,STATE,,98,OT,OTHER STATES,,,,,,,,00000000,,,9000,UNITED STATES,OTHER STATES,2023,MONTHLY,12,12,DEC,,2025-04-25 15:00:00.000,"249,045,000",
SURVEY,ANIMALS & PRODUCTS,DAIRY,CHEESE,AMERICAN,ALL PRODUCTION PRACTICES,ALL UTILIZATION PRACTICES,PRODUCTION,LB,"CHEESE, AMERICAN - PRODUCTION, MEASURED IN LB",TOTAL,NOT SPECIFIED,STATE,06,06,CA,CALIFORNIA,,,,,,,,00000000,,,9000,UNITED STATES,CALIFORNIA,2023,MONTHLY,01,01,JAN,,2025-04-25 15:00:00.000,"44,196,000",
SURVEY,ANIMALS & PRODUCTS,DAIRY,CHEESE,AMERICAN,ALL PRODUCTION PRACTICES,ALL UTILIZATION PRACTICES,PRODUCTION,LB,"CHEESE, AMERICAN - PRODUCTION, MEASURED IN LB",TOTAL,NOT SPECIFIED,STATE,06,06,CA,CALIFORNIA,,,,,,,,00000000,,,9000,UNITED STATES,CALIFORNIA,2023,MONTHLY,02,02,FEB,,2025-04-25 15:00:00.000,"43,899,000",
SURVEY,ANIMALS & PRODUCTS,DAIRY,CHEESE,AMERICAN,ALL PRODUCTION PRACTICES,ALL UTILIZATION PRACTICES,PRODUCTION,LB,"CHEESE, AMERICAN - PRODUCTION, MEASURED IN LB",TOTAL,NOT SPECIFIED,STATE,06,06,CA,CALIFORNIA,,,,,,,,00000000,,,9000,UNITED STATES,CALIFORNIA,2023,MONTHLY,03,03,MAR,,2025-04-25 15:00:00.000,"48,933,000",
SURVEY,ANIMALS & PRODUCTS,DAIRY,CHEESE,AMERICAN,ALL PRODUCTION PRACTICES,ALL UTILIZATION PRACTICES,PRODUCTION,LB,"CHEESE, AMERICAN - PRODUCTION, MEASURED IN LB",TOTAL,NOT SPECIFIED,STATE,06,06,CA,CALIFORNIA,,,,,,,,00000000,,,9000,UNITED STATES,CALIFORNIA,2023,MONTHLY,04,04,APR,,2025-04-25 15:00:00.000,"46,926,000",
SURVEY,ANIMALS & PRODUCTS,DAIRY,CHEESE,AMERICAN,ALL PRODUCTION PRACTICES,ALL UTILIZATION PRACTICES,PRODUCTION,LB,"CHEESE, AMERICAN - PRODUCTION, MEASURED IN LB",TOTAL,NOT SPECIFIED,STATE,06,06,CA,CALIFORNIA,,,,,,,,00000000,,,9000,UNITED STATES,CALIFORNIA,2023,MONTHLY,05,05,MAY,,2025-04-25 15:00:00.000,"46,927,000",
SURVEY,ANIMALS & PRODUCTS,DAIRY,CHEESE,AMERICAN,ALL PRODUCTION PRACTICES,ALL UTILIZATION PRACTICES,PRODUCTION,LB,"CHEESE, AMERICAN - PRODUCTION, MEASURED IN LB",TOTAL,NOT SPECIFIED,STATE,06,06,CA,CALIFORNIA,,,,,,,,00000000,,,9000,UNITED STATES,CALIFORNIA,2023,MONTHLY,06,06,JUN,,2025-04-25 15:00:00.000,"44,163,000",
SURVEY,ANIMALS & PRODUCTS,DAIRY,CHEESE,AMERICAN,ALL PRODUCTION PRACTICES,ALL UTILIZATION PRACTICES,PRODUCTION,LB,"CHEESE, AMERICAN - PRODUCTION, MEASURED IN LB",TOTAL,NOT SPECIFIED,STATE,06,06,CA,CALIFORNIA,,,,,,,,00000000,,,9000,UNITED STATES,CALIFORNIA,2023,MONTHLY,07,07,JUL,,2025-04-25 15:00:00.000,"42,568,000",
SURVEY,ANIMALS & PRODUCTS,DAIRY,CHEESE,AMERICAN,ALL PRODUCTION PRACTICES,ALL UTILIZATION PRACTICES,PRODUCTION,LB,"CHEESE, AMERICAN - PRODUCTION, MEASURED IN LB",TOTAL,NOT SPECIFIED,STATE,06,06,CA,CALIFORNIA,,,,,,,,00000000,,,9000,UNITED STATES,CALIFORNIA,2023,MONTHLY,08,08,AUG,,2025-04-25 15:00:00.000,"46,030,000",
SURVEY,ANIMALS & PRODUCTS,DAIRY,CHEESE,AMERICAN,ALL PRODUCTION PRACTICES,ALL UTILIZATION PRACTICES,PRODUCTION,LB,"CHEESE, AMERICAN - PRODUCTION, MEASURED IN LB",TOTAL,NOT SPECIFIED,STATE,06,06,CA,CALIFORNIA,,,,,,,,00000000,,,9000,UNITED STATES,CALIFORNIA,2023,MONTHLY,09,09,SEP,,2025-04-25 15:00:00.000,"47,015,000",
SURVEY,ANIMALS & PRODUCTS,DAIRY,CHEESE,AMERICAN,ALL PRODUCTION PRACTICES,ALL UTILIZATION PRACTICES,PRODUCTION,LB,"CHEESE, AMERICAN - PRODUCTION, MEASURED IN LB",TOTAL,NOT SPECIFIED,STATE,06,06,CA,CALIFORNIA,,,,,,,,00000000,,,9000,UNITED STATES,CALIFORNIA,2023,MONTHLY,10,10,OCT,,2025-04-25 15:00:00.000,"42,757,000",
SURVEY,ANIMALS & PRODUCTS,DAIRY,CHEESE,AMERICAN,ALL PRODUCTION PRACTICES,ALL UTILIZATION PRACTICES,PRODUCTION,LB,"CHEESE, AMERICAN - PRODUCTION, MEASURED IN LB",TOTAL,NOT SPECIFIED,STATE,06,06,CA,CALIFORNIA,,,,,,,,00000000,,,9000,UNITED STATES,CALIFORNIA,2023,MONTHLY,11,11,NOV,,2025-04-25 15:00:00.000,"46,368,000",
SURVEY,ANIMALS & PRODUCTS,DAIRY,CHEESE,AMERICAN,ALL PRODUCTION PRACTICES,ALL UTILIZATION PRACTICES,PRODUCTION,LB,"CHEESE, AMERICAN - PRODUCTION, MEASURED IN LB",TOTAL,NOT SPECIFIED,STATE,06,06,CA,CALIFORNIA,,,,,,,,00000000,,,9000,UNITED STATES,CALIFORNIA,2023,MONTHLY,12,12,DEC,,2025-04-25 15:00:00.000,"47,614,000",
SURVEY,ANIMALS & PRODUCTS,DAIRY,CHEESE,AMERICAN,ALL PRODUCTION PRACTICES,ALL UTILIZATION PRACTICES,PRODUCTION,LB,"CHEESE, AMERICAN - PRODUCTION, MEASURED IN LB",TOTAL,NOT SPECIFIED,STATE,19,19,IA,IOWA,,,,,,,,00000000,,,9000,UNITED STATES,IOWA,2023,MONTHLY,01,01,JAN,,2025-04-25 15:00:00.000,"18,115,000",
SURVEY,ANIMALS & PRODUCTS,DAIRY,CHEESE,AMERICAN,ALL PRODUCTION PRACTICES,ALL UTILIZATION PRACTICES,PRODUCTION,LB,"CHEESE, AMERICAN - PRODUCTION, MEASURED IN LB",TOTAL,NOT SPECIFIED,STATE,19,19,IA,IOWA,,,,,,,,00000000,,,9000,UNITED STATES,IOWA,2023,MONTHLY,02,02,FEB,,2025-04-25 15:00:00.000,"17,193,000",
SURVEY,ANIMALS & PRODUCTS,DAIRY,CHEESE,AMERICAN,ALL PRODUCTION PRACTICES,ALL UTILIZATION PRACTICES,PRODUCTION,LB,"CHEESE, AMERICAN - PRODUCTION, MEASURED IN LB",TOTAL,NOT SPECIFIED,STATE,19,19,IA,IOWA,,,,,,,,00000000,,,9000,UNITED STATES,IOWA,2023,MONTHLY,03,03,MAR,,2025-04-25 15:00:00.000,"17,977,000",
SURVEY,ANIMALS & PRODUCTS,DAIRY,CHEESE,AMERICAN,ALL PRODUCTION PRACTICES,ALL UTILIZATION PRACTICES,PRODUCTION,LB,"CHEESE, AMERICAN - PRODUCTION, MEASURED IN LB",TOTAL,NOT SPECIFIED,STATE,19,19,IA,IOWA,,,,,,,,00000000,,,9000,UNITED STATES,IOWA,2023,MONTHLY,04,04,APR,,2025-04-25 15:00:00.000,"16,956,000",
SURVEY,ANIMALS & PRODUCTS,DAIRY,CHEESE,AMERICAN,ALL PRODUCTION PRACTICES,ALL UTILIZATION PRACTICES,PRODUCTION,LB,"CHEESE, AMERICAN - PRODUCTION, MEASURED IN LB",TOTAL,NOT SPECIFIED,STATE,19,19,IA,IOWA,,,,,,,,00000000,,,9000,UNITED STATES,IOWA,2023,MONTHLY,05,05,MAY,,2025-04-25 15:00:00.000,"18,222,000",
SURVEY,ANIMALS & PRODUCTS,DAIRY,CHEESE,AMERICAN,ALL PRODUCTION PRACTICES,ALL UTILIZATION PRACTICES,PRODUCTION,LB,"CHEESE, AMERICAN - PRODUCTION, MEASURED IN LB",TOTAL,NOT SPECIFIED,STATE,19,19,IA,IOWA,,,,,,,,00000000,,,9000,UNITED STATES,IOWA,2023,MONTHLY,06,06,JUN,,2025-04-25 15:00:00.000,"16,636,000",
SURVEY,ANIMALS & PRODUCTS,DAIRY,CHEESE,AMERICAN,ALL PRODUCTION PRACTICES,ALL UTILIZATION PRACTICES,PRODUCTION,LB,"CHEESE, AMERICAN - PRODUCTION, MEASURED IN LB",TOTAL,NOT SPECIFIED,STATE,19,19,IA,IOWA,,,,,,,,00000000,,,9000,UNITED STATES,IOWA,2023,MONTHLY,07,07,JUL,,2025-04-25 15:00:00.000,"15,787,000",
SURVEY,ANIMALS & PRODUCTS,DAIRY,CHEESE,AMERICAN,ALL PRODUCTION PRACTICES,ALL UTILIZATION PRACTICES,PRODUCTION,LB,"CHEESE, AMERICAN - PRODUCTION, MEASURED IN LB",TOTAL,NOT SPECIFIED,STATE,19,19,IA,IOWA,,,,,,,,00000000,,,9000,UNITED STATES,IOWA,2023,MONTHLY,08,08,AUG,,2025-04-25 15:00:00.000,"16,384,000",
SURVEY,ANIMALS & PRODUCTS,DAIRY,CHEESE,AMERICAN,ALL PRODUCTION PRACTICES,ALL UTILIZATION PRACTICES,PRODUCTION,LB,"CHEESE, AMERICAN - PRODUCTION, MEASURED IN LB",TOTAL,NOT SPECIFIED,STATE,19,19,IA,IOWA,,,,,,,,00000000,,,9000,UNITED STATES,IOWA,2023,MONTHLY,09,09,SEP,,2025-04-25 15:00:00.000,"17,188,000",
SURVEY,ANIMALS & PRODUCTS,DAIRY,CHEESE,AMERICAN,ALL PRODUCTION PRACTICES,ALL UTILIZATION PRACTICES,PRODUCTION,LB,"CHEESE, AMERICAN - PRODUCTION, MEASURED IN LB",TOTAL,NOT SPECIFIED,STATE,19,19,IA,IOWA,,,,,,,,00000000,,,9000,UNITED STATES,IOWA,2023,MONTHLY,10,10,OCT,,2025-04-25 15:00:00.000,"15,636,000",
SURVEY,ANIMALS & PRODUCTS,DAIRY,CHEESE,AMERICAN,ALL PRODUCTION PRACTICES,ALL UTILIZATION PRACTICES,PRODUCTION,LB,"CHEESE, AMERICAN - PRODUCTION, MEASURED IN LB",TOTAL,NOT SPECIFIED,STATE,19,19,IA,IOWA,,,,,,,,00000000,,,9000,UNITED STATES,IOWA,2023,MONTHLY,11,11,NOV,,2025-04-25 15:00:00.000,"18,435,000",
SURVEY,ANIMALS & PRODUCTS,DAIRY,CHEESE,AMERICAN,ALL PRODUCTION PRACTICES,ALL UTILIZATION PRACTICES,PRODUCTION,LB,"CHEESE, AMERICAN - PRODUCTION, MEASURED IN LB",TOTAL,NOT SPECIFIED,STATE,19,19,IA,IOWA,,,,,,,,00000000,,,9000,UNITED STATES,IOWA,2023,MONTHLY,12,12,DEC,,2025-04-25 15:00:00.000,"17,973,000",
SURVEY,ANIMALS & PRODUCTS,DAIRY,CHEESE,AMERICAN,ALL PRODUCTION PRACTICES,ALL UTILIZATION PRACTICES,PRODUCTION,LB,"CHEESE, AMERICAN - PRODUCTION, MEASURED IN LB",TOTAL,NOT SPECIFIED,STATE,27,27,MN,MINNESOTA,,,,,,,,00000000,,,9000,UNITED STATES,MINNESOTA,2023,MONTHLY,01,01,JAN,,2025-04-25 15:00:00.000,"60,044,000",
SURVEY,ANIMALS & PRODUCTS,DAIRY,CHEESE,AMERICAN,ALL PRODUCTION PRACTICES,ALL UTILIZATION PRACTICES,PRODUCTION,LB,"CHEESE, AMERICAN - PRODUCTION, MEASURED IN LB",TOTAL,NOT SPECIFIED,STATE,27,27,MN,MINNESOTA,,,,,,,,00000000,,,9000,UNITED STATES,MINNESOTA,2023,MONTHLY,02,02,FEB,,2025-04-25 15:00:00.000,"54,649,000",
SURVEY,ANIMALS & PRODUCTS,DAIRY,CHEESE,AMERICAN,ALL PRODUCTION PRACTICES,ALL UTILIZATION PRACTICES,PRODUCTION,LB,"CHEESE, AMERICAN - PRODUCTION, MEASURED IN LB",TOTAL,NOT SPECIFIED,STATE,27,27,MN,MINNESOTA,,,,,,,,00000000,,,9000,UNITED STATES,MINNESOTA,2023,MONTHLY,03,03,MAR,,2025-04-25 15:00:00.000,"60,359,000",
SURVEY,ANIMALS & PRODUCTS,DAIRY,CHEESE,AMERICAN,ALL PRODUCTION PRACTICES,ALL UTILIZATION PRACTICES,PRODUCTION,LB,"CHEESE, AMERICAN - PRODUCTION, MEASURED IN LB",TOTAL,NOT SPECIFIED,STATE,27,27,MN,MINNESOTA,,,,,,,,00000000,,,9000,UNITED STATES,MINNESOTA,2023,MONTHLY,04,04,APR,,2025-04-25 15:00:00.000,"58,705,000",
SURVEY,ANIMALS & PRODUCTS,DAIRY,CHEESE,AMERICAN,ALL PRODUCTION PRACTICES,ALL UTILIZATION PRACTICES,PRODUCTION,LB,"CHEESE, AMERICAN - PRODUCTION, MEASURED IN LB",TOTAL,NOT SPECIFIED,STATE,27,27,MN,MINNESOTA,,,,,,,,00000000,,,9000,UNITED STATES,MINNESOTA,2023,MONTHLY,05,05,MAY,,2025-04-25 15:00:00.000,"59,086,000",
SURVEY,ANIMALS & PRODUCTS,DAIRY,CHEESE,AMERICAN,ALL PRODUCTION PRACTICES,ALL UTILIZATION PRACTICES,PRODUCTION,LB,"CHEESE, AMERICAN - PRODUCTION, MEASURED IN LB",TOTAL,NOT SPECIFIED,STATE,27,27,MN,MINNESOTA,,,,,,,,00000000,,,9000,UNITED STATES,MINNESOTA,2023,MONTHLY,06,06,JUN,,2025-04-25 15:00:00.000,"56,662,000",
SURVEY,ANIMALS & PRODUCTS,DAIRY,CHEESE,AMERICAN,ALL PRODUCTION PRACTICES,ALL UTILIZATION PRACTICES,PRODUCTION,LB,"CHEESE, AMERICAN - PRODUCTION, MEASURED IN LB",TOTAL,NOT SPECIFIED,STATE,27,27,MN,MINNESOTA,,,,,,,,00000000,,,9000,UNITED STATES,MINNESOTA,2023,MONTHLY,07,07,JUL,,2025-04-25 15:00:00.000,"59,594,000",
SURVEY,ANIMALS & PRODUCTS,DAIRY,CHEESE,AMERICAN,ALL PRODUCTION PRACTICES,ALL UTILIZATION PRACTICES,PRODUCTION,LB,"CHEESE, AMERICAN - PRODUCTION, MEASURED IN LB",TOTAL,NOT SPECIFIED,STATE,27,27,MN,MINNESOTA,,,,,,,,00000000,,,9000,UNITED STATES,MINNESOTA,2023,MONTHLY,08,08,AUG,,2025-04-25 15:00:00.000,"55,869,000",
SURVEY,ANIMALS & PRODUCTS,DAIRY,CHEESE,AMERICAN,ALL PRODUCTION PRACTICES,ALL UTILIZATION PRACTICES,PRODUCTION,LB,"CHEESE, AMERICAN - PRODUCTION, MEASURED IN LB",TOTAL,NOT SPECIFIED,STATE,27,27,MN,MINNESOTA,,,,,,,,00000000,,,9000,UNITED STATES,MINNESOTA,2023,MONTHLY,09,09,SEP,,2025-04-25 15:00:00.000,"56,985,000",
SURVEY,ANIMALS & PRODUCTS,DAIRY,CHEESE,AMERICAN,ALL PRODUCTION PRACTICES,ALL UTILIZATION PRACTICES,PRODUCTION,LB,"CHEESE, AMERICAN - PRODUCTION, MEASURED IN LB",TOTAL,NOT SPECIFIED,STATE,27,27,MN,MINNESOTA,,,,,,,,00000000,,,9000,UNITED STATES,MINNESOTA,2023,MONTHLY,10,10,OCT,,2025-04-25 15:00:00.000,"55,508,000",
SURVEY,ANIMALS & PRODUCTS,DAIRY,CHEESE,AMERICAN,ALL PRODUCTION PRACTICES,ALL UTILIZATION PRACTICES,PRODUCTION,LB,"CHEESE, AMERICAN - PRODUCTION, MEASURED IN LB",TOTAL,NOT SPECIFIED,STATE,27,27,MN,MINNESOTA,,,,,,,,00000000,,,9000,UNITED STATES,MINNESOTA,2023,MONTHLY,11,11,NOV,,2025-04-25 15:00:00.000,"55,580,000",
SURVEY,ANIMALS & PRODUCTS,DAIRY,CHEESE,AMERICAN,ALL PRODUCTION PRACTICES,ALL UTILIZATION PRACTICES,PRODUCTION,LB,"CHEESE, AMERICAN - PRODUCTION, MEASURED IN LB",TOTAL,NOT SPECIFIED,STATE,27,27,MN,MINNESOTA,,,,,,,,00000000,,,9000,UNITED STATES,MINNESOTA,2023,MONTHLY,12,12,DEC,,2025-04-25 15:00:00.000,"59,058,000",
SURVEY,ANIMALS & PRODUCTS,DAIRY,CHEESE,AMERICAN,ALL PRODUCTION PRACTICES,ALL UTILIZATION PRACTICES,PRODUCTION,LB,"CHEESE, AMERICAN - PRODUCTION, MEASURED IN LB",TOTAL,NOT SPECIFIED,STATE,36,36,NY,NEW YORK,,,,,,,,00000000,,,9000,UNITED STATES,NEW YORK,2023,MONTHLY,01,01,JAN,,2025-04-25 15:00:00.000,"12,333,000",
SURVEY,ANIMALS & PRODUCTS,DAIRY,CHEESE,AMERICAN,ALL PRODUCTION PRACTICES,ALL UTILIZATION PRACTICES,PRODUCTION,LB,"CHEESE, AMERICAN - PRODUCTION, MEASURED IN LB",TOTAL,NOT SPECIFIED,STATE,36,36,NY,NEW YORK,,,,,,,,00000000,,,9000,UNITED STATES,NEW YORK,2023,MONTHLY,02,02,FEB,,2025-04-25 15:00:00.000,"10,952,000",
SURVEY,ANIMALS & PRODUCTS,DAIRY,CHEESE,AMERICAN,ALL PRODUCTION PRACTICES,ALL UTILIZATION PRACTICES,PRODUCTION,LB,"CHEESE, AMERICAN - PRODUCTION, MEASURED IN LB",TOTAL,NOT SPECIFIED,STATE,36,36,NY,NEW YORK,,,,,,,,00000000,,,9000,UNITED STATES,NEW YORK,2023,MONTHLY,03,03,MAR,,2025-04-25 15:00:00.000,"12,572,000",
SURVEY,ANIMALS & PRODUCTS,DAIRY,CHEESE,AMERICAN,ALL PRODUCTION PRACTICES,ALL UTILIZATION PRACTICES,PRODUCTION,LB,"CHEESE, AMERICAN - PRODUCTION, MEASURED IN LB",TOTAL,NOT SPECIFIED,STATE,36,36,NY,NEW YORK,,,,,,,,00000000,,,9000,UNITED STATES,NEW YORK,2023,MONTHLY,04,04,APR,,2025-04-25 15:00:00.000,"12,325,000",
SURVEY,ANIMALS & PRODUCTS,DAIRY,CHEESE,AMERICAN,ALL PRODUCTION PRACTICES,ALL UTILIZATION PRACTICES,PRODUCTION,LB,"CHEESE, AMERICAN - PRODUCTION, MEASURED IN LB",TOTAL,NOT SPECIFIED,STATE,36,36,NY,NEW YORK,,,,,,,,00000000,,,9000,UNITED STATES,NEW YORK,2023,MONTHLY,05,05,MAY,,2025-04-25 15:00:00.000,"12,379,000",
SURVEY,ANIMALS & PRODUCTS,DAIRY,CHEESE,AMERICAN,ALL PRODUCTION PRACTICES,ALL UTILIZATION PRACTICES,PRODUCTION,LB,"CHEESE, AMERICAN - PRODUCTION, MEASURED IN LB",TOTAL,NOT SPECIFIED,STATE,36,36,NY,NEW YORK,,,,,,,,00000000,,,9000,UNITED STATES,NEW YORK,2023,MONTHLY,06,06,JUN,,2025-04-25 15:00:00.000,"12,103,000",
SURVEY,ANIMALS & PRODUCTS,DAIRY,CHEESE,AMERICAN,ALL PRODUCTION PRACTICES,ALL UTILIZATION PRACTICES,PRODUCTION,LB,"CHEESE, AMERICAN - PRODUCTION, MEASURED IN LB",TOTAL,NOT SPECIFIED,STATE,36,36,NY,NEW YORK,,,,,,,,00000000,,,9000,UNITED STATES,NEW YORK,2023,MONTHLY,07,07,JUL,,2025-04-25 15:00:00.000,"11,841,000",
SURVEY,ANIMALS & PRODUCTS,DAIRY,CHEESE,AMERICAN,ALL PRODUCTION PRACTICES,ALL UTILIZATION PRACTICES,PRODUCTION,LB,"CHEESE, AMERICAN - PRODUCTION, MEASURED IN LB",TOTAL,NOT SPECIFIED,STATE,36,36,NY,NEW YORK,,,,,,,,00000000,,,9000,UNITED STATES,NEW YORK,2023,MONTHLY,08,08,AUG,,2025-04-25 15:00:00.000,"12,173,000",
SURVEY,ANIMALS & PRODUCTS,DAIRY,CHEESE,AMERICAN,ALL PRODUCTION PRACTICES,ALL UTILIZATION PRACTICES,PRODUCTION,LB,"CHEESE, AMERICAN - PRODUCTION, MEASURED IN LB",TOTAL,NOT SPECIFIED,STATE,36,36,NY,NEW YORK,,,,,,,,00000000,,,9000,UNITED STATES,NEW YORK,2023,MONTHLY,09,09,SEP,,2025-04-25 15:00:00.000,"11,761,000",
SURVEY,ANIMALS & PRODUCTS,DAIRY,CHEESE,AMERICAN,ALL PRODUCTION PRACTICES,ALL UTILIZATION PRACTICES,PRODUCTION,LB,"CHEESE, AMERICAN - PRODUCTION, MEASURED IN LB",TOTAL,NOT SPECIFIED,STATE,36,36,NY,NEW YORK,,,,,,,,00000000,,,9000,UNITED STATES,NEW YORK,2023,MONTHLY,10,10,OCT,,2025-04-25 15:00:00.000,"12,370,000",
SURVEY,ANIMALS & PRODUCTS,DAIRY,CHEESE,AMERICAN,ALL PRODUCTION PRACTICES,ALL UTILIZATION PRACTICES,PRODUCTION,LB,"CHEESE, AMERICAN - PRODUCTION, MEASURED IN LB",TOTAL,NOT SPECIFIED,STATE,36,36,NY,NEW YORK,,,,,,,,00000000,,,9000,UNITED STATES,NEW YORK,2023,MONTHLY,11,11,NOV,,2025-04-25 15:00:00.000,"11,323,000",
SURVEY,ANIMALS & PRODUCTS,DAIRY,CHEESE,AMERICAN,ALL PRODUCTION PRACTICES,ALL UTILIZATION PRACTICES,PRODUCTION,LB,"CHEESE, AMERICAN - PRODUCTION, MEASURED IN LB",TOTAL,NOT SPECIFIED,STATE,36,36,NY,NEW YORK,,,,,,,,00000000,,,9000,UNITED STATES,NEW YORK,2023,MONTHLY,12,12,DEC,,2025-04-25 15:00:00.000,"13,160,000",
SURVEY,ANIMALS & PRODUCTS,DAIRY,CHEESE,AMERICAN,ALL PRODUCTION PRACTICES,ALL UTILIZATION PRACTICES,PRODUCTION,LB,"CHEESE, AMERICAN - PRODUCTION, MEASURED IN LB",TOTAL,NOT SPECIFIED,STATE,55,55,WI,WISCONSIN,,,,,,,,00000000,,,9000,UNITED STATES,WISCONSIN,2023,MONTHLY,01,01,JAN,,2025-04-25 15:00:00.000,"95,213,000",
SURVEY,ANIMALS & PRODUCTS,DAIRY,CHEESE,AMERICAN,ALL PRODUCTION PRACTICES,ALL UTILIZATION PRACTICES,PRODUCTION,LB,"CHEESE, AMERICAN - PRODUCTION, MEASURED IN LB",TOTAL,NOT SPECIFIED,STATE,55,55,WI,WISCONSIN,,,,,,,,00000000,,,9000,UNITED STATES,WISCONSIN,2023,MONTHLY,02,02,FEB,,2025-04-25 15:00:00.000,"86,045,000",
SURVEY,ANIMALS & PRODUCTS,DAIRY,CHEESE,AMERICAN,ALL PRODUCTION PRACTICES,ALL UTILIZATION PRACTICES,PRODUCTION,LB,"CHEESE, AMERICAN - PRODUCTION, MEASURED IN LB",TOTAL,NOT SPECIFIED,STATE,55,55,WI,WISCONSIN,,,,,,,,00000000,,,9000,UNITED STATES,WISCONSIN,2023,MONTHLY,03,03,MAR,,2025-04-25 15:00:00.000,"96,008,000",
SURVEY,ANIMALS & PRODUCTS,DAIRY,CHEESE,AMERICAN,ALL PRODUCTION PRACTICES,ALL UTILIZATION PRACTICES,PRODUCTION,LB,"CHEESE, AMERICAN - PRODUCTION, MEASURED IN LB",TOTAL,NOT SPECIFIED,STATE,55,55,WI,WISCONSIN,,,,,,,,00000000,,,9000,UNITED STATES,WISCONSIN,2023,MONTHLY,04,04,APR,,2025-04-25 15:00:00.000,"92,628,000",
SURVEY,ANIMALS & PRODUCTS,DAIRY,CHEESE,AMERICAN,ALL PRODUCTION PRACTICES,ALL UTILIZATION PRACTICES,PRODUCTION,LB,"CHEESE, AMERICAN - PRODUCTION, MEASURED IN LB",TOTAL,NOT SPECIFIED,STATE,55,55,WI,WISCONSIN,,,,,,,,00000000,,,9000,UNITED STATES,WISCONSIN,2023,MONTHLY,05,05,MAY,,2025-04-25 15:00:00.000,"97,589,000",
SURVEY,ANIMALS & PRODUCTS,DAIRY,CHEESE,AMERICAN,ALL PRODUCTION PRACTICES,ALL UTILIZATION PRACTICES,PRODUCTION,LB,"CHEESE, AMERICAN - PRODUCTION, MEASURED IN LB",TOTAL,NOT SPECIFIED,STATE,55,55,WI,WISCONSIN,,,,,,,,00000000,,,9000,UNITED STATES,WISCONSIN,2023,MONTHLY,06,06,JUN,,2025-04-25 15:00:00.000,"90,735,000",
SURVEY,ANIMALS & PRODUCTS,DAIRY,CHEESE,AMERICAN,ALL PRODUCTION PRACTICES,ALL UTILIZATION PRACTICES,PRODUCTION,LB,"CHEESE, AMERICAN - PRODUCTION, MEASURED IN LB",TOTAL,NOT SPECIFIED,STATE,55,55,WI,WISCONSIN,,,,,,,,00000000,,,9000,UNITED STATES,WISCONSIN,2023,MONTHLY,07,07,JUL,,2025-04-25 15:00:00.000,"92,754,000",
SURVEY,ANIMALS & PRODUCTS,DAIRY,CHEESE,AMERICAN,ALL PRODUCTION PRACTICES,ALL UTILIZATION PRACTICES,PRODUCTION,LB,"CHEESE, AMERICAN - PRODUCTION, MEASURED IN LB",TOTAL,NOT SPECIFIED,STATE,55,55,WI,WISCONSIN,,,,,,,,00000000,,,9000,UNITED STATES,WISCONSIN,2023,MONTHLY,08,08,AUG,,2025-04-25 15:00:00.000,"88,677,000",
SURVEY,ANIMALS & PRODUCTS,DAIRY,CHEESE,AMERICAN,ALL PRODUCTION PRACTICES,ALL UTILIZATION PRACTICES,PRODUCTION,LB,"CHEESE, AMERICAN - PRODUCTION, MEASURED IN LB",TOTAL,NOT SPECIFIED,STATE,55,55,WI,WISCONSIN,,,,,,,,00000000,,,9000,UNITED STATES,WISCONSIN,2023,MONTHLY,09,09,SEP,,2025-04-25 15:00:00.000,"87,539,000",
SURVEY,ANIMALS & PRODUCTS,DAIRY,CHEESE,AMERICAN,ALL PRODUCTION PRACTICES,ALL UTILIZATION PRACTICES,PRODUCTION,LB,"CHEESE, AMERICAN - PRODUCTION, MEASURED IN LB",TOTAL,NOT SPECIFIED,STATE,55,55,WI,WISCONSIN,,,,,,,,00000000,,,9000,UNITED STATES,WISCONSIN,2023,MONTHLY,10,10,OCT,,2025-04-25 15:00:00.000,"91,891,000",
SURVEY,ANIMALS & PRODUCTS,DAIRY,CHEESE,AMERICAN,ALL PRODUCTION PRACTICES,ALL UTILIZATION PRACTICES,PRODUCTION,LB,"CHEESE, AMERICAN - PRODUCTION, MEASURED IN LB",TOTAL,NOT SPECIFIED,STATE,55,55,WI,WISCONSIN,,,,,,,,00000000,,,9000,UNITED STATES,WISCONSIN,2023,MONTHLY,11,11,NOV,,2025-04-25 15:00:00.000,"90,865,000",
SURVEY,ANIMALS & PRODUCTS,DAIRY,CHEESE,AMERICAN,ALL PRODUCTION PRACTICES,ALL UTILIZATION PRACTICES,PRODUCTION,LB,"CHEESE, AMERICAN - PRODUCTION, MEASURED IN LB",TOTAL,NOT SPECIFIED,STATE,55,55,WI,WISCONSIN,,,,,,,,00000000,,,9000,UNITED STATES,WISCONSIN,2023,MONTHLY,12,12,DEC,,2025-04-25 15:00:00.000,"94,356,000",
SURVEY,ANIMALS & PRODUCTS,DAIRY,CHEESE,"AMERICAN, CHEDDAR",ALL PRODUCTION PRACTICES,ALL UTILIZATION PRACTICES,PRODUCTION,LB,"CHEESE, AMERICAN, CHEDDAR - PRODUCTION, MEASURED IN LB",TOTAL,NOT SPECIFIED,STATE,,98,OT,OTHER STATES,,,,,,,,00000000,,,9000,UNITED STATES,OTHER STATES,2023,MONTHLY,01,01,JAN,,2025-04-25 15:00:00.000,"264,511,000",
SURVEY,ANIMALS & PRODUCTS,DAIRY,CHEESE,"AMERICAN, CHEDDAR",ALL PRODUCTION PRACTICES,ALL UTILIZATION PRACTICES,PRODUCTION,LB,"CHEESE, AMERICAN, CHEDDAR - PRODUCTION, MEASURED IN LB",TOTAL,NOT SPECIFIED,STATE,,98,OT,OTHER STATES,,,,,,,,00000000,,,9000,UNITED STATES,OTHER STATES,2023,MONTHLY,02,02,FEB,,2025-04-25 15:00:00.000,"230,957,000",
SURVEY,ANIMALS & PRODUCTS,DAIRY,CHEESE,"AMERICAN, CHEDDAR",ALL PRODUCTION PRACTICES,ALL UTILIZATION PRACTICES,PRODUCTION,LB,"CHEESE, AMERICAN, CHEDDAR - PRODUCTION, MEASURED IN LB",TOTAL,NOT SPECIFIED,STATE,,98,OT,OTHER STATES,,,,,,,,00000000,,,9000,UNITED STATES,OTHER STATES,2023,MONTHLY,03,03,MAR,,2025-04-25 15:00:00.000,"252,398,000",
SURVEY,ANIMALS & PRODUCTS,DAIRY,CHEESE,"AMERICAN, CHEDDAR",ALL PRODUCTION PRACTICES,ALL UTILIZATION PRACTICES,PRODUCTION,LB,"CHEESE, AMERICAN, CHEDDAR - PRODUCTION, MEASURED IN LB",TOTAL,NOT SPECIFIED,STATE,,98,OT,OTHER STATES,,,,,,,,00000000,,,9000,UNITED STATES,OTHER STATES,2023,MONTHLY,04,04,APR,,2025-04-25 15:00:00.000,"251,052,000",
SURVEY,ANIMALS & PRODUCTS,DAIRY,CHEESE,"AMERICAN, CHEDDAR",ALL PRODUCTION PRACTICES,ALL UTILIZATION PRACTICES,PRODUCTION,LB,"CHEESE, AMERICAN, CHEDDAR - PRODUCTION, MEASURED IN LB",TOTAL,NOT SPECIFIED,STATE,,98,OT,OTHER STATES,,,,,,,,00000000,,,9000,UNITED STATES,OTHER STATES,2023,MONTHLY,05,05,MAY,,2025-04-25 15:00:00.000,"259,943,000",
SURVEY,ANIMALS & PRODUCTS,DAIRY,CHEESE,"AMERICAN, CHEDDAR",ALL PRODUCTION PRACTICES,ALL UTILIZATION PRACTICES,PRODUCTION,LB,"CHEESE, AMERICAN, CHEDDAR - PRODUCTION, MEASURED IN LB",TOTAL,NOT SPECIFIED,STATE,,98,OT,OTHER STATES,,,,,,,,00000000,,,9000,UNITED STATES,OTHER STATES,2023,MONTHLY,06,06,JUN,,2025-04-25 15:00:00.000,"247,292,000",
SURVEY,ANIMALS & PRODUCTS,DAIRY,CHEESE,"AMERICAN, CHEDDAR",ALL PRODUCTION PRACTICES,ALL UTILIZATION PRACTICES,PRODUCTION,LB,"CHEESE, AMERICAN, CHEDDAR - PRODUCTION, MEASURED IN LB",TOTAL,NOT SPECIFIED,STATE,,98,OT,OTHER STATES,,,,,,,,00000000,,,9000,UNITED STATES,OTHER STATES,2023,MONTHLY,07,07,JUL,,2025-04-25 15:00:00.000,"239,727,000",
SURVEY,ANIMALS & PRODUCTS,DAIRY,CHEESE,"AMERICAN, CHEDDAR",ALL PRODUCTION PRACTICES,ALL UTILIZATION PRACTICES,PRODUCTION,LB,"CHEESE, AMERICAN, CHEDDAR - PRODUCTION, MEASURED IN LB",TOTAL,NOT SPECIFIED,STATE,,98,OT,OTHER STATES,,,,,,,,00000000,,,9000,UNITED STATES,OTHER STATES,2023,MONTHLY,08,08,AUG,,2025-04-25 15:00:00.000,"230,344,000",
SURVEY,ANIMALS & PRODUCTS,DAIRY,CHEESE,"AMERICAN, CHEDDAR",ALL PRODUCTION PRACTICES,ALL UTILIZATION PRACTICES,PRODUCTION,LB,"CHEESE, AMERICAN, CHEDDAR - PRODUCTION, MEASURED IN LB",TOTAL,NOT SPECIFIED,STATE,,98,OT,OTHER STATES,,,,,,,,00000000,,,9000,UNITED STATES,OTHER STATES,2023,MONTHLY,09,09,SEP,,2025-04-25 15:00:00.000,"228,575,000",
SURVEY,ANIMALS & PRODUCTS,DAIRY,CHEESE,"AMERICAN, CHEDDAR",ALL PRODUCTION PRACTICES,ALL UTILIZATION PRACTICES,PRODUCTION,LB,"CHEESE, AMERICAN, CHEDDAR - PRODUCTION, MEASURED IN LB",TOTAL,NOT SPECIFIED,STATE,,98,OT,OTHER STATES,,,,,,,,00000000,,,9000,UNITED STATES,OTHER STATES,2023,MONTHLY,10,10,OCT,,2025-04-25 15:00:00.000,"245,936,000",
SURVEY,ANIMALS & PRODUCTS,DAIRY,CHEESE,"AMERICAN, CHEDDAR",ALL PRODUCTION PRACTICES,ALL UTILIZATION PRACTICES,PRODUCTION,LB,"CHEESE, AMERICAN, CHEDDAR - PRODUCTION, MEASURED IN LB",TOTAL,NOT SPECIFIED,STATE,,98,OT,OTHER STATES,,,,,,,,00000000,,,9000,UNITED STATES,OTHER STATES,2023,MONTHLY,11,11,NOV,,2025-04-25 15:00:00.000,"226,795,000",
SURVEY,ANIMALS & PRODUCTS,DAIRY,CHEESE,"AMERICAN, CHEDDAR",ALL PRODUCTION PRACTICES,ALL UTILIZATION PRACTICES,PRODUCTION,LB,"CHEESE, AMERICAN, CHEDDAR - PRODUCTION, MEASURED IN LB",TOTAL,NOT SPECIFIED,STATE,,98,OT,OTHER STATES,,,,,,,,00000000,,,9000,UNITED STATES,OTHER STATES,2023,MONTHLY,12,12,DEC,,2025-04-25 15:00:00.000,"240,583,000",
SURVEY,ANIMALS & PRODUCTS,DAIRY,CHEESE,"AMERICAN, CHEDDAR",ALL PRODUCTION PRACTICES,ALL UTILIZATION PRACTICES,PRODUCTION,LB,"CHEESE, AMERICAN, CHEDDAR - PRODUCTION, MEASURED IN LB",TOTAL,NOT SPECIFIED,STATE,06,06,CA,CALIFORNIA,,,,,,,,00000000,,,9000,UNITED STATES,CALIFORNIA,2023,MONTHLY,01,01,JAN,,2025-04-25 15:00:00.000,"20,645,000",
SURVEY,ANIMALS & PRODUCTS,DAIRY,CHEESE,"AMERICAN, CHEDDAR",ALL PRODUCTION PRACTICES,ALL UTILIZATION PRACTICES,PRODUCTION,LB,"CHEESE, AMERICAN, CHEDDAR - PRODUCTION, MEASURED IN LB",TOTAL,NOT SPECIFIED,STATE,06,06,CA,CALIFORNIA,,,,,,,,00000000,,,9000,UNITED STATES,CALIFORNIA,2023,MONTHLY,02,02,FEB,,2025-04-25 15:00:00.000,"22,414,000",
SURVEY,ANIMALS & PRODUCTS,DAIRY,CHEESE,"AMERICAN, CHEDDAR",ALL PRODUCTION PRACTICES,ALL UTILIZATION PRACTICES,PRODUCTION,LB,"CHEESE, AMERICAN, CHEDDAR - PRODUCTION, MEASURED IN LB",TOTAL,NOT SPECIFIED,STATE,06,06,CA,CALIFORNIA,,,,,,,,00000000,,,9000,UNITED STATES,CALIFORNIA,2023,MONTHLY,03,03,MAR,,2025-04-25 15:00:00.000,"21,624,000",
SURVEY,ANIMALS & PRODUCTS,DAIRY,CHEESE,"AMERICAN, CHEDDAR",ALL PRODUCTION PRACTICES,ALL UTILIZATION PRACTICES,PRODUCTION,LB,"CHEESE, AMERICAN, CHEDDAR - PRODUCTION, MEASURED IN LB",TOTAL,NOT SPECIFIED,STATE,06,06,CA,CALIFORNIA,,,,,,,,00000000,,,9000,UNITED STATES,CALIFORNIA,2023,MONTHLY,04,04,APR,,2025-04-25 15:00:00.000,"21,570,000",
SURVEY,ANIMALS & PRODUCTS,DAIRY,CHEESE,"AMERICAN, CHEDDAR",ALL PRODUCTION PRACTICES,ALL UTILIZATION PRACTICES,PRODUCTION,LB,"CHEESE, AMERICAN, CHEDDAR - PRODUCTION, MEASURED IN LB",TOTAL,NOT SPECIFIED,STATE,06,06,CA,CALIFORNIA,,,,,,,,00000000,,,9000,UNITED STATES,CALIFORNIA,2023,MONTHLY,05,05,MAY,,2025-04-25 15:00:00.000,"22,213,000",
SURVEY,ANIMALS & PRODUCTS,DAIRY,CHEESE,"AMERICAN, CHEDDAR",ALL PRODUCTION PRACTICES,ALL UTILIZATION PRACTICES,PRODUCTION,LB,"CHEESE, AMERICAN, CHEDDAR - PRODUCTION, MEASURED IN LB",TOTAL,NOT SPECIFIED,STATE,06,06,CA,CALIFORNIA,,,,,,,,00000000,,,9000,UNITED STATES,CALIFORNIA,2023,MONTHLY,06,06,JUN,,2025-04-25 15:00:00.000,"19,166,000",
SURVEY,ANIMALS & PRODUCTS,DAIRY,CHEESE,"AMERICAN, CHEDDAR",ALL PRODUCTION PRACTICES,ALL UTILIZATION PRACTICES,PRODUCTION,LB,"CHEESE, AMERICAN, CHEDDAR - PRODUCTION, MEASURED IN LB",TOTAL,NOT SPECIFIED,STATE,06,06,CA,CALIFORNIA,,,,,,,,00000000,,,9000,UNITED STATES,CALIFORNIA,2023,MONTHLY,07,07,JUL,,2025-04-25 15:00:00.000,"16,812,000",
SURVEY,ANIMALS & PRODUCTS,DAIRY,CHEESE,"AMERICAN, CHEDDAR",ALL PRODUCTION PRACTICES,ALL UTILIZATION PRACTICES,PRODUCTION,LB,"CHEESE, AMERICAN, CHEDDAR - PRODUCTION, MEASURED IN LB",TOTAL,NOT SPECIFIED,STATE,06,06,CA,CALIFORNIA,,,,,,,,00000000,,,9000,UNITED STATES,CALIFORNIA,2023,MONTHLY,08,08,AUG,,2025-04-25 15:00:00.000,"22,118,000",
SURVEY,ANIMALS & PRODUCTS,DAIRY,CHEESE,"AMERICAN, CHEDDAR",ALL PRODUCTION PRACTICES,ALL UTILIZATION PRACTICES,PRODUCTION,LB,"CHEESE, AMERICAN, CHEDDAR - PRODUCTION, MEASURED IN LB",TOTAL,NOT SPECIFIED,STATE,06,06,CA,CALIFORNIA,,,,,,,,00000000,,,9000,UNITED STATES,CALIFORNIA,2023,MONTHLY,09,09,SEP,,2025-04-25 15:00:00.000,"20,699,000",
SURVEY,ANIMALS & PRODUCTS,DAIRY,CHEESE,"AMERICAN, CHEDDAR",ALL PRODUCTION PRACTICES,ALL UTILIZATION PRACTICES,PRODUCTION,LB,"CHEESE, AMERICAN, CHEDDAR - PRODUCTION, MEASURED IN LB",TOTAL,NOT SPECIFIED,STATE,06,06,CA,CALIFORNIA,,,,,,,,00000000,,,9000,UNITED STATES,CALIFORNIA,2023,MONTHLY,10,10,OCT,,2025-04-25 15:00:00.000,"19,614,000",
SURVEY,ANIMALS & PRODUCTS,DAIRY,CHEESE,"AMERICAN, CHEDDAR",ALL PRODUCTION PRACTICES,ALL UTILIZATION PRACTICES,PRODUCTION,LB,"CHEESE, AMERICAN, CHEDDAR - PRODUCTION, MEASURED IN LB",TOTAL,NOT SPECIFIED,STATE,06,06,CA,CALIFORNIA,,,,,,,,00000000,,,9000,UNITED STATES,CALIFORNIA,2023,MONTHLY,11,11,NOV,,2025-04-25 15:00:00.000,"19,679,000",
SURVEY,ANIMALS & PRODUCTS,DAIRY,CHEESE,"AMERICAN, CHEDDAR",ALL PRODUCTION PRACTICES,ALL UTILIZATION PRACTICES,PRODUCTION,LB,"CHEESE, AMERICAN, CHEDDAR - PRODUCTION, MEASURED IN LB",TOTAL,NOT SPECIFIED,STATE,06,06,CA,CALIFORNIA,,,,,,,,00000000,,,9000,UNITED STATES,CALIFORNIA,2023,MONTHLY,12,12,DEC,,2025-04-25 15:00:00.000,"17,256,000",
SURVEY,ANIMALS & PRODUCTS,DAIRY,CHEESE,"AMERICAN, CHEDDAR",ALL PRODUCTION PRACTICES,ALL UTILIZATION PRACTICES,PRODUCTION,LB,"CHEESE, AMERICAN, CHEDDAR - PRODUCTION, MEASURED IN LB",TOTAL,NOT SPECIFIED,STATE,50,50,VT,VERMONT,,,,,,,,00000000,,,9000,UNITED STATES,VERMONT,2023,MONTHLY,01,01,JAN,,2025-04-25 15:00:00.000,"8,779,000",
SURVEY,ANIMALS & PRODUCTS,DAIRY,CHEESE,"AMERICAN, CHEDDAR",ALL PRODUCTION PRACTICES,ALL UTILIZATION PRACTICES,PRODUCTION,LB,"CHEESE, AMERICAN, CHEDDAR - PRODUCTION, MEASURED IN LB",TOTAL,NOT SPECIFIED,STATE,50,50,VT,VERMONT,,,,,,,,00000000,,,9000,UNITED STATES,VERMONT,2023,MONTHLY,02,02,FEB,,2025-04-25 15:00:00.000,"7,611,000",
SURVEY,ANIMALS & PRODUCTS,DAIRY,CHEESE,"AMERICAN, CHEDDAR",ALL PRODUCTION PRACTICES,ALL UTILIZATION PRACTICES,PRODUCTION,LB,"CHEESE, AMERICAN, CHEDDAR - PRODUCTION, MEASURED IN LB",TOTAL,NOT SPECIFIED,STATE,50,50,VT,VERMONT,,,,,,,,00000000,,,9000,UNITED STATES,VERMONT,2023,MONTHLY,03,03,MAR,,2025-04-25 15:00:00.000,"7,967,000",
SURVEY,ANIMALS & PRODUCTS,DAIRY,CHEESE,"AMERICAN, CHEDDAR",ALL PRODUCTION PRACTICES,ALL UTILIZATION PRACTICES,PRODUCTION,LB,"CHEESE, AMERICAN, CHEDDAR - PRODUCTION, MEASURED IN LB",TOTAL,NOT SPECIFIED,STATE,50,50,VT,VERMONT,,,,,,,,00000000,,,9000,UNITED STATES,VERMONT,2023,MONTHLY,04,04,APR,,2025-04-25 15:00:00.000,"8,147,000",
SURVEY,ANIMALS & PRODUCTS,DAIRY,CHEESE,"AMERICAN, CHEDDAR",ALL PRODUCTION PRACTICES,ALL UTILIZATION PRACTICES,PRODUCTION,LB,"CHEESE, AMERICAN, CHEDDAR - PRODUCTION, MEASURED IN LB",TOTAL,NOT SPECIFIED,STATE,50,50,VT,VERMONT,,,,,,,,00000000,,,9000,UNITED STATES,VERMONT,2023,MONTHLY,05,05,MAY,,2025-04-25 15:00:00.000,"8,727,000",
SURVEY,ANIMALS & PRODUCTS,DAIRY,CHEESE,"AMERICAN, CHEDDAR",ALL PRODUCTION PRACTICES,ALL UTILIZATION PRACTICES,PRODUCTION,LB,"CHEESE, AMERICAN, CHEDDAR - PRODUCTION, MEASURED IN LB",TOTAL,NOT SPECIFIED,STATE,50,50,VT,VERMONT,,,,,,,,00000000,,,9000,UNITED STATES,VERMONT,2023,MONTHLY,06,06,JUN,,2025-04-25 15:00:00.000,"8,065,000",
SURVEY,ANIMALS & PRODUCTS,DAIRY,CHEESE,"AMERICAN, CHEDDAR",ALL PRODUCTION PRACTICES,ALL UTILIZATION PRACTICES,PRODUCTION,LB,"CHEESE, AMERICAN, CHEDDAR - PRODUCTION, MEASURED IN LB",TOTAL,NOT SPECIFIED,STATE,50,50,VT,VERMONT,,,,,,,,00000000,,,9000,UNITED STATES,VERMONT,2023,MONTHLY,07,07,JUL,,2025-04-25 15:00:00.000,"8,020,000",
SURVEY,ANIMALS & PRODUCTS,DAIRY,CHEESE,"AMERICAN, CHEDDAR",ALL PRODUCTION PRACTICES,ALL UTILIZATION PRACTICES,PRODUCTION,LB,"CHEESE, AMERICAN, CHEDDAR - PRODUCTION, MEASURED IN LB",TOTAL,NOT SPECIFIED,STATE,50,50,VT,VERMONT,,,,,,,,00000000,,,9000,UNITED STATES,VERMONT,2023,MONTHLY,08,08,AUG,,2025-04-25 15:00:00.000,"7,990,000",
SURVEY,ANIMALS & PRODUCTS,DAIRY,CHEESE,"AMERICAN, CHEDDAR",ALL PRODUCTION PRACTICES,ALL UTILIZATION PRACTICES,PRODUCTION,LB,"CHEESE, AMERICAN, CHEDDAR - PRODUCTION, MEASURED IN LB",TOTAL,NOT SPECIFIED,STATE,50,50,VT,VERMONT,,,,,,,,00000000,,,9000,UNITED STATES,VERMONT,2023,MONTHLY,09,09,SEP,,2025-04-25 15:00:00.000,"8,059,000",
SURVEY,ANIMALS & PRODUCTS,DAIRY,CHEESE,"AMERICAN, CHEDDAR",ALL PRODUCTION PRACTICES,ALL UTILIZATION PRACTICES,PRODUCTION,LB,"CHEESE, AMERICAN, CHEDDAR - PRODUCTION, MEASURED IN LB",TOTAL,NOT SPECIFIED,STATE,50,50,VT,VERMONT,,,,,,,,00000000,,,9000,UNITED STATES,VERMONT,2023,MONTHLY,10,10,OCT,,2025-04-25 15:00:00.000,"8,752,000",
SURVEY,ANIMALS & PRODUCTS,DAIRY,CHEESE,"AMERICAN, CHEDDAR",ALL PRODUCTION PRACTICES,ALL UTILIZATION PRACTICES,PRODUCTION,LB,"CHEESE, AMERICAN, CHEDDAR - PRODUCTION, MEASURED IN LB",TOTAL,NOT SPECIFIED,STATE,50,50,VT,VERMONT,,,,,,,,00000000,,,9000,UNITED STATES,VERMONT,2023,MONTHLY,11,11,NOV,,2025-04-25 15:00:00.000,"8,662,000",
SURVEY,ANIMALS & PRODUCTS,DAIRY,CHEESE,"AMERICAN, CHEDDAR",ALL PRODUCTION PRACTICES,ALL UTILIZATION PRACTICES,PRODUCTION,LB,"CHEESE, AMERICAN, CHEDDAR - PRODUCTION, MEASURED IN LB",TOTAL,NOT SPECIFIED,STATE,50,50,VT,VERMONT,,,,,,,,00000000,,,9000,UNITED STATES,VERMONT,2023,MONTHLY,12,12,DEC,,2025-04-25 15:00:00.000,"8,865,000",
SURVEY,ANIMALS & PRODUCTS,DAIRY,CHEESE,"AMERICAN, CHEDDAR",ALL PRODUCTION PRACTICES,ALL UTILIZATION PRACTICES,PRODUCTION,LB,"CHEESE, AMERICAN, CHEDDAR - PRODUCTION, MEASURED IN LB",TOTAL,NOT SPECIFIED,STATE,55,55,WI,WISCONSIN,,,,,,,,00000000,,,9000,UNITED STATES,WISCONSIN,2023,MONTHLY,01,01,JAN,,2025-04-25 15:00:00.000,"64,398,000",
SURVEY,ANIMALS & PRODUCTS,DAIRY,CHEESE,"AMERICAN, CHEDDAR",ALL PRODUCTION PRACTICES,ALL UTILIZATION PRACTICES,PRODUCTION,LB,"CHEESE, AMERICAN, CHEDDAR - PRODUCTION, MEASURED IN LB",TOTAL,NOT SPECIFIED,STATE,55,55,WI,WISCONSIN,,,,,,,,00000000,,,9000,UNITED STATES,WISCONSIN,2023,MONTHLY,02,02,FEB,,2025-04-25 15:00:00.000,"59,666,000",
SURVEY,ANIMALS & PRODUCTS,DAIRY,CHEESE,"AMERICAN, CHEDDAR",ALL PRODUCTION PRACTICES,ALL UTILIZATION PRACTICES,PRODUCTION,LB,"CHEESE, AMERICAN, CHEDDAR - PRODUCTION, MEASURED IN LB",TOTAL,NOT SPECIFIED,STATE,55,55,WI,WISCONSIN,,,,,,,,00000000,,,9000,UNITED STATES,WISCONSIN,2023,MONTHLY,03,03,MAR,,2025-04-25 15:00:00.000,"65,404,000",
SURVEY,ANIMALS & PRODUCTS,DAIRY,CHEESE,"AMERICAN, CHEDDAR",ALL PRODUCTION PRACTICES,ALL UTILIZATION PRACTICES,PRODUCTION,LB,"CHEESE, AMERICAN, CHEDDAR - PRODUCTION, MEASURED IN LB",TOTAL,NOT SPECIFIED,STATE,55,55,WI,WISCONSIN,,,,,,,,00000000,,,9000,UNITED STATES,WISCONSIN,2023,MONTHLY,04,04,APR,,2025-04-25 15:00:00.000,"64,118,000",
SURVEY,ANIMALS & PRODUCTS,DAIRY,CHEESE,"AMERICAN, CHEDDAR",ALL PRODUCTION PRACTICES,ALL UTILIZATION PRACTICES,PRODUCTION,LB,"CHEESE, AMERICAN, CHEDDAR - PRODUCTION, MEASURED IN LB",TOTAL,NOT SPECIFIED,STATE,55,55,WI,WISCONSIN,,,,,,,,00000000,,,9000,UNITED STATES,WISCONSIN,2023,MONTHLY,05,05,MAY,,2025-04-25 15:00:00.000,"65,215,000",
SURVEY,ANIMALS & PRODUCTS,DAIRY,CHEESE,"AMERICAN, CHEDDAR",ALL PRODUCTION PRACTICES,ALL UTILIZATION PRACTICES,PRODUCTION,LB,"CHEESE, AMERICAN, CHEDDAR - PRODUCTION, MEASURED IN LB",TOTAL,NOT SPECIFIED,STATE,55,55,WI,WISCONSIN,,,,,,,,00000000,,,9000,UNITED STATES,WISCONSIN,2023,MONTHLY,06,06,JUN,,2025-04-25 15:00:00.000,"61,068,000",
SURVEY,ANIMALS & PRODUCTS,DAIRY,CHEESE,"AMERICAN, CHEDDAR",ALL PRODUCTION PRACTICES,ALL UTILIZATION PRACTICES,PRODUCTION,LB,"CHEESE, AMERICAN, CHEDDAR - PRODUCTION, MEASURED IN LB",TOTAL,NOT SPECIFIED,STATE,55,55,WI,WISCONSIN,,,,,,,,00000000,,,9000,UNITED STATES,WISCONSIN,2023,MONTHLY,07,07,JUL,,2025-04-25 15:00:00.000,"61,443,000",
SURVEY,ANIMALS & PRODUCTS,DAIRY,CHEESE,"AMERICAN, CHEDDAR",ALL PRODUCTION PRACTICES,ALL UTILIZATION PRACTICES,PRODUCTION,LB,"CHEESE, AMERICAN, CHEDDAR - PRODUCTION, MEASURED IN LB",TOTAL,NOT SPECIFIED,STATE,55,55,WI,WISCONSIN,,,,,,,,00000000,,,9000,UNITED STATES,WISCONSIN,2023,MONTHLY,08,08,AUG,,2025-04-25 15:00:00.000,"55,165,000",
SURVEY,ANIMALS & PRODUCTS,DAIRY,CHEESE,"AMERICAN, CHEDDAR",ALL PRODUCTION PRACTICES,ALL UTILIZATION PRACTICES,PRODUCTION,LB,"CHEESE, AMERICAN, CHEDDAR - PRODUCTION, MEASURED IN LB",TOTAL,NOT SPECIFIED,STATE,55,55,WI,WISCONSIN,,,,,,,,00000000,,,9000,UNITED STATES,WISCONSIN,2023,MONTHLY,09,09,SEP,,2025-04-25 15:00:00.000,"54,792,000",
SURVEY,ANIMALS & PRODUCTS,DAIRY,CHEESE,"AMERICAN, CHEDDAR",ALL PRODUCTION PRACTICES,ALL UTILIZATION PRACTICES,PRODUCTION,LB,"CHEESE, AMERICAN, CHEDDAR - PRODUCTION, MEASURED IN LB",TOTAL,NOT SPECIFIED,STATE,55,55,WI,WISCONSIN,,,,,,,,00000000,,,9000,UNITED STATES,WISCONSIN,2023,MONTHLY,10,10,OCT,,2025-04-25 15:00:00.000,"60,360,000",
SURVEY,ANIMALS & PRODUCTS,DAIRY,CHEESE,"AMERICAN, CHEDDAR",ALL PRODUCTION PRACTICES,ALL UTILIZATION PRACTICES,PRODUCTION,LB,"CHEESE, AMERICAN, CHEDDAR - PRODUCTION, MEASURED IN LB",TOTAL,NOT SPECIFIED,STATE,55,55,WI,WISCONSIN,,,,,,,,00000000,,,9000,UNITED STATES,WISCONSIN,2023,MONTHLY,11,11,NOV,,2025-04-25 15:00:00.000,"58,745,000",
SURVEY,ANIMALS & PRODUCTS,DAIRY,CHEESE,"AMERICAN, CHEDDAR",ALL PRODUCTION PRACTICES,ALL UTILIZATION PRACTICES,PRODUCTION,LB,"CHEESE, AMERICAN, CHEDDAR - PRODUCTION, MEASURED IN LB",TOTAL,NOT SPECIFIED,STATE,55,55,WI,WISCONSIN,,,,,,,,00000000,,,9000,UNITED STATES,WISCONSIN,2023,MONTHLY,12,12,DEC,,2025-04-25 15:00:00.000,"62,938,000",
SURVEY,ANIMALS & PRODUCTS,DAIRY,CHEESE,"AMERICAN, COLBY & JACK & MONTEREY",ALL PRODUCTION PRACTICES,ALL UTILIZATION PRACTICES,PRODUCTION,LB,"CHEESE, AMERICAN, COLBY & JACK & MONTEREY - PRODUCTION, MEASURED IN LB",TOTAL,NOT SPECIFIED,STATE,,98,OT,OTHER STATES,,,,,,,,00000000,,,9000,UNITED STATES,OTHER STATES,2023,MONTHLY,01,01,JAN,,2025-04-25 15:00:00.000,"92,062,000",
SURVEY,ANIMALS & PRODUCTS,DAIRY,CHEESE,"AMERICAN, COLBY & JACK & MONTEREY",ALL PRODUCTION PRACTICES,ALL UTILIZATION PRACTICES,PRODUCTION,LB,"CHEESE, AMERICAN, COLBY & JACK & MONTEREY - PRODUCTION, MEASURED IN LB",TOTAL,NOT SPECIFIED,STATE,,98,OT,OTHER STATES,,,,,,,,00000000,,,9000,UNITED STATES,OTHER STATES,2023,MONTHLY,02,02,FEB,,2025-04-25 15:00:00.000,"78,232,000",
SURVEY,ANIMALS & PRODUCTS,DAIRY,CHEESE,"AMERICAN, COLBY & JACK & MONTEREY",ALL PRODUCTION PRACTICES,ALL UTILIZATION PRACTICES,PRODUCTION,LB,"CHEESE, AMERICAN, COLBY & JACK & MONTEREY - PRODUCTION, MEASURED IN LB",TOTAL,NOT SPECIFIED,STATE,,98,OT,OTHER STATES,,,,,,,,00000000,,,9000,UNITED STATES,OTHER STATES,2023,MONTHLY,03,03,MAR,,2025-04-25 15:00:00.000,"92,550,000",
SURVEY,ANIMALS & PRODUCTS,DAIRY,CHEESE,"AMERICAN, COLBY & JACK & MONTEREY",ALL PRODUCTION PRACTICES,ALL UTILIZATION PRACTICES,PRODUCTION,LB,"CHEESE, AMERICAN, COLBY & JACK & MONTEREY - PRODUCTION, MEASURED IN LB",TOTAL,NOT SPECIFIED,STATE,,98,OT,OTHER STATES,,,,,,,,00000000,,,9000,UNITED STATES,OTHER STATES,2023,MONTHLY,04,04,APR,,2025-04-25 15:00:00.000,"84,853,000",
SURVEY,ANIMALS & PRODUCTS,DAIRY,CHEESE,"AMERICAN, COLBY & JACK & MONTEREY",ALL PRODUCTION PRACTICES,ALL UTILIZATION PRACTICES,PRODUCTION,LB,"CHEESE, AMERICAN, COLBY & JACK & MONTEREY - PRODUCTION, MEASURED IN LB",TOTAL,NOT SPECIFIED,STATE,,98,OT,OTHER STATES,,,,,,,,00000000,,,9000,UNITED STATES,OTHER STATES,2023,MONTHLY,05,05,MAY,,2025-04-25 15:00:00.000,"96,368,000",
SURVEY,ANIMALS & PRODUCTS,DAIRY,CHEESE,"AMERICAN, COLBY & JACK & MONTEREY",ALL PRODUCTION PRACTICES,ALL UTILIZATION PRACTICES,PRODUCTION,LB,"CHEESE, AMERICAN, COLBY & JACK & MONTEREY - PRODUCTION, MEASURED IN LB",TOTAL,NOT SPECIFIED,STATE,,98,OT,OTHER STATES,,,,,,,,00000000,,,9000,UNITED STATES,OTHER STATES,2023,MONTHLY,06,06,JUN,,2025-04-25 15:00:00.000,"83,195,000",
SURVEY,ANIMALS & PRODUCTS,DAIRY,CHEESE,"AMERICAN, COLBY & JACK & MONTEREY",ALL PRODUCTION PRACTICES,ALL UTILIZATION PRACTICES,PRODUCTION,LB,"CHEESE, AMERICAN, COLBY & JACK & MONTEREY - PRODUCTION, MEASURED IN LB",TOTAL,NOT SPECIFIED,STATE,,98,OT,OTHER STATES,,,,,,,,00000000,,,9000,UNITED STATES,OTHER STATES,2023,MONTHLY,07,07,JUL,,2025-04-25 15:00:00.000,"91,098,000",
SURVEY,ANIMALS & PRODUCTS,DAIRY,CHEESE,"AMERICAN, COLBY & JACK & MONTEREY",ALL PRODUCTION PRACTICES,ALL UTILIZATION PRACTICES,PRODUCTION,LB,"CHEESE, AMERICAN, COLBY & JACK & MONTEREY - PRODUCTION, MEASURED IN LB",TOTAL,NOT SPECIFIED,STATE,,98,OT,OTHER STATES,,,,,,,,00000000,,,9000,UNITED STATES,OTHER STATES,2023,MONTHLY,08,08,AUG,,2025-04-25 15:00:00.000,"97,483,000",
SURVEY,ANIMALS & PRODUCTS,DAIRY,CHEESE,"AMERICAN, COLBY & JACK & MONTEREY",ALL PRODUCTION PRACTICES,ALL UTILIZATION PRACTICES,PRODUCTION,LB,"CHEESE, AMERICAN, COLBY & JACK & MONTEREY - PRODUCTION, MEASURED IN LB",TOTAL,NOT SPECIFIED,STATE,,98,OT,OTHER STATES,,,,,,,,00000000,,,9000,UNITED STATES,OTHER STATES,2023,MONTHLY,09,09,SEP,,2025-04-25 15:00:00.000,"94,289,000",
SURVEY,ANIMALS & PRODUCTS,DAIRY,CHEESE,"AMERICAN, COLBY & JACK & MONTEREY",ALL PRODUCTION PRACTICES,ALL UTILIZATION PRACTICES,PRODUCTION,LB,"CHEESE, AMERICAN, COLBY & JACK & MONTEREY - PRODUCTION, MEASURED IN LB",TOTAL,NOT SPECIFIED,STATE,,98,OT,OTHER STATES,,,,,,,,00000000,,,9000,UNITED STATES,OTHER STATES,2023,MONTHLY,10,10,OCT,,2025-04-25 15:00:00.000,"89,564,000",
SURVEY,ANIMALS & PRODUCTS,DAIRY,CHEESE,"AMERICAN, COLBY & JACK & MONTEREY",ALL PRODUCTION PRACTICES,ALL UTILIZATION PRACTICES,PRODUCTION,LB,"CHEESE, AMERICAN, COLBY & JACK & MONTEREY - PRODUCTION, MEASURED IN LB",TOTAL,NOT SPECIFIED,STATE,,98,OT,OTHER STATES,,,,,,,,00000000,,,9000,UNITED STATES,OTHER STATES,2023,MONTHLY,11,11,NOV,,2025-04-25 15:00:00.000,"90,512,000",
SURVEY,ANIMALS & PRODUCTS,DAIRY,CHEESE,"AMERICAN, COLBY & JACK & MONTEREY",ALL PRODUCTION PRACTICES,ALL UTILIZATION PRACTICES,PRODUCTION,LB,"CHEESE, AMERICAN, COLBY & JACK & MONTEREY - PRODUCTION, MEASURED IN LB",TOTAL,NOT SPECIFIED,STATE,,98,OT,OTHER STATES,,,,,,,,00000000,,,9000,UNITED STATES,OTHER STATES,2023,MONTHLY,12,12,DEC,,2025-04-25 15:00:00.000,"89,788,000",
SURVEY,ANIMALS & PRODUCTS,DAIRY,CHEESE,"AMERICAN, COLBY & JACK & MONTEREY",ALL PRODUCTION PRACTICES,ALL UTILIZATION PRACTICES,PRODUCTION,LB,"CHEESE, AMERICAN, COLBY & JACK & MONTEREY - PRODUCTION, MEASURED IN LB",TOTAL,NOT SPECIFIED,STATE,06,06,CA,CALIFORNIA,,,,,,,,00000000,,,9000,UNITED STATES,CALIFORNIA,2023,MONTHLY,01,01,JAN,,2025-04-25 15:00:00.000,"23,551,000",
SURVEY,ANIMALS & PRODUCTS,DAIRY,CHEESE,"AMERICAN, COLBY & JACK & MONTEREY",ALL PRODUCTION PRACTICES,ALL UTILIZATION PRACTICES,PRODUCTION,LB,"CHEESE, AMERICAN, COLBY & JACK & MONTEREY - PRODUCTION, MEASURED IN LB",TOTAL,NOT SPECIFIED,STATE,06,06,CA,CALIFORNIA,,,,,,,,00000000,,,9000,UNITED STATES,CALIFORNIA,2023,MONTHLY,02,02,FEB,,2025-04-25 15:00:00.000,"21,485,000",
SURVEY,ANIMALS & PRODUCTS,DAIRY,CHEESE,"AMERICAN, COLBY & JACK & MONTEREY",ALL PRODUCTION PRACTICES,ALL UTILIZATION PRACTICES,PRODUCTION,LB,"CHEESE, AMERICAN, COLBY & JACK & MONTEREY - PRODUCTION, MEASURED IN LB",TOTAL,NOT SPECIFIED,STATE,06,06,CA,CALIFORNIA,,,,,,,,00000000,,,9000,UNITED STATES,CALIFORNIA,2023,MONTHLY,03,03,MAR,,2025-04-25 15:00:00.000,"27,309,000",
SURVEY,ANIMALS & PRODUCTS,DAIRY,CHEESE,"AMERICAN, COLBY & JACK & MONTEREY",ALL PRODUCTION PRACTICES,ALL UTILIZATION PRACTICES,PRODUCTION,LB,"CHEESE, AMERICAN, COLBY & JACK & MONTEREY - PRODUCTION, MEASURED IN LB",TOTAL,NOT SPECIFIED,STATE,06,06,CA,CALIFORNIA,,,,,,,,00000000,,,9000,UNITED STATES,CALIFORNIA,2023,MONTHLY,04,04,APR,,2025-04-25 15:00:00.000,"25,356,000",
SURVEY,ANIMALS & PRODUCTS,DAIRY,CHEESE,"AMERICAN, COLBY & JACK & MONTEREY",ALL PRODUCTION PRACTICES,ALL UTILIZATION PRACTICES,PRODUCTION,LB,"CHEESE, AMERICAN, COLBY & JACK & MONTEREY - PRODUCTION, MEASURED IN LB",TOTAL,NOT SPECIFIED,STATE,06,06,CA,CALIFORNIA,,,,,,,,00000000,,,9000,UNITED STATES,CALIFORNIA,2023,MONTHLY,05,05,MAY,,2025-04-25 15:00:00.000,"24,714,000",
SURVEY,ANIMALS & PRODUCTS,DAIRY,CHEESE,"AMERICAN, COLBY & JACK & MONTEREY",ALL PRODUCTION PRACTICES,ALL UTILIZATION PRACTICES,PRODUCTION,LB,"CHEESE, AMERICAN, COLBY & JACK & MONTEREY - PRODUCTION, MEASURED IN LB",TOTAL,NOT SPECIFIED,STATE,06,06,CA,CALIFORNIA,,,,,,,,00000000,,,9000,UNITED STATES,CALIFORNIA,2023,MONTHLY,06,06,JUN,,2025-04-25 15:00:00.000,"24,997,000",
SURVEY,ANIMALS & PRODUCTS,DAIRY,CHEESE,"AMERICAN, COLBY & JACK & MONTEREY",ALL PRODUCTION PRACTICES,ALL UTILIZATION PRACTICES,PRODUCTION,LB,"CHEESE, AMERICAN, COLBY & JACK & MONTEREY - PRODUCTION, MEASURED IN LB",TOTAL,NOT SPECIFIED,STATE,06,06,CA,CALIFORNIA,,,,,,,,00000000,,,9000,UNITED STATES,CALIFORNIA,2023,MONTHLY,07,07,JUL,,2025-04-25 15:00:00.000,"25,756,000",
SURVEY,ANIMALS & PRODUCTS,DAIRY,CHEESE,"AMERICAN, COLBY & JACK & MONTEREY",ALL PRODUCTION PRACTICES,ALL UTILIZATION PRACTICES,PRODUCTION,LB,"CHEESE, AMERICAN, COLBY & JACK & MONTEREY - PRODUCTION, MEASURED IN LB",TOTAL,NOT SPECIFIED,STATE,06,06,CA,CALIFORNIA,,,,,,,,00000000,,,9000,UNITED STATES,CALIFORNIA,2023,MONTHLY,08,08,AUG,,2025-04-25 15:00:00.000,"23,912,000",
SURVEY,ANIMALS & PRODUCTS,DAIRY,CHEESE,"AMERICAN, COLBY & JACK & MONTEREY",ALL PRODUCTION PRACTICES,ALL UTILIZATION PRACTICES,PRODUCTION,LB,"CHEESE, AMERICAN, COLBY & JACK & MONTEREY - PRODUCTION, MEASURED IN LB",TOTAL,NOT SPECIFIED,STATE,06,06,CA,CALIFORNIA,,,,,,,,00000000,,,9000,UNITED STATES,CALIFORNIA,2023,MONTHLY,09,09,SEP,,2025-04-25 15:00:00.000,"26,316,000",
SURVEY,ANIMALS & PRODUCTS,DAIRY,CHEESE,"AMERICAN, COLBY & JACK & MONTEREY",ALL PRODUCTION PRACTICES,ALL UTILIZATION PRACTICES,PRODUCTION,LB,"CHEESE, AMERICAN, COLBY & JACK & MONTEREY - PRODUCTION, MEASURED IN LB",TOTAL,NOT SPECIFIED,STATE,06,06,CA,CALIFORNIA,,,,,,,,00000000,,,9000,UNITED STATES,CALIFORNIA,2023,MONTHLY,10,10,OCT,,2025-04-25 15:00:00.000,"23,143,000",
SURVEY,ANIMALS & PRODUCTS,DAIRY,CHEESE,"AMERICAN, COLBY & JACK & MONTEREY",ALL PRODUCTION PRACTICES,ALL UTILIZATION PRACTICES,PRODUCTION,LB,"CHEESE, AMERICAN, COLBY & JACK & MONTEREY - PRODUCTION, MEASURED IN LB",TOTAL,NOT SPECIFIED,STATE,06,06,CA,CALIFORNIA,,,,,,,,00000000,,,9000,UNITED STATES,CALIFORNIA,2023,MONTHLY,11,11,NOV,,2025-04-25 15:00:00.000,"26,689,000",
SURVEY,ANIMALS & PRODUCTS,DAIRY,CHEESE,"AMERICAN, COLBY & JACK & MONTEREY",ALL PRODUCTION PRACTICES,ALL UTILIZATION PRACTICES,PRODUCTION,LB,"CHEESE, AMERICAN, COLBY & JACK & MONTEREY - PRODUCTION, MEASURED IN LB",TOTAL,NOT SPECIFIED,STATE,06,06,CA,CALIFORNIA,,,,,,,,00000000,,,9000,UNITED STATES,CALIFORNIA,2023,MONTHLY,12,12,DEC,,2025-04-25 15:00:00.000,"30,358,000",
SURVEY,ANIMALS & PRODUCTS,DAIRY,CHEESE,"AMERICAN, COLBY & JACK & MONTEREY",ALL PRODUCTION PRACTICES,ALL UTILIZATION PRACTICES,PRODUCTION,LB,"CHEESE, AMERICAN, COLBY & JACK & MONTEREY - PRODUCTION, MEASURED IN LB",TOTAL,NOT SPECIFIED,STATE,55,55,WI,WISCONSIN,,,,,,,,00000000,,,9000,UNITED STATES,WISCONSIN,2023,MONTHLY,01,01,JAN,,2025-04-25 15:00:00.000,"30,815,000",
SURVEY,ANIMALS & PRODUCTS,DAIRY,CHEESE,"AMERICAN, COLBY & JACK & MONTEREY",ALL PRODUCTION PRACTICES,ALL UTILIZATION PRACTICES,PRODUCTION,LB,"CHEESE, AMERICAN, COLBY & JACK & MONTEREY - PRODUCTION, MEASURED IN LB",TOTAL,NOT SPECIFIED,STATE,55,55,WI,WISCONSIN,,,,,,,,00000000,,,9000,UNITED STATES,WISCONSIN,2023,MONTHLY,02,02,FEB,,2025-04-25 15:00:00.000,"26,379,000",
SURVEY,ANIMALS & PRODUCTS,DAIRY,CHEESE,"AMERICAN, COLBY & JACK & MONTEREY",ALL PRODUCTION PRACTICES,ALL UTILIZATION PRACTICES,PRODUCTION,LB,"CHEESE, AMERICAN, COLBY & JACK & MONTEREY - PRODUCTION, MEASURED IN LB",TOTAL,NOT SPECIFIED,STATE,55,55,WI,WISCONSIN,,,,,,,,00000000,,,9000,UNITED STATES,WISCONSIN,2023,MONTHLY,03,03,MAR,,2025-04-25 15:00:00.000,"30,604,000",
SURVEY,ANIMALS & PRODUCTS,DAIRY,CHEESE,"AMERICAN, COLBY & JACK & MONTEREY",ALL PRODUCTION PRACTICES,ALL UTILIZATION PRACTICES,PRODUCTION,LB,"CHEESE, AMERICAN, COLBY & JACK & MONTEREY - PRODUCTION, MEASURED IN LB",TOTAL,NOT SPECIFIED,STATE,55,55,WI,WISCONSIN,,,,,,,,00000000,,,9000,UNITED STATES,WISCONSIN,2023,MONTHLY,04,04,APR,,2025-04-25 15:00:00.000,"28,510,000",
SURVEY,ANIMALS & PRODUCTS,DAIRY,CHEESE,"AMERICAN, COLBY & JACK & MONTEREY",ALL PRODUCTION PRACTICES,ALL UTILIZATION PRACTICES,PRODUCTION,LB,"CHEESE, AMERICAN, COLBY & JACK & MONTEREY - PRODUCTION, MEASURED IN LB",TOTAL,NOT SPECIFIED,STATE,55,55,WI,WISCONSIN,,,,,,,,00000000,,,9000,UNITED STATES,WISCONSIN,2023,MONTHLY,05,05,MAY,,2025-04-25 15:00:00.000,"32,374,000",
SURVEY,ANIMALS & PRODUCTS,DAIRY,CHEESE,"AMERICAN, COLBY & JACK & MONTEREY",ALL PRODUCTION PRACTICES,ALL UTILIZATION PRACTICES,PRODUCTION,LB,"CHEESE, AMERICAN, COLBY & JACK & MONTEREY - PRODUCTION, MEASURED IN LB",TOTAL,NOT SPECIFIED,STATE,55,55,WI,WISCONSIN,,,,,,,,00000000,,,9000,UNITED STATES,WISCONSIN,2023,MONTHLY,06,06,JUN,,2025-04-25 15:00:00.000,"29,667,000",
SURVEY,ANIMALS & PRODUCTS,DAIRY,CHEESE,"AMERICAN, COLBY & JACK & MONTEREY",ALL PRODUCTION PRACTICES,ALL UTILIZATION PRACTICES,PRODUCTION,LB,"CHEESE, AMERICAN, COLBY & JACK & MONTEREY - PRODUCTION, MEASURED IN LB",TOTAL,NOT SPECIFIED,STATE,55,55,WI,WISCONSIN,,,,,,,,00000000,,,9000,UNITED STATES,WISCONSIN,2023,MONTHLY,07,07,JUL,,2025-04-25 15:00:00.000,"31,311,000",
SURVEY,ANIMALS & PRODUCTS,DAIRY,CHEESE,"AMERICAN, COLBY & JACK & MONTEREY",ALL PRODUCTION PRACTICES,ALL UTILIZATION PRACTICES,PRODUCTION,LB,"CHEESE, AMERICAN, COLBY & JACK & MONTEREY - PRODUCTION, MEASURED IN LB",TOTAL,NOT SPECIFIED,STATE,55,55,WI,WISCONSIN,,,,,,,,00000000,,,9000,UNITED STATES,WISCONSIN,2023,MONTHLY,08,08,AUG,,2025-04-25 15:00:00.000,"33,512,000",
SURVEY,ANIMALS & PRODUCTS,DAIRY,CHEESE,"AMERICAN, COLBY & JACK & MONTEREY",ALL PRODUCTION PRACTICES,ALL UTILIZATION PRACTICES,PRODUCTION,LB,"CHEESE, AMERICAN, COLBY & JACK & MONTEREY - PRODUCTION, MEASURED IN LB",TOTAL,NOT SPECIFIED,STATE,55,55,WI,WISCONSIN,,,,,,,,00000000,,,9000,UNITED STATES,WISCONSIN,2023,MONTHLY,09,09,SEP,,2025-04-25 15:00:00.000,"32,747,000",
SURVEY,ANIMALS & PRODUCTS,DAIRY,CHEESE,"AMERICAN, COLBY & JACK & MONTEREY",ALL PRODUCTION PRACTICES,ALL UTILIZATION PRACTICES,PRODUCTION,LB,"CHEESE, AMERICAN, COLBY & JACK & MONTEREY - PRODUCTION, MEASURED IN LB",TOTAL,NOT SPECIFIED,STATE,55,55,WI,WISCONSIN,,,,,,,,00000000,,,9000,UNITED STATES,WISCONSIN,2023,MONTHLY,10,10,OCT,,2025-04-25 15:00:00.000,"31,531,000",
SURVEY,ANIMALS & PRODUCTS,DAIRY,CHEESE,"AMERICAN, COLBY & JACK & MONTEREY",ALL PRODUCTION PRACTICES,ALL UTILIZATION PRACTICES,PRODUCTION,LB,"CHEESE, AMERICAN, COLBY & JACK & MONTEREY - PRODUCTION, MEASURED IN LB",TOTAL,NOT SPECIFIED,STATE,55,55,WI,WISCONSIN,,,,,,,,00000000,,,9000,UNITED STATES,WISCONSIN,2023,MONTHLY,11,11,NOV,,2025-04-25 15:00:00.000,"32,120,000",
SURVEY,ANIMALS & PRODUCTS,DAIRY,CHEESE,"AMERICAN, COLBY & JACK & MONTEREY",ALL PRODUCTION PRACTICES,ALL UTILIZATION PRACTICES,PRODUCTION,LB,"CHEESE, AMERICAN, COLBY & JACK & MONTEREY - PRODUCTION, MEASURED IN LB",TOTAL,NOT SPECIFIED,STATE,55,55,WI,WISCONSIN,,,,,,,,00000000,,,9000,UNITED STATES,WISCONSIN,2023,MONTHLY,12,12,DEC,,2025-04-25 15:00:00.000,"31,418,000",
SURVEY,ANIMALS & PRODUCTS,DAIRY,CHEESE,"COTTAGE, CREAMED, FAT CONTENT GE 4 PCT",ALL PRODUCTION PRACTICES,ALL UTILIZATION PRACTICES,PRODUCTION,LB,"CHEESE, COTTAGE, CREAMED, FAT CONTENT GE 4 PCT - PRODUCTION, MEASURED IN LB",TOTAL,NOT SPECIFIED,STATE,,98,OT,OTHER STATES,,,,,,,,00000000,,,9000,UNITED STATES,OTHER STATES,2023,MONTHLY,01,01,JAN,,2025-04-25 15:00:00.000,"19,213,000",
SURVEY,ANIMALS & PRODUCTS,DAIRY,CHEESE,"COTTAGE, CREAMED, FAT CONTENT GE 4 PCT",ALL PRODUCTION PRACTICES,ALL UTILIZATION PRACTICES,PRODUCTION,LB,"CHEESE, COTTAGE, CREAMED, FAT CONTENT GE 4 PCT - PRODUCTION, MEASURED IN LB",TOTAL,NOT SPECIFIED,STATE,,98,OT,OTHER STATES,,,,,,,,00000000,,,9000,UNITED STATES,OTHER STATES,2023,MONTHLY,02,02,FEB,,2025-04-25 15:00:00.000,"19,311,000",
SURVEY,ANIMALS & PRODUCTS,DAIRY,CHEESE,"COTTAGE, CREAMED, FAT CONTENT GE 4 PCT",ALL PRODUCTION PRACTICES,ALL UTILIZATION PRACTICES,PRODUCTION,LB,"CHEESE, COTTAGE, CREAMED, FAT CONTENT GE 4 PCT - PRODUCTION, MEASURED IN LB",TOTAL,NOT SPECIFIED,STATE,,98,OT,OTHER STATES,,,,,,,,00000000,,,9000,UNITED STATES,OTHER STATES,2023,MONTHLY,03,03,MAR,,2025-04-25 15:00:00.000,"21,449,000",
SURVEY,ANIMALS & PRODUCTS,DAIRY,CHEESE,"COTTAGE, CREAMED, FAT CONTENT GE 4 PCT",ALL PRODUCTION PRACTICES,ALL UTILIZATION PRACTICES,PRODUCTION,LB,"CHEESE, COTTAGE, CREAMED, FAT CONTENT GE 4 PCT - PRODUCTION, MEASURED IN LB",TOTAL,NOT SPECIFIED,STATE,,98,OT,OTHER STATES,,,,,,,,00000000,,,9000,UNITED STATES,OTHER STATES,2023,MONTHLY,04,04,APR,,2025-04-25 15:00:00.000,"19,053,000",
SURVEY,ANIMALS & PRODUCTS,DAIRY,CHEESE,"COTTAGE, CREAMED, FAT CONTENT GE 4 PCT",ALL PRODUCTION PRACTICES,ALL UTILIZATION PRACTICES,PRODUCTION,LB,"CHEESE, COTTAGE, CREAMED, FAT CONTENT GE 4 PCT - PRODUCTION, MEASURED IN LB",TOTAL,NOT SPECIFIED,STATE,,98,OT,OTHER STATES,,,,,,,,00000000,,,9000,UNITED STATES,OTHER STATES,2023,MONTHLY,05,05,MAY,,2025-04-25 15:00:00.000,"22,223,000",
SURVEY,ANIMALS & PRODUCTS,DAIRY,CHEESE,"COTTAGE, CREAMED, FAT CONTENT GE 4 PCT",ALL PRODUCTION PRACTICES,ALL UTILIZATION PRACTICES,PRODUCTION,LB,"CHEESE, COTTAGE, CREAMED, FAT CONTENT GE 4 PCT - PRODUCTION, MEASURED IN LB",TOTAL,NOT SPECIFIED,STATE,,98,OT,OTHER STATES,,,,,,,,00000000,,,9000,UNITED STATES,OTHER STATES,2023,MONTHLY,06,06,JUN,,2025-04-25 15:00:00.000,"21,404,000",
SURVEY,ANIMALS & PRODUCTS,DAIRY,CHEESE,"COTTAGE, CREAMED, FAT CONTENT GE 4 PCT",ALL PRODUCTION PRACTICES,ALL UTILIZATION PRACTICES,PRODUCTION,LB,"CHEESE, COTTAGE, CREAMED, FAT CONTENT GE 4 PCT - PRODUCTION, MEASURED IN LB",TOTAL,NOT SPECIFIED,STATE,,98,OT,OTHER STATES,,,,,,,,00000000,,,9000,UNITED STATES,OTHER STATES,2023,MONTHLY,07,07,JUL,,2025-04-25 15:00:00.000,"21,265,000",
SURVEY,ANIMALS & PRODUCTS,DAIRY,CHEESE,"COTTAGE, CREAMED, FAT CONTENT GE 4 PCT",ALL PRODUCTION PRACTICES,ALL UTILIZATION PRACTICES,PRODUCTION,LB,"CHEESE, COTTAGE, CREAMED, FAT CONTENT GE 4 PCT - PRODUCTION, MEASURED IN LB",TOTAL,NOT SPECIFIED,STATE,,98,OT,OTHER STATES,,,,,,,,00000000,,,9000,UNITED STATES,OTHER STATES,2023,MONTHLY,08,08,AUG,,2025-04-25 15:00:00.000,"23,021,000",
SURVEY,ANIMALS & PRODUCTS,DAIRY,CHEESE,"COTTAGE, CREAMED, FAT CONTENT GE 4 PCT",ALL PRODUCTION PRACTICES,ALL UTILIZATION PRACTICES,PRODUCTION,LB,"CHEESE, COTTAGE, CREAMED, FAT CONTENT GE 4 PCT - PRODUCTION, MEASURED IN LB",TOTAL,NOT SPECIFIED,STATE,,98,OT,OTHER STATES,,,,,,,,00000000,,,9000,UNITED STATES,OTHER STATES,2023,MONTHLY,09,09,SEP,,2025-04-25 15:00:00.000,"21,163,000",
SURVEY,ANIMALS & PRODUCTS,DAIRY,CHEESE,"COTTAGE, CREAMED, FAT CONTENT GE 4 PCT",ALL PRODUCTION PRACTICES,ALL UTILIZATION PRACTICES,PRODUCTION,LB,"CHEESE, COTTAGE, CREAMED, FAT CONTENT GE 4 PCT - PRODUCTION, MEASURED IN LB",TOTAL,NOT SPECIFIED,STATE,,98,OT,OTHER STATES,,,,,,,,00000000,,,9000,UNITED STATES,OTHER STATES,2023,MONTHLY,10,10,OCT,,2025-04-25 15:00:00.000,"19,865,000",
SURVEY,ANIMALS & PRODUCTS,DAIRY,CHEESE,"COTTAGE, CREAMED, FAT CONTENT GE 4 PCT",ALL PRODUCTION PRACTICES,ALL UTILIZATION PRACTICES,PRODUCTION,LB,"CHEESE, COTTAGE, CREAMED, FAT CONTENT GE 4 PCT - PRODUCTION, MEASURED IN LB",TOTAL,NOT SPECIFIED,STATE,,98,OT,OTHER STATES,,,,,,,,00000000,,,9000,UNITED STATES,OTHER STATES,2023,MONTHLY,11,11,NOV,,2025-04-25 15:00:00.000,"20,637,000",
SURVEY,ANIMALS & PRODUCTS,DAIRY,CHEESE,"COTTAGE, CREAMED, FAT CONTENT GE 4 PCT",ALL PRODUCTION PRACTICES,ALL UTILIZATION PRACTICES,PRODUCTION,LB,"CHEESE, COTTAGE, CREAMED, FAT CONTENT GE 4 PCT - PRODUCTION, MEASURED IN LB",TOTAL,NOT SPECIFIED,STATE,,98,OT,OTHER STATES,,,,,,,,00000000,,,9000,UNITED STATES,OTHER STATES,2023,MONTHLY,12,12,DEC,,2025-04-25 15:00:00.000,"19,659,000",
SURVEY,ANIMALS & PRODUCTS,DAIRY,CHEESE,"COTTAGE, CREAMED, FAT CONTENT GE 4 PCT",ALL PRODUCTION PRACTICES,ALL UTILIZATION PRACTICES,PRODUCTION,LB,"CHEESE, COTTAGE, CREAMED, FAT CONTENT GE 4 PCT - PRODUCTION, MEASURED IN LB",TOTAL,NOT SPECIFIED,STATE,36,36,NY,NEW YORK,,,,,,,,00000000,,,9000,UNITED STATES,NEW YORK,2023,MONTHLY,01,01,JAN,,2025-04-25 15:00:00.000,"9,652,000",
SURVEY,ANIMALS & PRODUCTS,DAIRY,CHEESE,"COTTAGE, CREAMED, FAT CONTENT GE 4 PCT",ALL PRODUCTION PRACTICES,ALL UTILIZATION PRACTICES,PRODUCTION,LB,"CHEESE, COTTAGE, CREAMED, FAT CONTENT GE 4 PCT - PRODUCTION, MEASURED IN LB",TOTAL,NOT SPECIFIED,STATE,36,36,NY,NEW YORK,,,,,,,,00000000,,,9000,UNITED STATES,NEW YORK,2023,MONTHLY,02,02,FEB,,2025-04-25 15:00:00.000,"9,469,000",
SURVEY,ANIMALS & PRODUCTS,DAIRY,CHEESE,"COTTAGE, CREAMED, FAT CONTENT GE 4 PCT",ALL PRODUCTION PRACTICES,ALL UTILIZATION PRACTICES,PRODUCTION,LB,"CHEESE, COTTAGE, CREAMED, FAT CONTENT GE 4 PCT - PRODUCTION, MEASURED IN LB",TOTAL,NOT SPECIFIED,STATE,36,36,NY,NEW YORK,,,,,,,,00000000,,,9000,UNITED STATES,NEW YORK,2023,MONTHLY,03,03,MAR,,2025-04-25 15:00:00.000,"11,033,000",
SURVEY,ANIMALS & PRODUCTS,DAIRY,CHEESE,"COTTAGE, CREAMED, FAT CONTENT GE 4 PCT",ALL PRODUCTION PRACTICES,ALL UTILIZATION PRACTICES,PRODUCTION,LB,"CHEESE, COTTAGE, CREAMED, FAT CONTENT GE 4 PCT - PRODUCTION, MEASURED IN LB",TOTAL,NOT SPECIFIED,STATE,36,36,NY,NEW YORK,,,,,,,,00000000,,,9000,UNITED STATES,NEW YORK,2023,MONTHLY,04,04,APR,,2025-04-25 15:00:00.000,"8,967,000",
SURVEY,ANIMALS & PRODUCTS,DAIRY,CHEESE,"COTTAGE, CREAMED, FAT CONTENT GE 4 PCT",ALL PRODUCTION PRACTICES,ALL UTILIZATION PRACTICES,PRODUCTION,LB,"CHEESE, COTTAGE, CREAMED, FAT CONTENT GE 4 PCT - PRODUCTION, MEASURED IN LB",TOTAL,NOT SPECIFIED,STATE,36,36,NY,NEW YORK,,,,,,,,00000000,,,9000,UNITED STATES,NEW YORK,2023,MONTHLY,05,05,MAY,,2025-04-25 15:00:00.000,"10,329,000",
SURVEY,ANIMALS & PRODUCTS,DAIRY,CHEESE,"COTTAGE, CREAMED, FAT CONTENT GE 4 PCT",ALL PRODUCTION PRACTICES,ALL UTILIZATION PRACTICES,PRODUCTION,LB,"CHEESE, COTTAGE, CREAMED, FAT CONTENT GE 4 PCT - PRODUCTION, MEASURED IN LB",TOTAL,NOT SPECIFIED,STATE,36,36,NY,NEW YORK,,,,,,,,00000000,,,9000,UNITED STATES,NEW YORK,2023,MONTHLY,06,06,JUN,,2025-04-25 15:00:00.000,"10,670,000",
SURVEY,ANIMALS & PRODUCTS,DAIRY,CHEESE,"COTTAGE, CREAMED, FAT CONTENT GE 4 PCT",ALL PRODUCTION PRACTICES,ALL UTILIZATION PRACTICES,PRODUCTION,LB,"CHEESE, COTTAGE, CREAMED, FAT CONTENT GE 4 PCT - PRODUCTION, MEASURED IN LB",TOTAL,NOT SPECIFIED,STATE,36,36,NY,NEW YORK,,,,,,,,00000000,,,9000,UNITED STATES,NEW YORK,2023,MONTHLY,07,07,JUL,,2025-04-25 15:00:00.000,"10,145,000",
SURVEY,ANIMALS & PRODUCTS,DAIRY,CHEESE,"COTTAGE, CREAMED, FAT CONTENT GE 4 PCT",ALL PRODUCTION PRACTICES,ALL UTILIZATION PRACTICES,PRODUCTION,LB,"CHEESE, COTTAGE, CREAMED, FAT CONTENT GE 4 PCT - PRODUCTION, MEASURED IN LB",TOTAL,NOT SPECIFIED,STATE,36,36,NY,NEW YORK,,,,,,,,00000000,,,9000,UNITED STATES,NEW YORK,2023,MONTHLY,08,08,AUG,,2025-04-25 15:00:00.000,"11,114,000",
SURVEY,ANIMALS & PRODUCTS,DAIRY,CHEESE,"COTTAGE, CREAMED, FAT CONTENT GE 4 PCT",ALL PRODUCTION PRACTICES,ALL UTILIZATION PRACTICES,PRODUCTION,LB,"CHEESE, COTTAGE, CREAMED, FAT CONTENT GE 4 PCT - PRODUCTION, MEASURED IN LB",TOTAL,NOT SPECIFIED,STATE,36,36,NY,NEW YORK,,,,,,,,00000000,,,9000,UNITED STATES,NEW YORK,2023,MONTHLY,09,09,SEP,,2025-04-25 15:00:00.000,"11,630,000",
SURVEY,ANIMALS & PRODUCTS,DAIRY,CHEESE,"COTTAGE, CREAMED, FAT CONTENT GE 4 PCT",ALL PRODUCTION PRACTICES,ALL UTILIZATION PRACTICES,PRODUCTION,LB,"CHEESE, COTTAGE, CREAMED, FAT CONTENT GE 4 PCT - PRODUCTION, MEASURED IN LB",TOTAL,NOT SPECIFIED,STATE,36,36,NY,NEW YORK,,,,,,,,00000000,,,9000,UNITED STATES,NEW YORK,2023,MONTHLY,10,10,OCT,,2025-04-25 15:00:00.000,"10,883,000",
SURVEY,ANIMALS & PRODUCTS,DAIRY,CHEESE,"COTTAGE, CREAMED, FAT CONTENT GE 4 PCT",ALL PRODUCTION PRACTICES,ALL UTILIZATION PRACTICES,PRODUCTION,LB,"CHEESE, COTTAGE, CREAMED, FAT CONTENT GE 4 PCT - PRODUCTION, MEASURED IN LB",TOTAL,NOT SPECIFIED,STATE,36,36,NY,NEW YORK,,,,,,,,00000000,,,9000,UNITED STATES,NEW YORK,2023,MONTHLY,11,11,NOV,,2025-04-25 15:00:00.000,"9,973,000",
SURVEY,ANIMALS & PRODUCTS,DAIRY,CHEESE,"COTTAGE, CREAMED, FAT CONTENT GE 4 PCT",ALL PRODUCTION PRACTICES,ALL UTILIZATION PRACTICES,PRODUCTION,LB,"CHEESE, COTTAGE, CREAMED, FAT CONTENT GE 4 PCT - PRODUCTION, MEASURED IN LB",TOTAL,NOT SPECIFIED,STATE,36,36,NY,NEW YORK,,,,,,,,00000000,,,9000,UNITED STATES,NEW YORK,2023,MONTHLY,12,12,DEC,,2025-04-25 15:00:00.000,"8,880,000",
SURVEY,ANIMALS & PRODUCTS,DAIRY,CHEESE,"COTTAGE, CREAMED, FAT CONTENT GE 4 PCT",ALL PRODUCTION PRACTICES,ALL UTILIZATION PRACTICES,PRODUCTION,LB,"CHEESE, COTTAGE, CREAMED, FAT CONTENT GE 4 PCT - PRODUCTION, MEASURED IN LB",TOTAL,NOT SPECIFIED,STATE,41,41,OR,OREGON,,,,,,,,00000000,,,9000,UNITED STATES,OREGON,2023,MONTHLY,01,01,JAN,,2025-04-25 15:00:00.000,"546,000",
SURVEY,ANIMALS & PRODUCTS,DAIRY,CHEESE,"COTTAGE, CREAMED, FAT CONTENT GE 4 PCT",ALL PRODUCTION PRACTICES,ALL UTILIZATION PRACTICES,PRODUCTION,LB,"CHEESE, COTTAGE, CREAMED, FAT CONTENT GE 4 PCT - PRODUCTION, MEASURED IN LB",TOTAL,NOT SPECIFIED,STATE,41,41,OR,OREGON,,,,,,,,00000000,,,9000,UNITED STATES,OREGON,2023,MONTHLY,02,02,FEB,,2025-04-25 15:00:00.000,"444,000",
SURVEY,ANIMALS & PRODUCTS,DAIRY,CHEESE,"COTTAGE, CREAMED, FAT CONTENT GE 4 PCT",ALL PRODUCTION PRACTICES,ALL UTILIZATION PRACTICES,PRODUCTION,LB,"CHEESE, COTTAGE, CREAMED, FAT CONTENT GE 4 PCT - PRODUCTION, MEASURED IN LB",TOTAL,NOT SPECIFIED,STATE,41,41,OR,OREGON,,,,,,,,00000000,,,9000,UNITED STATES,OREGON,2023,MONTHLY,03,03,MAR,,2025-04-25 15:00:00.000,"645,000",
SURVEY,ANIMALS & PRODUCTS,DAIRY,CHEESE,"COTTAGE, CREAMED, FAT CONTENT GE 4 PCT",ALL PRODUCTION PRACTICES,ALL UTILIZATION PRACTICES,PRODUCTION,LB,"CHEESE, COTTAGE, CREAMED, FAT CONTENT GE 4 PCT - PRODUCTION, MEASURED IN LB",TOTAL,NOT SPECIFIED,STATE,41,41,OR,OREGON,,,,,,,,00000000,,,9000,UNITED STATES,OREGON,2023,MONTHLY,04,04,APR,,2025-04-25 15:00:00.000,"511,000",
SURVEY,ANIMALS & PRODUCTS,DAIRY,CHEESE,"COTTAGE, CREAMED, FAT CONTENT GE 4 PCT",ALL PRODUCTION PRACTICES,ALL UTILIZATION PRACTICES,PRODUCTION,LB,"CHEESE, COTTAGE, CREAMED, FAT CONTENT GE 4 PCT - PRODUCTION, MEASURED IN LB",TOTAL,NOT SPECIFIED,STATE,41,41,OR,OREGON,,,,,,,,00000000,,,9000,UNITED STATES,OREGON,2023,MONTHLY,05,05,MAY,,2025-04-25 15:00:00.000,"563,000",
SURVEY,ANIMALS & PRODUCTS,DAIRY,CHEESE,"COTTAGE, CREAMED, FAT CONTENT GE 4 PCT",ALL PRODUCTION PRACTICES,ALL UTILIZATION PRACTICES,PRODUCTION,LB,"CHEESE, COTTAGE, CREAMED, FAT CONTENT GE 4 PCT - PRODUCTION, MEASURED IN LB",TOTAL,NOT SPECIFIED,STATE,41,41,OR,OREGON,,,,,,,,00000000,,,9000,UNITED STATES,OREGON,2023,MONTHLY,06,06,JUN,,2025-04-25 15:00:00.000,"625,000",
SURVEY,ANIMALS & PRODUCTS,DAIRY,CHEESE,"COTTAGE, CREAMED, FAT CONTENT GE 4 PCT",ALL PRODUCTION PRACTICES,ALL UTILIZATION PRACTICES,PRODUCTION,LB,"CHEESE, COTTAGE, CREAMED, FAT CONTENT GE 4 PCT - PRODUCTION, MEASURED IN LB",TOTAL,NOT SPECIFIED,STATE,41,41,OR,OREGON,,,,,,,,00000000,,,9000,UNITED STATES,OREGON,2023,MONTHLY,07,07,JUL,,2025-04-25 15:00:00.000,"616,000",
SURVEY,ANIMALS & PRODUCTS,DAIRY,CHEESE,"COTTAGE, CREAMED, FAT CONTENT GE 4 PCT",ALL PRODUCTION PRACTICES,ALL UTILIZATION PRACTICES,PRODUCTION,LB,"CHEESE, COTTAGE, CREAMED, FAT CONTENT GE 4 PCT - PRODUCTION, MEASURED IN LB",TOTAL,NOT SPECIFIED,STATE,41,41,OR,OREGON,,,,,,,,00000000,,,9000,UNITED STATES,OREGON,2023,MONTHLY,08,08,AUG,,2025-04-25 15:00:00.000,"605,000",
SURVEY,ANIMALS & PRODUCTS,DAIRY,CHEESE,"COTTAGE, CREAMED, FAT CONTENT GE 4 PCT",ALL PRODUCTION PRACTICES,ALL UTILIZATION PRACTICES,PRODUCTION,LB,"CHEESE, COTTAGE, CREAMED, FAT CONTENT GE 4 PCT - PRODUCTION, MEASURED IN LB",TOTAL,NOT SPECIFIED,STATE,41,41,OR,OREGON,,,,,,,,00000000,,,9000,UNITED STATES,OREGON,2023,MONTHLY,09,09,SEP,,2025-04-25 15:00:00.000,"666,000",
SURVEY,ANIMALS & PRODUCTS,DAIRY,CHEESE,"COTTAGE, CREAMED, FAT CONTENT GE 4 PCT",ALL PRODUCTION PRACTICES,ALL UTILIZATION PRACTICES,PRODUCTION,LB,"CHEESE, COTTAGE, CREAMED, FAT CONTENT GE 4 PCT - PRODUCTION, MEASURED IN LB",TOTAL,NOT SPECIFIED,STATE,41,41,OR,OREGON,,,,,,,,00000000,,,9000,UNITED STATES,OREGON,2023,MONTHLY,10,10,OCT,,2025-04-25 15:00:00.000,"603,000",
SURVEY,ANIMALS & PRODUCTS,DAIRY,CHEESE,"COTTAGE, CREAMED, FAT CONTENT GE 4 PCT",ALL PRODUCTION PRACTICES,ALL UTILIZATION PRACTICES,PRODUCTION,LB,"CHEESE, COTTAGE, CREAMED, FAT CONTENT GE 4 PCT - PRODUCTION, MEASURED IN LB",TOTAL,NOT SPECIFIED,STATE,41,41,OR,OREGON,,,,,,,,00000000,,,9000,UNITED STATES,OREGON,2023,MONTHLY,11,11,NOV,,2025-04-25 15:00:00.000,"548,000",
SURVEY,ANIMALS & PRODUCTS,DAIRY,CHEESE,"COTTAGE, CREAMED, FAT CONTENT GE 4 PCT",ALL PRODUCTION PRACTICES,ALL UTILIZATION PRACTICES,PRODUCTION,LB,"CHEESE, COTTAGE, CREAMED, FAT CONTENT GE 4 PCT - PRODUCTION, MEASURED IN LB",TOTAL,NOT SPECIFIED,STATE,41,41,OR,OREGON,,,,,,,,00000000,,,9000,UNITED STATES,OREGON,2023,MONTHLY,12,12,DEC,,2025-04-25 15:00:00.000,"462,000",
SURVEY,ANIMALS & PRODUCTS,DAIRY,CHEESE,"COTTAGE, CURD",ALL PRODUCTION PRACTICES,ALL UTILIZATION PRACTICES,PRODUCTION,LB,"CHEESE, COTTAGE, CURD - PRODUCTION, MEASURED IN LB",TOTAL,NOT SPECIFIED,STATE,,98,OT,OTHER STATES,,,,,,,,00000000,,,9000,UNITED STATES,OTHER STATES,2023,MONTHLY,01,01,JAN,,2025-04-25 15:00:00.000,"21,848,000",
SURVEY,ANIMALS & PRODUCTS,DAIRY,CHEESE,"COTTAGE, CURD",ALL PRODUCTION PRACTICES,ALL UTILIZATION PRACTICES,PRODUCTION,LB,"CHEESE, COTTAGE, CURD - PRODUCTION, MEASURED IN LB",TOTAL,NOT SPECIFIED,STATE,,98,OT,OTHER STATES,,,,,,,,00000000,,,9000,UNITED STATES,OTHER STATES,2023,MONTHLY,02,02,FEB,,2025-04-25 15:00:00.000,"21,420,000",
SURVEY,ANIMALS & PRODUCTS,DAIRY,CHEESE,"COTTAGE, CURD",ALL PRODUCTION PRACTICES,ALL UTILIZATION PRACTICES,PRODUCTION,LB,"CHEESE, COTTAGE, CURD - PRODUCTION, MEASURED IN LB",TOTAL,NOT SPECIFIED,STATE,,98,OT,OTHER STATES,,,,,,,,00000000,,,9000,UNITED STATES,OTHER STATES,2023,MONTHLY,03,03,MAR,,2025-04-25 15:00:00.000,"23,277,000",
SURVEY,ANIMALS & PRODUCTS,DAIRY,CHEESE,"COTTAGE, CURD",ALL PRODUCTION PRACTICES,ALL UTILIZATION PRACTICES,PRODUCTION,LB,"CHEESE, COTTAGE, CURD - PRODUCTION, MEASURED IN LB",TOTAL,NOT SPECIFIED,STATE,,98,OT,OTHER STATES,,,,,,,,00000000,,,9000,UNITED STATES,OTHER STATES,2023,MONTHLY,04,04,APR,,2025-04-25 15:00:00.000,"21,533,000",
SURVEY,ANIMALS & PRODUCTS,DAIRY,CHEESE,"COTTAGE, CURD",ALL PRODUCTION PRACTICES,ALL UTILIZATION PRACTICES,PRODUCTION,LB,"CHEESE, COTTAGE, CURD - PRODUCTION, MEASURED IN LB",TOTAL,NOT SPECIFIED,STATE,,98,OT,OTHER STATES,,,,,,,,00000000,,,9000,UNITED STATES,OTHER STATES,2023,MONTHLY,05,05,MAY,,2025-04-25 15:00:00.000,"24,958,000",
SURVEY,ANIMALS & PRODUCTS,DAIRY,CHEESE,"COTTAGE, CURD",ALL PRODUCTION PRACTICES,ALL UTILIZATION PRACTICES,PRODUCTION,LB,"CHEESE, COTTAGE, CURD - PRODUCTION, MEASURED IN LB",TOTAL,NOT SPECIFIED,STATE,,98,OT,OTHER STATES,,,,,,,,00000000,,,9000,UNITED STATES,OTHER STATES,2023,MONTHLY,06,06,JUN,,2025-04-25 15:00:00.000,"24,183,000",
SURVEY,ANIMALS & PRODUCTS,DAIRY,CHEESE,"COTTAGE, CURD",ALL PRODUCTION PRACTICES,ALL UTILIZATION PRACTICES,PRODUCTION,LB,"CHEESE, COTTAGE, CURD - PRODUCTION, MEASURED IN LB",TOTAL,NOT SPECIFIED,STATE,,98,OT,OTHER STATES,,,,,,,,00000000,,,9000,UNITED STATES,OTHER STATES,2023,MONTHLY,07,07,JUL,,2025-04-25 15:00:00.000,"24,208,000",
SURVEY,ANIMALS & PRODUCTS,DAIRY,CHEESE,"COTTAGE, CURD",ALL PRODUCTION PRACTICES,ALL UTILIZATION PRACTICES,PRODUCTION,LB,"CHEESE, COTTAGE, CURD - PRODUCTION, MEASURED IN LB",TOTAL,NOT SPECIFIED,STATE,,98,OT,OTHER STATES,,,,,,,,00000000,,,9000,UNITED STATES,OTHER STATES,2023,MONTHLY,08,08,AUG,,2025-04-25 15:00:00.000,"27,705,000",
SURVEY,ANIMALS & PRODUCTS,DAIRY,CHEESE,"COTTAGE, CURD",ALL PRODUCTION PRACTICES,ALL UTILIZATION PRACTICES,PRODUCTION,LB,"CHEESE, COTTAGE, CURD - PRODUCTION, MEASURED IN LB",TOTAL,NOT SPECIFIED,STATE,,98,OT,OTHER STATES,,,,,,,,00000000,,,9000,UNITED STATES,OTHER STATES,2023,MONTHLY,09,09,SEP,,2025-04-25 15:00:00.000,"24,685,000",
SURVEY,ANIMALS & PRODUCTS,DAIRY,CHEESE,"COTTAGE, CURD",ALL PRODUCTION PRACTICES,ALL UTILIZATION PRACTICES,PRODUCTION,LB,"CHEESE, COTTAGE, CURD - PRODUCTION, MEASURED IN LB",TOTAL,NOT SPECIFIED,STATE,,98,OT,OTHER STATES,,,,,,,,00000000,,,9000,UNITED STATES,OTHER STATES,2023,MONTHLY,10,10,OCT,,2025-04-25 15:00:00.000,"23,127,000",
SURVEY,ANIMALS & PRODUCTS,DAIRY,CHEESE,"COTTAGE, CURD",ALL PRODUCTION PRACTICES,ALL UTILIZATION PRACTICES,PRODUCTION,LB,"CHEESE, COTTAGE, CURD - PRODUCTION, MEASURED IN LB",TOTAL,NOT SPECIFIED,STATE,,98,OT,OTHER STATES,,,,,,,,00000000,,,9000,UNITED STATES,OTHER STATES,2023,MONTHLY,11,11,NOV,,2025-04-25 15:00:00.000,"22,243,000",
SURVEY,ANIMALS & PRODUCTS,DAIRY,CHEESE,"COTTAGE, CURD",ALL PRODUCTION PRACTICES,ALL UTILIZATION PRACTICES,PRODUCTION,LB,"CHEESE, COTTAGE, CURD - PRODUCTION, MEASURED IN LB",TOTAL,NOT SPECIFIED,STATE,,98,OT,OTHER STATES,,,,,,,,00000000,,,9000,UNITED STATES,OTHER STATES,2023,MONTHLY,12,12,DEC,,2025-04-25 15:00:00.000,"22,209,000",
SURVEY,ANIMALS & PRODUCTS,DAIRY,CHEESE,"COTTAGE, CURD",ALL PRODUCTION PRACTICES,ALL UTILIZATION PRACTICES,PRODUCTION,LB,"CHEESE, COTTAGE, CURD - PRODUCTION, MEASURED IN LB",TOTAL,NOT SPECIFIED,STATE,36,36,NY,NEW YORK,,,,,,,,00000000,,,9000,UNITED STATES,NEW YORK,2023,MONTHLY,01,01,JAN,,2025-04-25 15:00:00.000,"9,672,000",
SURVEY,ANIMALS & PRODUCTS,DAIRY,CHEESE,"COTTAGE, CURD",ALL PRODUCTION PRACTICES,ALL UTILIZATION PRACTICES,PRODUCTION,LB,"CHEESE, COTTAGE, CURD - PRODUCTION, MEASURED IN LB",TOTAL,NOT SPECIFIED,STATE,36,36,NY,NEW YORK,,,,,,,,00000000,,,9000,UNITED STATES,NEW YORK,2023,MONTHLY,02,02,FEB,,2025-04-25 15:00:00.000,"9,314,000",
SURVEY,ANIMALS & PRODUCTS,DAIRY,CHEESE,"COTTAGE, CURD",ALL PRODUCTION PRACTICES,ALL UTILIZATION PRACTICES,PRODUCTION,LB,"CHEESE, COTTAGE, CURD - PRODUCTION, MEASURED IN LB",TOTAL,NOT SPECIFIED,STATE,36,36,NY,NEW YORK,,,,,,,,00000000,,,9000,UNITED STATES,NEW YORK,2023,MONTHLY,03,03,MAR,,2025-04-25 15:00:00.000,"10,042,000",
SURVEY,ANIMALS & PRODUCTS,DAIRY,CHEESE,"COTTAGE, CURD",ALL PRODUCTION PRACTICES,ALL UTILIZATION PRACTICES,PRODUCTION,LB,"CHEESE, COTTAGE, CURD - PRODUCTION, MEASURED IN LB",TOTAL,NOT SPECIFIED,STATE,36,36,NY,NEW YORK,,,,,,,,00000000,,,9000,UNITED STATES,NEW YORK,2023,MONTHLY,04,04,APR,,2025-04-25 15:00:00.000,"8,983,000",
SURVEY,ANIMALS & PRODUCTS,DAIRY,CHEESE,"COTTAGE, CURD",ALL PRODUCTION PRACTICES,ALL UTILIZATION PRACTICES,PRODUCTION,LB,"CHEESE, COTTAGE, CURD - PRODUCTION, MEASURED IN LB",TOTAL,NOT SPECIFIED,STATE,36,36,NY,NEW YORK,,,,,,,,00000000,,,9000,UNITED STATES,NEW YORK,2023,MONTHLY,05,05,MAY,,2025-04-25 15:00:00.000,"10,371,000",
SURVEY,ANIMALS & PRODUCTS,DAIRY,CHEESE,"COTTAGE, CURD",ALL PRODUCTION PRACTICES,ALL UTILIZATION PRACTICES,PRODUCTION,LB,"CHEESE, COTTAGE, CURD - PRODUCTION, MEASURED IN LB",TOTAL,NOT SPECIFIED,STATE,36,36,NY,NEW YORK,,,,,,,,00000000,,,9000,UNITED STATES,NEW YORK,2023,MONTHLY,06,06,JUN,,2025-04-25 15:00:00.000,"9,992,000",
SURVEY,ANIMALS & PRODUCTS,DAIRY,CHEESE,"COTTAGE, CURD",ALL PRODUCTION PRACTICES,ALL UTILIZATION PRACTICES,PRODUCTION,LB,"CHEESE, COTTAGE, CURD - PRODUCTION, MEASURED IN LB",TOTAL,NOT SPECIFIED,STATE,36,36,NY,NEW YORK,,,,,,,,00000000,,,9000,UNITED STATES,NEW YORK,2023,MONTHLY,07,07,JUL,,2025-04-25 15:00:00.000,"10,091,000",
SURVEY,ANIMALS & PRODUCTS,DAIRY,CHEESE,"COTTAGE, CURD",ALL PRODUCTION PRACTICES,ALL UTILIZATION PRACTICES,PRODUCTION,LB,"CHEESE, COTTAGE, CURD - PRODUCTION, MEASURED IN LB",TOTAL,NOT SPECIFIED,STATE,36,36,NY,NEW YORK,,,,,,,,00000000,,,9000,UNITED STATES,NEW YORK,2023,MONTHLY,08,08,AUG,,2025-04-25 15:00:00.000,"9,805,000",
SURVEY,ANIMALS & PRODUCTS,DAIRY,CHEESE,"COTTAGE, CURD",ALL PRODUCTION PRACTICES,ALL UTILIZATION PRACTICES,PRODUCTION,LB,"CHEESE, COTTAGE, CURD - PRODUCTION, MEASURED IN LB",TOTAL,NOT SPECIFIED,STATE,36,36,NY,NEW YORK,,,,,,,,00000000,,,9000,UNITED STATES,NEW YORK,2023,MONTHLY,09,09,SEP,,2025-04-25 15:00:00.000,"10,506,000",
SURVEY,ANIMALS & PRODUCTS,DAIRY,CHEESE,"COTTAGE, CURD",ALL PRODUCTION PRACTICES,ALL UTILIZATION PRACTICES,PRODUCTION,LB,"CHEESE, COTTAGE, CURD - PRODUCTION, MEASURED IN LB",TOTAL,NOT SPECIFIED,STATE,36,36,NY,NEW YORK,,,,,,,,00000000,,,9000,UNITED STATES,NEW YORK,2023,MONTHLY,10,10,OCT,,2025-04-25 15:00:00.000,"10,282,000",
SURVEY,ANIMALS & PRODUCTS,DAIRY,CHEESE,"COTTAGE, CURD",ALL PRODUCTION PRACTICES,ALL UTILIZATION PRACTICES,PRODUCTION,LB,"CHEESE, COTTAGE, CURD - PRODUCTION, MEASURED IN LB",TOTAL,NOT SPECIFIED,STATE,36,36,NY,NEW YORK,,,,,,,,00000000,,,9000,UNITED STATES,NEW YORK,2023,MONTHLY,11,11,NOV,,2025-04-25 15:00:00.000,"9,156,000",
SURVEY,ANIMALS & PRODUCTS,DAIRY,CHEESE,"COTTAGE, CURD",ALL PRODUCTION PRACTICES,ALL UTILIZATION PRACTICES,PRODUCTION,LB,"CHEESE, COTTAGE, CURD - PRODUCTION, MEASURED IN LB",TOTAL,NOT SPECIFIED,STATE,36,36,NY,NEW YORK,,,,,,,,00000000,,,9000,UNITED STATES,NEW YORK,2023,MONTHLY,12,12,DEC,,2025-04-25 15:00:00.000,"8,917,000",
SURVEY,ANIMALS & PRODUCTS,DAIRY,CHEESE,"COTTAGE, LOWFAT, FAT CONTENT LT 4 PCT",ALL PRODUCTION PRACTICES,ALL UTILIZATION PRACTICES,PRODUCTION,LB,"CHEESE, COTTAGE, LOWFAT, FAT CONTENT LT 4 PCT - PRODUCTION, MEASURED IN LB",TOTAL,NOT SPECIFIED,STATE,,98,OT,OTHER STATES,,,,,,,,00000000,,,9000,UNITED STATES,OTHER STATES,2023,MONTHLY,01,01,JAN,,2025-04-25 15:00:00.000,"18,021,000",
SURVEY,ANIMALS & PRODUCTS,DAIRY,CHEESE,"COTTAGE, LOWFAT, FAT CONTENT LT 4 PCT",ALL PRODUCTION PRACTICES,ALL UTILIZATION PRACTICES,PRODUCTION,LB,"CHEESE, COTTAGE, LOWFAT, FAT CONTENT LT 4 PCT - PRODUCTION, MEASURED IN LB",TOTAL,NOT SPECIFIED,STATE,,98,OT,OTHER STATES,,,,,,,,00000000,,,9000,UNITED STATES,OTHER STATES,2023,MONTHLY,02,02,FEB,,2025-04-25 15:00:00.000,"16,686,000",
SURVEY,ANIMALS & PRODUCTS,DAIRY,CHEESE,"COTTAGE, LOWFAT, FAT CONTENT LT 4 PCT",ALL PRODUCTION PRACTICES,ALL UTILIZATION PRACTICES,PRODUCTION,LB,"CHEESE, COTTAGE, LOWFAT, FAT CONTENT LT 4 PCT - PRODUCTION, MEASURED IN LB",TOTAL,NOT SPECIFIED,STATE,,98,OT,OTHER STATES,,,,,,,,00000000,,,9000,UNITED STATES,OTHER STATES,2023,MONTHLY,03,03,MAR,,2025-04-25 15:00:00.000,"18,001,000",
SURVEY,ANIMALS & PRODUCTS,DAIRY,CHEESE,"COTTAGE, LOWFAT, FAT CONTENT LT 4 PCT",ALL PRODUCTION PRACTICES,ALL UTILIZATION PRACTICES,PRODUCTION,LB,"CHEESE, COTTAGE, LOWFAT, FAT CONTENT LT 4 PCT - PRODUCTION, MEASURED IN LB",TOTAL,NOT SPECIFIED,STATE,,98,OT,OTHER STATES,,,,,,,,00000000,,,9000,UNITED STATES,OTHER STATES,2023,MONTHLY,04,04,APR,,2025-04-25 15:00:00.000,"17,350,000",
SURVEY,ANIMALS & PRODUCTS,DAIRY,CHEESE,"COTTAGE, LOWFAT, FAT CONTENT LT 4 PCT",ALL PRODUCTION PRACTICES,ALL UTILIZATION PRACTICES,PRODUCTION,LB,"CHEESE, COTTAGE, LOWFAT, FAT CONTENT LT 4 PCT - PRODUCTION, MEASURED IN LB",TOTAL,NOT SPECIFIED,STATE,,98,OT,OTHER STATES,,,,,,,,00000000,,,9000,UNITED STATES,OTHER STATES,2023,MONTHLY,05,05,MAY,,2025-04-25 15:00:00.000,"19,254,000",
SURVEY,ANIMALS & PRODUCTS,DAIRY,CHEESE,"COTTAGE, LOWFAT, FAT CONTENT LT 4 PCT",ALL PRODUCTION PRACTICES,ALL UTILIZATION PRACTICES,PRODUCTION,LB,"CHEESE, COTTAGE, LOWFAT, FAT CONTENT LT 4 PCT - PRODUCTION, MEASURED IN LB",TOTAL,NOT SPECIFIED,STATE,,98,OT,OTHER STATES,,,,,,,,00000000,,,9000,UNITED STATES,OTHER STATES,2023,MONTHLY,06,06,JUN,,2025-04-25 15:00:00.000,"19,017,000",
SURVEY,ANIMALS & PRODUCTS,DAIRY,CHEESE,"COTTAGE, LOWFAT, FAT CONTENT LT 4 PCT",ALL PRODUCTION PRACTICES,ALL UTILIZATION PRACTICES,PRODUCTION,LB,"CHEESE, COTTAGE, LOWFAT, FAT CONTENT LT 4 PCT - PRODUCTION, MEASURED IN LB",TOTAL,NOT SPECIFIED,STATE,,98,OT,OTHER STATES,,,,,,,,00000000,,,9000,UNITED STATES,OTHER STATES,2023,MONTHLY,07,07,JUL,,2025-04-25 15:00:00.000,"21,855,000",
SURVEY,ANIMALS & PRODUCTS,DAIRY,CHEESE,"COTTAGE, LOWFAT, FAT CONTENT LT 4 PCT",ALL PRODUCTION PRACTICES,ALL UTILIZATION PRACTICES,PRODUCTION,LB,"CHEESE, COTTAGE, LOWFAT, FAT CONTENT LT 4 PCT - PRODUCTION, MEASURED IN LB",TOTAL,NOT SPECIFIED,STATE,,98,OT,OTHER STATES,,,,,,,,00000000,,,9000,UNITED STATES,OTHER STATES,2023,MONTHLY,08,08,AUG,,2025-04-25 15:00:00.000,"23,661,000",
SURVEY,ANIMALS & PRODUCTS,DAIRY,CHEESE,"COTTAGE, LOWFAT, FAT CONTENT LT 4 PCT",ALL PRODUCTION PRACTICES,ALL UTILIZATION PRACTICES,PRODUCTION,LB,"CHEESE, COTTAGE, LOWFAT, FAT CONTENT LT 4 PCT - PRODUCTION, MEASURED IN LB",TOTAL,NOT SPECIFIED,STATE,,98,OT,OTHER STATES,,,,,,,,00000000,,,9000,UNITED STATES,OTHER STATES,2023,MONTHLY,09,09,SEP,,2025-04-25 15:00:00.000,"23,035,000",
SURVEY,ANIMALS & PRODUCTS,DAIRY,CHEESE,"COTTAGE, LOWFAT, FAT CONTENT LT 4 PCT",ALL PRODUCTION PRACTICES,ALL UTILIZATION PRACTICES,PRODUCTION,LB,"CHEESE, COTTAGE, LOWFAT, FAT CONTENT LT 4 PCT - PRODUCTION, MEASURED IN LB",TOTAL,NOT SPECIFIED,STATE,,98,OT,OTHER STATES,,,,,,,,00000000,,,9000,UNITED STATES,OTHER STATES,2023,MONTHLY,10,10,OCT,,2025-04-25 15:00:00.000,"19,672,000",
SURVEY,ANIMALS & PRODUCTS,DAIRY,CHEESE,"COTTAGE, LOWFAT, FAT CONTENT LT 4 PCT",ALL PRODUCTION PRACTICES,ALL UTILIZATION PRACTICES,PRODUCTION,LB,"CHEESE, COTTAGE, LOWFAT, FAT CONTENT LT 4 PCT - PRODUCTION, MEASURED IN LB",TOTAL,NOT SPECIFIED,STATE,,98,OT,OTHER STATES,,,,,,,,00000000,,,9000,UNITED STATES,OTHER STATES,2023,MONTHLY,11,11,NOV,,2025-04-25 15:00:00.000,"17,814,000",
SURVEY,ANIMALS & PRODUCTS,DAIRY,CHEESE,"COTTAGE, LOWFAT, FAT CONTENT LT 4 PCT",ALL PRODUCTION PRACTICES,ALL UTILIZATION PRACTICES,PRODUCTION,LB,"CHEESE, COTTAGE, LOWFAT, FAT CONTENT LT 4 PCT - PRODUCTION, MEASURED IN LB",TOTAL,NOT SPECIFIED,STATE,,98,OT,OTHER STATES,,,,,,,,00000000,,,9000,UNITED STATES,OTHER STATES,2023,MONTHLY,12,12,DEC,,2025-04-25 15:00:00.000,"17,746,000",
SURVEY,ANIMALS & PRODUCTS,DAIRY,CHEESE,"COTTAGE, LOWFAT, FAT CONTENT LT 4 PCT",ALL PRODUCTION PRACTICES,ALL UTILIZATION PRACTICES,PRODUCTION,LB,"CHEESE, COTTAGE, LOWFAT, FAT CONTENT LT 4 PCT - PRODUCTION, MEASURED IN LB",TOTAL,NOT SPECIFIED,STATE,36,36,NY,NEW YORK,,,,,,,,00000000,,,9000,UNITED STATES,NEW YORK,2023,MONTHLY,01,01,JAN,,2025-04-25 15:00:00.000,"8,534,000",
SURVEY,ANIMALS & PRODUCTS,DAIRY,CHEESE,"COTTAGE, LOWFAT, FAT CONTENT LT 4 PCT",ALL PRODUCTION PRACTICES,ALL UTILIZATION PRACTICES,PRODUCTION,LB,"CHEESE, COTTAGE, LOWFAT, FAT CONTENT LT 4 PCT - PRODUCTION, MEASURED IN LB",TOTAL,NOT SPECIFIED,STATE,36,36,NY,NEW YORK,,,,,,,,00000000,,,9000,UNITED STATES,NEW YORK,2023,MONTHLY,02,02,FEB,,2025-04-25 15:00:00.000,"7,667,000",
SURVEY,ANIMALS & PRODUCTS,DAIRY,CHEESE,"COTTAGE, LOWFAT, FAT CONTENT LT 4 PCT",ALL PRODUCTION PRACTICES,ALL UTILIZATION PRACTICES,PRODUCTION,LB,"CHEESE, COTTAGE, LOWFAT, FAT CONTENT LT 4 PCT - PRODUCTION, MEASURED IN LB",TOTAL,NOT SPECIFIED,STATE,36,36,NY,NEW YORK,,,,,,,,00000000,,,9000,UNITED STATES,NEW YORK,2023,MONTHLY,03,03,MAR,,2025-04-25 15:00:00.000,"8,304,000",
SURVEY,ANIMALS & PRODUCTS,DAIRY,CHEESE,"COTTAGE, LOWFAT, FAT CONTENT LT 4 PCT",ALL PRODUCTION PRACTICES,ALL UTILIZATION PRACTICES,PRODUCTION,LB,"CHEESE, COTTAGE, LOWFAT, FAT CONTENT LT 4 PCT - PRODUCTION, MEASURED IN LB",TOTAL,NOT SPECIFIED,STATE,36,36,NY,NEW YORK,,,,,,,,00000000,,,9000,UNITED STATES,NEW YORK,2023,MONTHLY,04,04,APR,,2025-04-25 15:00:00.000,"7,750,000",
SURVEY,ANIMALS & PRODUCTS,DAIRY,CHEESE,"COTTAGE, LOWFAT, FAT CONTENT LT 4 PCT",ALL PRODUCTION PRACTICES,ALL UTILIZATION PRACTICES,PRODUCTION,LB,"CHEESE, COTTAGE, LOWFAT, FAT CONTENT LT 4 PCT - PRODUCTION, MEASURED IN LB",TOTAL,NOT SPECIFIED,STATE,36,36,NY,NEW YORK,,,,,,,,00000000,,,9000,UNITED STATES,NEW YORK,2023,MONTHLY,05,05,MAY,,2025-04-25 15:00:00.000,"9,305,000",
SURVEY,ANIMALS & PRODUCTS,DAIRY,CHEESE,"COTTAGE, LOWFAT, FAT CONTENT LT 4 PCT",ALL PRODUCTION PRACTICES,ALL UTILIZATION PRACTICES,PRODUCTION,LB,"CHEESE, COTTAGE, LOWFAT, FAT CONTENT LT 4 PCT - PRODUCTION, MEASURED IN LB",TOTAL,NOT SPECIFIED,STATE,36,36,NY,NEW YORK,,,,,,,,00000000,,,9000,UNITED STATES,NEW YORK,2023,MONTHLY,06,06,JUN,,2025-04-25 15:00:00.000,"8,416,000",
SURVEY,ANIMALS & PRODUCTS,DAIRY,CHEESE,"COTTAGE, LOWFAT, FAT CONTENT LT 4 PCT",ALL PRODUCTION PRACTICES,ALL UTILIZATION PRACTICES,PRODUCTION,LB,"CHEESE, COTTAGE, LOWFAT, FAT CONTENT LT 4 PCT - PRODUCTION, MEASURED IN LB",TOTAL,NOT SPECIFIED,STATE,36,36,NY,NEW YORK,,,,,,,,00000000,,,9000,UNITED STATES,NEW YORK,2023,MONTHLY,07,07,JUL,,2025-04-25 15:00:00.000,"7,763,000",
SURVEY,ANIMALS & PRODUCTS,DAIRY,CHEESE,"COTTAGE, LOWFAT, FAT CONTENT LT 4 PCT",ALL PRODUCTION PRACTICES,ALL UTILIZATION PRACTICES,PRODUCTION,LB,"CHEESE, COTTAGE, LOWFAT, FAT CONTENT LT 4 PCT - PRODUCTION, MEASURED IN LB",TOTAL,NOT SPECIFIED,STATE,36,36,NY,NEW YORK,,,,,,,,00000000,,,9000,UNITED STATES,NEW YORK,2023,MONTHLY,08,08,AUG,,2025-04-25 15:00:00.000,"9,336,000",
SURVEY,ANIMALS & PRODUCTS,DAIRY,CHEESE,"COTTAGE, LOWFAT, FAT CONTENT LT 4 PCT",ALL PRODUCTION PRACTICES,ALL UTILIZATION PRACTICES,PRODUCTION,LB,"CHEESE, COTTAGE, LOWFAT, FAT CONTENT LT 4 PCT - PRODUCTION, MEASURED IN LB",TOTAL,NOT SPECIFIED,STATE,36,36,NY,NEW YORK,,,,,,,,00000000,,,9000,UNITED STATES,NEW YORK,2023,MONTHLY,09,09,SEP,,2025-04-25 15:00:00.000,"9,437,000",
SURVEY,ANIMALS & PRODUCTS,DAIRY,CHEESE,"COTTAGE, LOWFAT, FAT CONTENT LT 4 PCT",ALL PRODUCTION PRACTICES,ALL UTILIZATION PRACTICES,PRODUCTION,LB,"CHEESE, COTTAGE, LOWFAT, FAT CONTENT LT 4 PCT - PRODUCTION, MEASURED IN LB",TOTAL,NOT SPECIFIED,STATE,36,36,NY,NEW YORK,,,,,,,,00000000,,,9000,UNITED STATES,NEW YORK,2023,MONTHLY,10,10,OCT,,2025-04-25 15:00:00.000,"10,088,000",
SURVEY,ANIMALS & PRODUCTS,DAIRY,CHEESE,"COTTAGE, LOWFAT, FAT CONTENT LT 4 PCT",ALL PRODUCTION PRACTICES,ALL UTILIZATION PRACTICES,PRODUCTION,LB,"CHEESE, COTTAGE, LOWFAT, FAT CONTENT LT 4 PCT - PRODUCTION, MEASURED IN LB",TOTAL,NOT SPECIFIED,STATE,36,36,NY,NEW YORK,,,,,,,,00000000,,,9000,UNITED STATES,NEW YORK,2023,MONTHLY,11,11,NOV,,2025-04-25 15:00:00.000,"8,292,000",
SURVEY,ANIMALS & PRODUCTS,DAIRY,CHEESE,"COTTAGE, LOWFAT, FAT CONTENT LT 4 PCT",ALL PRODUCTION PRACTICES,ALL UTILIZATION PRACTICES,PRODUCTION,LB,"CHEESE, COTTAGE, LOWFAT, FAT CONTENT LT 4 PCT - PRODUCTION, MEASURED IN LB",TOTAL,NOT SPECIFIED,STATE,36,36,NY,NEW YORK,,,,,,,,00000000,,,9000,UNITED STATES,NEW YORK,2023,MONTHLY,12,12,DEC,,2025-04-25 15:00:00.000,"8,408,000",
SURVEY,ANIMALS & PRODUCTS,DAIRY,CHEESE,HISPANIC,ALL PRODUCTION PRACTICES,ALL UTILIZATION PRACTICES,PRODUCTION,LB,"CHEESE, HISPANIC - PRODUCTION, MEASURED IN LB",TOTAL,NOT SPECIFIED,STATE,,98,OT,OTHER STATES,,,,,,,,00000000,,,9000,UNITED STATES,OTHER STATES,2023,MONTHLY,01,01,JAN,,2025-04-25 15:00:00.000,"21,624,000",
SURVEY,ANIMALS & PRODUCTS,DAIRY,CHEESE,HISPANIC,ALL PRODUCTION PRACTICES,ALL UTILIZATION PRACTICES,PRODUCTION,LB,"CHEESE, HISPANIC - PRODUCTION, MEASURED IN LB",TOTAL,NOT SPECIFIED,STATE,,98,OT,OTHER STATES,,,,,,,,00000000,,,9000,UNITED STATES,OTHER STATES,2023,MONTHLY,02,02,FEB,,2025-04-25 15:00:00.000,"22,003,000",
SURVEY,ANIMALS & PRODUCTS,DAIRY,CHEESE,HISPANIC,ALL PRODUCTION PRACTICES,ALL UTILIZATION PRACTICES,PRODUCTION,LB,"CHEESE, HISPANIC - PRODUCTION, MEASURED IN LB",TOTAL,NOT SPECIFIED,STATE,,98,OT,OTHER STATES,,,,,,,,00000000,,,9000,UNITED STATES,OTHER STATES,2023,MONTHLY,03,03,MAR,,2025-04-25 15:00:00.000,"25,091,000",
SURVEY,ANIMALS & PRODUCTS,DAIRY,CHEESE,HISPANIC,ALL PRODUCTION PRACTICES,ALL UTILIZATION PRACTICES,PRODUCTION,LB,"CHEESE, HISPANIC - PRODUCTION, MEASURED IN LB",TOTAL,NOT SPECIFIED,STATE,,98,OT,OTHER STATES,,,,,,,,00000000,,,9000,UNITED STATES,OTHER STATES,2023,MONTHLY,04,04,APR,,2025-04-25 15:00:00.000,"22,767,000",
SURVEY,ANIMALS & PRODUCTS,DAIRY,CHEESE,HISPANIC,ALL PRODUCTION PRACTICES,ALL UTILIZATION PRACTICES,PRODUCTION,LB,"CHEESE, HISPANIC - PRODUCTION, MEASURED IN LB",TOTAL,NOT SPECIFIED,STATE,,98,OT,OTHER STATES,,,,,,,,00000000,,,9000,UNITED STATES,OTHER STATES,2023,MONTHLY,05,05,MAY,,2025-04-25 15:00:00.000,"22,606,000",
SURVEY,ANIMALS & PRODUCTS,DAIRY,CHEESE,HISPANIC,ALL PRODUCTION PRACTICES,ALL UTILIZATION PRACTICES,PRODUCTION,LB,"CHEESE, HISPANIC - PRODUCTION, MEASURED IN LB",TOTAL,NOT SPECIFIED,STATE,,98,OT,OTHER STATES,,,,,,,,00000000,,,9000,UNITED STATES,OTHER STATES,2023,MONTHLY,06,06,JUN,,2025-04-25 15:00:00.000,"22,990,000",
SURVEY,ANIMALS & PRODUCTS,DAIRY,CHEESE,HISPANIC,ALL PRODUCTION PRACTICES,ALL UTILIZATION PRACTICES,PRODUCTION,LB,"CHEESE, HISPANIC - PRODUCTION, MEASURED IN LB",TOTAL,NOT SPECIFIED,STATE,,98,OT,OTHER STATES,,,,,,,,00000000,,,9000,UNITED STATES,OTHER STATES,2023,MONTHLY,07,07,JUL,,2025-04-25 15:00:00.000,"22,611,000",
SURVEY,ANIMALS & PRODUCTS,DAIRY,CHEESE,HISPANIC,ALL PRODUCTION PRACTICES,ALL UTILIZATION PRACTICES,PRODUCTION,LB,"CHEESE, HISPANIC - PRODUCTION, MEASURED IN LB",TOTAL,NOT SPECIFIED,STATE,,98,OT,OTHER STATES,,,,,,,,00000000,,,9000,UNITED STATES,OTHER STATES,2023,MONTHLY,08,08,AUG,,2025-04-25 15:00:00.000,"26,262,000",
SURVEY,ANIMALS & PRODUCTS,DAIRY,CHEESE,HISPANIC,ALL PRODUCTION PRACTICES,ALL UTILIZATION PRACTICES,PRODUCTION,LB,"CHEESE, HISPANIC - PRODUCTION, MEASURED IN LB",TOTAL,NOT SPECIFIED,STATE,,98,OT,OTHER STATES,,,,,,,,00000000,,,9000,UNITED STATES,OTHER STATES,2023,MONTHLY,09,09,SEP,,2025-04-25 15:00:00.000,"25,784,000",
SURVEY,ANIMALS & PRODUCTS,DAIRY,CHEESE,HISPANIC,ALL PRODUCTION PRACTICES,ALL UTILIZATION PRACTICES,PRODUCTION,LB,"CHEESE, HISPANIC - PRODUCTION, MEASURED IN LB",TOTAL,NOT SPECIFIED,STATE,,98,OT,OTHER STATES,,,,,,,,00000000,,,9000,UNITED STATES,OTHER STATES,2023,MONTHLY,10,10,OCT,,2025-04-25 15:00:00.000,"24,592,000",
SURVEY,ANIMALS & PRODUCTS,DAIRY,CHEESE,HISPANIC,ALL PRODUCTION PRACTICES,ALL UTILIZATION PRACTICES,PRODUCTION,LB,"CHEESE, HISPANIC - PRODUCTION, MEASURED IN LB",TOTAL,NOT SPECIFIED,STATE,,98,OT,OTHER STATES,,,,,,,,00000000,,,9000,UNITED STATES,OTHER STATES,2023,MONTHLY,11,11,NOV,,2025-04-25 15:00:00.000,"24,761,000",
SURVEY,ANIMALS & PRODUCTS,DAIRY,CHEESE,HISPANIC,ALL PRODUCTION PRACTICES,ALL UTILIZATION PRACTICES,PRODUCTION,LB,"CHEESE, HISPANIC - PRODUCTION, MEASURED IN LB",TOTAL,NOT SPECIFIED,STATE,,98,OT,OTHER STATES,,,,,,,,00000000,,,9000,UNITED STATES,OTHER STATES,2023,MONTHLY,12,12,DEC,,2025-04-25 15:00:00.000,"28,461,000",
SURVEY,ANIMALS & PRODUCTS,DAIRY,CHEESE,HISPANIC,ALL PRODUCTION PRACTICES,ALL UTILIZATION PRACTICES,PRODUCTION,LB,"CHEESE, HISPANIC - PRODUCTION, MEASURED IN LB",TOTAL,NOT SPECIFIED,STATE,55,55,WI,WISCONSIN,,,,,,,,00000000,,,9000,UNITED STATES,WISCONSIN,2023,MONTHLY,01,01,JAN,,2025-04-25 15:00:00.000,"10,142,000",
SURVEY,ANIMALS & PRODUCTS,DAIRY,CHEESE,HISPANIC,ALL PRODUCTION PRACTICES,ALL UTILIZATION PRACTICES,PRODUCTION,LB,"CHEESE, HISPANIC - PRODUCTION, MEASURED IN LB",TOTAL,NOT SPECIFIED,STATE,55,55,WI,WISCONSIN,,,,,,,,00000000,,,9000,UNITED STATES,WISCONSIN,2023,MONTHLY,02,02,FEB,,2025-04-25 15:00:00.000,"9,818,000",
SURVEY,ANIMALS & PRODUCTS,DAIRY,CHEESE,HISPANIC,ALL PRODUCTION PRACTICES,ALL UTILIZATION PRACTICES,PRODUCTION,LB,"CHEESE, HISPANIC - PRODUCTION, MEASURED IN LB",TOTAL,NOT SPECIFIED,STATE,55,55,WI,WISCONSIN,,,,,,,,00000000,,,9000,UNITED STATES,WISCONSIN,2023,MONTHLY,03,03,MAR,,2025-04-25 15:00:00.000,"11,711,000",
SURVEY,ANIMALS & PRODUCTS,DAIRY,CHEESE,HISPANIC,ALL PRODUCTION PRACTICES,ALL UTILIZATION PRACTICES,PRODUCTION,LB,"CHEESE, HISPANIC - PRODUCTION, MEASURED IN LB",TOTAL,NOT SPECIFIED,STATE,55,55,WI,WISCONSIN,,,,,,,,00000000,,,9000,UNITED STATES,WISCONSIN,2023,MONTHLY,04,04,APR,,2025-04-25 15:00:00.000,"10,289,000",
SURVEY,ANIMALS & PRODUCTS,DAIRY,CHEESE,HISPANIC,ALL PRODUCTION PRACTICES,ALL UTILIZATION PRACTICES,PRODUCTION,LB,"CHEESE, HISPANIC - PRODUCTION, MEASURED IN LB",TOTAL,NOT SPECIFIED,STATE,55,55,WI,WISCONSIN,,,,,,,,00000000,,,9000,UNITED STATES,WISCONSIN,2023,MONTHLY,05,05,MAY,,2025-04-25 15:00:00.000,"9,777,000",
SURVEY,ANIMALS & PRODUCTS,DAIRY,CHEESE,HISPANIC,ALL PRODUCTION PRACTICES,ALL UTILIZATION PRACTICES,PRODUCTION,LB,"CHEESE, HISPANIC - PRODUCTION, MEASURED IN LB",TOTAL,NOT SPECIFIED,STATE,55,55,WI,WISCONSIN,,,,,,,,00000000,,,9000,UNITED STATES,WISCONSIN,2023,MONTHLY,06,06,JUN,,2025-04-25 15:00:00.000,"9,984,000",
SURVEY,ANIMALS & PRODUCTS,DAIRY,CHEESE,HISPANIC,ALL PRODUCTION PRACTICES,ALL UTILIZATION PRACTICES,PRODUCTION,LB,"CHEESE, HISPANIC - PRODUCTION, MEASURED IN LB",TOTAL,NOT SPECIFIED,STATE,55,55,WI,WISCONSIN,,,,,,,,00000000,,,9000,UNITED STATES,WISCONSIN,2023,MONTHLY,07,07,JUL,,2025-04-25 15:00:00.000,"10,914,000",
SURVEY,ANIMALS & PRODUCTS,DAIRY,CHEESE,HISPANIC,ALL PRODUCTION PRACTICES,ALL UTILIZATION PRACTICES,PRODUCTION,LB,"CHEESE, HISPANIC - PRODUCTION, MEASURED IN LB",TOTAL,NOT SPECIFIED,STATE,55,55,WI,WISCONSIN,,,,,,,,00000000,,,9000,UNITED STATES,WISCONSIN,2023,MONTHLY,08,08,AUG,,2025-04-25 15:00:00.000,"12,050,000",
SURVEY,ANIMALS & PRODUCTS,DAIRY,CHEESE,HISPANIC,ALL PRODUCTION PRACTICES,ALL UTILIZATION PRACTICES,PRODUCTION,LB,"CHEESE, HISPANIC - PRODUCTION, MEASURED IN LB",TOTAL,NOT SPECIFIED,STATE,55,55,WI,WISCONSIN,,,,,,,,00000000,,,9000,UNITED STATES,WISCONSIN,2023,MONTHLY,09,09,SEP,,2025-04-25 15:00:00.000,"10,954,000",
SURVEY,ANIMALS & PRODUCTS,DAIRY,CHEESE,HISPANIC,ALL PRODUCTION PRACTICES,ALL UTILIZATION PRACTICES,PRODUCTION,LB,"CHEESE, HISPANIC - PRODUCTION, MEASURED IN LB",TOTAL,NOT SPECIFIED,STATE,55,55,WI,WISCONSIN,,,,,,,,00000000,,,9000,UNITED STATES,WISCONSIN,2023,MONTHLY,10,10,OCT,,2025-04-25 15:00:00.000,"11,904,000",
SURVEY,ANIMALS & PRODUCTS,DAIRY,CHEESE,HISPANIC,ALL PRODUCTION PRACTICES,ALL UTILIZATION PRACTICES,PRODUCTION,LB,"CHEESE, HISPANIC - PRODUCTION, MEASURED IN LB",TOTAL,NOT SPECIFIED,STATE,55,55,WI,WISCONSIN,,,,,,,,00000000,,,9000,UNITED STATES,WISCONSIN,2023,MONTHLY,11,11,NOV,,2025-04-25 15:00:00.000,"11,735,000",
SURVEY,ANIMALS & PRODUCTS,DAIRY,CHEESE,HISPANIC,ALL PRODUCTION PRACTICES,ALL UTILIZATION PRACTICES,PRODUCTION,LB,"CHEESE, HISPANIC - PRODUCTION, MEASURED IN LB",TOTAL,NOT SPECIFIED,STATE,55,55,WI,WISCONSIN,,,,,,,,00000000,,,9000,UNITED STATES,WISCONSIN,2023,MONTHLY,12,12,DEC,,2025-04-25 15:00:00.000,"10,752,000",
SURVEY,ANIMALS & PRODUCTS,DAIRY,CHEESE,ITALIAN,ALL PRODUCTION PRACTICES,ALL UTILIZATION PRACTICES,PRODUCTION,LB,"CHEESE, ITALIAN - PRODUCTION, MEASURED IN LB",TOTAL,NOT SPECIFIED,STATE,,98,OT,OTHER STATES,,,,,,,,00000000,,,9000,UNITED STATES,OTHER STATES,2023,MONTHLY,01,01,JAN,,2025-04-25 15:00:00.000,"156,719,000",
SURVEY,ANIMALS & PRODUCTS,DAIRY,CHEESE,ITALIAN,ALL PRODUCTION PRACTICES,ALL UTILIZATION PRACTICES,PRODUCTION,LB,"CHEESE, ITALIAN - PRODUCTION, MEASURED IN LB",TOTAL,NOT SPECIFIED,STATE,,98,OT,OTHER STATES,,,,,,,,00000000,,,9000,UNITED STATES,OTHER STATES,2023,MONTHLY,02,02,FEB,,2025-04-25 15:00:00.000,"136,009,000",
SURVEY,ANIMALS & PRODUCTS,DAIRY,CHEESE,ITALIAN,ALL PRODUCTION PRACTICES,ALL UTILIZATION PRACTICES,PRODUCTION,LB,"CHEESE, ITALIAN - PRODUCTION, MEASURED IN LB",TOTAL,NOT SPECIFIED,STATE,,98,OT,OTHER STATES,,,,,,,,00000000,,,9000,UNITED STATES,OTHER STATES,2023,MONTHLY,03,03,MAR,,2025-04-25 15:00:00.000,"143,025,000",
SURVEY,ANIMALS & PRODUCTS,DAIRY,CHEESE,ITALIAN,ALL PRODUCTION PRACTICES,ALL UTILIZATION PRACTICES,PRODUCTION,LB,"CHEESE, ITALIAN - PRODUCTION, MEASURED IN LB",TOTAL,NOT SPECIFIED,STATE,,98,OT,OTHER STATES,,,,,,,,00000000,,,9000,UNITED STATES,OTHER STATES,2023,MONTHLY,04,04,APR,,2025-04-25 15:00:00.000,"142,168,000",
SURVEY,ANIMALS & PRODUCTS,DAIRY,CHEESE,ITALIAN,ALL PRODUCTION PRACTICES,ALL UTILIZATION PRACTICES,PRODUCTION,LB,"CHEESE, ITALIAN - PRODUCTION, MEASURED IN LB",TOTAL,NOT SPECIFIED,STATE,,98,OT,OTHER STATES,,,,,,,,00000000,,,9000,UNITED STATES,OTHER STATES,2023,MONTHLY,05,05,MAY,,2025-04-25 15:00:00.000,"132,314,000",
SURVEY,ANIMALS & PRODUCTS,DAIRY,CHEESE,ITALIAN,ALL PRODUCTION PRACTICES,ALL UTILIZATION PRACTICES,PRODUCTION,LB,"CHEESE, ITALIAN - PRODUCTION, MEASURED IN LB",TOTAL,NOT SPECIFIED,STATE,,98,OT,OTHER STATES,,,,,,,,00000000,,,9000,UNITED STATES,OTHER STATES,2023,MONTHLY,06,06,JUN,,2025-04-25 15:00:00.000,"141,939,000",
SURVEY,ANIMALS & PRODUCTS,DAIRY,CHEESE,ITALIAN,ALL PRODUCTION PRACTICES,ALL UTILIZATION PRACTICES,PRODUCTION,LB,"CHEESE, ITALIAN - PRODUCTION, MEASURED IN LB",TOTAL,NOT SPECIFIED,STATE,,98,OT,OTHER STATES,,,,,,,,00000000,,,9000,UNITED STATES,OTHER STATES,2023,MONTHLY,07,07,JUL,,2025-04-25 15:00:00.000,"145,588,000",
SURVEY,ANIMALS & PRODUCTS,DAIRY,CHEESE,ITALIAN,ALL PRODUCTION PRACTICES,ALL UTILIZATION PRACTICES,PRODUCTION,LB,"CHEESE, ITALIAN - PRODUCTION, MEASURED IN LB",TOTAL,NOT SPECIFIED,STATE,,98,OT,OTHER STATES,,,,,,,,00000000,,,9000,UNITED STATES,OTHER STATES,2023,MONTHLY,08,08,AUG,,2025-04-25 15:00:00.000,"141,050,000",
SURVEY,ANIMALS & PRODUCTS,DAIRY,CHEESE,ITALIAN,ALL PRODUCTION PRACTICES,ALL UTILIZATION PRACTICES,PRODUCTION,LB,"CHEESE, ITALIAN - PRODUCTION, MEASURED IN LB",TOTAL,NOT SPECIFIED,STATE,,98,OT,OTHER STATES,,,,,,,,00000000,,,9000,UNITED STATES,OTHER STATES,2023,MONTHLY,09,09,SEP,,2025-04-25 15:00:00.000,"149,053,000",
SURVEY,ANIMALS & PRODUCTS,DAIRY,CHEESE,ITALIAN,ALL PRODUCTION PRACTICES,ALL UTILIZATION PRACTICES,PRODUCTION,LB,"CHEESE, ITALIAN - PRODUCTION, MEASURED IN LB",TOTAL,NOT SPECIFIED,STATE,,98,OT,OTHER STATES,,,,,,,,00000000,,,9000,UNITED STATES,OTHER STATES,2023,MONTHLY,10,10,OCT,,2025-04-25 15:00:00.000,"155,732,000",
SURVEY,ANIMALS & PRODUCTS,DAIRY,CHEESE,ITALIAN,ALL PRODUCTION PRACTICES,ALL UTILIZATION PRACTICES,PRODUCTION,LB,"CHEESE, ITALIAN - PRODUCTION, MEASURED IN LB",TOTAL,NOT SPECIFIED,STATE,,98,OT,OTHER STATES,,,,,,,,00000000,,,9000,UNITED STATES,OTHER STATES,2023,MONTHLY,11,11,NOV,,2025-04-25 15:00:00.000,"142,822,000",
SURVEY,ANIMALS & PRODUCTS,DAIRY,CHEESE,ITALIAN,ALL PRODUCTION PRACTICES,ALL UTILIZATION PRACTICES,PRODUCTION,LB,"CHEESE, ITALIAN - PRODUCTION, MEASURED IN LB",TOTAL,NOT SPECIFIED,STATE,,98,OT,OTHER STATES,,,,,,,,00000000,,,9000,UNITED STATES,OTHER STATES,2023,MONTHLY,12,12,DEC,,2025-04-25 15:00:00.000,"158,342,000",
SURVEY,ANIMALS & PRODUCTS,DAIRY,CHEESE,ITALIAN,ALL PRODUCTION PRACTICES,ALL UTILIZATION PRACTICES,PRODUCTION,LB,"CHEESE, ITALIAN - PRODUCTION, MEASURED IN LB",TOTAL,NOT SPECIFIED,STATE,06,06,CA,CALIFORNIA,,,,,,,,00000000,,,9000,UNITED STATES,CALIFORNIA,2023,MONTHLY,01,01,JAN,,2025-04-25 15:00:00.000,"136,739,000",
SURVEY,ANIMALS & PRODUCTS,DAIRY,CHEESE,ITALIAN,ALL PRODUCTION PRACTICES,ALL UTILIZATION PRACTICES,PRODUCTION,LB,"CHEESE, ITALIAN - PRODUCTION, MEASURED IN LB",TOTAL,NOT SPECIFIED,STATE,06,06,CA,CALIFORNIA,,,,,,,,00000000,,,9000,UNITED STATES,CALIFORNIA,2023,MONTHLY,02,02,FEB,,2025-04-25 15:00:00.000,"134,920,000",
SURVEY,ANIMALS & PRODUCTS,DAIRY,CHEESE,ITALIAN,ALL PRODUCTION PRACTICES,ALL UTILIZATION PRACTICES,PRODUCTION,LB,"CHEESE, ITALIAN - PRODUCTION, MEASURED IN LB",TOTAL,NOT SPECIFIED,STATE,06,06,CA,CALIFORNIA,,,,,,,,00000000,,,9000,UNITED STATES,CALIFORNIA,2023,MONTHLY,03,03,MAR,,2025-04-25 15:00:00.000,"143,296,000",
SURVEY,ANIMALS & PRODUCTS,DAIRY,CHEESE,ITALIAN,ALL PRODUCTION PRACTICES,ALL UTILIZATION PRACTICES,PRODUCTION,LB,"CHEESE, ITALIAN - PRODUCTION, MEASURED IN LB",TOTAL,NOT SPECIFIED,STATE,06,06,CA,CALIFORNIA,,,,,,,,00000000,,,9000,UNITED STATES,CALIFORNIA,2023,MONTHLY,04,04,APR,,2025-04-25 15:00:00.000,"137,276,000",
SURVEY,ANIMALS & PRODUCTS,DAIRY,CHEESE,ITALIAN,ALL PRODUCTION PRACTICES,ALL UTILIZATION PRACTICES,PRODUCTION,LB,"CHEESE, ITALIAN - PRODUCTION, MEASURED IN LB",TOTAL,NOT SPECIFIED,STATE,06,06,CA,CALIFORNIA,,,,,,,,00000000,,,9000,UNITED STATES,CALIFORNIA,2023,MONTHLY,05,05,MAY,,2025-04-25 15:00:00.000,"144,973,000",
SURVEY,ANIMALS & PRODUCTS,DAIRY,CHEESE,ITALIAN,ALL PRODUCTION PRACTICES,ALL UTILIZATION PRACTICES,PRODUCTION,LB,"CHEESE, ITALIAN - PRODUCTION, MEASURED IN LB",TOTAL,NOT SPECIFIED,STATE,06,06,CA,CALIFORNIA,,,,,,,,00000000,,,9000,UNITED STATES,CALIFORNIA,2023,MONTHLY,06,06,JUN,,2025-04-25 15:00:00.000,"138,193,000",
SURVEY,ANIMALS & PRODUCTS,DAIRY,CHEESE,ITALIAN,ALL PRODUCTION PRACTICES,ALL UTILIZATION PRACTICES,PRODUCTION,LB,"CHEESE, ITALIAN - PRODUCTION, MEASURED IN LB",TOTAL,NOT SPECIFIED,STATE,06,06,CA,CALIFORNIA,,,,,,,,00000000,,,9000,UNITED STATES,CALIFORNIA,2023,MONTHLY,07,07,JUL,,2025-04-25 15:00:00.000,"135,044,000",
SURVEY,ANIMALS & PRODUCTS,DAIRY,CHEESE,ITALIAN,ALL PRODUCTION PRACTICES,ALL UTILIZATION PRACTICES,PRODUCTION,LB,"CHEESE, ITALIAN - PRODUCTION, MEASURED IN LB",TOTAL,NOT SPECIFIED,STATE,06,06,CA,CALIFORNIA,,,,,,,,00000000,,,9000,UNITED STATES,CALIFORNIA,2023,MONTHLY,08,08,AUG,,2025-04-25 15:00:00.000,"134,571,000",
SURVEY,ANIMALS & PRODUCTS,DAIRY,CHEESE,ITALIAN,ALL PRODUCTION PRACTICES,ALL UTILIZATION PRACTICES,PRODUCTION,LB,"CHEESE, ITALIAN - PRODUCTION, MEASURED IN LB",TOTAL,NOT SPECIFIED,STATE,06,06,CA,CALIFORNIA,,,,,,,,00000000,,,9000,UNITED STATES,CALIFORNIA,2023,MONTHLY,09,09,SEP,,2025-04-25 15:00:00.000,"131,566,000",
SURVEY,ANIMALS & PRODUCTS,DAIRY,CHEESE,ITALIAN,ALL PRODUCTION PRACTICES,ALL UTILIZATION PRACTICES,PRODUCTION,LB,"CHEESE, ITALIAN - PRODUCTION, MEASURED IN LB",TOTAL,NOT SPECIFIED,STATE,06,06,CA,CALIFORNIA,,,,,,,,00000000,,,9000,UNITED STATES,CALIFORNIA,2023,MONTHLY,10,10,OCT,,2025-04-25 15:00:00.000,"140,763,000",
SURVEY,ANIMALS & PRODUCTS,DAIRY,CHEESE,ITALIAN,ALL PRODUCTION PRACTICES,ALL UTILIZATION PRACTICES,PRODUCTION,LB,"CHEESE, ITALIAN - PRODUCTION, MEASURED IN LB",TOTAL,NOT SPECIFIED,STATE,06,06,CA,CALIFORNIA,,,,,,,,00000000,,,9000,UNITED STATES,CALIFORNIA,2023,MONTHLY,11,11,NOV,,2025-04-25 15:00:00.000,"138,462,000",
SURVEY,ANIMALS & PRODUCTS,DAIRY,CHEESE,ITALIAN,ALL PRODUCTION PRACTICES,ALL UTILIZATION PRACTICES,PRODUCTION,LB,"CHEESE, ITALIAN - PRODUCTION, MEASURED IN LB",TOTAL,NOT SPECIFIED,STATE,06,06,CA,CALIFORNIA,,,,,,,,00000000,,,9000,UNITED STATES,CALIFORNIA,2023,MONTHLY,12,12,DEC,,2025-04-25 15:00:00.000,"138,771,000",
SURVEY,ANIMALS & PRODUCTS,DAIRY,CHEESE,ITALIAN,ALL PRODUCTION PRACTICES,ALL UTILIZATION PRACTICES,PRODUCTION,LB,"CHEESE, ITALIAN - PRODUCTION, MEASURED IN LB",TOTAL,NOT SPECIFIED,STATE,27,27,MN,MINNESOTA,,,,,,,,00000000,,,9000,UNITED STATES,MINNESOTA,2023,MONTHLY,01,01,JAN,,2025-04-25 15:00:00.000,"10,635,000",
SURVEY,ANIMALS & PRODUCTS,DAIRY,CHEESE,ITALIAN,ALL PRODUCTION PRACTICES,ALL UTILIZATION PRACTICES,PRODUCTION,LB,"CHEESE, ITALIAN - PRODUCTION, MEASURED IN LB",TOTAL,NOT SPECIFIED,STATE,27,27,MN,MINNESOTA,,,,,,,,00000000,,,9000,UNITED STATES,MINNESOTA,2023,MONTHLY,02,02,FEB,,2025-04-25 15:00:00.000,"10,718,000",
SURVEY,ANIMALS & PRODUCTS,DAIRY,CHEESE,ITALIAN,ALL PRODUCTION PRACTICES,ALL UTILIZATION PRACTICES,PRODUCTION,LB,"CHEESE, ITALIAN - PRODUCTION, MEASURED IN LB",TOTAL,NOT SPECIFIED,STATE,27,27,MN,MINNESOTA,,,,,,,,00000000,,,9000,UNITED STATES,MINNESOTA,2023,MONTHLY,03,03,MAR,,2025-04-25 15:00:00.000,"11,202,000",
SURVEY,ANIMALS & PRODUCTS,DAIRY,CHEESE,ITALIAN,ALL PRODUCTION PRACTICES,ALL UTILIZATION PRACTICES,PRODUCTION,LB,"CHEESE, ITALIAN - PRODUCTION, MEASURED IN LB",TOTAL,NOT SPECIFIED,STATE,27,27,MN,MINNESOTA,,,,,,,,00000000,,,9000,UNITED STATES,MINNESOTA,2023,MONTHLY,04,04,APR,,2025-04-25 15:00:00.000,"10,090,000",
SURVEY,ANIMALS & PRODUCTS,DAIRY,CHEESE,ITALIAN,ALL PRODUCTION PRACTICES,ALL UTILIZATION PRACTICES,PRODUCTION,LB,"CHEESE, ITALIAN - PRODUCTION, MEASURED IN LB",TOTAL,NOT SPECIFIED,STATE,27,27,MN,MINNESOTA,,,,,,,,00000000,,,9000,UNITED STATES,MINNESOTA,2023,MONTHLY,05,05,MAY,,2025-04-25 15:00:00.000,"11,706,000",
SURVEY,ANIMALS & PRODUCTS,DAIRY,CHEESE,ITALIAN,ALL PRODUCTION PRACTICES,ALL UTILIZATION PRACTICES,PRODUCTION,LB,"CHEESE, ITALIAN - PRODUCTION, MEASURED IN LB",TOTAL,NOT SPECIFIED,STATE,27,27,MN,MINNESOTA,,,,,,,,00000000,,,9000,UNITED STATES,MINNESOTA,2023,MONTHLY,06,06,JUN,,2025-04-25 15:00:00.000,"10,436,000",
SURVEY,ANIMALS & PRODUCTS,DAIRY,CHEESE,ITALIAN,ALL PRODUCTION PRACTICES,ALL UTILIZATION PRACTICES,PRODUCTION,LB,"CHEESE, ITALIAN - PRODUCTION, MEASURED IN LB",TOTAL,NOT SPECIFIED,STATE,27,27,MN,MINNESOTA,,,,,,,,00000000,,,9000,UNITED STATES,MINNESOTA,2023,MONTHLY,07,07,JUL,,2025-04-25 15:00:00.000,"10,269,000",
SURVEY,ANIMALS & PRODUCTS,DAIRY,CHEESE,ITALIAN,ALL PRODUCTION PRACTICES,ALL UTILIZATION PRACTICES,PRODUCTION,LB,"CHEESE, ITALIAN - PRODUCTION, MEASURED IN LB",TOTAL,NOT SPECIFIED,STATE,27,27,MN,MINNESOTA,,,,,,,,00000000,,,9000,UNITED STATES,MINNESOTA,2023,MONTHLY,08,08,AUG,,2025-04-25 15:00:00.000,"10,223,000",
SURVEY,ANIMALS & PRODUCTS,DAIRY,CHEESE,ITALIAN,ALL PRODUCTION PRACTICES,ALL UTILIZATION PRACTICES,PRODUCTION,LB,"CHEESE, ITALIAN - PRODUCTION, MEASURED IN LB",TOTAL,NOT SPECIFIED,STATE,27,27,MN,MINNESOTA,,,,,,,,00000000,,,9000,UNITED STATES,MINNESOTA,2023,MONTHLY,09,09,SEP,,2025-04-25 15:00:00.000,"8,402,000",
SURVEY,ANIMALS & PRODUCTS,DAIRY,CHEESE,ITALIAN,ALL PRODUCTION PRACTICES,ALL UTILIZATION PRACTICES,PRODUCTION,LB,"CHEESE, ITALIAN - PRODUCTION, MEASURED IN LB",TOTAL,NOT SPECIFIED,STATE,27,27,MN,MINNESOTA,,,,,,,,00000000,,,9000,UNITED STATES,MINNESOTA,2023,MONTHLY,10,10,OCT,,2025-04-25 15:00:00.000,"10,793,000",
SURVEY,ANIMALS & PRODUCTS,DAIRY,CHEESE,ITALIAN,ALL PRODUCTION PRACTICES,ALL UTILIZATION PRACTICES,PRODUCTION,LB,"CHEESE, ITALIAN - PRODUCTION, MEASURED IN LB",TOTAL,NOT SPECIFIED,STATE,27,27,MN,MINNESOTA,,,,,,,,00000000,,,9000,UNITED STATES,MINNESOTA,2023,MONTHLY,11,11,NOV,,2025-04-25 15:00:00.000,"9,587,000",
SURVEY,ANIMALS & PRODUCTS,DAIRY,CHEESE,ITALIAN,ALL PRODUCTION PRACTICES,ALL UTILIZATION PRACTICES,PRODUCTION,LB,"CHEESE, ITALIAN - PRODUCTION, MEASURED IN LB",TOTAL,NOT SPECIFIED,STATE,27,27,MN,MINNESOTA,,,,,,,,00000000,,,9000,UNITED STATES,MINNESOTA,2023,MONTHLY,12,12,DEC,,2025-04-25 15:00:00.000,"10,933,000",
SURVEY,ANIMALS & PRODUCTS,DAIRY,CHEESE,ITALIAN,ALL PRODUCTION PRACTICES,ALL UTILIZATION PRACTICES,PRODUCTION,LB,"CHEESE, ITALIAN - PRODUCTION, MEASURED IN LB",TOTAL,NOT SPECIFIED,STATE,34,34,NJ,NEW JERSEY,,,,,,,,00000000,,,9000,UNITED STATES,NEW JERSEY,2023,MONTHLY,01,01,JAN,,2025-04-25 15:00:00.000,"3,673,000",
SURVEY,ANIMALS & PRODUCTS,DAIRY,CHEESE,ITALIAN,ALL PRODUCTION PRACTICES,ALL UTILIZATION PRACTICES,PRODUCTION,LB,"CHEESE, ITALIAN - PRODUCTION, MEASURED IN LB",TOTAL,NOT SPECIFIED,STATE,34,34,NJ,NEW JERSEY,,,,,,,,00000000,,,9000,UNITED STATES,NEW JERSEY,2023,MONTHLY,02,02,FEB,,2025-04-25 15:00:00.000,"2,476,000",
SURVEY,ANIMALS & PRODUCTS,DAIRY,CHEESE,ITALIAN,ALL PRODUCTION PRACTICES,ALL UTILIZATION PRACTICES,PRODUCTION,LB,"CHEESE, ITALIAN - PRODUCTION, MEASURED IN LB",TOTAL,NOT SPECIFIED,STATE,34,34,NJ,NEW JERSEY,,,,,,,,00000000,,,9000,UNITED STATES,NEW JERSEY,2023,MONTHLY,03,03,MAR,,2025-04-25 15:00:00.000,"3,227,000",
SURVEY,ANIMALS & PRODUCTS,DAIRY,CHEESE,ITALIAN,ALL PRODUCTION PRACTICES,ALL UTILIZATION PRACTICES,PRODUCTION,LB,"CHEESE, ITALIAN - PRODUCTION, MEASURED IN LB",TOTAL,NOT SPECIFIED,STATE,34,34,NJ,NEW JERSEY,,,,,,,,00000000,,,9000,UNITED STATES,NEW JERSEY,2023,MONTHLY,04,04,APR,,2025-04-25 15:00:00.000,"2,372,000",
SURVEY,ANIMALS & PRODUCTS,DAIRY,CHEESE,ITALIAN,ALL PRODUCTION PRACTICES,ALL UTILIZATION PRACTICES,PRODUCTION,LB,"CHEESE, ITALIAN - PRODUCTION, MEASURED IN LB",TOTAL,NOT SPECIFIED,STATE,34,34,NJ,NEW JERSEY,,,,,,,,00000000,,,9000,UNITED STATES,NEW JERSEY,2023,MONTHLY,05,05,MAY,,2025-04-25 15:00:00.000,"2,794,000",
SURVEY,ANIMALS & PRODUCTS,DAIRY,CHEESE,ITALIAN,ALL PRODUCTION PRACTICES,ALL UTILIZATION PRACTICES,PRODUCTION,LB,"CHEESE, ITALIAN - PRODUCTION, MEASURED IN LB",TOTAL,NOT SPECIFIED,STATE,34,34,NJ,NEW JERSEY,,,,,,,,00000000,,,9000,UNITED STATES,NEW JERSEY,2023,MONTHLY,06,06,JUN,,2025-04-25 15:00:00.000,"2,777,000",
SURVEY,ANIMALS & PRODUCTS,DAIRY,CHEESE,ITALIAN,ALL PRODUCTION PRACTICES,ALL UTILIZATION PRACTICES,PRODUCTION,LB,"CHEESE, ITALIAN - PRODUCTION, MEASURED IN LB",TOTAL,NOT SPECIFIED,STATE,34,34,NJ,NEW JERSEY,,,,,,,,00000000,,,9000,UNITED STATES,NEW JERSEY,2023,MONTHLY,07,07,JUL,,2025-04-25 15:00:00.000,"3,132,000",
SURVEY,ANIMALS & PRODUCTS,DAIRY,CHEESE,ITALIAN,ALL PRODUCTION PRACTICES,ALL UTILIZATION PRACTICES,PRODUCTION,LB,"CHEESE, ITALIAN - PRODUCTION, MEASURED IN LB",TOTAL,NOT SPECIFIED,STATE,34,34,NJ,NEW JERSEY,,,,,,,,00000000,,,9000,UNITED STATES,NEW JERSEY,2023,MONTHLY,08,08,AUG,,2025-04-25 15:00:00.000,"3,061,000",
SURVEY,ANIMALS & PRODUCTS,DAIRY,CHEESE,ITALIAN,ALL PRODUCTION PRACTICES,ALL UTILIZATION PRACTICES,PRODUCTION,LB,"CHEESE, ITALIAN - PRODUCTION, MEASURED IN LB",TOTAL,NOT SPECIFIED,STATE,34,34,NJ,NEW JERSEY,,,,,,,,00000000,,,9000,UNITED STATES,NEW JERSEY,2023,MONTHLY,09,09,SEP,,2025-04-25 15:00:00.000,"3,080,000",
SURVEY,ANIMALS & PRODUCTS,DAIRY,CHEESE,ITALIAN,ALL PRODUCTION PRACTICES,ALL UTILIZATION PRACTICES,PRODUCTION,LB,"CHEESE, ITALIAN - PRODUCTION, MEASURED IN LB",TOTAL,NOT SPECIFIED,STATE,34,34,NJ,NEW JERSEY,,,,,,,,00000000,,,9000,UNITED STATES,NEW JERSEY,2023,MONTHLY,10,10,OCT,,2025-04-25 15:00:00.000,"3,575,000",
SURVEY,ANIMALS & PRODUCTS,DAIRY,CHEESE,ITALIAN,ALL PRODUCTION PRACTICES,ALL UTILIZATION PRACTICES,PRODUCTION,LB,"CHEESE, ITALIAN - PRODUCTION, MEASURED IN LB",TOTAL,NOT SPECIFIED,STATE,34,34,NJ,NEW JERSEY,,,,,,,,00000000,,,9000,UNITED STATES,NEW JERSEY,2023,MONTHLY,11,11,NOV,,2025-04-25 15:00:00.000,"3,363,000",
SURVEY,ANIMALS & PRODUCTS,DAIRY,CHEESE,ITALIAN,ALL PRODUCTION PRACTICES,ALL UTILIZATION PRACTICES,PRODUCTION,LB,"CHEESE, ITALIAN - PRODUCTION, MEASURED IN LB",TOTAL,NOT SPECIFIED,STATE,34,34,NJ,NEW JERSEY,,,,,,,,00000000,,,9000,UNITED STATES,NEW JERSEY,2023,MONTHLY,12,12,DEC,,2025-04-25 15:00:00.000,"3,493,000",
SURVEY,ANIMALS & PRODUCTS,DAIRY,CHEESE,ITALIAN,ALL PRODUCTION PRACTICES,ALL UTILIZATION PRACTICES,PRODUCTION,LB,"CHEESE, ITALIAN - PRODUCTION, MEASURED IN LB",TOTAL,NOT SPECIFIED,STATE,36,36,NY,NEW YORK,,,,,,,,00000000,,,9000,UNITED STATES,NEW YORK,2023,MONTHLY,01,01,JAN,,2025-04-25 15:00:00.000,"28,695,000",
SURVEY,ANIMALS & PRODUCTS,DAIRY,CHEESE,ITALIAN,ALL PRODUCTION PRACTICES,ALL UTILIZATION PRACTICES,PRODUCTION,LB,"CHEESE, ITALIAN - PRODUCTION, MEASURED IN LB",TOTAL,NOT SPECIFIED,STATE,36,36,NY,NEW YORK,,,,,,,,00000000,,,9000,UNITED STATES,NEW YORK,2023,MONTHLY,02,02,FEB,,2025-04-25 15:00:00.000,"25,675,000",
SURVEY,ANIMALS & PRODUCTS,DAIRY,CHEESE,ITALIAN,ALL PRODUCTION PRACTICES,ALL UTILIZATION PRACTICES,PRODUCTION,LB,"CHEESE, ITALIAN - PRODUCTION, MEASURED IN LB",TOTAL,NOT SPECIFIED,STATE,36,36,NY,NEW YORK,,,,,,,,00000000,,,9000,UNITED STATES,NEW YORK,2023,MONTHLY,03,03,MAR,,2025-04-25 15:00:00.000,"31,699,000",
SURVEY,ANIMALS & PRODUCTS,DAIRY,CHEESE,ITALIAN,ALL PRODUCTION PRACTICES,ALL UTILIZATION PRACTICES,PRODUCTION,LB,"CHEESE, ITALIAN - PRODUCTION, MEASURED IN LB",TOTAL,NOT SPECIFIED,STATE,36,36,NY,NEW YORK,,,,,,,,00000000,,,9000,UNITED STATES,NEW YORK,2023,MONTHLY,04,04,APR,,2025-04-25 15:00:00.000,"26,789,000",
SURVEY,ANIMALS & PRODUCTS,DAIRY,CHEESE,ITALIAN,ALL PRODUCTION PRACTICES,ALL UTILIZATION PRACTICES,PRODUCTION,LB,"CHEESE, ITALIAN - PRODUCTION, MEASURED IN LB",TOTAL,NOT SPECIFIED,STATE,36,36,NY,NEW YORK,,,,,,,,00000000,,,9000,UNITED STATES,NEW YORK,2023,MONTHLY,05,05,MAY,,2025-04-25 15:00:00.000,"27,136,000",
SURVEY,ANIMALS & PRODUCTS,DAIRY,CHEESE,ITALIAN,ALL PRODUCTION PRACTICES,ALL UTILIZATION PRACTICES,PRODUCTION,LB,"CHEESE, ITALIAN - PRODUCTION, MEASURED IN LB",TOTAL,NOT SPECIFIED,STATE,36,36,NY,NEW YORK,,,,,,,,00000000,,,9000,UNITED STATES,NEW YORK,2023,MONTHLY,06,06,JUN,,2025-04-25 15:00:00.000,"28,183,000",
SURVEY,ANIMALS & PRODUCTS,DAIRY,CHEESE,ITALIAN,ALL PRODUCTION PRACTICES,ALL UTILIZATION PRACTICES,PRODUCTION,LB,"CHEESE, ITALIAN - PRODUCTION, MEASURED IN LB",TOTAL,NOT SPECIFIED,STATE,36,36,NY,NEW YORK,,,,,,,,00000000,,,9000,UNITED STATES,NEW YORK,2023,MONTHLY,07,07,JUL,,2025-04-25 15:00:00.000,"27,303,000",
SURVEY,ANIMALS & PRODUCTS,DAIRY,CHEESE,ITALIAN,ALL PRODUCTION PRACTICES,ALL UTILIZATION PRACTICES,PRODUCTION,LB,"CHEESE, ITALIAN - PRODUCTION, MEASURED IN LB",TOTAL,NOT SPECIFIED,STATE,36,36,NY,NEW YORK,,,,,,,,00000000,,,9000,UNITED STATES,NEW YORK,2023,MONTHLY,08,08,AUG,,2025-04-25 15:00:00.000,"29,927,000",
SURVEY,ANIMALS & PRODUCTS,DAIRY,CHEESE,ITALIAN,ALL PRODUCTION PRACTICES,ALL UTILIZATION PRACTICES,PRODUCTION,LB,"CHEESE, ITALIAN - PRODUCTION, MEASURED IN LB",TOTAL,NOT SPECIFIED,STATE,36,36,NY,NEW YORK,,,,,,,,00000000,,,9000,UNITED STATES,NEW YORK,2023,MONTHLY,09,09,SEP,,2025-04-25 15:00:00.000,"28,040,000",
SURVEY,ANIMALS & PRODUCTS,DAIRY,CHEESE,ITALIAN,ALL PRODUCTION PRACTICES,ALL UTILIZATION PRACTICES,PRODUCTION,LB,"CHEESE, ITALIAN - PRODUCTION, MEASURED IN LB",TOTAL,NOT SPECIFIED,STATE,36,36,NY,NEW YORK,,,,,,,,00000000,,,9000,UNITED STATES,NEW YORK,2023,MONTHLY,10,10,OCT,,2025-04-25 15:00:00.000,"31,226,000",
SURVEY,ANIMALS & PRODUCTS,DAIRY,CHEESE,ITALIAN,ALL PRODUCTION PRACTICES,ALL UTILIZATION PRACTICES,PRODUCTION,LB,"CHEESE, ITALIAN - PRODUCTION, MEASURED IN LB",TOTAL,NOT SPECIFIED,STATE,36,36,NY,NEW YORK,,,,,,,,00000000,,,9000,UNITED STATES,NEW YORK,2023,MONTHLY,11,11,NOV,,2025-04-25 15:00:00.000,"30,759,000",
SURVEY,ANIMALS & PRODUCTS,DAIRY,CHEESE,ITALIAN,ALL PRODUCTION PRACTICES,ALL UTILIZATION PRACTICES,PRODUCTION,LB,"CHEESE, ITALIAN - PRODUCTION, MEASURED IN LB",TOTAL,NOT SPECIFIED,STATE,36,36,NY,NEW YORK,,,,,,,,00000000,,,9000,UNITED STATES,NEW YORK,2023,MONTHLY,12,12,DEC,,2025-04-25 15:00:00.000,"29,547,000",
SURVEY,ANIMALS & PRODUCTS,DAIRY,CHEESE,ITALIAN,ALL PRODUCTION PRACTICES,ALL UTILIZATION PRACTICES,PRODUCTION,LB,"CHEESE, ITALIAN - PRODUCTION, MEASURED IN LB",TOTAL,NOT SPECIFIED,STATE,42,42,PA,PENNSYLVANIA,,,,,,,,00000000,,,9000,UNITED STATES,PENNSYLVANIA,2023,MONTHLY,01,01,JAN,,2025-04-25 15:00:00.000,"24,766,000",
SURVEY,ANIMALS & PRODUCTS,DAIRY,CHEESE,ITALIAN,ALL PRODUCTION PRACTICES,ALL UTILIZATION PRACTICES,PRODUCTION,LB,"CHEESE, ITALIAN - PRODUCTION, MEASURED IN LB",TOTAL,NOT SPECIFIED,STATE,42,42,PA,PENNSYLVANIA,,,,,,,,00000000,,,9000,UNITED STATES,PENNSYLVANIA,2023,MONTHLY,02,02,FEB,,2025-04-25 15:00:00.000,"22,045,000",
SURVEY,ANIMALS & PRODUCTS,DAIRY,CHEESE,ITALIAN,ALL PRODUCTION PRACTICES,ALL UTILIZATION PRACTICES,PRODUCTION,LB,"CHEESE, ITALIAN - PRODUCTION, MEASURED IN LB",TOTAL,NOT SPECIFIED,STATE,42,42,PA,PENNSYLVANIA,,,,,,,,00000000,,,9000,UNITED STATES,PENNSYLVANIA,2023,MONTHLY,03,03,MAR,,2025-04-25 15:00:00.000,"24,274,000",
SURVEY,ANIMALS & PRODUCTS,DAIRY,CHEESE,ITALIAN,ALL PRODUCTION PRACTICES,ALL UTILIZATION PRACTICES,PRODUCTION,LB,"CHEESE, ITALIAN - PRODUCTION, MEASURED IN LB",TOTAL,NOT SPECIFIED,STATE,42,42,PA,PENNSYLVANIA,,,,,,,,00000000,,,9000,UNITED STATES,PENNSYLVANIA,2023,MONTHLY,04,04,APR,,2025-04-25 15:00:00.000,"24,269,000",
SURVEY,ANIMALS & PRODUCTS,DAIRY,CHEESE,ITALIAN,ALL PRODUCTION PRACTICES,ALL UTILIZATION PRACTICES,PRODUCTION,LB,"CHEESE, ITALIAN - PRODUCTION, MEASURED IN LB",TOTAL,NOT SPECIFIED,STATE,42,42,PA,PENNSYLVANIA,,,,,,,,00000000,,,9000,UNITED STATES,PENNSYLVANIA,2023,MONTHLY,05,05,MAY,,2025-04-25 15:00:00.000,"24,169,000",
SURVEY,ANIMALS & PRODUCTS,DAIRY,CHEESE,ITALIAN,ALL PRODUCTION PRACTICES,ALL UTILIZATION PRACTICES,PRODUCTION,LB,"CHEESE, ITALIAN - PRODUCTION, MEASURED IN LB",TOTAL,NOT SPECIFIED,STATE,42,42,PA,PENNSYLVANIA,,,,,,,,00000000,,,9000,UNITED STATES,PENNSYLVANIA,2023,MONTHLY,06,06,JUN,,2025-04-25 15:00:00.000,"23,659,000",
SURVEY,ANIMALS & PRODUCTS,DAIRY,CHEESE,ITALIAN,ALL PRODUCTION PRACTICES,ALL UTILIZATION PRACTICES,PRODUCTION,LB,"CHEESE, ITALIAN - PRODUCTION, MEASURED IN LB",TOTAL,NOT SPECIFIED,STATE,42,42,PA,PENNSYLVANIA,,,,,,,,00000000,,,9000,UNITED STATES,PENNSYLVANIA,2023,MONTHLY,07,07,JUL,,2025-04-25 15:00:00.000,"22,117,000",
SURVEY,ANIMALS & PRODUCTS,DAIRY,CHEESE,ITALIAN,ALL PRODUCTION PRACTICES,ALL UTILIZATION PRACTICES,PRODUCTION,LB,"CHEESE, ITALIAN - PRODUCTION, MEASURED IN LB",TOTAL,NOT SPECIFIED,STATE,42,42,PA,PENNSYLVANIA,,,,,,,,00000000,,,9000,UNITED STATES,PENNSYLVANIA,2023,MONTHLY,08,08,AUG,,2025-04-25 15:00:00.000,"22,575,000",
SURVEY,ANIMALS & PRODUCTS,DAIRY,CHEESE,ITALIAN,ALL PRODUCTION PRACTICES,ALL UTILIZATION PRACTICES,PRODUCTION,LB,"CHEESE, ITALIAN - PRODUCTION, MEASURED IN LB",TOTAL,NOT SPECIFIED,STATE,42,42,PA,PENNSYLVANIA,,,,,,,,00000000,,,9000,UNITED STATES,PENNSYLVANIA,2023,MONTHLY,09,09,SEP,,2025-04-25 15:00:00.000,"20,633,000",
SURVEY,ANIMALS & PRODUCTS,DAIRY,CHEESE,ITALIAN,ALL PRODUCTION PRACTICES,ALL UTILIZATION PRACTICES,PRODUCTION,LB,"CHEESE, ITALIAN - PRODUCTION, MEASURED IN LB",TOTAL,NOT SPECIFIED,STATE,42,42,PA,PENNSYLVANIA,,,,,,,,00000000,,,9000,UNITED STATES,PENNSYLVANIA,2023,MONTHLY,10,10,OCT,,2025-04-25 15:00:00.000,"22,795,000",
SURVEY,ANIMALS & PRODUCTS,DAIRY,CHEESE,ITALIAN,ALL PRODUCTION PRACTICES,ALL UTILIZATION PRACTICES,PRODUCTION,LB,"CHEESE, ITALIAN - PRODUCTION, MEASURED IN LB",TOTAL,NOT SPECIFIED,STATE,42,42,PA,PENNSYLVANIA,,,,,,,,00000000,,,9000,UNITED STATES,PENNSYLVANIA,2023,MONTHLY,11,11,NOV,,2025-04-25 15:00:00.000,"21,697,000",
SURVEY,ANIMALS & PRODUCTS,DAIRY,CHEESE,ITALIAN,ALL PRODUCTION PRACTICES,ALL UTILIZATION PRACTICES,PRODUCTION,LB,"CHEESE, ITALIAN - PRODUCTION, MEASURED IN LB",TOTAL,NOT SPECIFIED,STATE,42,42,PA,PENNSYLVANIA,,,,,,,,00000000,,,9000,UNITED STATES,PENNSYLVANIA,2023,MONTHLY,12,12,DEC,,2025-04-25 15:00:00.000,"23,232,000",
SURVEY,ANIMALS & PRODUCTS,DAIRY,CHEESE,ITALIAN,ALL PRODUCTION PRACTICES,ALL UTILIZATION PRACTICES,PRODUCTION,LB,"CHEESE, ITALIAN - PRODUCTION, MEASURED IN LB",TOTAL,NOT SPECIFIED,STATE,55,55,WI,WISCONSIN,,,,,,,,00000000,,,9000,UNITED STATES,WISCONSIN,2023,MONTHLY,01,01,JAN,,2025-04-25 15:00:00.000,"140,435,000",
SURVEY,ANIMALS & PRODUCTS,DAIRY,CHEESE,ITALIAN,ALL PRODUCTION PRACTICES,ALL UTILIZATION PRACTICES,PRODUCTION,LB,"CHEESE, ITALIAN - PRODUCTION, MEASURED IN LB",TOTAL,NOT SPECIFIED,STATE,55,55,WI,WISCONSIN,,,,,,,,00000000,,,9000,UNITED STATES,WISCONSIN,2023,MONTHLY,02,02,FEB,,2025-04-25 15:00:00.000,"128,895,000",
SURVEY,ANIMALS & PRODUCTS,DAIRY,CHEESE,ITALIAN,ALL PRODUCTION PRACTICES,ALL UTILIZATION PRACTICES,PRODUCTION,LB,"CHEESE, ITALIAN - PRODUCTION, MEASURED IN LB",TOTAL,NOT SPECIFIED,STATE,55,55,WI,WISCONSIN,,,,,,,,00000000,,,9000,UNITED STATES,WISCONSIN,2023,MONTHLY,03,03,MAR,,2025-04-25 15:00:00.000,"139,493,000",
SURVEY,ANIMALS & PRODUCTS,DAIRY,CHEESE,ITALIAN,ALL PRODUCTION PRACTICES,ALL UTILIZATION PRACTICES,PRODUCTION,LB,"CHEESE, ITALIAN - PRODUCTION, MEASURED IN LB",TOTAL,NOT SPECIFIED,STATE,55,55,WI,WISCONSIN,,,,,,,,00000000,,,9000,UNITED STATES,WISCONSIN,2023,MONTHLY,04,04,APR,,2025-04-25 15:00:00.000,"134,044,000",
SURVEY,ANIMALS & PRODUCTS,DAIRY,CHEESE,ITALIAN,ALL PRODUCTION PRACTICES,ALL UTILIZATION PRACTICES,PRODUCTION,LB,"CHEESE, ITALIAN - PRODUCTION, MEASURED IN LB",TOTAL,NOT SPECIFIED,STATE,55,55,WI,WISCONSIN,,,,,,,,00000000,,,9000,UNITED STATES,WISCONSIN,2023,MONTHLY,05,05,MAY,,2025-04-25 15:00:00.000,"140,834,000",
SURVEY,ANIMALS & PRODUCTS,DAIRY,CHEESE,ITALIAN,ALL PRODUCTION PRACTICES,ALL UTILIZATION PRACTICES,PRODUCTION,LB,"CHEESE, ITALIAN - PRODUCTION, MEASURED IN LB",TOTAL,NOT SPECIFIED,STATE,55,55,WI,WISCONSIN,,,,,,,,00000000,,,9000,UNITED STATES,WISCONSIN,2023,MONTHLY,06,06,JUN,,2025-04-25 15:00:00.000,"140,953,000",
SURVEY,ANIMALS & PRODUCTS,DAIRY,CHEESE,ITALIAN,ALL PRODUCTION PRACTICES,ALL UTILIZATION PRACTICES,PRODUCTION,LB,"CHEESE, ITALIAN - PRODUCTION, MEASURED IN LB",TOTAL,NOT SPECIFIED,STATE,55,55,WI,WISCONSIN,,,,,,,,00000000,,,9000,UNITED STATES,WISCONSIN,2023,MONTHLY,07,07,JUL,,2025-04-25 15:00:00.000,"139,954,000",
SURVEY,ANIMALS & PRODUCTS,DAIRY,CHEESE,ITALIAN,ALL PRODUCTION PRACTICES,ALL UTILIZATION PRACTICES,PRODUCTION,LB,"CHEESE, ITALIAN - PRODUCTION, MEASURED IN LB",TOTAL,NOT SPECIFIED,STATE,55,55,WI,WISCONSIN,,,,,,,,00000000,,,9000,UNITED STATES,WISCONSIN,2023,MONTHLY,08,08,AUG,,2025-04-25 15:00:00.000,"142,729,000",
SURVEY,ANIMALS & PRODUCTS,DAIRY,CHEESE,ITALIAN,ALL PRODUCTION PRACTICES,ALL UTILIZATION PRACTICES,PRODUCTION,LB,"CHEESE, ITALIAN - PRODUCTION, MEASURED IN LB",TOTAL,NOT SPECIFIED,STATE,55,55,WI,WISCONSIN,,,,,,,,00000000,,,9000,UNITED STATES,WISCONSIN,2023,MONTHLY,09,09,SEP,,2025-04-25 15:00:00.000,"138,601,000",
SURVEY,ANIMALS & PRODUCTS,DAIRY,CHEESE,ITALIAN,ALL PRODUCTION PRACTICES,ALL UTILIZATION PRACTICES,PRODUCTION,LB,"CHEESE, ITALIAN - PRODUCTION, MEASURED IN LB",TOTAL,NOT SPECIFIED,STATE,55,55,WI,WISCONSIN,,,,,,,,00000000,,,9000,UNITED STATES,WISCONSIN,2023,MONTHLY,10,10,OCT,,2025-04-25 15:00:00.000,"144,280,000",
SURVEY,ANIMALS & PRODUCTS,DAIRY,CHEESE,ITALIAN,ALL PRODUCTION PRACTICES,ALL UTILIZATION PRACTICES,PRODUCTION,LB,"CHEESE, ITALIAN - PRODUCTION, MEASURED IN LB",TOTAL,NOT SPECIFIED,STATE,55,55,WI,WISCONSIN,,,,,,,,00000000,,,9000,UNITED STATES,WISCONSIN,2023,MONTHLY,11,11,NOV,,2025-04-25 15:00:00.000,"140,799,000",
SURVEY,ANIMALS & PRODUCTS,DAIRY,CHEESE,ITALIAN,ALL PRODUCTION PRACTICES,ALL UTILIZATION PRACTICES,PRODUCTION,LB,"CHEESE, ITALIAN - PRODUCTION, MEASURED IN LB",TOTAL,NOT SPECIFIED,STATE,55,55,WI,WISCONSIN,,,,,,,,00000000,,,9000,UNITED STATES,WISCONSIN,2023,MONTHLY,12,12,DEC,,2025-04-25 15:00:00.000,"143,224,000",
SURVEY,ANIMALS & PRODUCTS,DAIRY,CHEESE,"ITALIAN, SOFT, MOZZARELLA",ALL PRODUCTION PRACTICES,ALL UTILIZATION PRACTICES,PRODUCTION,LB,"CHEESE, ITALIAN, SOFT, MOZZARELLA - PRODUCTION, MEASURED IN LB",TOTAL,NOT SPECIFIED,STATE,,98,OT,OTHER STATES,,,,,,,,00000000,,,9000,UNITED STATES,OTHER STATES,2023,MONTHLY,01,01,JAN,,2025-04-25 15:00:00.000,"143,398,000",
SURVEY,ANIMALS & PRODUCTS,DAIRY,CHEESE,"ITALIAN, SOFT, MOZZARELLA",ALL PRODUCTION PRACTICES,ALL UTILIZATION PRACTICES,PRODUCTION,LB,"CHEESE, ITALIAN, SOFT, MOZZARELLA - PRODUCTION, MEASURED IN LB",TOTAL,NOT SPECIFIED,STATE,,98,OT,OTHER STATES,,,,,,,,00000000,,,9000,UNITED STATES,OTHER STATES,2023,MONTHLY,02,02,FEB,,2025-04-25 15:00:00.000,"124,412,000",
SURVEY,ANIMALS & PRODUCTS,DAIRY,CHEESE,"ITALIAN, SOFT, MOZZARELLA",ALL PRODUCTION PRACTICES,ALL UTILIZATION PRACTICES,PRODUCTION,LB,"CHEESE, ITALIAN, SOFT, MOZZARELLA - PRODUCTION, MEASURED IN LB",TOTAL,NOT SPECIFIED,STATE,,98,OT,OTHER STATES,,,,,,,,00000000,,,9000,UNITED STATES,OTHER STATES,2023,MONTHLY,03,03,MAR,,2025-04-25 15:00:00.000,"128,196,000",
SURVEY,ANIMALS & PRODUCTS,DAIRY,CHEESE,"ITALIAN, SOFT, MOZZARELLA",ALL PRODUCTION PRACTICES,ALL UTILIZATION PRACTICES,PRODUCTION,LB,"CHEESE, ITALIAN, SOFT, MOZZARELLA - PRODUCTION, MEASURED IN LB",TOTAL,NOT SPECIFIED,STATE,,98,OT,OTHER STATES,,,,,,,,00000000,,,9000,UNITED STATES,OTHER STATES,2023,MONTHLY,04,04,APR,,2025-04-25 15:00:00.000,"132,172,000",
SURVEY,ANIMALS & PRODUCTS,DAIRY,CHEESE,"ITALIAN, SOFT, MOZZARELLA",ALL PRODUCTION PRACTICES,ALL UTILIZATION PRACTICES,PRODUCTION,LB,"CHEESE, ITALIAN, SOFT, MOZZARELLA - PRODUCTION, MEASURED IN LB",TOTAL,NOT SPECIFIED,STATE,,98,OT,OTHER STATES,,,,,,,,00000000,,,9000,UNITED STATES,OTHER STATES,2023,MONTHLY,05,05,MAY,,2025-04-25 15:00:00.000,"120,074,000",
SURVEY,ANIMALS & PRODUCTS,DAIRY,CHEESE,"ITALIAN, SOFT, MOZZARELLA",ALL PRODUCTION PRACTICES,ALL UTILIZATION PRACTICES,PRODUCTION,LB,"CHEESE, ITALIAN, SOFT, MOZZARELLA - PRODUCTION, MEASURED IN LB",TOTAL,NOT SPECIFIED,STATE,,98,OT,OTHER STATES,,,,,,,,00000000,,,9000,UNITED STATES,OTHER STATES,2023,MONTHLY,06,06,JUN,,2025-04-25 15:00:00.000,"129,815,000",
SURVEY,ANIMALS & PRODUCTS,DAIRY,CHEESE,"ITALIAN, SOFT, MOZZARELLA",ALL PRODUCTION PRACTICES,ALL UTILIZATION PRACTICES,PRODUCTION,LB,"CHEESE, ITALIAN, SOFT, MOZZARELLA - PRODUCTION, MEASURED IN LB",TOTAL,NOT SPECIFIED,STATE,,98,OT,OTHER STATES,,,,,,,,00000000,,,9000,UNITED STATES,OTHER STATES,2023,MONTHLY,07,07,JUL,,2025-04-25 15:00:00.000,"133,692,000",
SURVEY,ANIMALS & PRODUCTS,DAIRY,CHEESE,"ITALIAN, SOFT, MOZZARELLA",ALL PRODUCTION PRACTICES,ALL UTILIZATION PRACTICES,PRODUCTION,LB,"CHEESE, ITALIAN, SOFT, MOZZARELLA - PRODUCTION, MEASURED IN LB",TOTAL,NOT SPECIFIED,STATE,,98,OT,OTHER STATES,,,,,,,,00000000,,,9000,UNITED STATES,OTHER STATES,2023,MONTHLY,08,08,AUG,,2025-04-25 15:00:00.000,"127,333,000",
SURVEY,ANIMALS & PRODUCTS,DAIRY,CHEESE,"ITALIAN, SOFT, MOZZARELLA",ALL PRODUCTION PRACTICES,ALL UTILIZATION PRACTICES,PRODUCTION,LB,"CHEESE, ITALIAN, SOFT, MOZZARELLA - PRODUCTION, MEASURED IN LB",TOTAL,NOT SPECIFIED,STATE,,98,OT,OTHER STATES,,,,,,,,00000000,,,9000,UNITED STATES,OTHER STATES,2023,MONTHLY,09,09,SEP,,2025-04-25 15:00:00.000,"136,152,000",
SURVEY,ANIMALS & PRODUCTS,DAIRY,CHEESE,"ITALIAN, SOFT, MOZZARELLA",ALL PRODUCTION PRACTICES,ALL UTILIZATION PRACTICES,PRODUCTION,LB,"CHEESE, ITALIAN, SOFT, MOZZARELLA - PRODUCTION, MEASURED IN LB",TOTAL,NOT SPECIFIED,STATE,,98,OT,OTHER STATES,,,,,,,,00000000,,,9000,UNITED STATES,OTHER STATES,2023,MONTHLY,10,10,OCT,,2025-04-25 15:00:00.000,"143,537,000",
SURVEY,ANIMALS & PRODUCTS,DAIRY,CHEESE,"ITALIAN, SOFT, MOZZARELLA",ALL PRODUCTION PRACTICES,ALL UTILIZATION PRACTICES,PRODUCTION,LB,"CHEESE, ITALIAN, SOFT, MOZZARELLA - PRODUCTION, MEASURED IN LB",TOTAL,NOT SPECIFIED,STATE,,98,OT,OTHER STATES,,,,,,,,00000000,,,9000,UNITED STATES,OTHER STATES,2023,MONTHLY,11,11,NOV,,2025-04-25 15:00:00.000,"128,845,000",
SURVEY,ANIMALS & PRODUCTS,DAIRY,CHEESE,"ITALIAN, SOFT, MOZZARELLA",ALL PRODUCTION PRACTICES,ALL UTILIZATION PRACTICES,PRODUCTION,LB,"CHEESE, ITALIAN, SOFT, MOZZARELLA - PRODUCTION, MEASURED IN LB",TOTAL,NOT SPECIFIED,STATE,,98,OT,OTHER STATES,,,,,,,,00000000,,,9000,UNITED STATES,OTHER STATES,2023,MONTHLY,12,12,DEC,,2025-04-25 15:00:00.000,"144,628,000",
SURVEY,ANIMALS & PRODUCTS,DAIRY,CHEESE,"ITALIAN, SOFT, MOZZARELLA",ALL PRODUCTION PRACTICES,ALL UTILIZATION PRACTICES,PRODUCTION,LB,"CHEESE, ITALIAN, SOFT, MOZZARELLA - PRODUCTION, MEASURED IN LB",TOTAL,NOT SPECIFIED,STATE,06,06,CA,CALIFORNIA,,,,,,,,00000000,,,9000,UNITED STATES,CALIFORNIA,2023,MONTHLY,01,01,JAN,,2025-04-25 15:00:00.000,"124,307,000",
SURVEY,ANIMALS & PRODUCTS,DAIRY,CHEESE,"ITALIAN, SOFT, MOZZARELLA",ALL PRODUCTION PRACTICES,ALL UTILIZATION PRACTICES,PRODUCTION,LB,"CHEESE, ITALIAN, SOFT, MOZZARELLA - PRODUCTION, MEASURED IN LB",TOTAL,NOT SPECIFIED,STATE,06,06,CA,CALIFORNIA,,,,,,,,00000000,,,9000,UNITED STATES,CALIFORNIA,2023,MONTHLY,02,02,FEB,,2025-04-25 15:00:00.000,"123,248,000",
SURVEY,ANIMALS & PRODUCTS,DAIRY,CHEESE,"ITALIAN, SOFT, MOZZARELLA",ALL PRODUCTION PRACTICES,ALL UTILIZATION PRACTICES,PRODUCTION,LB,"CHEESE, ITALIAN, SOFT, MOZZARELLA - PRODUCTION, MEASURED IN LB",TOTAL,NOT SPECIFIED,STATE,06,06,CA,CALIFORNIA,,,,,,,,00000000,,,9000,UNITED STATES,CALIFORNIA,2023,MONTHLY,03,03,MAR,,2025-04-25 15:00:00.000,"132,772,000",
SURVEY,ANIMALS & PRODUCTS,DAIRY,CHEESE,"ITALIAN, SOFT, MOZZARELLA",ALL PRODUCTION PRACTICES,ALL UTILIZATION PRACTICES,PRODUCTION,LB,"CHEESE, ITALIAN, SOFT, MOZZARELLA - PRODUCTION, MEASURED IN LB",TOTAL,NOT SPECIFIED,STATE,06,06,CA,CALIFORNIA,,,,,,,,00000000,,,9000,UNITED STATES,CALIFORNIA,2023,MONTHLY,04,04,APR,,2025-04-25 15:00:00.000,"126,935,000",
SURVEY,ANIMALS & PRODUCTS,DAIRY,CHEESE,"ITALIAN, SOFT, MOZZARELLA",ALL PRODUCTION PRACTICES,ALL UTILIZATION PRACTICES,PRODUCTION,LB,"CHEESE, ITALIAN, SOFT, MOZZARELLA - PRODUCTION, MEASURED IN LB",TOTAL,NOT SPECIFIED,STATE,06,06,CA,CALIFORNIA,,,,,,,,00000000,,,9000,UNITED STATES,CALIFORNIA,2023,MONTHLY,05,05,MAY,,2025-04-25 15:00:00.000,"133,311,000",
SURVEY,ANIMALS & PRODUCTS,DAIRY,CHEESE,"ITALIAN, SOFT, MOZZARELLA",ALL PRODUCTION PRACTICES,ALL UTILIZATION PRACTICES,PRODUCTION,LB,"CHEESE, ITALIAN, SOFT, MOZZARELLA - PRODUCTION, MEASURED IN LB",TOTAL,NOT SPECIFIED,STATE,06,06,CA,CALIFORNIA,,,,,,,,00000000,,,9000,UNITED STATES,CALIFORNIA,2023,MONTHLY,06,06,JUN,,2025-04-25 15:00:00.000,"126,967,000",
SURVEY,ANIMALS & PRODUCTS,DAIRY,CHEESE,"ITALIAN, SOFT, MOZZARELLA",ALL PRODUCTION PRACTICES,ALL UTILIZATION PRACTICES,PRODUCTION,LB,"CHEESE, ITALIAN, SOFT, MOZZARELLA - PRODUCTION, MEASURED IN LB",TOTAL,NOT SPECIFIED,STATE,06,06,CA,CALIFORNIA,,,,,,,,00000000,,,9000,UNITED STATES,CALIFORNIA,2023,MONTHLY,07,07,JUL,,2025-04-25 15:00:00.000,"124,091,000",
SURVEY,ANIMALS & PRODUCTS,DAIRY,CHEESE,"ITALIAN, SOFT, MOZZARELLA",ALL PRODUCTION PRACTICES,ALL UTILIZATION PRACTICES,PRODUCTION,LB,"CHEESE, ITALIAN, SOFT, MOZZARELLA - PRODUCTION, MEASURED IN LB",TOTAL,NOT SPECIFIED,STATE,06,06,CA,CALIFORNIA,,,,,,,,00000000,,,9000,UNITED STATES,CALIFORNIA,2023,MONTHLY,08,08,AUG,,2025-04-25 15:00:00.000,"125,532,000",
SURVEY,ANIMALS & PRODUCTS,DAIRY,CHEESE,"ITALIAN, SOFT, MOZZARELLA",ALL PRODUCTION PRACTICES,ALL UTILIZATION PRACTICES,PRODUCTION,LB,"CHEESE, ITALIAN, SOFT, MOZZARELLA - PRODUCTION, MEASURED IN LB",TOTAL,NOT SPECIFIED,STATE,06,06,CA,CALIFORNIA,,,,,,,,00000000,,,9000,UNITED STATES,CALIFORNIA,2023,MONTHLY,09,09,SEP,,2025-04-25 15:00:00.000,"123,636,000",
SURVEY,ANIMALS & PRODUCTS,DAIRY,CHEESE,"ITALIAN, SOFT, MOZZARELLA",ALL PRODUCTION PRACTICES,ALL UTILIZATION PRACTICES,PRODUCTION,LB,"CHEESE, ITALIAN, SOFT, MOZZARELLA - PRODUCTION, MEASURED IN LB",TOTAL,NOT SPECIFIED,STATE,06,06,CA,CALIFORNIA,,,,,,,,00000000,,,9000,UNITED STATES,CALIFORNIA,2023,MONTHLY,10,10,OCT,,2025-04-25 15:00:00.000,"129,315,000",
SURVEY,ANIMALS & PRODUCTS,DAIRY,CHEESE,"ITALIAN, SOFT, MOZZARELLA",ALL PRODUCTION PRACTICES,ALL UTILIZATION PRACTICES,PRODUCTION,LB,"CHEESE, ITALIAN, SOFT, MOZZARELLA - PRODUCTION, MEASURED IN LB",TOTAL,NOT SPECIFIED,STATE,06,06,CA,CALIFORNIA,,,,,,,,00000000,,,9000,UNITED STATES,CALIFORNIA,2023,MONTHLY,11,11,NOV,,2025-04-25 15:00:00.000,"127,525,000",
SURVEY,ANIMALS & PRODUCTS,DAIRY,CHEESE,"ITALIAN, SOFT, MOZZARELLA",ALL PRODUCTION PRACTICES,ALL UTILIZATION PRACTICES,PRODUCTION,LB,"CHEESE, ITALIAN, SOFT, MOZZARELLA - PRODUCTION, MEASURED IN LB",TOTAL,NOT SPECIFIED,STATE,06,06,CA,CALIFORNIA,,,,,,,,00000000,,,9000,UNITED STATES,CALIFORNIA,2023,MONTHLY,12,12,DEC,,2025-04-25 15:00:00.000,"128,835,000",
SURVEY,ANIMALS & PRODUCTS,DAIRY,CHEESE,"ITALIAN, SOFT, MOZZARELLA",ALL PRODUCTION PRACTICES,ALL UTILIZATION PRACTICES,PRODUCTION,LB,"CHEESE, ITALIAN, SOFT, MOZZARELLA - PRODUCTION, MEASURED IN LB",TOTAL,NOT SPECIFIED,STATE,34,34,NJ,NEW JERSEY,,,,,,,,00000000,,,9000,UNITED STATES,NEW JERSEY,2023,MONTHLY,01,01,JAN,,2025-04-25 15:00:00.000,"1,542,000",
SURVEY,ANIMALS & PRODUCTS,DAIRY,CHEESE,"ITALIAN, SOFT, MOZZARELLA",ALL PRODUCTION PRACTICES,ALL UTILIZATION PRACTICES,PRODUCTION,LB,"CHEESE, ITALIAN, SOFT, MOZZARELLA - PRODUCTION, MEASURED IN LB",TOTAL,NOT SPECIFIED,STATE,34,34,NJ,NEW JERSEY,,,,,,,,00000000,,,9000,UNITED STATES,NEW JERSEY,2023,MONTHLY,02,02,FEB,,2025-04-25 15:00:00.000,"1,334,000",
SURVEY,ANIMALS & PRODUCTS,DAIRY,CHEESE,"ITALIAN, SOFT, MOZZARELLA",ALL PRODUCTION PRACTICES,ALL UTILIZATION PRACTICES,PRODUCTION,LB,"CHEESE, ITALIAN, SOFT, MOZZARELLA - PRODUCTION, MEASURED IN LB",TOTAL,NOT SPECIFIED,STATE,34,34,NJ,NEW JERSEY,,,,,,,,00000000,,,9000,UNITED STATES,NEW JERSEY,2023,MONTHLY,03,03,MAR,,2025-04-25 15:00:00.000,"1,751,000",
SURVEY,ANIMALS & PRODUCTS,DAIRY,CHEESE,"ITALIAN, SOFT, MOZZARELLA",ALL PRODUCTION PRACTICES,ALL UTILIZATION PRACTICES,PRODUCTION,LB,"CHEESE, ITALIAN, SOFT, MOZZARELLA - PRODUCTION, MEASURED IN LB",TOTAL,NOT SPECIFIED,STATE,34,34,NJ,NEW JERSEY,,,,,,,,00000000,,,9000,UNITED STATES,NEW JERSEY,2023,MONTHLY,04,04,APR,,2025-04-25 15:00:00.000,"1,421,000",
SURVEY,ANIMALS & PRODUCTS,DAIRY,CHEESE,"ITALIAN, SOFT, MOZZARELLA",ALL PRODUCTION PRACTICES,ALL UTILIZATION PRACTICES,PRODUCTION,LB,"CHEESE, ITALIAN, SOFT, MOZZARELLA - PRODUCTION, MEASURED IN LB",TOTAL,NOT SPECIFIED,STATE,34,34,NJ,NEW JERSEY,,,,,,,,00000000,,,9000,UNITED STATES,NEW JERSEY,2023,MONTHLY,05,05,MAY,,2025-04-25 15:00:00.000,"1,522,000",
SURVEY,ANIMALS & PRODUCTS,DAIRY,CHEESE,"ITALIAN, SOFT, MOZZARELLA",ALL PRODUCTION PRACTICES,ALL UTILIZATION PRACTICES,PRODUCTION,LB,"CHEESE, ITALIAN, SOFT, MOZZARELLA - PRODUCTION, MEASURED IN LB",TOTAL,NOT SPECIFIED,STATE,34,34,NJ,NEW JERSEY,,,,,,,,00000000,,,9000,UNITED STATES,NEW JERSEY,2023,MONTHLY,06,06,JUN,,2025-04-25 15:00:00.000,"1,613,000",
SURVEY,ANIMALS & PRODUCTS,DAIRY,CHEESE,"ITALIAN, SOFT, MOZZARELLA",ALL PRODUCTION PRACTICES,ALL UTILIZATION PRACTICES,PRODUCTION,LB,"CHEESE, ITALIAN, SOFT, MOZZARELLA - PRODUCTION, MEASURED IN LB",TOTAL,NOT SPECIFIED,STATE,34,34,NJ,NEW JERSEY,,,,,,,,00000000,,,9000,UNITED STATES,NEW JERSEY,2023,MONTHLY,07,07,JUL,,2025-04-25 15:00:00.000,"1,711,000",
SURVEY,ANIMALS & PRODUCTS,DAIRY,CHEESE,"ITALIAN, SOFT, MOZZARELLA",ALL PRODUCTION PRACTICES,ALL UTILIZATION PRACTICES,PRODUCTION,LB,"CHEESE, ITALIAN, SOFT, MOZZARELLA - PRODUCTION, MEASURED IN LB",TOTAL,NOT SPECIFIED,STATE,34,34,NJ,NEW JERSEY,,,,,,,,00000000,,,9000,UNITED STATES,NEW JERSEY,2023,MONTHLY,08,08,AUG,,2025-04-25 15:00:00.000,"1,659,000",
SURVEY,ANIMALS & PRODUCTS,DAIRY,CHEESE,"ITALIAN, SOFT, MOZZARELLA",ALL PRODUCTION PRACTICES,ALL UTILIZATION PRACTICES,PRODUCTION,LB,"CHEESE, ITALIAN, SOFT, MOZZARELLA - PRODUCTION, MEASURED IN LB",TOTAL,NOT SPECIFIED,STATE,34,34,NJ,NEW JERSEY,,,,,,,,00000000,,,9000,UNITED STATES,NEW JERSEY,2023,MONTHLY,09,09,SEP,,2025-04-25 15:00:00.000,"1,656,000",
SURVEY,ANIMALS & PRODUCTS,DAIRY,CHEESE,"ITALIAN, SOFT, MOZZARELLA",ALL PRODUCTION PRACTICES,ALL UTILIZATION PRACTICES,PRODUCTION,LB,"CHEESE, ITALIAN, SOFT, MOZZARELLA - PRODUCTION, MEASURED IN LB",TOTAL,NOT SPECIFIED,STATE,34,34,NJ,NEW JERSEY,,,,,,,,00000000,,,9000,UNITED STATES,NEW JERSEY,2023,MONTHLY,10,10,OCT,,2025-04-25 15:00:00.000,"1,663,000",
SURVEY,ANIMALS & PRODUCTS,DAIRY,CHEESE,"ITALIAN, SOFT, MOZZARELLA",ALL PRODUCTION PRACTICES,ALL UTILIZATION PRACTICES,PRODUCTION,LB,"CHEESE, ITALIAN, SOFT, MOZZARELLA - PRODUCTION, MEASURED IN LB",TOTAL,NOT SPECIFIED,STATE,34,34,NJ,NEW JERSEY,,,,,,,,00000000,,,9000,UNITED STATES,NEW JERSEY,2023,MONTHLY,11,11,NOV,,2025-04-25 15:00:00.000,"1,538,000",
SURVEY,ANIMALS & PRODUCTS,DAIRY,CHEESE,"ITALIAN, SOFT, MOZZARELLA",ALL PRODUCTION PRACTICES,ALL UTILIZATION PRACTICES,PRODUCTION,LB,"CHEESE, ITALIAN, SOFT, MOZZARELLA - PRODUCTION, MEASURED IN LB",TOTAL,NOT SPECIFIED,STATE,34,34,NJ,NEW JERSEY,,,,,,,,00000000,,,9000,UNITED STATES,NEW JERSEY,2023,MONTHLY,12,12,DEC,,2025-04-25 15:00:00.000,"1,610,000",
SURVEY,ANIMALS & PRODUCTS,DAIRY,CHEESE,"ITALIAN, SOFT, MOZZARELLA",ALL PRODUCTION PRACTICES,ALL UTILIZATION PRACTICES,PRODUCTION,LB,"CHEESE, ITALIAN, SOFT, MOZZARELLA - PRODUCTION, MEASURED IN LB",TOTAL,NOT SPECIFIED,STATE,36,36,NY,NEW YORK,,,,,,,,00000000,,,9000,UNITED STATES,NEW YORK,2023,MONTHLY,01,01,JAN,,2025-04-25 15:00:00.000,"12,655,000",
SURVEY,ANIMALS & PRODUCTS,DAIRY,CHEESE,"ITALIAN, SOFT, MOZZARELLA",ALL PRODUCTION PRACTICES,ALL UTILIZATION PRACTICES,PRODUCTION,LB,"CHEESE, ITALIAN, SOFT, MOZZARELLA - PRODUCTION, MEASURED IN LB",TOTAL,NOT SPECIFIED,STATE,36,36,NY,NEW YORK,,,,,,,,00000000,,,9000,UNITED STATES,NEW YORK,2023,MONTHLY,02,02,FEB,,2025-04-25 15:00:00.000,"11,489,000",
SURVEY,ANIMALS & PRODUCTS,DAIRY,CHEESE,"ITALIAN, SOFT, MOZZARELLA",ALL PRODUCTION PRACTICES,ALL UTILIZATION PRACTICES,PRODUCTION,LB,"CHEESE, ITALIAN, SOFT, MOZZARELLA - PRODUCTION, MEASURED IN LB",TOTAL,NOT SPECIFIED,STATE,36,36,NY,NEW YORK,,,,,,,,00000000,,,9000,UNITED STATES,NEW YORK,2023,MONTHLY,03,03,MAR,,2025-04-25 15:00:00.000,"15,361,000",
SURVEY,ANIMALS & PRODUCTS,DAIRY,CHEESE,"ITALIAN, SOFT, MOZZARELLA",ALL PRODUCTION PRACTICES,ALL UTILIZATION PRACTICES,PRODUCTION,LB,"CHEESE, ITALIAN, SOFT, MOZZARELLA - PRODUCTION, MEASURED IN LB",TOTAL,NOT SPECIFIED,STATE,36,36,NY,NEW YORK,,,,,,,,00000000,,,9000,UNITED STATES,NEW YORK,2023,MONTHLY,04,04,APR,,2025-04-25 15:00:00.000,"12,971,000",
SURVEY,ANIMALS & PRODUCTS,DAIRY,CHEESE,"ITALIAN, SOFT, MOZZARELLA",ALL PRODUCTION PRACTICES,ALL UTILIZATION PRACTICES,PRODUCTION,LB,"CHEESE, ITALIAN, SOFT, MOZZARELLA - PRODUCTION, MEASURED IN LB",TOTAL,NOT SPECIFIED,STATE,36,36,NY,NEW YORK,,,,,,,,00000000,,,9000,UNITED STATES,NEW YORK,2023,MONTHLY,05,05,MAY,,2025-04-25 15:00:00.000,"13,529,000",
SURVEY,ANIMALS & PRODUCTS,DAIRY,CHEESE,"ITALIAN, SOFT, MOZZARELLA",ALL PRODUCTION PRACTICES,ALL UTILIZATION PRACTICES,PRODUCTION,LB,"CHEESE, ITALIAN, SOFT, MOZZARELLA - PRODUCTION, MEASURED IN LB",TOTAL,NOT SPECIFIED,STATE,36,36,NY,NEW YORK,,,,,,,,00000000,,,9000,UNITED STATES,NEW YORK,2023,MONTHLY,06,06,JUN,,2025-04-25 15:00:00.000,"15,168,000",
SURVEY,ANIMALS & PRODUCTS,DAIRY,CHEESE,"ITALIAN, SOFT, MOZZARELLA",ALL PRODUCTION PRACTICES,ALL UTILIZATION PRACTICES,PRODUCTION,LB,"CHEESE, ITALIAN, SOFT, MOZZARELLA - PRODUCTION, MEASURED IN LB",TOTAL,NOT SPECIFIED,STATE,36,36,NY,NEW YORK,,,,,,,,00000000,,,9000,UNITED STATES,NEW YORK,2023,MONTHLY,07,07,JUL,,2025-04-25 15:00:00.000,"14,216,000",
SURVEY,ANIMALS & PRODUCTS,DAIRY,CHEESE,"ITALIAN, SOFT, MOZZARELLA",ALL PRODUCTION PRACTICES,ALL UTILIZATION PRACTICES,PRODUCTION,LB,"CHEESE, ITALIAN, SOFT, MOZZARELLA - PRODUCTION, MEASURED IN LB",TOTAL,NOT SPECIFIED,STATE,36,36,NY,NEW YORK,,,,,,,,00000000,,,9000,UNITED STATES,NEW YORK,2023,MONTHLY,08,08,AUG,,2025-04-25 15:00:00.000,"14,114,000",
SURVEY,ANIMALS & PRODUCTS,DAIRY,CHEESE,"ITALIAN, SOFT, MOZZARELLA",ALL PRODUCTION PRACTICES,ALL UTILIZATION PRACTICES,PRODUCTION,LB,"CHEESE, ITALIAN, SOFT, MOZZARELLA - PRODUCTION, MEASURED IN LB",TOTAL,NOT SPECIFIED,STATE,36,36,NY,NEW YORK,,,,,,,,00000000,,,9000,UNITED STATES,NEW YORK,2023,MONTHLY,09,09,SEP,,2025-04-25 15:00:00.000,"12,362,000",
SURVEY,ANIMALS & PRODUCTS,DAIRY,CHEESE,"ITALIAN, SOFT, MOZZARELLA",ALL PRODUCTION PRACTICES,ALL UTILIZATION PRACTICES,PRODUCTION,LB,"CHEESE, ITALIAN, SOFT, MOZZARELLA - PRODUCTION, MEASURED IN LB",TOTAL,NOT SPECIFIED,STATE,36,36,NY,NEW YORK,,,,,,,,00000000,,,9000,UNITED STATES,NEW YORK,2023,MONTHLY,10,10,OCT,,2025-04-25 15:00:00.000,"13,762,000",
SURVEY,ANIMALS & PRODUCTS,DAIRY,CHEESE,"ITALIAN, SOFT, MOZZARELLA",ALL PRODUCTION PRACTICES,ALL UTILIZATION PRACTICES,PRODUCTION,LB,"CHEESE, ITALIAN, SOFT, MOZZARELLA - PRODUCTION, MEASURED IN LB",TOTAL,NOT SPECIFIED,STATE,36,36,NY,NEW YORK,,,,,,,,00000000,,,9000,UNITED STATES,NEW YORK,2023,MONTHLY,11,11,NOV,,2025-04-25 15:00:00.000,"13,893,000",
SURVEY,ANIMALS & PRODUCTS,DAIRY,CHEESE,"ITALIAN, SOFT, MOZZARELLA",ALL PRODUCTION PRACTICES,ALL UTILIZATION PRACTICES,PRODUCTION,LB,"CHEESE, ITALIAN, SOFT, MOZZARELLA - PRODUCTION, MEASURED IN LB",TOTAL,NOT SPECIFIED,STATE,36,36,NY,NEW YORK,,,,,,,,00000000,,,9000,UNITED STATES,NEW YORK,2023,MONTHLY,12,12,DEC,,2025-04-25 15:00:00.000,"14,668,000",
SURVEY,ANIMALS & PRODUCTS,DAIRY,CHEESE,"ITALIAN, SOFT, MOZZARELLA",ALL PRODUCTION PRACTICES,ALL UTILIZATION PRACTICES,PRODUCTION,LB,"CHEESE, ITALIAN, SOFT, MOZZARELLA - PRODUCTION, MEASURED IN LB",TOTAL,NOT SPECIFIED,STATE,42,42,PA,PENNSYLVANIA,,,,,,,,00000000,,,9000,UNITED STATES,PENNSYLVANIA,2023,MONTHLY,01,01,JAN,,2025-04-25 15:00:00.000,"20,655,000",
SURVEY,ANIMALS & PRODUCTS,DAIRY,CHEESE,"ITALIAN, SOFT, MOZZARELLA",ALL PRODUCTION PRACTICES,ALL UTILIZATION PRACTICES,PRODUCTION,LB,"CHEESE, ITALIAN, SOFT, MOZZARELLA - PRODUCTION, MEASURED IN LB",TOTAL,NOT SPECIFIED,STATE,42,42,PA,PENNSYLVANIA,,,,,,,,00000000,,,9000,UNITED STATES,PENNSYLVANIA,2023,MONTHLY,02,02,FEB,,2025-04-25 15:00:00.000,"17,886,000",
SURVEY,ANIMALS & PRODUCTS,DAIRY,CHEESE,"ITALIAN, SOFT, MOZZARELLA",ALL PRODUCTION PRACTICES,ALL UTILIZATION PRACTICES,PRODUCTION,LB,"CHEESE, ITALIAN, SOFT, MOZZARELLA - PRODUCTION, MEASURED IN LB",TOTAL,NOT SPECIFIED,STATE,42,42,PA,PENNSYLVANIA,,,,,,,,00000000,,,9000,UNITED STATES,PENNSYLVANIA,2023,MONTHLY,03,03,MAR,,2025-04-25 15:00:00.000,"19,886,000",
SURVEY,ANIMALS & PRODUCTS,DAIRY,CHEESE,"ITALIAN, SOFT, MOZZARELLA",ALL PRODUCTION PRACTICES,ALL UTILIZATION PRACTICES,PRODUCTION,LB,"CHEESE, ITALIAN, SOFT, MOZZARELLA - PRODUCTION, MEASURED IN LB",TOTAL,NOT SPECIFIED,STATE,42,42,PA,PENNSYLVANIA,,,,,,,,00000000,,,9000,UNITED STATES,PENNSYLVANIA,2023,MONTHLY,04,04,APR,,2025-04-25 15:00:00.000,"20,094,000",
SURVEY,ANIMALS & PRODUCTS,DAIRY,CHEESE,"ITALIAN, SOFT, MOZZARELLA",ALL PRODUCTION PRACTICES,ALL UTILIZATION PRACTICES,PRODUCTION,LB,"CHEESE, ITALIAN, SOFT, MOZZARELLA - PRODUCTION, MEASURED IN LB",TOTAL,NOT SPECIFIED,STATE,42,42,PA,PENNSYLVANIA,,,,,,,,00000000,,,9000,UNITED STATES,PENNSYLVANIA,2023,MONTHLY,05,05,MAY,,2025-04-25 15:00:00.000,"19,615,000",
SURVEY,ANIMALS & PRODUCTS,DAIRY,CHEESE,"ITALIAN, SOFT, MOZZARELLA",ALL PRODUCTION PRACTICES,ALL UTILIZATION PRACTICES,PRODUCTION,LB,"CHEESE, ITALIAN, SOFT, MOZZARELLA - PRODUCTION, MEASURED IN LB",TOTAL,NOT SPECIFIED,STATE,42,42,PA,PENNSYLVANIA,,,,,,,,00000000,,,9000,UNITED STATES,PENNSYLVANIA,2023,MONTHLY,06,06,JUN,,2025-04-25 15:00:00.000,"19,341,000",
SURVEY,ANIMALS & PRODUCTS,DAIRY,CHEESE,"ITALIAN, SOFT, MOZZARELLA",ALL PRODUCTION PRACTICES,ALL UTILIZATION PRACTICES,PRODUCTION,LB,"CHEESE, ITALIAN, SOFT, MOZZARELLA - PRODUCTION, MEASURED IN LB",TOTAL,NOT SPECIFIED,STATE,42,42,PA,PENNSYLVANIA,,,,,,,,00000000,,,9000,UNITED STATES,PENNSYLVANIA,2023,MONTHLY,07,07,JUL,,2025-04-25 15:00:00.000,"18,264,000",
SURVEY,ANIMALS & PRODUCTS,DAIRY,CHEESE,"ITALIAN, SOFT, MOZZARELLA",ALL PRODUCTION PRACTICES,ALL UTILIZATION PRACTICES,PRODUCTION,LB,"CHEESE, ITALIAN, SOFT, MOZZARELLA - PRODUCTION, MEASURED IN LB",TOTAL,NOT SPECIFIED,STATE,42,42,PA,PENNSYLVANIA,,,,,,,,00000000,,,9000,UNITED STATES,PENNSYLVANIA,2023,MONTHLY,08,08,AUG,,2025-04-25 15:00:00.000,"18,074,000",
SURVEY,ANIMALS & PRODUCTS,DAIRY,CHEESE,"ITALIAN, SOFT, MOZZARELLA",ALL PRODUCTION PRACTICES,ALL UTILIZATION PRACTICES,PRODUCTION,LB,"CHEESE, ITALIAN, SOFT, MOZZARELLA - PRODUCTION, MEASURED IN LB",TOTAL,NOT SPECIFIED,STATE,42,42,PA,PENNSYLVANIA,,,,,,,,00000000,,,9000,UNITED STATES,PENNSYLVANIA,2023,MONTHLY,09,09,SEP,,2025-04-25 15:00:00.000,"16,419,000",
SURVEY,ANIMALS & PRODUCTS,DAIRY,CHEESE,"ITALIAN, SOFT, MOZZARELLA",ALL PRODUCTION PRACTICES,ALL UTILIZATION PRACTICES,PRODUCTION,LB,"CHEESE, ITALIAN, SOFT, MOZZARELLA - PRODUCTION, MEASURED IN LB",TOTAL,NOT SPECIFIED,STATE,42,42,PA,PENNSYLVANIA,,,,,,,,00000000,,,9000,UNITED STATES,PENNSYLVANIA,2023,MONTHLY,10,10,OCT,,2025-04-25 15:00:00.000,"18,901,000",
SURVEY,ANIMALS & PRODUCTS,DAIRY,CHEESE,"ITALIAN, SOFT, MOZZARELLA",ALL PRODUCTION PRACTICES,ALL UTILIZATION PRACTICES,PRODUCTION,LB,"CHEESE, ITALIAN, SOFT, MOZZARELLA - PRODUCTION, MEASURED IN LB",TOTAL,NOT SPECIFIED,STATE,42,42,PA,PENNSYLVANIA,,,,,,,,00000000,,,9000,UNITED STATES,PENNSYLVANIA,2023,MONTHLY,11,11,NOV,,2025-04-25 15:00:00.000,"17,379,000",
SURVEY,ANIMALS & PRODUCTS,DAIRY,CHEESE,"ITALIAN, SOFT, MOZZARELLA",ALL PRODUCTION PRACTICES,ALL UTILIZATION PRACTICES,PRODUCTION,LB,"CHEESE, ITALIAN, SOFT, MOZZARELLA - PRODUCTION, MEASURED IN LB",TOTAL,NOT SPECIFIED,STATE,42,42,PA,PENNSYLVANIA,,,,,,,,00000000,,,9000,UNITED STATES,PENNSYLVANIA,2023,MONTHLY,12,12,DEC,,2025-04-25 15:00:00.000,"19,113,000",
SURVEY,ANIMALS & PRODUCTS,DAIRY,CHEESE,"ITALIAN, SOFT, MOZZARELLA",ALL PRODUCTION PRACTICES,ALL UTILIZATION PRACTICES,PRODUCTION,LB,"CHEESE, ITALIAN, SOFT, MOZZARELLA - PRODUCTION, MEASURED IN LB",TOTAL,NOT SPECIFIED,STATE,55,55,WI,WISCONSIN,,,,,,,,00000000,,,9000,UNITED STATES,WISCONSIN,2023,MONTHLY,01,01,JAN,,2025-04-25 15:00:00.000,"91,765,000",
SURVEY,ANIMALS & PRODUCTS,DAIRY,CHEESE,"ITALIAN, SOFT, MOZZARELLA",ALL PRODUCTION PRACTICES,ALL UTILIZATION PRACTICES,PRODUCTION,LB,"CHEESE, ITALIAN, SOFT, MOZZARELLA - PRODUCTION, MEASURED IN LB",TOTAL,NOT SPECIFIED,STATE,55,55,WI,WISCONSIN,,,,,,,,00000000,,,9000,UNITED STATES,WISCONSIN,2023,MONTHLY,02,02,FEB,,2025-04-25 15:00:00.000,"83,416,000",
SURVEY,ANIMALS & PRODUCTS,DAIRY,CHEESE,"ITALIAN, SOFT, MOZZARELLA",ALL PRODUCTION PRACTICES,ALL UTILIZATION PRACTICES,PRODUCTION,LB,"CHEESE, ITALIAN, SOFT, MOZZARELLA - PRODUCTION, MEASURED IN LB",TOTAL,NOT SPECIFIED,STATE,55,55,WI,WISCONSIN,,,,,,,,00000000,,,9000,UNITED STATES,WISCONSIN,2023,MONTHLY,03,03,MAR,,2025-04-25 15:00:00.000,"85,630,000",
SURVEY,ANIMALS & PRODUCTS,DAIRY,CHEESE,"ITALIAN, SOFT, MOZZARELLA",ALL PRODUCTION PRACTICES,ALL UTILIZATION PRACTICES,PRODUCTION,LB,"CHEESE, ITALIAN, SOFT, MOZZARELLA - PRODUCTION, MEASURED IN LB",TOTAL,NOT SPECIFIED,STATE,55,55,WI,WISCONSIN,,,,,,,,00000000,,,9000,UNITED STATES,WISCONSIN,2023,MONTHLY,04,04,APR,,2025-04-25 15:00:00.000,"84,484,000",
SURVEY,ANIMALS & PRODUCTS,DAIRY,CHEESE,"ITALIAN, SOFT, MOZZARELLA",ALL PRODUCTION PRACTICES,ALL UTILIZATION PRACTICES,PRODUCTION,LB,"CHEESE, ITALIAN, SOFT, MOZZARELLA - PRODUCTION, MEASURED IN LB",TOTAL,NOT SPECIFIED,STATE,55,55,WI,WISCONSIN,,,,,,,,00000000,,,9000,UNITED STATES,WISCONSIN,2023,MONTHLY,05,05,MAY,,2025-04-25 15:00:00.000,"90,316,000",
SURVEY,ANIMALS & PRODUCTS,DAIRY,CHEESE,"ITALIAN, SOFT, MOZZARELLA",ALL PRODUCTION PRACTICES,ALL UTILIZATION PRACTICES,PRODUCTION,LB,"CHEESE, ITALIAN, SOFT, MOZZARELLA - PRODUCTION, MEASURED IN LB",TOTAL,NOT SPECIFIED,STATE,55,55,WI,WISCONSIN,,,,,,,,00000000,,,9000,UNITED STATES,WISCONSIN,2023,MONTHLY,06,06,JUN,,2025-04-25 15:00:00.000,"90,883,000",
SURVEY,ANIMALS & PRODUCTS,DAIRY,CHEESE,"ITALIAN, SOFT, MOZZARELLA",ALL PRODUCTION PRACTICES,ALL UTILIZATION PRACTICES,PRODUCTION,LB,"CHEESE, ITALIAN, SOFT, MOZZARELLA - PRODUCTION, MEASURED IN LB",TOTAL,NOT SPECIFIED,STATE,55,55,WI,WISCONSIN,,,,,,,,00000000,,,9000,UNITED STATES,WISCONSIN,2023,MONTHLY,07,07,JUL,,2025-04-25 15:00:00.000,"92,272,000",
SURVEY,ANIMALS & PRODUCTS,DAIRY,CHEESE,"ITALIAN, SOFT, MOZZARELLA",ALL PRODUCTION PRACTICES,ALL UTILIZATION PRACTICES,PRODUCTION,LB,"CHEESE, ITALIAN, SOFT, MOZZARELLA - PRODUCTION, MEASURED IN LB",TOTAL,NOT SPECIFIED,STATE,55,55,WI,WISCONSIN,,,,,,,,00000000,,,9000,UNITED STATES,WISCONSIN,2023,MONTHLY,08,08,AUG,,2025-04-25 15:00:00.000,"95,039,000",
SURVEY,ANIMALS & PRODUCTS,DAIRY,CHEESE,"ITALIAN, SOFT, MOZZARELLA",ALL PRODUCTION PRACTICES,ALL UTILIZATION PRACTICES,PRODUCTION,LB,"CHEESE, ITALIAN, SOFT, MOZZARELLA - PRODUCTION, MEASURED IN LB",TOTAL,NOT SPECIFIED,STATE,55,55,WI,WISCONSIN,,,,,,,,00000000,,,9000,UNITED STATES,WISCONSIN,2023,MONTHLY,09,09,SEP,,2025-04-25 15:00:00.000,"89,152,000",
SURVEY,ANIMALS & PRODUCTS,DAIRY,CHEESE,"ITALIAN, SOFT, MOZZARELLA",ALL PRODUCTION PRACTICES,ALL UTILIZATION PRACTICES,PRODUCTION,LB,"CHEESE, ITALIAN, SOFT, MOZZARELLA - PRODUCTION, MEASURED IN LB",TOTAL,NOT SPECIFIED,STATE,55,55,WI,WISCONSIN,,,,,,,,00000000,,,9000,UNITED STATES,WISCONSIN,2023,MONTHLY,10,10,OCT,,2025-04-25 15:00:00.000,"92,085,000",
SURVEY,ANIMALS & PRODUCTS,DAIRY,CHEESE,"ITALIAN, SOFT, MOZZARELLA",ALL PRODUCTION PRACTICES,ALL UTILIZATION PRACTICES,PRODUCTION,LB,"CHEESE, ITALIAN, SOFT, MOZZARELLA - PRODUCTION, MEASURED IN LB",TOTAL,NOT SPECIFIED,STATE,55,55,WI,WISCONSIN,,,,,,,,00000000,,,9000,UNITED STATES,WISCONSIN,2023,MONTHLY,11,11,NOV,,2025-04-25 15:00:00.000,"91,234,000",
SURVEY,ANIMALS & PRODUCTS,DAIRY,CHEESE,"ITALIAN, SOFT, MOZZARELLA",ALL PRODUCTION PRACTICES,ALL UTILIZATION PRACTICES,PRODUCTION,LB,"CHEESE, ITALIAN, SOFT, MOZZARELLA - PRODUCTION, MEASURED IN LB",TOTAL,NOT SPECIFIED,STATE,55,55,WI,WISCONSIN,,,,,,,,00000000,,,9000,UNITED STATES,WISCONSIN,2023,MONTHLY,12,12,DEC,,2025-04-25 15:00:00.000,"92,439,000",
SURVEY,ANIMALS & PRODUCTS,DAIRY,CHEESE,MUENSTER,ALL PRODUCTION PRACTICES,ALL UTILIZATION PRACTICES,PRODUCTION,LB,"CHEESE, MUENSTER - PRODUCTION, MEASURED IN LB",TOTAL,NOT SPECIFIED,STATE,,98,OT,OTHER STATES,,,,,,,,00000000,,,9000,UNITED STATES,OTHER STATES,2023,MONTHLY,01,01,JAN,,2025-04-25 15:00:00.000,"5,458,000",
SURVEY,ANIMALS & PRODUCTS,DAIRY,CHEESE,MUENSTER,ALL PRODUCTION PRACTICES,ALL UTILIZATION PRACTICES,PRODUCTION,LB,"CHEESE, MUENSTER - PRODUCTION, MEASURED IN LB",TOTAL,NOT SPECIFIED,STATE,,98,OT,OTHER STATES,,,,,,,,00000000,,,9000,UNITED STATES,OTHER STATES,2023,MONTHLY,02,02,FEB,,2025-04-25 15:00:00.000,"4,620,000",
SURVEY,ANIMALS & PRODUCTS,DAIRY,CHEESE,MUENSTER,ALL PRODUCTION PRACTICES,ALL UTILIZATION PRACTICES,PRODUCTION,LB,"CHEESE, MUENSTER - PRODUCTION, MEASURED IN LB",TOTAL,NOT SPECIFIED,STATE,,98,OT,OTHER STATES,,,,,,,,00000000,,,9000,UNITED STATES,OTHER STATES,2023,MONTHLY,03,03,MAR,,2025-04-25 15:00:00.000,"5,634,000",
SURVEY,ANIMALS & PRODUCTS,DAIRY,CHEESE,MUENSTER,ALL PRODUCTION PRACTICES,ALL UTILIZATION PRACTICES,PRODUCTION,LB,"CHEESE, MUENSTER - PRODUCTION, MEASURED IN LB",TOTAL,NOT SPECIFIED,STATE,,98,OT,OTHER STATES,,,,,,,,00000000,,,9000,UNITED STATES,OTHER STATES,2023,MONTHLY,04,04,APR,,2025-04-25 15:00:00.000,"5,811,000",
SURVEY,ANIMALS & PRODUCTS,DAIRY,CHEESE,MUENSTER,ALL PRODUCTION PRACTICES,ALL UTILIZATION PRACTICES,PRODUCTION,LB,"CHEESE, MUENSTER - PRODUCTION, MEASURED IN LB",TOTAL,NOT SPECIFIED,STATE,,98,OT,OTHER STATES,,,,,,,,00000000,,,9000,UNITED STATES,OTHER STATES,2023,MONTHLY,05,05,MAY,,2025-04-25 15:00:00.000,"4,818,000",
SURVEY,ANIMALS & PRODUCTS,DAIRY,CHEESE,MUENSTER,ALL PRODUCTION PRACTICES,ALL UTILIZATION PRACTICES,PRODUCTION,LB,"CHEESE, MUENSTER - PRODUCTION, MEASURED IN LB",TOTAL,NOT SPECIFIED,STATE,,98,OT,OTHER STATES,,,,,,,,00000000,,,9000,UNITED STATES,OTHER STATES,2023,MONTHLY,06,06,JUN,,2025-04-25 15:00:00.000,"4,711,000",
SURVEY,ANIMALS & PRODUCTS,DAIRY,CHEESE,MUENSTER,ALL PRODUCTION PRACTICES,ALL UTILIZATION PRACTICES,PRODUCTION,LB,"CHEESE, MUENSTER - PRODUCTION, MEASURED IN LB",TOTAL,NOT SPECIFIED,STATE,,98,OT,OTHER STATES,,,,,,,,00000000,,,9000,UNITED STATES,OTHER STATES,2023,MONTHLY,07,07,JUL,,2025-04-25 15:00:00.000,"6,096,000",
SURVEY,ANIMALS & PRODUCTS,DAIRY,CHEESE,MUENSTER,ALL PRODUCTION PRACTICES,ALL UTILIZATION PRACTICES,PRODUCTION,LB,"CHEESE, MUENSTER - PRODUCTION, MEASURED IN LB",TOTAL,NOT SPECIFIED,STATE,,98,OT,OTHER STATES,,,,,,,,00000000,,,9000,UNITED STATES,OTHER STATES,2023,MONTHLY,08,08,AUG,,2025-04-25 15:00:00.000,"6,638,000",
SURVEY,ANIMALS & PRODUCTS,DAIRY,CHEESE,MUENSTER,ALL PRODUCTION PRACTICES,ALL UTILIZATION PRACTICES,PRODUCTION,LB,"CHEESE, MUENSTER - PRODUCTION, MEASURED IN LB",TOTAL,NOT SPECIFIED,STATE,,98,OT,OTHER STATES,,,,,,,,00000000,,,9000,UNITED STATES,OTHER STATES,2023,MONTHLY,09,09,SEP,,2025-04-25 15:00:00.000,"5,818,000",
SURVEY,ANIMALS & PRODUCTS,DAIRY,CHEESE,MUENSTER,ALL PRODUCTION PRACTICES,ALL UTILIZATION PRACTICES,PRODUCTION,LB,"CHEESE, MUENSTER - PRODUCTION, MEASURED IN LB",TOTAL,NOT SPECIFIED,STATE,,98,OT,OTHER STATES,,,,,,,,00000000,,,9000,UNITED STATES,OTHER STATES,2023,MONTHLY,10,10,OCT,,2025-04-25 15:00:00.000,"5,583,000",
SURVEY,ANIMALS & PRODUCTS,DAIRY,CHEESE,MUENSTER,ALL PRODUCTION PRACTICES,ALL UTILIZATION PRACTICES,PRODUCTION,LB,"CHEESE, MUENSTER - PRODUCTION, MEASURED IN LB",TOTAL,NOT SPECIFIED,STATE,,98,OT,OTHER STATES,,,,,,,,00000000,,,9000,UNITED STATES,OTHER STATES,2023,MONTHLY,11,11,NOV,,2025-04-25 15:00:00.000,"5,273,000",
SURVEY,ANIMALS & PRODUCTS,DAIRY,CHEESE,MUENSTER,ALL PRODUCTION PRACTICES,ALL UTILIZATION PRACTICES,PRODUCTION,LB,"CHEESE, MUENSTER - PRODUCTION, MEASURED IN LB",TOTAL,NOT SPECIFIED,STATE,,98,OT,OTHER STATES,,,,,,,,00000000,,,9000,UNITED STATES,OTHER STATES,2023,MONTHLY,12,12,DEC,,2025-04-25 15:00:00.000,"5,640,000",
SURVEY,ANIMALS & PRODUCTS,DAIRY,CHEESE,MUENSTER,ALL PRODUCTION PRACTICES,ALL UTILIZATION PRACTICES,PRODUCTION,LB,"CHEESE, MUENSTER - PRODUCTION, MEASURED IN LB",TOTAL,NOT SPECIFIED,STATE,06,06,CA,CALIFORNIA,,,,,,,,00000000,,,9000,UNITED STATES,CALIFORNIA,2023,MONTHLY,01,01,JAN,,2025-04-25 15:00:00.000,"6,808,000",
SURVEY,ANIMALS & PRODUCTS,DAIRY,CHEESE,MUENSTER,ALL PRODUCTION PRACTICES,ALL UTILIZATION PRACTICES,PRODUCTION,LB,"CHEESE, MUENSTER - PRODUCTION, MEASURED IN LB",TOTAL,NOT SPECIFIED,STATE,06,06,CA,CALIFORNIA,,,,,,,,00000000,,,9000,UNITED STATES,CALIFORNIA,2023,MONTHLY,02,02,FEB,,2025-04-25 15:00:00.000,"4,432,000",
SURVEY,ANIMALS & PRODUCTS,DAIRY,CHEESE,MUENSTER,ALL PRODUCTION PRACTICES,ALL UTILIZATION PRACTICES,PRODUCTION,LB,"CHEESE, MUENSTER - PRODUCTION, MEASURED IN LB",TOTAL,NOT SPECIFIED,STATE,06,06,CA,CALIFORNIA,,,,,,,,00000000,,,9000,UNITED STATES,CALIFORNIA,2023,MONTHLY,03,03,MAR,,2025-04-25 15:00:00.000,"5,561,000",
SURVEY,ANIMALS & PRODUCTS,DAIRY,CHEESE,MUENSTER,ALL PRODUCTION PRACTICES,ALL UTILIZATION PRACTICES,PRODUCTION,LB,"CHEESE, MUENSTER - PRODUCTION, MEASURED IN LB",TOTAL,NOT SPECIFIED,STATE,06,06,CA,CALIFORNIA,,,,,,,,00000000,,,9000,UNITED STATES,CALIFORNIA,2023,MONTHLY,04,04,APR,,2025-04-25 15:00:00.000,"4,536,000",
SURVEY,ANIMALS & PRODUCTS,DAIRY,CHEESE,MUENSTER,ALL PRODUCTION PRACTICES,ALL UTILIZATION PRACTICES,PRODUCTION,LB,"CHEESE, MUENSTER - PRODUCTION, MEASURED IN LB",TOTAL,NOT SPECIFIED,STATE,06,06,CA,CALIFORNIA,,,,,,,,00000000,,,9000,UNITED STATES,CALIFORNIA,2023,MONTHLY,05,05,MAY,,2025-04-25 15:00:00.000,"4,602,000",
SURVEY,ANIMALS & PRODUCTS,DAIRY,CHEESE,MUENSTER,ALL PRODUCTION PRACTICES,ALL UTILIZATION PRACTICES,PRODUCTION,LB,"CHEESE, MUENSTER - PRODUCTION, MEASURED IN LB",TOTAL,NOT SPECIFIED,STATE,06,06,CA,CALIFORNIA,,,,,,,,00000000,,,9000,UNITED STATES,CALIFORNIA,2023,MONTHLY,06,06,JUN,,2025-04-25 15:00:00.000,"5,623,000",
SURVEY,ANIMALS & PRODUCTS,DAIRY,CHEESE,MUENSTER,ALL PRODUCTION PRACTICES,ALL UTILIZATION PRACTICES,PRODUCTION,LB,"CHEESE, MUENSTER - PRODUCTION, MEASURED IN LB",TOTAL,NOT SPECIFIED,STATE,06,06,CA,CALIFORNIA,,,,,,,,00000000,,,9000,UNITED STATES,CALIFORNIA,2023,MONTHLY,07,07,JUL,,2025-04-25 15:00:00.000,"5,475,000",
SURVEY,ANIMALS & PRODUCTS,DAIRY,CHEESE,MUENSTER,ALL PRODUCTION PRACTICES,ALL UTILIZATION PRACTICES,PRODUCTION,LB,"CHEESE, MUENSTER - PRODUCTION, MEASURED IN LB",TOTAL,NOT SPECIFIED,STATE,06,06,CA,CALIFORNIA,,,,,,,,00000000,,,9000,UNITED STATES,CALIFORNIA,2023,MONTHLY,08,08,AUG,,2025-04-25 15:00:00.000,"5,845,000",
SURVEY,ANIMALS & PRODUCTS,DAIRY,CHEESE,MUENSTER,ALL PRODUCTION PRACTICES,ALL UTILIZATION PRACTICES,PRODUCTION,LB,"CHEESE, MUENSTER - PRODUCTION, MEASURED IN LB",TOTAL,NOT SPECIFIED,STATE,06,06,CA,CALIFORNIA,,,,,,,,00000000,,,9000,UNITED STATES,CALIFORNIA,2023,MONTHLY,09,09,SEP,,2025-04-25 15:00:00.000,"5,287,000",
SURVEY,ANIMALS & PRODUCTS,DAIRY,CHEESE,MUENSTER,ALL PRODUCTION PRACTICES,ALL UTILIZATION PRACTICES,PRODUCTION,LB,"CHEESE, MUENSTER - PRODUCTION, MEASURED IN LB",TOTAL,NOT SPECIFIED,STATE,06,06,CA,CALIFORNIA,,,,,,,,00000000,,,9000,UNITED STATES,CALIFORNIA,2023,MONTHLY,10,10,OCT,,2025-04-25 15:00:00.000,"5,335,000",
SURVEY,ANIMALS & PRODUCTS,DAIRY,CHEESE,MUENSTER,ALL PRODUCTION PRACTICES,ALL UTILIZATION PRACTICES,PRODUCTION,LB,"CHEESE, MUENSTER - PRODUCTION, MEASURED IN LB",TOTAL,NOT SPECIFIED,STATE,06,06,CA,CALIFORNIA,,,,,,,,00000000,,,9000,UNITED STATES,CALIFORNIA,2023,MONTHLY,11,11,NOV,,2025-04-25 15:00:00.000,"5,013,000",
SURVEY,ANIMALS & PRODUCTS,DAIRY,CHEESE,MUENSTER,ALL PRODUCTION PRACTICES,ALL UTILIZATION PRACTICES,PRODUCTION,LB,"CHEESE, MUENSTER - PRODUCTION, MEASURED IN LB",TOTAL,NOT SPECIFIED,STATE,06,06,CA,CALIFORNIA,,,,,,,,00000000,,,9000,UNITED STATES,CALIFORNIA,2023,MONTHLY,12,12,DEC,,2025-04-25 15:00:00.000,"5,464,000",
SURVEY,ANIMALS & PRODUCTS,DAIRY,CHEESE,MUENSTER,ALL PRODUCTION PRACTICES,ALL UTILIZATION PRACTICES,PRODUCTION,LB,"CHEESE, MUENSTER - PRODUCTION, MEASURED IN LB",TOTAL,NOT SPECIFIED,STATE,55,55,WI,WISCONSIN,,,,,,,,00000000,,,9000,UNITED STATES,WISCONSIN,2023,MONTHLY,01,01,JAN,,2025-04-25 15:00:00.000,"5,902,000",
SURVEY,ANIMALS & PRODUCTS,DAIRY,CHEESE,MUENSTER,ALL PRODUCTION PRACTICES,ALL UTILIZATION PRACTICES,PRODUCTION,LB,"CHEESE, MUENSTER - PRODUCTION, MEASURED IN LB",TOTAL,NOT SPECIFIED,STATE,55,55,WI,WISCONSIN,,,,,,,,00000000,,,9000,UNITED STATES,WISCONSIN,2023,MONTHLY,02,02,FEB,,2025-04-25 15:00:00.000,"5,454,000",
SURVEY,ANIMALS & PRODUCTS,DAIRY,CHEESE,MUENSTER,ALL PRODUCTION PRACTICES,ALL UTILIZATION PRACTICES,PRODUCTION,LB,"CHEESE, MUENSTER - PRODUCTION, MEASURED IN LB",TOTAL,NOT SPECIFIED,STATE,55,55,WI,WISCONSIN,,,,,,,,00000000,,,9000,UNITED STATES,WISCONSIN,2023,MONTHLY,03,03,MAR,,2025-04-25 15:00:00.000,"5,791,000",
SURVEY,ANIMALS & PRODUCTS,DAIRY,CHEESE,MUENSTER,ALL PRODUCTION PRACTICES,ALL UTILIZATION PRACTICES,PRODUCTION,LB,"CHEESE, MUENSTER - PRODUCTION, MEASURED IN LB",TOTAL,NOT SPECIFIED,STATE,55,55,WI,WISCONSIN,,,,,,,,00000000,,,9000,UNITED STATES,WISCONSIN,2023,MONTHLY,04,04,APR,,2025-04-25 15:00:00.000,"4,716,000",
SURVEY,ANIMALS & PRODUCTS,DAIRY,CHEESE,MUENSTER,ALL PRODUCTION PRACTICES,ALL UTILIZATION PRACTICES,PRODUCTION,LB,"CHEESE, MUENSTER - PRODUCTION, MEASURED IN LB",TOTAL,NOT SPECIFIED,STATE,55,55,WI,WISCONSIN,,,,,,,,00000000,,,9000,UNITED STATES,WISCONSIN,2023,MONTHLY,05,05,MAY,,2025-04-25 15:00:00.000,"6,851,000",
SURVEY,ANIMALS & PRODUCTS,DAIRY,CHEESE,MUENSTER,ALL PRODUCTION PRACTICES,ALL UTILIZATION PRACTICES,PRODUCTION,LB,"CHEESE, MUENSTER - PRODUCTION, MEASURED IN LB",TOTAL,NOT SPECIFIED,STATE,55,55,WI,WISCONSIN,,,,,,,,00000000,,,9000,UNITED STATES,WISCONSIN,2023,MONTHLY,06,06,JUN,,2025-04-25 15:00:00.000,"6,299,000",
SURVEY,ANIMALS & PRODUCTS,DAIRY,CHEESE,MUENSTER,ALL PRODUCTION PRACTICES,ALL UTILIZATION PRACTICES,PRODUCTION,LB,"CHEESE, MUENSTER - PRODUCTION, MEASURED IN LB",TOTAL,NOT SPECIFIED,STATE,55,55,WI,WISCONSIN,,,,,,,,00000000,,,9000,UNITED STATES,WISCONSIN,2023,MONTHLY,07,07,JUL,,2025-04-25 15:00:00.000,"5,724,000",
SURVEY,ANIMALS & PRODUCTS,DAIRY,CHEESE,MUENSTER,ALL PRODUCTION PRACTICES,ALL UTILIZATION PRACTICES,PRODUCTION,LB,"CHEESE, MUENSTER - PRODUCTION, MEASURED IN LB",TOTAL,NOT SPECIFIED,STATE,55,55,WI,WISCONSIN,,,,,,,,00000000,,,9000,UNITED STATES,WISCONSIN,2023,MONTHLY,08,08,AUG,,2025-04-25 15:00:00.000,"6,832,000",
SURVEY,ANIMALS & PRODUCTS,DAIRY,CHEESE,MUENSTER,ALL PRODUCTION PRACTICES,ALL UTILIZATION PRACTICES,PRODUCTION,LB,"CHEESE, MUENSTER - PRODUCTION, MEASURED IN LB",TOTAL,NOT SPECIFIED,STATE,55,55,WI,WISCONSIN,,,,,,,,00000000,,,9000,UNITED STATES,WISCONSIN,2023,MONTHLY,09,09,SEP,,2025-04-25 15:00:00.000,"5,807,000",
SURVEY,ANIMALS & PRODUCTS,DAIRY,CHEESE,MUENSTER,ALL PRODUCTION PRACTICES,ALL UTILIZATION PRACTICES,PRODUCTION,LB,"CHEESE, MUENSTER - PRODUCTION, MEASURED IN LB",TOTAL,NOT SPECIFIED,STATE,55,55,WI,WISCONSIN,,,,,,,,00000000,,,9000,UNITED STATES,WISCONSIN,2023,MONTHLY,10,10,OCT,,2025-04-25 15:00:00.000,"6,021,000",
SURVEY,ANIMALS & PRODUCTS,DAIRY,CHEESE,MUENSTER,ALL PRODUCTION PRACTICES,ALL UTILIZATION PRACTICES,PRODUCTION,LB,"CHEESE, MUENSTER - PRODUCTION, MEASURED IN LB",TOTAL,NOT SPECIFIED,STATE,55,55,WI,WISCONSIN,,,,,,,,00000000,,,9000,UNITED STATES,WISCONSIN,2023,MONTHLY,11,11,NOV,,2025-04-25 15:00:00.000,"6,503,000",
SURVEY,ANIMALS & PRODUCTS,DAIRY,CHEESE,MUENSTER,ALL PRODUCTION PRACTICES,ALL UTILIZATION PRACTICES,PRODUCTION,LB,"CHEESE, MUENSTER - PRODUCTION, MEASURED IN LB",TOTAL,NOT SPECIFIED,STATE,55,55,WI,WISCONSIN,,,,,,,,00000000,,,9000,UNITED STATES,WISCONSIN,2023,MONTHLY,12,12,DEC,,2025-04-25 15:00:00.000,"6,386,000",
SURVEY,ANIMALS & PRODUCTS,DAIRY,CHEESE,SWISS,ALL PRODUCTION PRACTICES,ALL UTILIZATION PRACTICES,PRODUCTION,LB,"CHEESE, SWISS - PRODUCTION, MEASURED IN LB",TOTAL,NOT SPECIFIED,STATE,,98,OT,OTHER STATES,,,,,,,,00000000,,,9000,UNITED STATES,OTHER STATES,2023,MONTHLY,01,01,JAN,,2025-04-25 15:00:00.000,"15,230,000",
SURVEY,ANIMALS & PRODUCTS,DAIRY,CHEESE,SWISS,ALL PRODUCTION PRACTICES,ALL UTILIZATION PRACTICES,PRODUCTION,LB,"CHEESE, SWISS - PRODUCTION, MEASURED IN LB",TOTAL,NOT SPECIFIED,STATE,,98,OT,OTHER STATES,,,,,,,,00000000,,,9000,UNITED STATES,OTHER STATES,2023,MONTHLY,02,02,FEB,,2025-04-25 15:00:00.000,"11,651,000",
SURVEY,ANIMALS & PRODUCTS,DAIRY,CHEESE,SWISS,ALL PRODUCTION PRACTICES,ALL UTILIZATION PRACTICES,PRODUCTION,LB,"CHEESE, SWISS - PRODUCTION, MEASURED IN LB",TOTAL,NOT SPECIFIED,STATE,,98,OT,OTHER STATES,,,,,,,,00000000,,,9000,UNITED STATES,OTHER STATES,2023,MONTHLY,03,03,MAR,,2025-04-25 15:00:00.000,"12,783,000",
SURVEY,ANIMALS & PRODUCTS,DAIRY,CHEESE,SWISS,ALL PRODUCTION PRACTICES,ALL UTILIZATION PRACTICES,PRODUCTION,LB,"CHEESE, SWISS - PRODUCTION, MEASURED IN LB",TOTAL,NOT SPECIFIED,STATE,,98,OT,OTHER STATES,,,,,,,,00000000,,,9000,UNITED STATES,OTHER STATES,2023,MONTHLY,04,04,APR,,2025-04-25 15:00:00.000,"13,663,000",
SURVEY,ANIMALS & PRODUCTS,DAIRY,CHEESE,SWISS,ALL PRODUCTION PRACTICES,ALL UTILIZATION PRACTICES,PRODUCTION,LB,"CHEESE, SWISS - PRODUCTION, MEASURED IN LB",TOTAL,NOT SPECIFIED,STATE,,98,OT,OTHER STATES,,,,,,,,00000000,,,9000,UNITED STATES,OTHER STATES,2023,MONTHLY,05,05,MAY,,2025-04-25 15:00:00.000,"15,297,000",
SURVEY,ANIMALS & PRODUCTS,DAIRY,CHEESE,SWISS,ALL PRODUCTION PRACTICES,ALL UTILIZATION PRACTICES,PRODUCTION,LB,"CHEESE, SWISS - PRODUCTION, MEASURED IN LB",TOTAL,NOT SPECIFIED,STATE,,98,OT,OTHER STATES,,,,,,,,00000000,,,9000,UNITED STATES,OTHER STATES,2023,MONTHLY,06,06,JUN,,2025-04-25 15:00:00.000,"13,829,000",
SURVEY,ANIMALS & PRODUCTS,DAIRY,CHEESE,SWISS,ALL PRODUCTION PRACTICES,ALL UTILIZATION PRACTICES,PRODUCTION,LB,"CHEESE, SWISS - PRODUCTION, MEASURED IN LB",TOTAL,NOT SPECIFIED,STATE,,98,OT,OTHER STATES,,,,,,,,00000000,,,9000,UNITED STATES,OTHER STATES,2023,MONTHLY,07,07,JUL,,2025-04-25 15:00:00.000,"14,201,000",
SURVEY,ANIMALS & PRODUCTS,DAIRY,CHEESE,SWISS,ALL PRODUCTION PRACTICES,ALL UTILIZATION PRACTICES,PRODUCTION,LB,"CHEESE, SWISS - PRODUCTION, MEASURED IN LB",TOTAL,NOT SPECIFIED,STATE,,98,OT,OTHER STATES,,,,,,,,00000000,,,9000,UNITED STATES,OTHER STATES,2023,MONTHLY,08,08,AUG,,2025-04-25 15:00:00.000,"14,043,000",
SURVEY,ANIMALS & PRODUCTS,DAIRY,CHEESE,SWISS,ALL PRODUCTION PRACTICES,ALL UTILIZATION PRACTICES,PRODUCTION,LB,"CHEESE, SWISS - PRODUCTION, MEASURED IN LB",TOTAL,NOT SPECIFIED,STATE,,98,OT,OTHER STATES,,,,,,,,00000000,,,9000,UNITED STATES,OTHER STATES,2023,MONTHLY,09,09,SEP,,2025-04-25 15:00:00.000,"13,438,000",
SURVEY,ANIMALS & PRODUCTS,DAIRY,CHEESE,SWISS,ALL PRODUCTION PRACTICES,ALL UTILIZATION PRACTICES,PRODUCTION,LB,"CHEESE, SWISS - PRODUCTION, MEASURED IN LB",TOTAL,NOT SPECIFIED,STATE,,98,OT,OTHER STATES,,,,,,,,00000000,,,9000,UNITED STATES,OTHER STATES,2023,MONTHLY,10,10,OCT,,2025-04-25 15:00:00.000,"12,873,000",
SURVEY,ANIMALS & PRODUCTS,DAIRY,CHEESE,SWISS,ALL PRODUCTION PRACTICES,ALL UTILIZATION PRACTICES,PRODUCTION,LB,"CHEESE, SWISS - PRODUCTION, MEASURED IN LB",TOTAL,NOT SPECIFIED,STATE,,98,OT,OTHER STATES,,,,,,,,00000000,,,9000,UNITED STATES,OTHER STATES,2023,MONTHLY,11,11,NOV,,2025-04-25 15:00:00.000,"13,393,000",
SURVEY,ANIMALS & PRODUCTS,DAIRY,CHEESE,SWISS,ALL PRODUCTION PRACTICES,ALL UTILIZATION PRACTICES,PRODUCTION,LB,"CHEESE, SWISS - PRODUCTION, MEASURED IN LB",TOTAL,NOT SPECIFIED,STATE,,98,OT,OTHER STATES,,,,,,,,00000000,,,9000,UNITED STATES,OTHER STATES,2023,MONTHLY,12,12,DEC,,2025-04-25 15:00:00.000,"14,426,000",
SURVEY,ANIMALS & PRODUCTS,DAIRY,CHEESE,SWISS,ALL PRODUCTION PRACTICES,ALL UTILIZATION PRACTICES,PRODUCTION,LB,"CHEESE, SWISS - PRODUCTION, MEASURED IN LB",TOTAL,NOT SPECIFIED,STATE,39,39,OH,OHIO,,,,,,,,00000000,,,9000,UNITED STATES,OHIO,2023,MONTHLY,01,01,JAN,,2025-04-25 15:00:00.000,"12,861,000",
SURVEY,ANIMALS & PRODUCTS,DAIRY,CHEESE,SWISS,ALL PRODUCTION PRACTICES,ALL UTILIZATION PRACTICES,PRODUCTION,LB,"CHEESE, SWISS - PRODUCTION, MEASURED IN LB",TOTAL,NOT SPECIFIED,STATE,39,39,OH,OHIO,,,,,,,,00000000,,,9000,UNITED STATES,OHIO,2023,MONTHLY,02,02,FEB,,2025-04-25 15:00:00.000,"11,379,000",
SURVEY,ANIMALS & PRODUCTS,DAIRY,CHEESE,SWISS,ALL PRODUCTION PRACTICES,ALL UTILIZATION PRACTICES,PRODUCTION,LB,"CHEESE, SWISS - PRODUCTION, MEASURED IN LB",TOTAL,NOT SPECIFIED,STATE,39,39,OH,OHIO,,,,,,,,00000000,,,9000,UNITED STATES,OHIO,2023,MONTHLY,03,03,MAR,,2025-04-25 15:00:00.000,"12,456,000",
SURVEY,ANIMALS & PRODUCTS,DAIRY,CHEESE,SWISS,ALL PRODUCTION PRACTICES,ALL UTILIZATION PRACTICES,PRODUCTION,LB,"CHEESE, SWISS - PRODUCTION, MEASURED IN LB",TOTAL,NOT SPECIFIED,STATE,39,39,OH,OHIO,,,,,,,,00000000,,,9000,UNITED STATES,OHIO,2023,MONTHLY,04,04,APR,,2025-04-25 15:00:00.000,"12,809,000",
SURVEY,ANIMALS & PRODUCTS,DAIRY,CHEESE,SWISS,ALL PRODUCTION PRACTICES,ALL UTILIZATION PRACTICES,PRODUCTION,LB,"CHEESE, SWISS - PRODUCTION, MEASURED IN LB",TOTAL,NOT SPECIFIED,STATE,39,39,OH,OHIO,,,,,,,,00000000,,,9000,UNITED STATES,OHIO,2023,MONTHLY,05,05,MAY,,2025-04-25 15:00:00.000,"13,812,000",
SURVEY,ANIMALS & PRODUCTS,DAIRY,CHEESE,SWISS,ALL PRODUCTION PRACTICES,ALL UTILIZATION PRACTICES,PRODUCTION,LB,"CHEESE, SWISS - PRODUCTION, MEASURED IN LB",TOTAL,NOT SPECIFIED,STATE,39,39,OH,OHIO,,,,,,,,00000000,,,9000,UNITED STATES,OHIO,2023,MONTHLY,06,06,JUN,,2025-04-25 15:00:00.000,"13,224,000",
SURVEY,ANIMALS & PRODUCTS,DAIRY,CHEESE,SWISS,ALL PRODUCTION PRACTICES,ALL UTILIZATION PRACTICES,PRODUCTION,LB,"CHEESE, SWISS - PRODUCTION, MEASURED IN LB",TOTAL,NOT SPECIFIED,STATE,39,39,OH,OHIO,,,,,,,,00000000,,,9000,UNITED STATES,OHIO,2023,MONTHLY,07,07,JUL,,2025-04-25 15:00:00.000,"12,911,000",
SURVEY,ANIMALS & PRODUCTS,DAIRY,CHEESE,SWISS,ALL PRODUCTION PRACTICES,ALL UTILIZATION PRACTICES,PRODUCTION,LB,"CHEESE, SWISS - PRODUCTION, MEASURED IN LB",TOTAL,NOT SPECIFIED,STATE,39,39,OH,OHIO,,,,,,,,00000000,,,9000,UNITED STATES,OHIO,2023,MONTHLY,08,08,AUG,,2025-04-25 15:00:00.000,"11,833,000",
SURVEY,ANIMALS & PRODUCTS,DAIRY,CHEESE,SWISS,ALL PRODUCTION PRACTICES,ALL UTILIZATION PRACTICES,PRODUCTION,LB,"CHEESE, SWISS - PRODUCTION, MEASURED IN LB",TOTAL,NOT SPECIFIED,STATE,39,39,OH,OHIO,,,,,,,,00000000,,,9000,UNITED STATES,OHIO,2023,MONTHLY,09,09,SEP,,2025-04-25 15:00:00.000,"11,479,000",
SURVEY,ANIMALS & PRODUCTS,DAIRY,CHEESE,SWISS,ALL PRODUCTION PRACTICES,ALL UTILIZATION PRACTICES,PRODUCTION,LB,"CHEESE, SWISS - PRODUCTION, MEASURED IN LB",TOTAL,NOT SPECIFIED,STATE,39,39,OH,OHIO,,,,,,,,00000000,,,9000,UNITED STATES,OHIO,2023,MONTHLY,10,10,OCT,,2025-04-25 15:00:00.000,"11,334,000",
SURVEY,ANIMALS & PRODUCTS,DAIRY,CHEESE,SWISS,ALL PRODUCTION PRACTICES,ALL UTILIZATION PRACTICES,PRODUCTION,LB,"CHEESE, SWISS - PRODUCTION, MEASURED IN LB",TOTAL,NOT SPECIFIED,STATE,39,39,OH,OHIO,,,,,,,,00000000,,,9000,UNITED STATES,OHIO,2023,MONTHLY,11,11,NOV,,2025-04-25 15:00:00.000,"11,238,000",
SURVEY,ANIMALS & PRODUCTS,DAIRY,CHEESE,SWISS,ALL PRODUCTION PRACTICES,ALL UTILIZATION PRACTICES,PRODUCTION,LB,"CHEESE, SWISS - PRODUCTION, MEASURED IN LB",TOTAL,NOT SPECIFIED,STATE,39,39,OH,OHIO,,,,,,,,00000000,,,9000,UNITED STATES,OHIO,2023,MONTHLY,12,12,DEC,,2025-04-25 15:00:00.000,"12,537,000",
SURVEY,ANIMALS & PRODUCTS,DAIRY,CHEESE,SWISS,ALL PRODUCTION PRACTICES,ALL UTILIZATION PRACTICES,PRODUCTION,LB,"CHEESE, SWISS - PRODUCTION, MEASURED IN LB",TOTAL,NOT SPECIFIED,STATE,42,42,PA,PENNSYLVANIA,,,,,,,,00000000,,,9000,UNITED STATES,PENNSYLVANIA,2023,MONTHLY,01,01,JAN,,2025-04-25 15:00:00.000,"711,000",
SURVEY,ANIMALS & PRODUCTS,DAIRY,CHEESE,SWISS,ALL PRODUCTION PRACTICES,ALL UTILIZATION PRACTICES,PRODUCTION,LB,"CHEESE, SWISS - PRODUCTION, MEASURED IN LB",TOTAL,NOT SPECIFIED,STATE,42,42,PA,PENNSYLVANIA,,,,,,,,00000000,,,9000,UNITED STATES,PENNSYLVANIA,2023,MONTHLY,02,02,FEB,,2025-04-25 15:00:00.000,"609,000",
SURVEY,ANIMALS & PRODUCTS,DAIRY,CHEESE,SWISS,ALL PRODUCTION PRACTICES,ALL UTILIZATION PRACTICES,PRODUCTION,LB,"CHEESE, SWISS - PRODUCTION, MEASURED IN LB",TOTAL,NOT SPECIFIED,STATE,42,42,PA,PENNSYLVANIA,,,,,,,,00000000,,,9000,UNITED STATES,PENNSYLVANIA,2023,MONTHLY,03,03,MAR,,2025-04-25 15:00:00.000,"641,000",
SURVEY,ANIMALS & PRODUCTS,DAIRY,CHEESE,SWISS,ALL PRODUCTION PRACTICES,ALL UTILIZATION PRACTICES,PRODUCTION,LB,"CHEESE, SWISS - PRODUCTION, MEASURED IN LB",TOTAL,NOT SPECIFIED,STATE,42,42,PA,PENNSYLVANIA,,,,,,,,00000000,,,9000,UNITED STATES,PENNSYLVANIA,2023,MONTHLY,04,04,APR,,2025-04-25 15:00:00.000,"593,000",
SURVEY,ANIMALS & PRODUCTS,DAIRY,CHEESE,SWISS,ALL PRODUCTION PRACTICES,ALL UTILIZATION PRACTICES,PRODUCTION,LB,"CHEESE, SWISS - PRODUCTION, MEASURED IN LB",TOTAL,NOT SPECIFIED,STATE,42,42,PA,PENNSYLVANIA,,,,,,,,00000000,,,9000,UNITED STATES,PENNSYLVANIA,2023,MONTHLY,05,05,MAY,,2025-04-25 15:00:00.000,"709,000",
SURVEY,ANIMALS & PRODUCTS,DAIRY,CHEESE,SWISS,ALL PRODUCTION PRACTICES,ALL UTILIZATION PRACTICES,PRODUCTION,LB,"CHEESE, SWISS - PRODUCTION, MEASURED IN LB",TOTAL,NOT SPECIFIED,STATE,42,42,PA,PENNSYLVANIA,,,,,,,,00000000,,,9000,UNITED STATES,PENNSYLVANIA,2023,MONTHLY,06,06,JUN,,2025-04-25 15:00:00.000,"661,000",
SURVEY,ANIMALS & PRODUCTS,DAIRY,CHEESE,SWISS,ALL PRODUCTION PRACTICES,ALL UTILIZATION PRACTICES,PRODUCTION,LB,"CHEESE, SWISS - PRODUCTION, MEASURED IN LB",TOTAL,NOT SPECIFIED,STATE,42,42,PA,PENNSYLVANIA,,,,,,,,00000000,,,9000,UNITED STATES,PENNSYLVANIA,2023,MONTHLY,07,07,JUL,,2025-04-25 15:00:00.000,"607,000",
SURVEY,ANIMALS & PRODUCTS,DAIRY,CHEESE,SWISS,ALL PRODUCTION PRACTICES,ALL UTILIZATION PRACTICES,PRODUCTION,LB,"CHEESE, SWISS - PRODUCTION, MEASURED IN LB",TOTAL,NOT SPECIFIED,STATE,42,42,PA,PENNSYLVANIA,,,,,,,,00000000,,,9000,UNITED STATES,PENNSYLVANIA,2023,MONTHLY,08,08,AUG,,2025-04-25 15:00:00.000,"564,000",
SURVEY,ANIMALS & PRODUCTS,DAIRY,CHEESE,SWISS,ALL PRODUCTION PRACTICES,ALL UTILIZATION PRACTICES,PRODUCTION,LB,"CHEESE, SWISS - PRODUCTION, MEASURED IN LB",TOTAL,NOT SPECIFIED,STATE,42,42,PA,PENNSYLVANIA,,,,,,,,00000000,,,9000,UNITED STATES,PENNSYLVANIA,2023,MONTHLY,09,09,SEP,,2025-04-25 15:00:00.000,"509,000",
SURVEY,ANIMALS & PRODUCTS,DAIRY,CHEESE,SWISS,ALL PRODUCTION PRACTICES,ALL UTILIZATION PRACTICES,PRODUCTION,LB,"CHEESE, SWISS - PRODUCTION, MEASURED IN LB",TOTAL,NOT SPECIFIED,STATE,42,42,PA,PENNSYLVANIA,,,,,,,,00000000,,,9000,UNITED STATES,PENNSYLVANIA,2023,MONTHLY,10,10,OCT,,2025-04-25 15:00:00.000,"566,000",
SURVEY,ANIMALS & PRODUCTS,DAIRY,CHEESE,SWISS,ALL PRODUCTION PRACTICES,ALL UTILIZATION PRACTICES,PRODUCTION,LB,"CHEESE, SWISS - PRODUCTION, MEASURED IN LB",TOTAL,NOT SPECIFIED,STATE,42,42,PA,PENNSYLVANIA,,,,,,,,00000000,,,9000,UNITED STATES,PENNSYLVANIA,2023,MONTHLY,11,11,NOV,,2025-04-25 15:00:00.000,"550,000",
SURVEY,ANIMALS & PRODUCTS,DAIRY,CHEESE,SWISS,ALL PRODUCTION PRACTICES,ALL UTILIZATION PRACTICES,PRODUCTION,LB,"CHEESE, SWISS - PRODUCTION, MEASURED IN LB",TOTAL,NOT SPECIFIED,STATE,42,42,PA,PENNSYLVANIA,,,,,,,,00000000,,,9000,UNITED STATES,PENNSYLVANIA,2023,MONTHLY,12,12,DEC,,2025-04-25 15:00:00.000,"610,000",
SURVEY,ANIMALS & PRODUCTS,DAIRY,CHEESE,SWISS,ALL PRODUCTION PRACTICES,ALL UTILIZATION PRACTICES,PRODUCTION,LB,"CHEESE, SWISS - PRODUCTION, MEASURED IN LB",TOTAL,NOT SPECIFIED,STATE,55,55,WI,WISCONSIN,,,,,,,,00000000,,,9000,UNITED STATES,WISCONSIN,2023,MONTHLY,01,01,JAN,,2025-04-25 15:00:00.000,"1,339,000",
SURVEY,ANIMALS & PRODUCTS,DAIRY,CHEESE,SWISS,ALL PRODUCTION PRACTICES,ALL UTILIZATION PRACTICES,PRODUCTION,LB,"CHEESE, SWISS - PRODUCTION, MEASURED IN LB",TOTAL,NOT SPECIFIED,STATE,55,55,WI,WISCONSIN,,,,,,,,00000000,,,9000,UNITED STATES,WISCONSIN,2023,MONTHLY,02,02,FEB,,2025-04-25 15:00:00.000,"1,115,000",
SURVEY,ANIMALS & PRODUCTS,DAIRY,CHEESE,SWISS,ALL PRODUCTION PRACTICES,ALL UTILIZATION PRACTICES,PRODUCTION,LB,"CHEESE, SWISS - PRODUCTION, MEASURED IN LB",TOTAL,NOT SPECIFIED,STATE,55,55,WI,WISCONSIN,,,,,,,,00000000,,,9000,UNITED STATES,WISCONSIN,2023,MONTHLY,03,03,MAR,,2025-04-25 15:00:00.000,"1,250,000",
SURVEY,ANIMALS & PRODUCTS,DAIRY,CHEESE,SWISS,ALL PRODUCTION PRACTICES,ALL UTILIZATION PRACTICES,PRODUCTION,LB,"CHEESE, SWISS - PRODUCTION, MEASURED IN LB",TOTAL,NOT SPECIFIED,STATE,55,55,WI,WISCONSIN,,,,,,,,00000000,,,9000,UNITED STATES,WISCONSIN,2023,MONTHLY,04,04,APR,,2025-04-25 15:00:00.000,"1,049,000",
SURVEY,ANIMALS & PRODUCTS,DAIRY,CHEESE,SWISS,ALL PRODUCTION PRACTICES,ALL UTILIZATION PRACTICES,PRODUCTION,LB,"CHEESE, SWISS - PRODUCTION, MEASURED IN LB",TOTAL,NOT SPECIFIED,STATE,55,55,WI,WISCONSIN,,,,,,,,00000000,,,9000,UNITED STATES,WISCONSIN,2023,MONTHLY,05,05,MAY,,2025-04-25 15:00:00.000,"1,427,000",
SURVEY,ANIMALS & PRODUCTS,DAIRY,CHEESE,SWISS,ALL PRODUCTION PRACTICES,ALL UTILIZATION PRACTICES,PRODUCTION,LB,"CHEESE, SWISS - PRODUCTION, MEASURED IN LB",TOTAL,NOT SPECIFIED,STATE,55,55,WI,WISCONSIN,,,,,,,,00000000,,,9000,UNITED STATES,WISCONSIN,2023,MONTHLY,06,06,JUN,,2025-04-25 15:00:00.000,"1,254,000",
SURVEY,ANIMALS & PRODUCTS,DAIRY,CHEESE,SWISS,ALL PRODUCTION PRACTICES,ALL UTILIZATION PRACTICES,PRODUCTION,LB,"CHEESE, SWISS - PRODUCTION, MEASURED IN LB",TOTAL,NOT SPECIFIED,STATE,55,55,WI,WISCONSIN,,,,,,,,00000000,,,9000,UNITED STATES,WISCONSIN,2023,MONTHLY,07,07,JUL,,2025-04-25 15:00:00.000,"1,240,000",
SURVEY,ANIMALS & PRODUCTS,DAIRY,CHEESE,SWISS,ALL PRODUCTION PRACTICES,ALL UTILIZATION PRACTICES,PRODUCTION,LB,"CHEESE, SWISS - PRODUCTION, MEASURED IN LB",TOTAL,NOT SPECIFIED,STATE,55,55,WI,WISCONSIN,,,,,,,,00000000,,,9000,UNITED STATES,WISCONSIN,2023,MONTHLY,08,08,AUG,,2025-04-25 15:00:00.000,"1,215,000",
SURVEY,ANIMALS & PRODUCTS,DAIRY,CHEESE,SWISS,ALL PRODUCTION PRACTICES,ALL UTILIZATION PRACTICES,PRODUCTION,LB,"CHEESE, SWISS - PRODUCTION, MEASURED IN LB",TOTAL,NOT SPECIFIED,STATE,55,55,WI,WISCONSIN,,,,,,,,00000000,,,9000,UNITED STATES,WISCONSIN,2023,MONTHLY,09,09,SEP,,2025-04-25 15:00:00.000,"1,068,000",
SURVEY,ANIMALS & PRODUCTS,DAIRY,CHEESE,SWISS,ALL PRODUCTION PRACTICES,ALL UTILIZATION PRACTICES,PRODUCTION,LB,"CHEESE, SWISS - PRODUCTION, MEASURED IN LB",TOTAL,NOT SPECIFIED,STATE,55,55,WI,WISCONSIN,,,,,,,,00000000,,,9000,UNITED STATES,WISCONSIN,2023,MONTHLY,10,10,OCT,,2025-04-25 15:00:00.000,"1,338,000",
SURVEY,ANIMALS & PRODUCTS,DAIRY,CHEESE,SWISS,ALL PRODUCTION PRACTICES,ALL UTILIZATION PRACTICES,PRODUCTION,LB,"CHEESE, SWISS - PRODUCTION, MEASURED IN LB",TOTAL,NOT SPECIFIED,STATE,55,55,WI,WISCONSIN,,,,,,,,00000000,,,9000,UNITED STATES,WISCONSIN,2023,MONTHLY,11,11,NOV,,2025-04-25 15:00:00.000,"1,281,000",
SURVEY,ANIMALS & PRODUCTS,DAIRY,CHEESE,SWISS,ALL PRODUCTION PRACTICES,ALL UTILIZATION PRACTICES,PRODUCTION,LB,"CHEESE, SWISS - PRODUCTION, MEASURED IN LB",TOTAL,NOT SPECIFIED,STATE,55,55,WI,WISCONSIN,,,,,,,,00000000,,,9000,UNITED STATES,WISCONSIN,2023,MONTHLY,12,12,DEC,,2025-04-25 15:00:00.000,"1,363,000",
SURVEY,ANIMALS & PRODUCTS,DAIRY,CHEESE,ALL CLASSES,ALL PRODUCTION PRACTICES,ALL UTILIZATION PRACTICES,PRODUCTION,LB,"CHEESE - PRODUCTION, MEASURED IN LB",TOTAL,NOT SPECIFIED,STATE,,98,OT,OTHER STATES,,,,,,,,00000000,,,9000,UNITED STATES,OTHER STATES,2024,MONTHLY,01,01,JAN,,2026-04-24 15:00:00.000,"285,614,000",
SURVEY,ANIMALS & PRODUCTS,DAIRY,CHEESE,ALL CLASSES,ALL PRODUCTION PRACTICES,ALL UTILIZATION PRACTICES,PRODUCTION,LB,"CHEESE - PRODUCTION, MEASURED IN LB",TOTAL,NOT SPECIFIED,STATE,,98,OT,OTHER STATES,,,,,,,,00000000,,,9000,UNITED STATES,OTHER STATES,2024,MONTHLY,02,02,FEB,,2026-04-24 15:00:00.000,"273,137,000",
SURVEY,ANIMALS & PRODUCTS,DAIRY,CHEESE,ALL CLASSES,ALL PRODUCTION PRACTICES,ALL UTILIZATION PRACTICES,PRODUCTION,LB,"CHEESE - PRODUCTION, MEASURED IN LB",TOTAL,NOT SPECIFIED,STATE,,98,OT,OTHER STATES,,,,,,,,00000000,,,9000,UNITED STATES,OTHER STATES,2024,MONTHLY,03,03,MAR,,2026-04-24 15:00:00.000,"289,985,000",
SURVEY,ANIMALS & PRODUCTS,DAIRY,CHEESE,ALL CLASSES,ALL PRODUCTION PRACTICES,ALL UTILIZATION PRACTICES,PRODUCTION,LB,"CHEESE - PRODUCTION, MEASURED IN LB",TOTAL,NOT SPECIFIED,STATE,,98,OT,OTHER STATES,,,,,,,,00000000,,,9000,UNITED STATES,OTHER STATES,2024,MONTHLY,04,04,APR,,2026-04-24 15:00:00.000,"280,914,000",
SURVEY,ANIMALS & PRODUCTS,DAIRY,CHEESE,ALL CLASSES,ALL PRODUCTION PRACTICES,ALL UTILIZATION PRACTICES,PRODUCTION,LB,"CHEESE - PRODUCTION, MEASURED IN LB",TOTAL,NOT SPECIFIED,STATE,,98,OT,OTHER STATES,,,,,,,,00000000,,,9000,UNITED STATES,OTHER STATES,2024,MONTHLY,05,05,MAY,,2026-04-24 15:00:00.000,"291,253,000",
SURVEY,ANIMALS & PRODUCTS,DAIRY,CHEESE,ALL CLASSES,ALL PRODUCTION PRACTICES,ALL UTILIZATION PRACTICES,PRODUCTION,LB,"CHEESE - PRODUCTION, MEASURED IN LB",TOTAL,NOT SPECIFIED,STATE,,98,OT,OTHER STATES,,,,,,,,00000000,,,9000,UNITED STATES,OTHER STATES,2024,MONTHLY,06,06,JUN,,2026-04-24 15:00:00.000,"278,813,000",
SURVEY,ANIMALS & PRODUCTS,DAIRY,CHEESE,ALL CLASSES,ALL PRODUCTION PRACTICES,ALL UTILIZATION PRACTICES,PRODUCTION,LB,"CHEESE - PRODUCTION, MEASURED IN LB",TOTAL,NOT SPECIFIED,STATE,,98,OT,OTHER STATES,,,,,,,,00000000,,,9000,UNITED STATES,OTHER STATES,2024,MONTHLY,07,07,JUL,,2026-04-24 15:00:00.000,"287,478,000",
SURVEY,ANIMALS & PRODUCTS,DAIRY,CHEESE,ALL CLASSES,ALL PRODUCTION PRACTICES,ALL UTILIZATION PRACTICES,PRODUCTION,LB,"CHEESE - PRODUCTION, MEASURED IN LB",TOTAL,NOT SPECIFIED,STATE,,98,OT,OTHER STATES,,,,,,,,00000000,,,9000,UNITED STATES,OTHER STATES,2024,MONTHLY,08,08,AUG,,2026-04-24 15:00:00.000,"285,167,000",
SURVEY,ANIMALS & PRODUCTS,DAIRY,CHEESE,ALL CLASSES,ALL PRODUCTION PRACTICES,ALL UTILIZATION PRACTICES,PRODUCTION,LB,"CHEESE - PRODUCTION, MEASURED IN LB",TOTAL,NOT SPECIFIED,STATE,,98,OT,OTHER STATES,,,,,,,,00000000,,,9000,UNITED STATES,OTHER STATES,2024,MONTHLY,09,09,SEP,,2026-04-24 15:00:00.000,"286,014,000",
SURVEY,ANIMALS & PRODUCTS,DAIRY,CHEESE,ALL CLASSES,ALL PRODUCTION PRACTICES,ALL UTILIZATION PRACTICES,PRODUCTION,LB,"CHEESE - PRODUCTION, MEASURED IN LB",TOTAL,NOT SPECIFIED,STATE,,98,OT,OTHER STATES,,,,,,,,00000000,,,9000,UNITED STATES,OTHER STATES,2024,MONTHLY,10,10,OCT,,2026-04-24 15:00:00.000,"294,526,000",
SURVEY,ANIMALS & PRODUCTS,DAIRY,CHEESE,ALL CLASSES,ALL PRODUCTION PRACTICES,ALL UTILIZATION PRACTICES,PRODUCTION,LB,"CHEESE - PRODUCTION, MEASURED IN LB",TOTAL,NOT SPECIFIED,STATE,,98,OT,OTHER STATES,,,,,,,,00000000,,,9000,UNITED STATES,OTHER STATES,2024,MONTHLY,11,11,NOV,,2026-04-24 15:00:00.000,"278,915,000",
SURVEY,ANIMALS & PRODUCTS,DAIRY,CHEESE,ALL CLASSES,ALL PRODUCTION PRACTICES,ALL UTILIZATION PRACTICES,PRODUCTION,LB,"CHEESE - PRODUCTION, MEASURED IN LB",TOTAL,NOT SPECIFIED,STATE,,98,OT,OTHER STATES,,,,,,,,00000000,,,9000,UNITED STATES,OTHER STATES,2024,MONTHLY,12,12,DEC,,2026-04-24 15:00:00.000,"294,151,000",
SURVEY,ANIMALS & PRODUCTS,DAIRY,CHEESE,ALL CLASSES,ALL PRODUCTION PRACTICES,ALL UTILIZATION PRACTICES,PRODUCTION,LB,"CHEESE - PRODUCTION, MEASURED IN LB",TOTAL,NOT SPECIFIED,STATE,06,06,CA,CALIFORNIA,,,,,,,,00000000,,,9000,UNITED STATES,CALIFORNIA,2024,MONTHLY,01,01,JAN,,2026-04-24 15:00:00.000,"211,457,000",
SURVEY,ANIMALS & PRODUCTS,DAIRY,CHEESE,ALL CLASSES,ALL PRODUCTION PRACTICES,ALL UTILIZATION PRACTICES,PRODUCTION,LB,"CHEESE - PRODUCTION, MEASURED IN LB",TOTAL,NOT SPECIFIED,STATE,06,06,CA,CALIFORNIA,,,,,,,,00000000,,,9000,UNITED STATES,CALIFORNIA,2024,MONTHLY,02,02,FEB,,2026-04-24 15:00:00.000,"203,816,000",
SURVEY,ANIMALS & PRODUCTS,DAIRY,CHEESE,ALL CLASSES,ALL PRODUCTION PRACTICES,ALL UTILIZATION PRACTICES,PRODUCTION,LB,"CHEESE - PRODUCTION, MEASURED IN LB",TOTAL,NOT SPECIFIED,STATE,06,06,CA,CALIFORNIA,,,,,,,,00000000,,,9000,UNITED STATES,CALIFORNIA,2024,MONTHLY,03,03,MAR,,2026-04-24 15:00:00.000,"215,428,000",
SURVEY,ANIMALS & PRODUCTS,DAIRY,CHEESE,ALL CLASSES,ALL PRODUCTION PRACTICES,ALL UTILIZATION PRACTICES,PRODUCTION,LB,"CHEESE - PRODUCTION, MEASURED IN LB",TOTAL,NOT SPECIFIED,STATE,06,06,CA,CALIFORNIA,,,,,,,,00000000,,,9000,UNITED STATES,CALIFORNIA,2024,MONTHLY,04,04,APR,,2026-04-24 15:00:00.000,"206,516,000",
SURVEY,ANIMALS & PRODUCTS,DAIRY,CHEESE,ALL CLASSES,ALL PRODUCTION PRACTICES,ALL UTILIZATION PRACTICES,PRODUCTION,LB,"CHEESE - PRODUCTION, MEASURED IN LB",TOTAL,NOT SPECIFIED,STATE,06,06,CA,CALIFORNIA,,,,,,,,00000000,,,9000,UNITED STATES,CALIFORNIA,2024,MONTHLY,05,05,MAY,,2026-04-24 15:00:00.000,"214,524,000",
SURVEY,ANIMALS & PRODUCTS,DAIRY,CHEESE,ALL CLASSES,ALL PRODUCTION PRACTICES,ALL UTILIZATION PRACTICES,PRODUCTION,LB,"CHEESE - PRODUCTION, MEASURED IN LB",TOTAL,NOT SPECIFIED,STATE,06,06,CA,CALIFORNIA,,,,,,,,00000000,,,9000,UNITED STATES,CALIFORNIA,2024,MONTHLY,06,06,JUN,,2026-04-24 15:00:00.000,"205,203,000",
SURVEY,ANIMALS & PRODUCTS,DAIRY,CHEESE,ALL CLASSES,ALL PRODUCTION PRACTICES,ALL UTILIZATION PRACTICES,PRODUCTION,LB,"CHEESE - PRODUCTION, MEASURED IN LB",TOTAL,NOT SPECIFIED,STATE,06,06,CA,CALIFORNIA,,,,,,,,00000000,,,9000,UNITED STATES,CALIFORNIA,2024,MONTHLY,07,07,JUL,,2026-04-24 15:00:00.000,"203,695,000",
SURVEY,ANIMALS & PRODUCTS,DAIRY,CHEESE,ALL CLASSES,ALL PRODUCTION PRACTICES,ALL UTILIZATION PRACTICES,PRODUCTION,LB,"CHEESE - PRODUCTION, MEASURED IN LB",TOTAL,NOT SPECIFIED,STATE,06,06,CA,CALIFORNIA,,,,,,,,00000000,,,9000,UNITED STATES,CALIFORNIA,2024,MONTHLY,08,08,AUG,,2026-04-24 15:00:00.000,"213,084,000",
SURVEY,ANIMALS & PRODUCTS,DAIRY,CHEESE,ALL CLASSES,ALL PRODUCTION PRACTICES,ALL UTILIZATION PRACTICES,PRODUCTION,LB,"CHEESE - PRODUCTION, MEASURED IN LB",TOTAL,NOT SPECIFIED,STATE,06,06,CA,CALIFORNIA,,,,,,,,00000000,,,9000,UNITED STATES,CALIFORNIA,2024,MONTHLY,09,09,SEP,,2026-04-24 15:00:00.000,"199,112,000",
SURVEY,ANIMALS & PRODUCTS,DAIRY,CHEESE,ALL CLASSES,ALL PRODUCTION PRACTICES,ALL UTILIZATION PRACTICES,PRODUCTION,LB,"CHEESE - PRODUCTION, MEASURED IN LB",TOTAL,NOT SPECIFIED,STATE,06,06,CA,CALIFORNIA,,,,,,,,00000000,,,9000,UNITED STATES,CALIFORNIA,2024,MONTHLY,10,10,OCT,,2026-04-24 15:00:00.000,"204,481,000",
SURVEY,ANIMALS & PRODUCTS,DAIRY,CHEESE,ALL CLASSES,ALL PRODUCTION PRACTICES,ALL UTILIZATION PRACTICES,PRODUCTION,LB,"CHEESE - PRODUCTION, MEASURED IN LB",TOTAL,NOT SPECIFIED,STATE,06,06,CA,CALIFORNIA,,,,,,,,00000000,,,9000,UNITED STATES,CALIFORNIA,2024,MONTHLY,11,11,NOV,,2026-04-24 15:00:00.000,"198,932,000",
SURVEY,ANIMALS & PRODUCTS,DAIRY,CHEESE,ALL CLASSES,ALL PRODUCTION PRACTICES,ALL UTILIZATION PRACTICES,PRODUCTION,LB,"CHEESE - PRODUCTION, MEASURED IN LB",TOTAL,NOT SPECIFIED,STATE,06,06,CA,CALIFORNIA,,,,,,,,00000000,,,9000,UNITED STATES,CALIFORNIA,2024,MONTHLY,12,12,DEC,,2026-04-24 15:00:00.000,"204,730,000",
SURVEY,ANIMALS & PRODUCTS,DAIRY,CHEESE,ALL CLASSES,ALL PRODUCTION PRACTICES,ALL UTILIZATION PRACTICES,PRODUCTION,LB,"CHEESE - PRODUCTION, MEASURED IN LB",TOTAL,NOT SPECIFIED,STATE,16,16,ID,IDAHO,,,,,,,,00000000,,,9000,UNITED STATES,IDAHO,2024,MONTHLY,01,01,JAN,,2026-04-24 15:00:00.000,"86,703,000",
SURVEY,ANIMALS & PRODUCTS,DAIRY,CHEESE,ALL CLASSES,ALL PRODUCTION PRACTICES,ALL UTILIZATION PRACTICES,PRODUCTION,LB,"CHEESE - PRODUCTION, MEASURED IN LB",TOTAL,NOT SPECIFIED,STATE,16,16,ID,IDAHO,,,,,,,,00000000,,,9000,UNITED STATES,IDAHO,2024,MONTHLY,02,02,FEB,,2026-04-24 15:00:00.000,"76,565,000",
SURVEY,ANIMALS & PRODUCTS,DAIRY,CHEESE,ALL CLASSES,ALL PRODUCTION PRACTICES,ALL UTILIZATION PRACTICES,PRODUCTION,LB,"CHEESE - PRODUCTION, MEASURED IN LB",TOTAL,NOT SPECIFIED,STATE,16,16,ID,IDAHO,,,,,,,,00000000,,,9000,UNITED STATES,IDAHO,2024,MONTHLY,03,03,MAR,,2026-04-24 15:00:00.000,"89,044,000",
SURVEY,ANIMALS & PRODUCTS,DAIRY,CHEESE,ALL CLASSES,ALL PRODUCTION PRACTICES,ALL UTILIZATION PRACTICES,PRODUCTION,LB,"CHEESE - PRODUCTION, MEASURED IN LB",TOTAL,NOT SPECIFIED,STATE,16,16,ID,IDAHO,,,,,,,,00000000,,,9000,UNITED STATES,IDAHO,2024,MONTHLY,04,04,APR,,2026-04-24 15:00:00.000,"89,372,000",
SURVEY,ANIMALS & PRODUCTS,DAIRY,CHEESE,ALL CLASSES,ALL PRODUCTION PRACTICES,ALL UTILIZATION PRACTICES,PRODUCTION,LB,"CHEESE - PRODUCTION, MEASURED IN LB",TOTAL,NOT SPECIFIED,STATE,16,16,ID,IDAHO,,,,,,,,00000000,,,9000,UNITED STATES,IDAHO,2024,MONTHLY,05,05,MAY,,2026-04-24 15:00:00.000,"81,186,000",
SURVEY,ANIMALS & PRODUCTS,DAIRY,CHEESE,ALL CLASSES,ALL PRODUCTION PRACTICES,ALL UTILIZATION PRACTICES,PRODUCTION,LB,"CHEESE - PRODUCTION, MEASURED IN LB",TOTAL,NOT SPECIFIED,STATE,16,16,ID,IDAHO,,,,,,,,00000000,,,9000,UNITED STATES,IDAHO,2024,MONTHLY,06,06,JUN,,2026-04-24 15:00:00.000,"88,806,000",
SURVEY,ANIMALS & PRODUCTS,DAIRY,CHEESE,ALL CLASSES,ALL PRODUCTION PRACTICES,ALL UTILIZATION PRACTICES,PRODUCTION,LB,"CHEESE - PRODUCTION, MEASURED IN LB",TOTAL,NOT SPECIFIED,STATE,16,16,ID,IDAHO,,,,,,,,00000000,,,9000,UNITED STATES,IDAHO,2024,MONTHLY,07,07,JUL,,2026-04-24 15:00:00.000,"88,717,000",
SURVEY,ANIMALS & PRODUCTS,DAIRY,CHEESE,ALL CLASSES,ALL PRODUCTION PRACTICES,ALL UTILIZATION PRACTICES,PRODUCTION,LB,"CHEESE - PRODUCTION, MEASURED IN LB",TOTAL,NOT SPECIFIED,STATE,16,16,ID,IDAHO,,,,,,,,00000000,,,9000,UNITED STATES,IDAHO,2024,MONTHLY,08,08,AUG,,2026-04-24 15:00:00.000,"86,599,000",
SURVEY,ANIMALS & PRODUCTS,DAIRY,CHEESE,ALL CLASSES,ALL PRODUCTION PRACTICES,ALL UTILIZATION PRACTICES,PRODUCTION,LB,"CHEESE - PRODUCTION, MEASURED IN LB",TOTAL,NOT SPECIFIED,STATE,16,16,ID,IDAHO,,,,,,,,00000000,,,9000,UNITED STATES,IDAHO,2024,MONTHLY,09,09,SEP,,2026-04-24 15:00:00.000,"89,654,000",
SURVEY,ANIMALS & PRODUCTS,DAIRY,CHEESE,ALL CLASSES,ALL PRODUCTION PRACTICES,ALL UTILIZATION PRACTICES,PRODUCTION,LB,"CHEESE - PRODUCTION, MEASURED IN LB",TOTAL,NOT SPECIFIED,STATE,16,16,ID,IDAHO,,,,,,,,00000000,,,9000,UNITED STATES,IDAHO,2024,MONTHLY,10,10,OCT,,2026-04-24 15:00:00.000,"94,446,000",
SURVEY,ANIMALS & PRODUCTS,DAIRY,CHEESE,ALL CLASSES,ALL PRODUCTION PRACTICES,ALL UTILIZATION PRACTICES,PRODUCTION,LB,"CHEESE - PRODUCTION, MEASURED IN LB",TOTAL,NOT SPECIFIED,STATE,16,16,ID,IDAHO,,,,,,,,00000000,,,9000,UNITED STATES,IDAHO,2024,MONTHLY,11,11,NOV,,2026-04-24 15:00:00.000,"79,764,000",
SURVEY,ANIMALS & PRODUCTS,DAIRY,CHEESE,ALL CLASSES,ALL PRODUCTION PRACTICES,ALL UTILIZATION PRACTICES,PRODUCTION,LB,"CHEESE - PRODUCTION, MEASURED IN LB",TOTAL,NOT SPECIFIED,STATE,16,16,ID,IDAHO,,,,,,,,00000000,,,9000,UNITED STATES,IDAHO,2024,MONTHLY,12,12,DEC,,2026-04-24 15:00:00.000,"92,281,000",
SURVEY,ANIMALS & PRODUCTS,DAIRY,CHEESE,ALL CLASSES,ALL PRODUCTION PRACTICES,ALL UTILIZATION PRACTICES,PRODUCTION,LB,"CHEESE - PRODUCTION, MEASURED IN LB",TOTAL,NOT SPECIFIED,STATE,19,19,IA,IOWA,,,,,,,,00000000,,,9000,UNITED STATES,IOWA,2024,MONTHLY,01,01,JAN,,2026-04-24 15:00:00.000,"34,533,000",
SURVEY,ANIMALS & PRODUCTS,DAIRY,CHEESE,ALL CLASSES,ALL PRODUCTION PRACTICES,ALL UTILIZATION PRACTICES,PRODUCTION,LB,"CHEESE - PRODUCTION, MEASURED IN LB",TOTAL,NOT SPECIFIED,STATE,19,19,IA,IOWA,,,,,,,,00000000,,,9000,UNITED STATES,IOWA,2024,MONTHLY,02,02,FEB,,2026-04-24 15:00:00.000,"31,505,000",
SURVEY,ANIMALS & PRODUCTS,DAIRY,CHEESE,ALL CLASSES,ALL PRODUCTION PRACTICES,ALL UTILIZATION PRACTICES,PRODUCTION,LB,"CHEESE - PRODUCTION, MEASURED IN LB",TOTAL,NOT SPECIFIED,STATE,19,19,IA,IOWA,,,,,,,,00000000,,,9000,UNITED STATES,IOWA,2024,MONTHLY,03,03,MAR,,2026-04-24 15:00:00.000,"33,209,000",
SURVEY,ANIMALS & PRODUCTS,DAIRY,CHEESE,ALL CLASSES,ALL PRODUCTION PRACTICES,ALL UTILIZATION PRACTICES,PRODUCTION,LB,"CHEESE - PRODUCTION, MEASURED IN LB",TOTAL,NOT SPECIFIED,STATE,19,19,IA,IOWA,,,,,,,,00000000,,,9000,UNITED STATES,IOWA,2024,MONTHLY,04,04,APR,,2026-04-24 15:00:00.000,"33,377,000",
SURVEY,ANIMALS & PRODUCTS,DAIRY,CHEESE,ALL CLASSES,ALL PRODUCTION PRACTICES,ALL UTILIZATION PRACTICES,PRODUCTION,LB,"CHEESE - PRODUCTION, MEASURED IN LB",TOTAL,NOT SPECIFIED,STATE,19,19,IA,IOWA,,,,,,,,00000000,,,9000,UNITED STATES,IOWA,2024,MONTHLY,05,05,MAY,,2026-04-24 15:00:00.000,"33,413,000",
SURVEY,ANIMALS & PRODUCTS,DAIRY,CHEESE,ALL CLASSES,ALL PRODUCTION PRACTICES,ALL UTILIZATION PRACTICES,PRODUCTION,LB,"CHEESE - PRODUCTION, MEASURED IN LB",TOTAL,NOT SPECIFIED,STATE,19,19,IA,IOWA,,,,,,,,00000000,,,9000,UNITED STATES,IOWA,2024,MONTHLY,06,06,JUN,,2026-04-24 15:00:00.000,"31,393,000",
SURVEY,ANIMALS & PRODUCTS,DAIRY,CHEESE,ALL CLASSES,ALL PRODUCTION PRACTICES,ALL UTILIZATION PRACTICES,PRODUCTION,LB,"CHEESE - PRODUCTION, MEASURED IN LB",TOTAL,NOT SPECIFIED,STATE,19,19,IA,IOWA,,,,,,,,00000000,,,9000,UNITED STATES,IOWA,2024,MONTHLY,07,07,JUL,,2026-04-24 15:00:00.000,"31,868,000",
SURVEY,ANIMALS & PRODUCTS,DAIRY,CHEESE,ALL CLASSES,ALL PRODUCTION PRACTICES,ALL UTILIZATION PRACTICES,PRODUCTION,LB,"CHEESE - PRODUCTION, MEASURED IN LB",TOTAL,NOT SPECIFIED,STATE,19,19,IA,IOWA,,,,,,,,00000000,,,9000,UNITED STATES,IOWA,2024,MONTHLY,08,08,AUG,,2026-04-24 15:00:00.000,"30,595,000",
SURVEY,ANIMALS & PRODUCTS,DAIRY,CHEESE,ALL CLASSES,ALL PRODUCTION PRACTICES,ALL UTILIZATION PRACTICES,PRODUCTION,LB,"CHEESE - PRODUCTION, MEASURED IN LB",TOTAL,NOT SPECIFIED,STATE,19,19,IA,IOWA,,,,,,,,00000000,,,9000,UNITED STATES,IOWA,2024,MONTHLY,09,09,SEP,,2026-04-24 15:00:00.000,"29,572,000",
SURVEY,ANIMALS & PRODUCTS,DAIRY,CHEESE,ALL CLASSES,ALL PRODUCTION PRACTICES,ALL UTILIZATION PRACTICES,PRODUCTION,LB,"CHEESE - PRODUCTION, MEASURED IN LB",TOTAL,NOT SPECIFIED,STATE,19,19,IA,IOWA,,,,,,,,00000000,,,9000,UNITED STATES,IOWA,2024,MONTHLY,10,10,OCT,,2026-04-24 15:00:00.000,"31,981,000",
SURVEY,ANIMALS & PRODUCTS,DAIRY,CHEESE,ALL CLASSES,ALL PRODUCTION PRACTICES,ALL UTILIZATION PRACTICES,PRODUCTION,LB,"CHEESE - PRODUCTION, MEASURED IN LB",TOTAL,NOT SPECIFIED,STATE,19,19,IA,IOWA,,,,,,,,00000000,,,9000,UNITED STATES,IOWA,2024,MONTHLY,11,11,NOV,,2026-04-24 15:00:00.000,"32,518,000",
SURVEY,ANIMALS & PRODUCTS,DAIRY,CHEESE,ALL CLASSES,ALL PRODUCTION PRACTICES,ALL UTILIZATION PRACTICES,PRODUCTION,LB,"CHEESE - PRODUCTION, MEASURED IN LB",TOTAL,NOT SPECIFIED,STATE,19,19,IA,IOWA,,,,,,,,00000000,,,9000,UNITED STATES,IOWA,2024,MONTHLY,12,12,DEC,,2026-04-24 15:00:00.000,"33,760,000",
SURVEY,ANIMALS & PRODUCTS,DAIRY,CHEESE,ALL CLASSES,ALL PRODUCTION PRACTICES,ALL UTILIZATION PRACTICES,PRODUCTION,LB,"CHEESE - PRODUCTION, MEASURED IN LB",TOTAL,NOT SPECIFIED,STATE,27,27,MN,MINNESOTA,,,,,,,,00000000,,,9000,UNITED STATES,MINNESOTA,2024,MONTHLY,01,01,JAN,,2026-04-24 15:00:00.000,"71,541,000",
SURVEY,ANIMALS & PRODUCTS,DAIRY,CHEESE,ALL CLASSES,ALL PRODUCTION PRACTICES,ALL UTILIZATION PRACTICES,PRODUCTION,LB,"CHEESE - PRODUCTION, MEASURED IN LB",TOTAL,NOT SPECIFIED,STATE,27,27,MN,MINNESOTA,,,,,,,,00000000,,,9000,UNITED STATES,MINNESOTA,2024,MONTHLY,02,02,FEB,,2026-04-24 15:00:00.000,"65,518,000",
SURVEY,ANIMALS & PRODUCTS,DAIRY,CHEESE,ALL CLASSES,ALL PRODUCTION PRACTICES,ALL UTILIZATION PRACTICES,PRODUCTION,LB,"CHEESE - PRODUCTION, MEASURED IN LB",TOTAL,NOT SPECIFIED,STATE,27,27,MN,MINNESOTA,,,,,,,,00000000,,,9000,UNITED STATES,MINNESOTA,2024,MONTHLY,03,03,MAR,,2026-04-24 15:00:00.000,"70,885,000",
SURVEY,ANIMALS & PRODUCTS,DAIRY,CHEESE,ALL CLASSES,ALL PRODUCTION PRACTICES,ALL UTILIZATION PRACTICES,PRODUCTION,LB,"CHEESE - PRODUCTION, MEASURED IN LB",TOTAL,NOT SPECIFIED,STATE,27,27,MN,MINNESOTA,,,,,,,,00000000,,,9000,UNITED STATES,MINNESOTA,2024,MONTHLY,04,04,APR,,2026-04-24 15:00:00.000,"68,057,000",
SURVEY,ANIMALS & PRODUCTS,DAIRY,CHEESE,ALL CLASSES,ALL PRODUCTION PRACTICES,ALL UTILIZATION PRACTICES,PRODUCTION,LB,"CHEESE - PRODUCTION, MEASURED IN LB",TOTAL,NOT SPECIFIED,STATE,27,27,MN,MINNESOTA,,,,,,,,00000000,,,9000,UNITED STATES,MINNESOTA,2024,MONTHLY,05,05,MAY,,2026-04-24 15:00:00.000,"70,479,000",
SURVEY,ANIMALS & PRODUCTS,DAIRY,CHEESE,ALL CLASSES,ALL PRODUCTION PRACTICES,ALL UTILIZATION PRACTICES,PRODUCTION,LB,"CHEESE - PRODUCTION, MEASURED IN LB",TOTAL,NOT SPECIFIED,STATE,27,27,MN,MINNESOTA,,,,,,,,00000000,,,9000,UNITED STATES,MINNESOTA,2024,MONTHLY,06,06,JUN,,2026-04-24 15:00:00.000,"65,668,000",
SURVEY,ANIMALS & PRODUCTS,DAIRY,CHEESE,ALL CLASSES,ALL PRODUCTION PRACTICES,ALL UTILIZATION PRACTICES,PRODUCTION,LB,"CHEESE - PRODUCTION, MEASURED IN LB",TOTAL,NOT SPECIFIED,STATE,27,27,MN,MINNESOTA,,,,,,,,00000000,,,9000,UNITED STATES,MINNESOTA,2024,MONTHLY,07,07,JUL,,2026-04-24 15:00:00.000,"66,867,000",
SURVEY,ANIMALS & PRODUCTS,DAIRY,CHEESE,ALL CLASSES,ALL PRODUCTION PRACTICES,ALL UTILIZATION PRACTICES,PRODUCTION,LB,"CHEESE - PRODUCTION, MEASURED IN LB",TOTAL,NOT SPECIFIED,STATE,27,27,MN,MINNESOTA,,,,,,,,00000000,,,9000,UNITED STATES,MINNESOTA,2024,MONTHLY,08,08,AUG,,2026-04-24 15:00:00.000,"67,724,000",
SURVEY,ANIMALS & PRODUCTS,DAIRY,CHEESE,ALL CLASSES,ALL PRODUCTION PRACTICES,ALL UTILIZATION PRACTICES,PRODUCTION,LB,"CHEESE - PRODUCTION, MEASURED IN LB",TOTAL,NOT SPECIFIED,STATE,27,27,MN,MINNESOTA,,,,,,,,00000000,,,9000,UNITED STATES,MINNESOTA,2024,MONTHLY,09,09,SEP,,2026-04-24 15:00:00.000,"66,535,000",
SURVEY,ANIMALS & PRODUCTS,DAIRY,CHEESE,ALL CLASSES,ALL PRODUCTION PRACTICES,ALL UTILIZATION PRACTICES,PRODUCTION,LB,"CHEESE - PRODUCTION, MEASURED IN LB",TOTAL,NOT SPECIFIED,STATE,27,27,MN,MINNESOTA,,,,,,,,00000000,,,9000,UNITED STATES,MINNESOTA,2024,MONTHLY,10,10,OCT,,2026-04-24 15:00:00.000,"69,694,000",
SURVEY,ANIMALS & PRODUCTS,DAIRY,CHEESE,ALL CLASSES,ALL PRODUCTION PRACTICES,ALL UTILIZATION PRACTICES,PRODUCTION,LB,"CHEESE - PRODUCTION, MEASURED IN LB",TOTAL,NOT SPECIFIED,STATE,27,27,MN,MINNESOTA,,,,,,,,00000000,,,9000,UNITED STATES,MINNESOTA,2024,MONTHLY,11,11,NOV,,2026-04-24 15:00:00.000,"64,997,000",
SURVEY,ANIMALS & PRODUCTS,DAIRY,CHEESE,ALL CLASSES,ALL PRODUCTION PRACTICES,ALL UTILIZATION PRACTICES,PRODUCTION,LB,"CHEESE - PRODUCTION, MEASURED IN LB",TOTAL,NOT SPECIFIED,STATE,27,27,MN,MINNESOTA,,,,,,,,00000000,,,9000,UNITED STATES,MINNESOTA,2024,MONTHLY,12,12,DEC,,2026-04-24 15:00:00.000,"68,956,000",
SURVEY,ANIMALS & PRODUCTS,DAIRY,CHEESE,ALL CLASSES,ALL PRODUCTION PRACTICES,ALL UTILIZATION PRACTICES,PRODUCTION,LB,"CHEESE - PRODUCTION, MEASURED IN LB",TOTAL,NOT SPECIFIED,STATE,35,35,NM,NEW MEXICO,,,,,,,,00000000,,,9000,UNITED STATES,NEW MEXICO,2024,MONTHLY,01,01,JAN,,2026-04-24 15:00:00.000,"81,870,000",
SURVEY,ANIMALS & PRODUCTS,DAIRY,CHEESE,ALL CLASSES,ALL PRODUCTION PRACTICES,ALL UTILIZATION PRACTICES,PRODUCTION,LB,"CHEESE - PRODUCTION, MEASURED IN LB",TOTAL,NOT SPECIFIED,STATE,35,35,NM,NEW MEXICO,,,,,,,,00000000,,,9000,UNITED STATES,NEW MEXICO,2024,MONTHLY,02,02,FEB,,2026-04-24 15:00:00.000,"75,724,000",
SURVEY,ANIMALS & PRODUCTS,DAIRY,CHEESE,ALL CLASSES,ALL PRODUCTION PRACTICES,ALL UTILIZATION PRACTICES,PRODUCTION,LB,"CHEESE - PRODUCTION, MEASURED IN LB",TOTAL,NOT SPECIFIED,STATE,35,35,NM,NEW MEXICO,,,,,,,,00000000,,,9000,UNITED STATES,NEW MEXICO,2024,MONTHLY,03,03,MAR,,2026-04-24 15:00:00.000,"82,916,000",
SURVEY,ANIMALS & PRODUCTS,DAIRY,CHEESE,ALL CLASSES,ALL PRODUCTION PRACTICES,ALL UTILIZATION PRACTICES,PRODUCTION,LB,"CHEESE - PRODUCTION, MEASURED IN LB",TOTAL,NOT SPECIFIED,STATE,35,35,NM,NEW MEXICO,,,,,,,,00000000,,,9000,UNITED STATES,NEW MEXICO,2024,MONTHLY,04,04,APR,,2026-04-24 15:00:00.000,"77,425,000",
SURVEY,ANIMALS & PRODUCTS,DAIRY,CHEESE,ALL CLASSES,ALL PRODUCTION PRACTICES,ALL UTILIZATION PRACTICES,PRODUCTION,LB,"CHEESE - PRODUCTION, MEASURED IN LB",TOTAL,NOT SPECIFIED,STATE,35,35,NM,NEW MEXICO,,,,,,,,00000000,,,9000,UNITED STATES,NEW MEXICO,2024,MONTHLY,05,05,MAY,,2026-04-24 15:00:00.000,"80,954,000",
SURVEY,ANIMALS & PRODUCTS,DAIRY,CHEESE,ALL CLASSES,ALL PRODUCTION PRACTICES,ALL UTILIZATION PRACTICES,PRODUCTION,LB,"CHEESE - PRODUCTION, MEASURED IN LB",TOTAL,NOT SPECIFIED,STATE,35,35,NM,NEW MEXICO,,,,,,,,00000000,,,9000,UNITED STATES,NEW MEXICO,2024,MONTHLY,06,06,JUN,,2026-04-24 15:00:00.000,"68,684,000",
SURVEY,ANIMALS & PRODUCTS,DAIRY,CHEESE,ALL CLASSES,ALL PRODUCTION PRACTICES,ALL UTILIZATION PRACTICES,PRODUCTION,LB,"CHEESE - PRODUCTION, MEASURED IN LB",TOTAL,NOT SPECIFIED,STATE,35,35,NM,NEW MEXICO,,,,,,,,00000000,,,9000,UNITED STATES,NEW MEXICO,2024,MONTHLY,07,07,JUL,,2026-04-24 15:00:00.000,"77,848,000",
SURVEY,ANIMALS & PRODUCTS,DAIRY,CHEESE,ALL CLASSES,ALL PRODUCTION PRACTICES,ALL UTILIZATION PRACTICES,PRODUCTION,LB,"CHEESE - PRODUCTION, MEASURED IN LB",TOTAL,NOT SPECIFIED,STATE,35,35,NM,NEW MEXICO,,,,,,,,00000000,,,9000,UNITED STATES,NEW MEXICO,2024,MONTHLY,08,08,AUG,,2026-04-24 15:00:00.000,"88,730,000",
SURVEY,ANIMALS & PRODUCTS,DAIRY,CHEESE,ALL CLASSES,ALL PRODUCTION PRACTICES,ALL UTILIZATION PRACTICES,PRODUCTION,LB,"CHEESE - PRODUCTION, MEASURED IN LB",TOTAL,NOT SPECIFIED,STATE,35,35,NM,NEW MEXICO,,,,,,,,00000000,,,9000,UNITED STATES,NEW MEXICO,2024,MONTHLY,09,09,SEP,,2026-04-24 15:00:00.000,"65,952,000",
SURVEY,ANIMALS & PRODUCTS,DAIRY,CHEESE,ALL CLASSES,ALL PRODUCTION PRACTICES,ALL UTILIZATION PRACTICES,PRODUCTION,LB,"CHEESE - PRODUCTION, MEASURED IN LB",TOTAL,NOT SPECIFIED,STATE,35,35,NM,NEW MEXICO,,,,,,,,00000000,,,9000,UNITED STATES,NEW MEXICO,2024,MONTHLY,10,10,OCT,,2026-04-24 15:00:00.000,"75,986,000",
SURVEY,ANIMALS & PRODUCTS,DAIRY,CHEESE,ALL CLASSES,ALL PRODUCTION PRACTICES,ALL UTILIZATION PRACTICES,PRODUCTION,LB,"CHEESE - PRODUCTION, MEASURED IN LB",TOTAL,NOT SPECIFIED,STATE,35,35,NM,NEW MEXICO,,,,,,,,00000000,,,9000,UNITED STATES,NEW MEXICO,2024,MONTHLY,11,11,NOV,,2026-04-24 15:00:00.000,"75,171,000",
SURVEY,ANIMALS & PRODUCTS,DAIRY,CHEESE,ALL CLASSES,ALL PRODUCTION PRACTICES,ALL UTILIZATION PRACTICES,PRODUCTION,LB,"CHEESE - PRODUCTION, MEASURED IN LB",TOTAL,NOT SPECIFIED,STATE,35,35,NM,NEW MEXICO,,,,,,,,00000000,,,9000,UNITED STATES,NEW MEXICO,2024,MONTHLY,12,12,DEC,,2026-04-24 15:00:00.000,"73,686,000",
SURVEY,ANIMALS & PRODUCTS,DAIRY,CHEESE,ALL CLASSES,ALL PRODUCTION PRACTICES,ALL UTILIZATION PRACTICES,PRODUCTION,LB,"CHEESE - PRODUCTION, MEASURED IN LB",TOTAL,NOT SPECIFIED,STATE,36,36,NY,NEW YORK,,,,,,,,00000000,,,9000,UNITED STATES,NEW YORK,2024,MONTHLY,01,01,JAN,,2026-04-24 15:00:00.000,"77,175,000",
SURVEY,ANIMALS & PRODUCTS,DAIRY,CHEESE,ALL CLASSES,ALL PRODUCTION PRACTICES,ALL UTILIZATION PRACTICES,PRODUCTION,LB,"CHEESE - PRODUCTION, MEASURED IN LB",TOTAL,NOT SPECIFIED,STATE,36,36,NY,NEW YORK,,,,,,,,00000000,,,9000,UNITED STATES,NEW YORK,2024,MONTHLY,02,02,FEB,,2026-04-24 15:00:00.000,"73,896,000",
SURVEY,ANIMALS & PRODUCTS,DAIRY,CHEESE,ALL CLASSES,ALL PRODUCTION PRACTICES,ALL UTILIZATION PRACTICES,PRODUCTION,LB,"CHEESE - PRODUCTION, MEASURED IN LB",TOTAL,NOT SPECIFIED,STATE,36,36,NY,NEW YORK,,,,,,,,00000000,,,9000,UNITED STATES,NEW YORK,2024,MONTHLY,03,03,MAR,,2026-04-24 15:00:00.000,"72,672,000",
SURVEY,ANIMALS & PRODUCTS,DAIRY,CHEESE,ALL CLASSES,ALL PRODUCTION PRACTICES,ALL UTILIZATION PRACTICES,PRODUCTION,LB,"CHEESE - PRODUCTION, MEASURED IN LB",TOTAL,NOT SPECIFIED,STATE,36,36,NY,NEW YORK,,,,,,,,00000000,,,9000,UNITED STATES,NEW YORK,2024,MONTHLY,04,04,APR,,2026-04-24 15:00:00.000,"74,120,000",
SURVEY,ANIMALS & PRODUCTS,DAIRY,CHEESE,ALL CLASSES,ALL PRODUCTION PRACTICES,ALL UTILIZATION PRACTICES,PRODUCTION,LB,"CHEESE - PRODUCTION, MEASURED IN LB",TOTAL,NOT SPECIFIED,STATE,36,36,NY,NEW YORK,,,,,,,,00000000,,,9000,UNITED STATES,NEW YORK,2024,MONTHLY,05,05,MAY,,2026-04-24 15:00:00.000,"68,653,000",
SURVEY,ANIMALS & PRODUCTS,DAIRY,CHEESE,ALL CLASSES,ALL PRODUCTION PRACTICES,ALL UTILIZATION PRACTICES,PRODUCTION,LB,"CHEESE - PRODUCTION, MEASURED IN LB",TOTAL,NOT SPECIFIED,STATE,36,36,NY,NEW YORK,,,,,,,,00000000,,,9000,UNITED STATES,NEW YORK,2024,MONTHLY,06,06,JUN,,2026-04-24 15:00:00.000,"67,175,000",
SURVEY,ANIMALS & PRODUCTS,DAIRY,CHEESE,ALL CLASSES,ALL PRODUCTION PRACTICES,ALL UTILIZATION PRACTICES,PRODUCTION,LB,"CHEESE - PRODUCTION, MEASURED IN LB",TOTAL,NOT SPECIFIED,STATE,36,36,NY,NEW YORK,,,,,,,,00000000,,,9000,UNITED STATES,NEW YORK,2024,MONTHLY,07,07,JUL,,2026-04-24 15:00:00.000,"77,361,000",
SURVEY,ANIMALS & PRODUCTS,DAIRY,CHEESE,ALL CLASSES,ALL PRODUCTION PRACTICES,ALL UTILIZATION PRACTICES,PRODUCTION,LB,"CHEESE - PRODUCTION, MEASURED IN LB",TOTAL,NOT SPECIFIED,STATE,36,36,NY,NEW YORK,,,,,,,,00000000,,,9000,UNITED STATES,NEW YORK,2024,MONTHLY,08,08,AUG,,2026-04-24 15:00:00.000,"69,786,000",
SURVEY,ANIMALS & PRODUCTS,DAIRY,CHEESE,ALL CLASSES,ALL PRODUCTION PRACTICES,ALL UTILIZATION PRACTICES,PRODUCTION,LB,"CHEESE - PRODUCTION, MEASURED IN LB",TOTAL,NOT SPECIFIED,STATE,36,36,NY,NEW YORK,,,,,,,,00000000,,,9000,UNITED STATES,NEW YORK,2024,MONTHLY,09,09,SEP,,2026-04-24 15:00:00.000,"68,953,000",
SURVEY,ANIMALS & PRODUCTS,DAIRY,CHEESE,ALL CLASSES,ALL PRODUCTION PRACTICES,ALL UTILIZATION PRACTICES,PRODUCTION,LB,"CHEESE - PRODUCTION, MEASURED IN LB",TOTAL,NOT SPECIFIED,STATE,36,36,NY,NEW YORK,,,,,,,,00000000,,,9000,UNITED STATES,NEW YORK,2024,MONTHLY,10,10,OCT,,2026-04-24 15:00:00.000,"74,803,000",
SURVEY,ANIMALS & PRODUCTS,DAIRY,CHEESE,ALL CLASSES,ALL PRODUCTION PRACTICES,ALL UTILIZATION PRACTICES,PRODUCTION,LB,"CHEESE - PRODUCTION, MEASURED IN LB",TOTAL,NOT SPECIFIED,STATE,36,36,NY,NEW YORK,,,,,,,,00000000,,,9000,UNITED STATES,NEW YORK,2024,MONTHLY,11,11,NOV,,2026-04-24 15:00:00.000,"66,956,000",
SURVEY,ANIMALS & PRODUCTS,DAIRY,CHEESE,ALL CLASSES,ALL PRODUCTION PRACTICES,ALL UTILIZATION PRACTICES,PRODUCTION,LB,"CHEESE - PRODUCTION, MEASURED IN LB",TOTAL,NOT SPECIFIED,STATE,36,36,NY,NEW YORK,,,,,,,,00000000,,,9000,UNITED STATES,NEW YORK,2024,MONTHLY,12,12,DEC,,2026-04-24 15:00:00.000,"64,717,000",
SURVEY,ANIMALS & PRODUCTS,DAIRY,CHEESE,ALL CLASSES,ALL PRODUCTION PRACTICES,ALL UTILIZATION PRACTICES,PRODUCTION,LB,"CHEESE - PRODUCTION, MEASURED IN LB",TOTAL,NOT SPECIFIED,STATE,39,39,OH,OHIO,,,,,,,,00000000,,,9000,UNITED STATES,OHIO,2024,MONTHLY,01,01,JAN,,2026-04-24 15:00:00.000,"22,546,000",
SURVEY,ANIMALS & PRODUCTS,DAIRY,CHEESE,ALL CLASSES,ALL PRODUCTION PRACTICES,ALL UTILIZATION PRACTICES,PRODUCTION,LB,"CHEESE - PRODUCTION, MEASURED IN LB",TOTAL,NOT SPECIFIED,STATE,39,39,OH,OHIO,,,,,,,,00000000,,,9000,UNITED STATES,OHIO,2024,MONTHLY,02,02,FEB,,2026-04-24 15:00:00.000,"19,300,000",
SURVEY,ANIMALS & PRODUCTS,DAIRY,CHEESE,ALL CLASSES,ALL PRODUCTION PRACTICES,ALL UTILIZATION PRACTICES,PRODUCTION,LB,"CHEESE - PRODUCTION, MEASURED IN LB",TOTAL,NOT SPECIFIED,STATE,39,39,OH,OHIO,,,,,,,,00000000,,,9000,UNITED STATES,OHIO,2024,MONTHLY,03,03,MAR,,2026-04-24 15:00:00.000,"22,067,000",
SURVEY,ANIMALS & PRODUCTS,DAIRY,CHEESE,ALL CLASSES,ALL PRODUCTION PRACTICES,ALL UTILIZATION PRACTICES,PRODUCTION,LB,"CHEESE - PRODUCTION, MEASURED IN LB",TOTAL,NOT SPECIFIED,STATE,39,39,OH,OHIO,,,,,,,,00000000,,,9000,UNITED STATES,OHIO,2024,MONTHLY,04,04,APR,,2026-04-24 15:00:00.000,"20,643,000",
SURVEY,ANIMALS & PRODUCTS,DAIRY,CHEESE,ALL CLASSES,ALL PRODUCTION PRACTICES,ALL UTILIZATION PRACTICES,PRODUCTION,LB,"CHEESE - PRODUCTION, MEASURED IN LB",TOTAL,NOT SPECIFIED,STATE,39,39,OH,OHIO,,,,,,,,00000000,,,9000,UNITED STATES,OHIO,2024,MONTHLY,05,05,MAY,,2026-04-24 15:00:00.000,"20,551,000",
SURVEY,ANIMALS & PRODUCTS,DAIRY,CHEESE,ALL CLASSES,ALL PRODUCTION PRACTICES,ALL UTILIZATION PRACTICES,PRODUCTION,LB,"CHEESE - PRODUCTION, MEASURED IN LB",TOTAL,NOT SPECIFIED,STATE,39,39,OH,OHIO,,,,,,,,00000000,,,9000,UNITED STATES,OHIO,2024,MONTHLY,06,06,JUN,,2026-04-24 15:00:00.000,"19,579,000",
SURVEY,ANIMALS & PRODUCTS,DAIRY,CHEESE,ALL CLASSES,ALL PRODUCTION PRACTICES,ALL UTILIZATION PRACTICES,PRODUCTION,LB,"CHEESE - PRODUCTION, MEASURED IN LB",TOTAL,NOT SPECIFIED,STATE,39,39,OH,OHIO,,,,,,,,00000000,,,9000,UNITED STATES,OHIO,2024,MONTHLY,07,07,JUL,,2026-04-24 15:00:00.000,"21,611,000",
SURVEY,ANIMALS & PRODUCTS,DAIRY,CHEESE,ALL CLASSES,ALL PRODUCTION PRACTICES,ALL UTILIZATION PRACTICES,PRODUCTION,LB,"CHEESE - PRODUCTION, MEASURED IN LB",TOTAL,NOT SPECIFIED,STATE,39,39,OH,OHIO,,,,,,,,00000000,,,9000,UNITED STATES,OHIO,2024,MONTHLY,08,08,AUG,,2026-04-24 15:00:00.000,"21,051,000",
SURVEY,ANIMALS & PRODUCTS,DAIRY,CHEESE,ALL CLASSES,ALL PRODUCTION PRACTICES,ALL UTILIZATION PRACTICES,PRODUCTION,LB,"CHEESE - PRODUCTION, MEASURED IN LB",TOTAL,NOT SPECIFIED,STATE,39,39,OH,OHIO,,,,,,,,00000000,,,9000,UNITED STATES,OHIO,2024,MONTHLY,09,09,SEP,,2026-04-24 15:00:00.000,"22,026,000",
SURVEY,ANIMALS & PRODUCTS,DAIRY,CHEESE,ALL CLASSES,ALL PRODUCTION PRACTICES,ALL UTILIZATION PRACTICES,PRODUCTION,LB,"CHEESE - PRODUCTION, MEASURED IN LB",TOTAL,NOT SPECIFIED,STATE,39,39,OH,OHIO,,,,,,,,00000000,,,9000,UNITED STATES,OHIO,2024,MONTHLY,10,10,OCT,,2026-04-24 15:00:00.000,"21,560,000",
SURVEY,ANIMALS & PRODUCTS,DAIRY,CHEESE,ALL CLASSES,ALL PRODUCTION PRACTICES,ALL UTILIZATION PRACTICES,PRODUCTION,LB,"CHEESE - PRODUCTION, MEASURED IN LB",TOTAL,NOT SPECIFIED,STATE,39,39,OH,OHIO,,,,,,,,00000000,,,9000,UNITED STATES,OHIO,2024,MONTHLY,11,11,NOV,,2026-04-24 15:00:00.000,"20,716,000",
SURVEY,ANIMALS & PRODUCTS,DAIRY,CHEESE,ALL CLASSES,ALL PRODUCTION PRACTICES,ALL UTILIZATION PRACTICES,PRODUCTION,LB,"CHEESE - PRODUCTION, MEASURED IN LB",TOTAL,NOT SPECIFIED,STATE,39,39,OH,OHIO,,,,,,,,00000000,,,9000,UNITED STATES,OHIO,2024,MONTHLY,12,12,DEC,,2026-04-24 15:00:00.000,"23,087,000",
SURVEY,ANIMALS & PRODUCTS,DAIRY,CHEESE,ALL CLASSES,ALL PRODUCTION PRACTICES,ALL UTILIZATION PRACTICES,PRODUCTION,LB,"CHEESE - PRODUCTION, MEASURED IN LB",TOTAL,NOT SPECIFIED,STATE,42,42,PA,PENNSYLVANIA,,,,,,,,00000000,,,9000,UNITED STATES,PENNSYLVANIA,2024,MONTHLY,01,01,JAN,,2026-04-24 15:00:00.000,"37,573,000",
SURVEY,ANIMALS & PRODUCTS,DAIRY,CHEESE,ALL CLASSES,ALL PRODUCTION PRACTICES,ALL UTILIZATION PRACTICES,PRODUCTION,LB,"CHEESE - PRODUCTION, MEASURED IN LB",TOTAL,NOT SPECIFIED,STATE,42,42,PA,PENNSYLVANIA,,,,,,,,00000000,,,9000,UNITED STATES,PENNSYLVANIA,2024,MONTHLY,02,02,FEB,,2026-04-24 15:00:00.000,"35,613,000",
SURVEY,ANIMALS & PRODUCTS,DAIRY,CHEESE,ALL CLASSES,ALL PRODUCTION PRACTICES,ALL UTILIZATION PRACTICES,PRODUCTION,LB,"CHEESE - PRODUCTION, MEASURED IN LB",TOTAL,NOT SPECIFIED,STATE,42,42,PA,PENNSYLVANIA,,,,,,,,00000000,,,9000,UNITED STATES,PENNSYLVANIA,2024,MONTHLY,03,03,MAR,,2026-04-24 15:00:00.000,"38,697,000",
SURVEY,ANIMALS & PRODUCTS,DAIRY,CHEESE,ALL CLASSES,ALL PRODUCTION PRACTICES,ALL UTILIZATION PRACTICES,PRODUCTION,LB,"CHEESE - PRODUCTION, MEASURED IN LB",TOTAL,NOT SPECIFIED,STATE,42,42,PA,PENNSYLVANIA,,,,,,,,00000000,,,9000,UNITED STATES,PENNSYLVANIA,2024,MONTHLY,04,04,APR,,2026-04-24 15:00:00.000,"42,055,000",
SURVEY,ANIMALS & PRODUCTS,DAIRY,CHEESE,ALL CLASSES,ALL PRODUCTION PRACTICES,ALL UTILIZATION PRACTICES,PRODUCTION,LB,"CHEESE - PRODUCTION, MEASURED IN LB",TOTAL,NOT SPECIFIED,STATE,42,42,PA,PENNSYLVANIA,,,,,,,,00000000,,,9000,UNITED STATES,PENNSYLVANIA,2024,MONTHLY,05,05,MAY,,2026-04-24 15:00:00.000,"41,052,000",
SURVEY,ANIMALS & PRODUCTS,DAIRY,CHEESE,ALL CLASSES,ALL PRODUCTION PRACTICES,ALL UTILIZATION PRACTICES,PRODUCTION,LB,"CHEESE - PRODUCTION, MEASURED IN LB",TOTAL,NOT SPECIFIED,STATE,42,42,PA,PENNSYLVANIA,,,,,,,,00000000,,,9000,UNITED STATES,PENNSYLVANIA,2024,MONTHLY,06,06,JUN,,2026-04-24 15:00:00.000,"38,298,000",
SURVEY,ANIMALS & PRODUCTS,DAIRY,CHEESE,ALL CLASSES,ALL PRODUCTION PRACTICES,ALL UTILIZATION PRACTICES,PRODUCTION,LB,"CHEESE - PRODUCTION, MEASURED IN LB",TOTAL,NOT SPECIFIED,STATE,42,42,PA,PENNSYLVANIA,,,,,,,,00000000,,,9000,UNITED STATES,PENNSYLVANIA,2024,MONTHLY,07,07,JUL,,2026-04-24 15:00:00.000,"34,414,000",
SURVEY,ANIMALS & PRODUCTS,DAIRY,CHEESE,ALL CLASSES,ALL PRODUCTION PRACTICES,ALL UTILIZATION PRACTICES,PRODUCTION,LB,"CHEESE - PRODUCTION, MEASURED IN LB",TOTAL,NOT SPECIFIED,STATE,42,42,PA,PENNSYLVANIA,,,,,,,,00000000,,,9000,UNITED STATES,PENNSYLVANIA,2024,MONTHLY,08,08,AUG,,2026-04-24 15:00:00.000,"38,133,000",
SURVEY,ANIMALS & PRODUCTS,DAIRY,CHEESE,ALL CLASSES,ALL PRODUCTION PRACTICES,ALL UTILIZATION PRACTICES,PRODUCTION,LB,"CHEESE - PRODUCTION, MEASURED IN LB",TOTAL,NOT SPECIFIED,STATE,42,42,PA,PENNSYLVANIA,,,,,,,,00000000,,,9000,UNITED STATES,PENNSYLVANIA,2024,MONTHLY,09,09,SEP,,2026-04-24 15:00:00.000,"40,575,000",
SURVEY,ANIMALS & PRODUCTS,DAIRY,CHEESE,ALL CLASSES,ALL PRODUCTION PRACTICES,ALL UTILIZATION PRACTICES,PRODUCTION,LB,"CHEESE - PRODUCTION, MEASURED IN LB",TOTAL,NOT SPECIFIED,STATE,42,42,PA,PENNSYLVANIA,,,,,,,,00000000,,,9000,UNITED STATES,PENNSYLVANIA,2024,MONTHLY,10,10,OCT,,2026-04-24 15:00:00.000,"39,718,000",
SURVEY,ANIMALS & PRODUCTS,DAIRY,CHEESE,ALL CLASSES,ALL PRODUCTION PRACTICES,ALL UTILIZATION PRACTICES,PRODUCTION,LB,"CHEESE - PRODUCTION, MEASURED IN LB",TOTAL,NOT SPECIFIED,STATE,42,42,PA,PENNSYLVANIA,,,,,,,,00000000,,,9000,UNITED STATES,PENNSYLVANIA,2024,MONTHLY,11,11,NOV,,2026-04-24 15:00:00.000,"37,259,000",
SURVEY,ANIMALS & PRODUCTS,DAIRY,CHEESE,ALL CLASSES,ALL PRODUCTION PRACTICES,ALL UTILIZATION PRACTICES,PRODUCTION,LB,"CHEESE - PRODUCTION, MEASURED IN LB",TOTAL,NOT SPECIFIED,STATE,42,42,PA,PENNSYLVANIA,,,,,,,,00000000,,,9000,UNITED STATES,PENNSYLVANIA,2024,MONTHLY,12,12,DEC,,2026-04-24 15:00:00.000,"37,771,000",
SURVEY,ANIMALS & PRODUCTS,DAIRY,CHEESE,ALL CLASSES,ALL PRODUCTION PRACTICES,ALL UTILIZATION PRACTICES,PRODUCTION,LB,"CHEESE - PRODUCTION, MEASURED IN LB",TOTAL,NOT SPECIFIED,STATE,55,55,WI,WISCONSIN,,,,,,,,00000000,,,9000,UNITED STATES,WISCONSIN,2024,MONTHLY,01,01,JAN,,2026-04-24 15:00:00.000,"300,569,000",
SURVEY,ANIMALS & PRODUCTS,DAIRY,CHEESE,ALL CLASSES,ALL PRODUCTION PRACTICES,ALL UTILIZATION PRACTICES,PRODUCTION,LB,"CHEESE - PRODUCTION, MEASURED IN LB",TOTAL,NOT SPECIFIED,STATE,55,55,WI,WISCONSIN,,,,,,,,00000000,,,9000,UNITED STATES,WISCONSIN,2024,MONTHLY,02,02,FEB,,2026-04-24 15:00:00.000,"282,219,000",
SURVEY,ANIMALS & PRODUCTS,DAIRY,CHEESE,ALL CLASSES,ALL PRODUCTION PRACTICES,ALL UTILIZATION PRACTICES,PRODUCTION,LB,"CHEESE - PRODUCTION, MEASURED IN LB",TOTAL,NOT SPECIFIED,STATE,55,55,WI,WISCONSIN,,,,,,,,00000000,,,9000,UNITED STATES,WISCONSIN,2024,MONTHLY,03,03,MAR,,2026-04-24 15:00:00.000,"296,252,000",
SURVEY,ANIMALS & PRODUCTS,DAIRY,CHEESE,ALL CLASSES,ALL PRODUCTION PRACTICES,ALL UTILIZATION PRACTICES,PRODUCTION,LB,"CHEESE - PRODUCTION, MEASURED IN LB",TOTAL,NOT SPECIFIED,STATE,55,55,WI,WISCONSIN,,,,,,,,00000000,,,9000,UNITED STATES,WISCONSIN,2024,MONTHLY,04,04,APR,,2026-04-24 15:00:00.000,"301,541,000",
SURVEY,ANIMALS & PRODUCTS,DAIRY,CHEESE,ALL CLASSES,ALL PRODUCTION PRACTICES,ALL UTILIZATION PRACTICES,PRODUCTION,LB,"CHEESE - PRODUCTION, MEASURED IN LB",TOTAL,NOT SPECIFIED,STATE,55,55,WI,WISCONSIN,,,,,,,,00000000,,,9000,UNITED STATES,WISCONSIN,2024,MONTHLY,05,05,MAY,,2026-04-24 15:00:00.000,"312,051,000",
SURVEY,ANIMALS & PRODUCTS,DAIRY,CHEESE,ALL CLASSES,ALL PRODUCTION PRACTICES,ALL UTILIZATION PRACTICES,PRODUCTION,LB,"CHEESE - PRODUCTION, MEASURED IN LB",TOTAL,NOT SPECIFIED,STATE,55,55,WI,WISCONSIN,,,,,,,,00000000,,,9000,UNITED STATES,WISCONSIN,2024,MONTHLY,06,06,JUN,,2026-04-24 15:00:00.000,"293,382,000",
SURVEY,ANIMALS & PRODUCTS,DAIRY,CHEESE,ALL CLASSES,ALL PRODUCTION PRACTICES,ALL UTILIZATION PRACTICES,PRODUCTION,LB,"CHEESE - PRODUCTION, MEASURED IN LB",TOTAL,NOT SPECIFIED,STATE,55,55,WI,WISCONSIN,,,,,,,,00000000,,,9000,UNITED STATES,WISCONSIN,2024,MONTHLY,07,07,JUL,,2026-04-24 15:00:00.000,"301,370,000",
SURVEY,ANIMALS & PRODUCTS,DAIRY,CHEESE,ALL CLASSES,ALL PRODUCTION PRACTICES,ALL UTILIZATION PRACTICES,PRODUCTION,LB,"CHEESE - PRODUCTION, MEASURED IN LB",TOTAL,NOT SPECIFIED,STATE,55,55,WI,WISCONSIN,,,,,,,,00000000,,,9000,UNITED STATES,WISCONSIN,2024,MONTHLY,08,08,AUG,,2026-04-24 15:00:00.000,"296,800,000",
SURVEY,ANIMALS & PRODUCTS,DAIRY,CHEESE,ALL CLASSES,ALL PRODUCTION PRACTICES,ALL UTILIZATION PRACTICES,PRODUCTION,LB,"CHEESE - PRODUCTION, MEASURED IN LB",TOTAL,NOT SPECIFIED,STATE,55,55,WI,WISCONSIN,,,,,,,,00000000,,,9000,UNITED STATES,WISCONSIN,2024,MONTHLY,09,09,SEP,,2026-04-24 15:00:00.000,"284,743,000",
SURVEY,ANIMALS & PRODUCTS,DAIRY,CHEESE,ALL CLASSES,ALL PRODUCTION PRACTICES,ALL UTILIZATION PRACTICES,PRODUCTION,LB,"CHEESE - PRODUCTION, MEASURED IN LB",TOTAL,NOT SPECIFIED,STATE,55,55,WI,WISCONSIN,,,,,,,,00000000,,,9000,UNITED STATES,WISCONSIN,2024,MONTHLY,10,10,OCT,,2026-04-24 15:00:00.000,"315,022,000",
SURVEY,ANIMALS & PRODUCTS,DAIRY,CHEESE,ALL CLASSES,ALL PRODUCTION PRACTICES,ALL UTILIZATION PRACTICES,PRODUCTION,LB,"CHEESE - PRODUCTION, MEASURED IN LB",TOTAL,NOT SPECIFIED,STATE,55,55,WI,WISCONSIN,,,,,,,,00000000,,,9000,UNITED STATES,WISCONSIN,2024,MONTHLY,11,11,NOV,,2026-04-24 15:00:00.000,"295,374,000",
SURVEY,ANIMALS & PRODUCTS,DAIRY,CHEESE,ALL CLASSES,ALL PRODUCTION PRACTICES,ALL UTILIZATION PRACTICES,PRODUCTION,LB,"CHEESE - PRODUCTION, MEASURED IN LB",TOTAL,NOT SPECIFIED,STATE,55,55,WI,WISCONSIN,,,,,,,,00000000,,,9000,UNITED STATES,WISCONSIN,2024,MONTHLY,12,12,DEC,,2026-04-24 15:00:00.000,"306,267,000",
SURVEY,ANIMALS & PRODUCTS,DAIRY,CHEESE,AMERICAN,ALL PRODUCTION PRACTICES,ALL UTILIZATION PRACTICES,PRODUCTION,LB,"CHEESE, AMERICAN - PRODUCTION, MEASURED IN LB",TOTAL,NOT SPECIFIED,STATE,,98,OT,OTHER STATES,,,,,,,,00000000,,,9000,UNITED STATES,OTHER STATES,2024,MONTHLY,01,01,JAN,,2026-04-24 15:00:00.000,"238,682,000",
SURVEY,ANIMALS & PRODUCTS,DAIRY,CHEESE,AMERICAN,ALL PRODUCTION PRACTICES,ALL UTILIZATION PRACTICES,PRODUCTION,LB,"CHEESE, AMERICAN - PRODUCTION, MEASURED IN LB",TOTAL,NOT SPECIFIED,STATE,,98,OT,OTHER STATES,,,,,,,,00000000,,,9000,UNITED STATES,OTHER STATES,2024,MONTHLY,02,02,FEB,,2026-04-24 15:00:00.000,"225,157,000",
SURVEY,ANIMALS & PRODUCTS,DAIRY,CHEESE,AMERICAN,ALL PRODUCTION PRACTICES,ALL UTILIZATION PRACTICES,PRODUCTION,LB,"CHEESE, AMERICAN - PRODUCTION, MEASURED IN LB",TOTAL,NOT SPECIFIED,STATE,,98,OT,OTHER STATES,,,,,,,,00000000,,,9000,UNITED STATES,OTHER STATES,2024,MONTHLY,03,03,MAR,,2026-04-24 15:00:00.000,"242,214,000",
SURVEY,ANIMALS & PRODUCTS,DAIRY,CHEESE,AMERICAN,ALL PRODUCTION PRACTICES,ALL UTILIZATION PRACTICES,PRODUCTION,LB,"CHEESE, AMERICAN - PRODUCTION, MEASURED IN LB",TOTAL,NOT SPECIFIED,STATE,,98,OT,OTHER STATES,,,,,,,,00000000,,,9000,UNITED STATES,OTHER STATES,2024,MONTHLY,04,04,APR,,2026-04-24 15:00:00.000,"231,654,000",
SURVEY,ANIMALS & PRODUCTS,DAIRY,CHEESE,AMERICAN,ALL PRODUCTION PRACTICES,ALL UTILIZATION PRACTICES,PRODUCTION,LB,"CHEESE, AMERICAN - PRODUCTION, MEASURED IN LB",TOTAL,NOT SPECIFIED,STATE,,98,OT,OTHER STATES,,,,,,,,00000000,,,9000,UNITED STATES,OTHER STATES,2024,MONTHLY,05,05,MAY,,2026-04-24 15:00:00.000,"247,838,000",
SURVEY,ANIMALS & PRODUCTS,DAIRY,CHEESE,AMERICAN,ALL PRODUCTION PRACTICES,ALL UTILIZATION PRACTICES,PRODUCTION,LB,"CHEESE, AMERICAN - PRODUCTION, MEASURED IN LB",TOTAL,NOT SPECIFIED,STATE,,98,OT,OTHER STATES,,,,,,,,00000000,,,9000,UNITED STATES,OTHER STATES,2024,MONTHLY,06,06,JUN,,2026-04-24 15:00:00.000,"228,605,000",
SURVEY,ANIMALS & PRODUCTS,DAIRY,CHEESE,AMERICAN,ALL PRODUCTION PRACTICES,ALL UTILIZATION PRACTICES,PRODUCTION,LB,"CHEESE, AMERICAN - PRODUCTION, MEASURED IN LB",TOTAL,NOT SPECIFIED,STATE,,98,OT,OTHER STATES,,,,,,,,00000000,,,9000,UNITED STATES,OTHER STATES,2024,MONTHLY,07,07,JUL,,2026-04-24 15:00:00.000,"238,193,000",
SURVEY,ANIMALS & PRODUCTS,DAIRY,CHEESE,AMERICAN,ALL PRODUCTION PRACTICES,ALL UTILIZATION PRACTICES,PRODUCTION,LB,"CHEESE, AMERICAN - PRODUCTION, MEASURED IN LB",TOTAL,NOT SPECIFIED,STATE,,98,OT,OTHER STATES,,,,,,,,00000000,,,9000,UNITED STATES,OTHER STATES,2024,MONTHLY,08,08,AUG,,2026-04-24 15:00:00.000,"250,646,000",
SURVEY,ANIMALS & PRODUCTS,DAIRY,CHEESE,AMERICAN,ALL PRODUCTION PRACTICES,ALL UTILIZATION PRACTICES,PRODUCTION,LB,"CHEESE, AMERICAN - PRODUCTION, MEASURED IN LB",TOTAL,NOT SPECIFIED,STATE,,98,OT,OTHER STATES,,,,,,,,00000000,,,9000,UNITED STATES,OTHER STATES,2024,MONTHLY,09,09,SEP,,2026-04-24 15:00:00.000,"228,160,000",
SURVEY,ANIMALS & PRODUCTS,DAIRY,CHEESE,AMERICAN,ALL PRODUCTION PRACTICES,ALL UTILIZATION PRACTICES,PRODUCTION,LB,"CHEESE, AMERICAN - PRODUCTION, MEASURED IN LB",TOTAL,NOT SPECIFIED,STATE,,98,OT,OTHER STATES,,,,,,,,00000000,,,9000,UNITED STATES,OTHER STATES,2024,MONTHLY,10,10,OCT,,2026-04-24 15:00:00.000,"248,822,000",
SURVEY,ANIMALS & PRODUCTS,DAIRY,CHEESE,AMERICAN,ALL PRODUCTION PRACTICES,ALL UTILIZATION PRACTICES,PRODUCTION,LB,"CHEESE, AMERICAN - PRODUCTION, MEASURED IN LB",TOTAL,NOT SPECIFIED,STATE,,98,OT,OTHER STATES,,,,,,,,00000000,,,9000,UNITED STATES,OTHER STATES,2024,MONTHLY,11,11,NOV,,2026-04-24 15:00:00.000,"234,198,000",
SURVEY,ANIMALS & PRODUCTS,DAIRY,CHEESE,AMERICAN,ALL PRODUCTION PRACTICES,ALL UTILIZATION PRACTICES,PRODUCTION,LB,"CHEESE, AMERICAN - PRODUCTION, MEASURED IN LB",TOTAL,NOT SPECIFIED,STATE,,98,OT,OTHER STATES,,,,,,,,00000000,,,9000,UNITED STATES,OTHER STATES,2024,MONTHLY,12,12,DEC,,2026-04-24 15:00:00.000,"236,972,000",
SURVEY,ANIMALS & PRODUCTS,DAIRY,CHEESE,AMERICAN,ALL PRODUCTION PRACTICES,ALL UTILIZATION PRACTICES,PRODUCTION,LB,"CHEESE, AMERICAN - PRODUCTION, MEASURED IN LB",TOTAL,NOT SPECIFIED,STATE,06,06,CA,CALIFORNIA,,,,,,,,00000000,,,9000,UNITED STATES,CALIFORNIA,2024,MONTHLY,01,01,JAN,,2026-04-24 15:00:00.000,"47,935,000",
SURVEY,ANIMALS & PRODUCTS,DAIRY,CHEESE,AMERICAN,ALL PRODUCTION PRACTICES,ALL UTILIZATION PRACTICES,PRODUCTION,LB,"CHEESE, AMERICAN - PRODUCTION, MEASURED IN LB",TOTAL,NOT SPECIFIED,STATE,06,06,CA,CALIFORNIA,,,,,,,,00000000,,,9000,UNITED STATES,CALIFORNIA,2024,MONTHLY,02,02,FEB,,2026-04-24 15:00:00.000,"43,248,000",
SURVEY,ANIMALS & PRODUCTS,DAIRY,CHEESE,AMERICAN,ALL PRODUCTION PRACTICES,ALL UTILIZATION PRACTICES,PRODUCTION,LB,"CHEESE, AMERICAN - PRODUCTION, MEASURED IN LB",TOTAL,NOT SPECIFIED,STATE,06,06,CA,CALIFORNIA,,,,,,,,00000000,,,9000,UNITED STATES,CALIFORNIA,2024,MONTHLY,03,03,MAR,,2026-04-24 15:00:00.000,"50,359,000",
SURVEY,ANIMALS & PRODUCTS,DAIRY,CHEESE,AMERICAN,ALL PRODUCTION PRACTICES,ALL UTILIZATION PRACTICES,PRODUCTION,LB,"CHEESE, AMERICAN - PRODUCTION, MEASURED IN LB",TOTAL,NOT SPECIFIED,STATE,06,06,CA,CALIFORNIA,,,,,,,,00000000,,,9000,UNITED STATES,CALIFORNIA,2024,MONTHLY,04,04,APR,,2026-04-24 15:00:00.000,"46,830,000",
SURVEY,ANIMALS & PRODUCTS,DAIRY,CHEESE,AMERICAN,ALL PRODUCTION PRACTICES,ALL UTILIZATION PRACTICES,PRODUCTION,LB,"CHEESE, AMERICAN - PRODUCTION, MEASURED IN LB",TOTAL,NOT SPECIFIED,STATE,06,06,CA,CALIFORNIA,,,,,,,,00000000,,,9000,UNITED STATES,CALIFORNIA,2024,MONTHLY,05,05,MAY,,2026-04-24 15:00:00.000,"48,992,000",
SURVEY,ANIMALS & PRODUCTS,DAIRY,CHEESE,AMERICAN,ALL PRODUCTION PRACTICES,ALL UTILIZATION PRACTICES,PRODUCTION,LB,"CHEESE, AMERICAN - PRODUCTION, MEASURED IN LB",TOTAL,NOT SPECIFIED,STATE,06,06,CA,CALIFORNIA,,,,,,,,00000000,,,9000,UNITED STATES,CALIFORNIA,2024,MONTHLY,06,06,JUN,,2026-04-24 15:00:00.000,"45,708,000",
SURVEY,ANIMALS & PRODUCTS,DAIRY,CHEESE,AMERICAN,ALL PRODUCTION PRACTICES,ALL UTILIZATION PRACTICES,PRODUCTION,LB,"CHEESE, AMERICAN - PRODUCTION, MEASURED IN LB",TOTAL,NOT SPECIFIED,STATE,06,06,CA,CALIFORNIA,,,,,,,,00000000,,,9000,UNITED STATES,CALIFORNIA,2024,MONTHLY,07,07,JUL,,2026-04-24 15:00:00.000,"44,368,000",
SURVEY,ANIMALS & PRODUCTS,DAIRY,CHEESE,AMERICAN,ALL PRODUCTION PRACTICES,ALL UTILIZATION PRACTICES,PRODUCTION,LB,"CHEESE, AMERICAN - PRODUCTION, MEASURED IN LB",TOTAL,NOT SPECIFIED,STATE,06,06,CA,CALIFORNIA,,,,,,,,00000000,,,9000,UNITED STATES,CALIFORNIA,2024,MONTHLY,08,08,AUG,,2026-04-24 15:00:00.000,"48,133,000",
SURVEY,ANIMALS & PRODUCTS,DAIRY,CHEESE,AMERICAN,ALL PRODUCTION PRACTICES,ALL UTILIZATION PRACTICES,PRODUCTION,LB,"CHEESE, AMERICAN - PRODUCTION, MEASURED IN LB",TOTAL,NOT SPECIFIED,STATE,06,06,CA,CALIFORNIA,,,,,,,,00000000,,,9000,UNITED STATES,CALIFORNIA,2024,MONTHLY,09,09,SEP,,2026-04-24 15:00:00.000,"45,688,000",
SURVEY,ANIMALS & PRODUCTS,DAIRY,CHEESE,AMERICAN,ALL PRODUCTION PRACTICES,ALL UTILIZATION PRACTICES,PRODUCTION,LB,"CHEESE, AMERICAN - PRODUCTION, MEASURED IN LB",TOTAL,NOT SPECIFIED,STATE,06,06,CA,CALIFORNIA,,,,,,,,00000000,,,9000,UNITED STATES,CALIFORNIA,2024,MONTHLY,10,10,OCT,,2026-04-24 15:00:00.000,"47,958,000",
SURVEY,ANIMALS & PRODUCTS,DAIRY,CHEESE,AMERICAN,ALL PRODUCTION PRACTICES,ALL UTILIZATION PRACTICES,PRODUCTION,LB,"CHEESE, AMERICAN - PRODUCTION, MEASURED IN LB",TOTAL,NOT SPECIFIED,STATE,06,06,CA,CALIFORNIA,,,,,,,,00000000,,,9000,UNITED STATES,CALIFORNIA,2024,MONTHLY,11,11,NOV,,2026-04-24 15:00:00.000,"42,872,000",
SURVEY,ANIMALS & PRODUCTS,DAIRY,CHEESE,AMERICAN,ALL PRODUCTION PRACTICES,ALL UTILIZATION PRACTICES,PRODUCTION,LB,"CHEESE, AMERICAN - PRODUCTION, MEASURED IN LB",TOTAL,NOT SPECIFIED,STATE,06,06,CA,CALIFORNIA,,,,,,,,00000000,,,9000,UNITED STATES,CALIFORNIA,2024,MONTHLY,12,12,DEC,,2026-04-24 15:00:00.000,"42,738,000",
SURVEY,ANIMALS & PRODUCTS,DAIRY,CHEESE,AMERICAN,ALL PRODUCTION PRACTICES,ALL UTILIZATION PRACTICES,PRODUCTION,LB,"CHEESE, AMERICAN - PRODUCTION, MEASURED IN LB",TOTAL,NOT SPECIFIED,STATE,19,19,IA,IOWA,,,,,,,,00000000,,,9000,UNITED STATES,IOWA,2024,MONTHLY,01,01,JAN,,2026-04-24 15:00:00.000,"19,786,000",
SURVEY,ANIMALS & PRODUCTS,DAIRY,CHEESE,AMERICAN,ALL PRODUCTION PRACTICES,ALL UTILIZATION PRACTICES,PRODUCTION,LB,"CHEESE, AMERICAN - PRODUCTION, MEASURED IN LB",TOTAL,NOT SPECIFIED,STATE,19,19,IA,IOWA,,,,,,,,00000000,,,9000,UNITED STATES,IOWA,2024,MONTHLY,02,02,FEB,,2026-04-24 15:00:00.000,"18,117,000",
SURVEY,ANIMALS & PRODUCTS,DAIRY,CHEESE,AMERICAN,ALL PRODUCTION PRACTICES,ALL UTILIZATION PRACTICES,PRODUCTION,LB,"CHEESE, AMERICAN - PRODUCTION, MEASURED IN LB",TOTAL,NOT SPECIFIED,STATE,19,19,IA,IOWA,,,,,,,,00000000,,,9000,UNITED STATES,IOWA,2024,MONTHLY,03,03,MAR,,2026-04-24 15:00:00.000,"19,957,000",
SURVEY,ANIMALS & PRODUCTS,DAIRY,CHEESE,AMERICAN,ALL PRODUCTION PRACTICES,ALL UTILIZATION PRACTICES,PRODUCTION,LB,"CHEESE, AMERICAN - PRODUCTION, MEASURED IN LB",TOTAL,NOT SPECIFIED,STATE,19,19,IA,IOWA,,,,,,,,00000000,,,9000,UNITED STATES,IOWA,2024,MONTHLY,04,04,APR,,2026-04-24 15:00:00.000,"20,244,000",
SURVEY,ANIMALS & PRODUCTS,DAIRY,CHEESE,AMERICAN,ALL PRODUCTION PRACTICES,ALL UTILIZATION PRACTICES,PRODUCTION,LB,"CHEESE, AMERICAN - PRODUCTION, MEASURED IN LB",TOTAL,NOT SPECIFIED,STATE,19,19,IA,IOWA,,,,,,,,00000000,,,9000,UNITED STATES,IOWA,2024,MONTHLY,05,05,MAY,,2026-04-24 15:00:00.000,"18,648,000",
SURVEY,ANIMALS & PRODUCTS,DAIRY,CHEESE,AMERICAN,ALL PRODUCTION PRACTICES,ALL UTILIZATION PRACTICES,PRODUCTION,LB,"CHEESE, AMERICAN - PRODUCTION, MEASURED IN LB",TOTAL,NOT SPECIFIED,STATE,19,19,IA,IOWA,,,,,,,,00000000,,,9000,UNITED STATES,IOWA,2024,MONTHLY,06,06,JUN,,2026-04-24 15:00:00.000,"17,372,000",
SURVEY,ANIMALS & PRODUCTS,DAIRY,CHEESE,AMERICAN,ALL PRODUCTION PRACTICES,ALL UTILIZATION PRACTICES,PRODUCTION,LB,"CHEESE, AMERICAN - PRODUCTION, MEASURED IN LB",TOTAL,NOT SPECIFIED,STATE,19,19,IA,IOWA,,,,,,,,00000000,,,9000,UNITED STATES,IOWA,2024,MONTHLY,07,07,JUL,,2026-04-24 15:00:00.000,"16,768,000",
SURVEY,ANIMALS & PRODUCTS,DAIRY,CHEESE,AMERICAN,ALL PRODUCTION PRACTICES,ALL UTILIZATION PRACTICES,PRODUCTION,LB,"CHEESE, AMERICAN - PRODUCTION, MEASURED IN LB",TOTAL,NOT SPECIFIED,STATE,19,19,IA,IOWA,,,,,,,,00000000,,,9000,UNITED STATES,IOWA,2024,MONTHLY,08,08,AUG,,2026-04-24 15:00:00.000,"15,268,000",
SURVEY,ANIMALS & PRODUCTS,DAIRY,CHEESE,AMERICAN,ALL PRODUCTION PRACTICES,ALL UTILIZATION PRACTICES,PRODUCTION,LB,"CHEESE, AMERICAN - PRODUCTION, MEASURED IN LB",TOTAL,NOT SPECIFIED,STATE,19,19,IA,IOWA,,,,,,,,00000000,,,9000,UNITED STATES,IOWA,2024,MONTHLY,09,09,SEP,,2026-04-24 15:00:00.000,"14,712,000",
SURVEY,ANIMALS & PRODUCTS,DAIRY,CHEESE,AMERICAN,ALL PRODUCTION PRACTICES,ALL UTILIZATION PRACTICES,PRODUCTION,LB,"CHEESE, AMERICAN - PRODUCTION, MEASURED IN LB",TOTAL,NOT SPECIFIED,STATE,19,19,IA,IOWA,,,,,,,,00000000,,,9000,UNITED STATES,IOWA,2024,MONTHLY,10,10,OCT,,2026-04-24 15:00:00.000,"16,811,000",
SURVEY,ANIMALS & PRODUCTS,DAIRY,CHEESE,AMERICAN,ALL PRODUCTION PRACTICES,ALL UTILIZATION PRACTICES,PRODUCTION,LB,"CHEESE, AMERICAN - PRODUCTION, MEASURED IN LB",TOTAL,NOT SPECIFIED,STATE,19,19,IA,IOWA,,,,,,,,00000000,,,9000,UNITED STATES,IOWA,2024,MONTHLY,11,11,NOV,,2026-04-24 15:00:00.000,"16,580,000",
SURVEY,ANIMALS & PRODUCTS,DAIRY,CHEESE,AMERICAN,ALL PRODUCTION PRACTICES,ALL UTILIZATION PRACTICES,PRODUCTION,LB,"CHEESE, AMERICAN - PRODUCTION, MEASURED IN LB",TOTAL,NOT SPECIFIED,STATE,19,19,IA,IOWA,,,,,,,,00000000,,,9000,UNITED STATES,IOWA,2024,MONTHLY,12,12,DEC,,2026-04-24 15:00:00.000,"17,725,000",
SURVEY,ANIMALS & PRODUCTS,DAIRY,CHEESE,AMERICAN,ALL PRODUCTION PRACTICES,ALL UTILIZATION PRACTICES,PRODUCTION,LB,"CHEESE, AMERICAN - PRODUCTION, MEASURED IN LB",TOTAL,NOT SPECIFIED,STATE,27,27,MN,MINNESOTA,,,,,,,,00000000,,,9000,UNITED STATES,MINNESOTA,2024,MONTHLY,01,01,JAN,,2026-04-24 15:00:00.000,"60,054,000",
SURVEY,ANIMALS & PRODUCTS,DAIRY,CHEESE,AMERICAN,ALL PRODUCTION PRACTICES,ALL UTILIZATION PRACTICES,PRODUCTION,LB,"CHEESE, AMERICAN - PRODUCTION, MEASURED IN LB",TOTAL,NOT SPECIFIED,STATE,27,27,MN,MINNESOTA,,,,,,,,00000000,,,9000,UNITED STATES,MINNESOTA,2024,MONTHLY,02,02,FEB,,2026-04-24 15:00:00.000,"55,053,000",
SURVEY,ANIMALS & PRODUCTS,DAIRY,CHEESE,AMERICAN,ALL PRODUCTION PRACTICES,ALL UTILIZATION PRACTICES,PRODUCTION,LB,"CHEESE, AMERICAN - PRODUCTION, MEASURED IN LB",TOTAL,NOT SPECIFIED,STATE,27,27,MN,MINNESOTA,,,,,,,,00000000,,,9000,UNITED STATES,MINNESOTA,2024,MONTHLY,03,03,MAR,,2026-04-24 15:00:00.000,"59,289,000",
SURVEY,ANIMALS & PRODUCTS,DAIRY,CHEESE,AMERICAN,ALL PRODUCTION PRACTICES,ALL UTILIZATION PRACTICES,PRODUCTION,LB,"CHEESE, AMERICAN - PRODUCTION, MEASURED IN LB",TOTAL,NOT SPECIFIED,STATE,27,27,MN,MINNESOTA,,,,,,,,00000000,,,9000,UNITED STATES,MINNESOTA,2024,MONTHLY,04,04,APR,,2026-04-24 15:00:00.000,"57,900,000",
SURVEY,ANIMALS & PRODUCTS,DAIRY,CHEESE,AMERICAN,ALL PRODUCTION PRACTICES,ALL UTILIZATION PRACTICES,PRODUCTION,LB,"CHEESE, AMERICAN - PRODUCTION, MEASURED IN LB",TOTAL,NOT SPECIFIED,STATE,27,27,MN,MINNESOTA,,,,,,,,00000000,,,9000,UNITED STATES,MINNESOTA,2024,MONTHLY,05,05,MAY,,2026-04-24 15:00:00.000,"60,932,000",
SURVEY,ANIMALS & PRODUCTS,DAIRY,CHEESE,AMERICAN,ALL PRODUCTION PRACTICES,ALL UTILIZATION PRACTICES,PRODUCTION,LB,"CHEESE, AMERICAN - PRODUCTION, MEASURED IN LB",TOTAL,NOT SPECIFIED,STATE,27,27,MN,MINNESOTA,,,,,,,,00000000,,,9000,UNITED STATES,MINNESOTA,2024,MONTHLY,06,06,JUN,,2026-04-24 15:00:00.000,"58,514,000",
SURVEY,ANIMALS & PRODUCTS,DAIRY,CHEESE,AMERICAN,ALL PRODUCTION PRACTICES,ALL UTILIZATION PRACTICES,PRODUCTION,LB,"CHEESE, AMERICAN - PRODUCTION, MEASURED IN LB",TOTAL,NOT SPECIFIED,STATE,27,27,MN,MINNESOTA,,,,,,,,00000000,,,9000,UNITED STATES,MINNESOTA,2024,MONTHLY,07,07,JUL,,2026-04-24 15:00:00.000,"60,978,000",
SURVEY,ANIMALS & PRODUCTS,DAIRY,CHEESE,AMERICAN,ALL PRODUCTION PRACTICES,ALL UTILIZATION PRACTICES,PRODUCTION,LB,"CHEESE, AMERICAN - PRODUCTION, MEASURED IN LB",TOTAL,NOT SPECIFIED,STATE,27,27,MN,MINNESOTA,,,,,,,,00000000,,,9000,UNITED STATES,MINNESOTA,2024,MONTHLY,08,08,AUG,,2026-04-24 15:00:00.000,"60,371,000",
SURVEY,ANIMALS & PRODUCTS,DAIRY,CHEESE,AMERICAN,ALL PRODUCTION PRACTICES,ALL UTILIZATION PRACTICES,PRODUCTION,LB,"CHEESE, AMERICAN - PRODUCTION, MEASURED IN LB",TOTAL,NOT SPECIFIED,STATE,27,27,MN,MINNESOTA,,,,,,,,00000000,,,9000,UNITED STATES,MINNESOTA,2024,MONTHLY,09,09,SEP,,2026-04-24 15:00:00.000,"59,257,000",
SURVEY,ANIMALS & PRODUCTS,DAIRY,CHEESE,AMERICAN,ALL PRODUCTION PRACTICES,ALL UTILIZATION PRACTICES,PRODUCTION,LB,"CHEESE, AMERICAN - PRODUCTION, MEASURED IN LB",TOTAL,NOT SPECIFIED,STATE,27,27,MN,MINNESOTA,,,,,,,,00000000,,,9000,UNITED STATES,MINNESOTA,2024,MONTHLY,10,10,OCT,,2026-04-24 15:00:00.000,"62,323,000",
SURVEY,ANIMALS & PRODUCTS,DAIRY,CHEESE,AMERICAN,ALL PRODUCTION PRACTICES,ALL UTILIZATION PRACTICES,PRODUCTION,LB,"CHEESE, AMERICAN - PRODUCTION, MEASURED IN LB",TOTAL,NOT SPECIFIED,STATE,27,27,MN,MINNESOTA,,,,,,,,00000000,,,9000,UNITED STATES,MINNESOTA,2024,MONTHLY,11,11,NOV,,2026-04-24 15:00:00.000,"56,424,000",
SURVEY,ANIMALS & PRODUCTS,DAIRY,CHEESE,AMERICAN,ALL PRODUCTION PRACTICES,ALL UTILIZATION PRACTICES,PRODUCTION,LB,"CHEESE, AMERICAN - PRODUCTION, MEASURED IN LB",TOTAL,NOT SPECIFIED,STATE,27,27,MN,MINNESOTA,,,,,,,,00000000,,,9000,UNITED STATES,MINNESOTA,2024,MONTHLY,12,12,DEC,,2026-04-24 15:00:00.000,"59,116,000",
SURVEY,ANIMALS & PRODUCTS,DAIRY,CHEESE,AMERICAN,ALL PRODUCTION PRACTICES,ALL UTILIZATION PRACTICES,PRODUCTION,LB,"CHEESE, AMERICAN - PRODUCTION, MEASURED IN LB",TOTAL,NOT SPECIFIED,STATE,36,36,NY,NEW YORK,,,,,,,,00000000,,,9000,UNITED STATES,NEW YORK,2024,MONTHLY,01,01,JAN,,2026-04-24 15:00:00.000,"13,111,000",
SURVEY,ANIMALS & PRODUCTS,DAIRY,CHEESE,AMERICAN,ALL PRODUCTION PRACTICES,ALL UTILIZATION PRACTICES,PRODUCTION,LB,"CHEESE, AMERICAN - PRODUCTION, MEASURED IN LB",TOTAL,NOT SPECIFIED,STATE,36,36,NY,NEW YORK,,,,,,,,00000000,,,9000,UNITED STATES,NEW YORK,2024,MONTHLY,02,02,FEB,,2026-04-24 15:00:00.000,"12,058,000",
SURVEY,ANIMALS & PRODUCTS,DAIRY,CHEESE,AMERICAN,ALL PRODUCTION PRACTICES,ALL UTILIZATION PRACTICES,PRODUCTION,LB,"CHEESE, AMERICAN - PRODUCTION, MEASURED IN LB",TOTAL,NOT SPECIFIED,STATE,36,36,NY,NEW YORK,,,,,,,,00000000,,,9000,UNITED STATES,NEW YORK,2024,MONTHLY,03,03,MAR,,2026-04-24 15:00:00.000,"12,871,000",
SURVEY,ANIMALS & PRODUCTS,DAIRY,CHEESE,AMERICAN,ALL PRODUCTION PRACTICES,ALL UTILIZATION PRACTICES,PRODUCTION,LB,"CHEESE, AMERICAN - PRODUCTION, MEASURED IN LB",TOTAL,NOT SPECIFIED,STATE,36,36,NY,NEW YORK,,,,,,,,00000000,,,9000,UNITED STATES,NEW YORK,2024,MONTHLY,04,04,APR,,2026-04-24 15:00:00.000,"11,542,000",
SURVEY,ANIMALS & PRODUCTS,DAIRY,CHEESE,AMERICAN,ALL PRODUCTION PRACTICES,ALL UTILIZATION PRACTICES,PRODUCTION,LB,"CHEESE, AMERICAN - PRODUCTION, MEASURED IN LB",TOTAL,NOT SPECIFIED,STATE,36,36,NY,NEW YORK,,,,,,,,00000000,,,9000,UNITED STATES,NEW YORK,2024,MONTHLY,05,05,MAY,,2026-04-24 15:00:00.000,"12,795,000",
SURVEY,ANIMALS & PRODUCTS,DAIRY,CHEESE,AMERICAN,ALL PRODUCTION PRACTICES,ALL UTILIZATION PRACTICES,PRODUCTION,LB,"CHEESE, AMERICAN - PRODUCTION, MEASURED IN LB",TOTAL,NOT SPECIFIED,STATE,36,36,NY,NEW YORK,,,,,,,,00000000,,,9000,UNITED STATES,NEW YORK,2024,MONTHLY,06,06,JUN,,2026-04-24 15:00:00.000,"11,685,000",
SURVEY,ANIMALS & PRODUCTS,DAIRY,CHEESE,AMERICAN,ALL PRODUCTION PRACTICES,ALL UTILIZATION PRACTICES,PRODUCTION,LB,"CHEESE, AMERICAN - PRODUCTION, MEASURED IN LB",TOTAL,NOT SPECIFIED,STATE,36,36,NY,NEW YORK,,,,,,,,00000000,,,9000,UNITED STATES,NEW YORK,2024,MONTHLY,07,07,JUL,,2026-04-24 15:00:00.000,"12,611,000",
SURVEY,ANIMALS & PRODUCTS,DAIRY,CHEESE,AMERICAN,ALL PRODUCTION PRACTICES,ALL UTILIZATION PRACTICES,PRODUCTION,LB,"CHEESE, AMERICAN - PRODUCTION, MEASURED IN LB",TOTAL,NOT SPECIFIED,STATE,36,36,NY,NEW YORK,,,,,,,,00000000,,,9000,UNITED STATES,NEW YORK,2024,MONTHLY,08,08,AUG,,2026-04-24 15:00:00.000,"11,867,000",
SURVEY,ANIMALS & PRODUCTS,DAIRY,CHEESE,AMERICAN,ALL PRODUCTION PRACTICES,ALL UTILIZATION PRACTICES,PRODUCTION,LB,"CHEESE, AMERICAN - PRODUCTION, MEASURED IN LB",TOTAL,NOT SPECIFIED,STATE,36,36,NY,NEW YORK,,,,,,,,00000000,,,9000,UNITED STATES,NEW YORK,2024,MONTHLY,09,09,SEP,,2026-04-24 15:00:00.000,"12,534,000",
SURVEY,ANIMALS & PRODUCTS,DAIRY,CHEESE,AMERICAN,ALL PRODUCTION PRACTICES,ALL UTILIZATION PRACTICES,PRODUCTION,LB,"CHEESE, AMERICAN - PRODUCTION, MEASURED IN LB",TOTAL,NOT SPECIFIED,STATE,36,36,NY,NEW YORK,,,,,,,,00000000,,,9000,UNITED STATES,NEW YORK,2024,MONTHLY,10,10,OCT,,2026-04-24 15:00:00.000,"12,172,000",
SURVEY,ANIMALS & PRODUCTS,DAIRY,CHEESE,AMERICAN,ALL PRODUCTION PRACTICES,ALL UTILIZATION PRACTICES,PRODUCTION,LB,"CHEESE, AMERICAN - PRODUCTION, MEASURED IN LB",TOTAL,NOT SPECIFIED,STATE,36,36,NY,NEW YORK,,,,,,,,00000000,,,9000,UNITED STATES,NEW YORK,2024,MONTHLY,11,11,NOV,,2026-04-24 15:00:00.000,"12,276,000",
SURVEY,ANIMALS & PRODUCTS,DAIRY,CHEESE,AMERICAN,ALL PRODUCTION PRACTICES,ALL UTILIZATION PRACTICES,PRODUCTION,LB,"CHEESE, AMERICAN - PRODUCTION, MEASURED IN LB",TOTAL,NOT SPECIFIED,STATE,36,36,NY,NEW YORK,,,,,,,,00000000,,,9000,UNITED STATES,NEW YORK,2024,MONTHLY,12,12,DEC,,2026-04-24 15:00:00.000,"13,290,000",
SURVEY,ANIMALS & PRODUCTS,DAIRY,CHEESE,AMERICAN,ALL PRODUCTION PRACTICES,ALL UTILIZATION PRACTICES,PRODUCTION,LB,"CHEESE, AMERICAN - PRODUCTION, MEASURED IN LB",TOTAL,NOT SPECIFIED,STATE,55,55,WI,WISCONSIN,,,,,,,,00000000,,,9000,UNITED STATES,WISCONSIN,2024,MONTHLY,01,01,JAN,,2026-04-24 15:00:00.000,"97,333,000",
SURVEY,ANIMALS & PRODUCTS,DAIRY,CHEESE,AMERICAN,ALL PRODUCTION PRACTICES,ALL UTILIZATION PRACTICES,PRODUCTION,LB,"CHEESE, AMERICAN - PRODUCTION, MEASURED IN LB",TOTAL,NOT SPECIFIED,STATE,55,55,WI,WISCONSIN,,,,,,,,00000000,,,9000,UNITED STATES,WISCONSIN,2024,MONTHLY,02,02,FEB,,2026-04-24 15:00:00.000,"84,694,000",
SURVEY,ANIMALS & PRODUCTS,DAIRY,CHEESE,AMERICAN,ALL PRODUCTION PRACTICES,ALL UTILIZATION PRACTICES,PRODUCTION,LB,"CHEESE, AMERICAN - PRODUCTION, MEASURED IN LB",TOTAL,NOT SPECIFIED,STATE,55,55,WI,WISCONSIN,,,,,,,,00000000,,,9000,UNITED STATES,WISCONSIN,2024,MONTHLY,03,03,MAR,,2026-04-24 15:00:00.000,"93,352,000",
SURVEY,ANIMALS & PRODUCTS,DAIRY,CHEESE,AMERICAN,ALL PRODUCTION PRACTICES,ALL UTILIZATION PRACTICES,PRODUCTION,LB,"CHEESE, AMERICAN - PRODUCTION, MEASURED IN LB",TOTAL,NOT SPECIFIED,STATE,55,55,WI,WISCONSIN,,,,,,,,00000000,,,9000,UNITED STATES,WISCONSIN,2024,MONTHLY,04,04,APR,,2026-04-24 15:00:00.000,"95,426,000",
SURVEY,ANIMALS & PRODUCTS,DAIRY,CHEESE,AMERICAN,ALL PRODUCTION PRACTICES,ALL UTILIZATION PRACTICES,PRODUCTION,LB,"CHEESE, AMERICAN - PRODUCTION, MEASURED IN LB",TOTAL,NOT SPECIFIED,STATE,55,55,WI,WISCONSIN,,,,,,,,00000000,,,9000,UNITED STATES,WISCONSIN,2024,MONTHLY,05,05,MAY,,2026-04-24 15:00:00.000,"95,671,000",
SURVEY,ANIMALS & PRODUCTS,DAIRY,CHEESE,AMERICAN,ALL PRODUCTION PRACTICES,ALL UTILIZATION PRACTICES,PRODUCTION,LB,"CHEESE, AMERICAN - PRODUCTION, MEASURED IN LB",TOTAL,NOT SPECIFIED,STATE,55,55,WI,WISCONSIN,,,,,,,,00000000,,,9000,UNITED STATES,WISCONSIN,2024,MONTHLY,06,06,JUN,,2026-04-24 15:00:00.000,"89,428,000",
SURVEY,ANIMALS & PRODUCTS,DAIRY,CHEESE,AMERICAN,ALL PRODUCTION PRACTICES,ALL UTILIZATION PRACTICES,PRODUCTION,LB,"CHEESE, AMERICAN - PRODUCTION, MEASURED IN LB",TOTAL,NOT SPECIFIED,STATE,55,55,WI,WISCONSIN,,,,,,,,00000000,,,9000,UNITED STATES,WISCONSIN,2024,MONTHLY,07,07,JUL,,2026-04-24 15:00:00.000,"91,994,000",
SURVEY,ANIMALS & PRODUCTS,DAIRY,CHEESE,AMERICAN,ALL PRODUCTION PRACTICES,ALL UTILIZATION PRACTICES,PRODUCTION,LB,"CHEESE, AMERICAN - PRODUCTION, MEASURED IN LB",TOTAL,NOT SPECIFIED,STATE,55,55,WI,WISCONSIN,,,,,,,,00000000,,,9000,UNITED STATES,WISCONSIN,2024,MONTHLY,08,08,AUG,,2026-04-24 15:00:00.000,"86,092,000",
SURVEY,ANIMALS & PRODUCTS,DAIRY,CHEESE,AMERICAN,ALL PRODUCTION PRACTICES,ALL UTILIZATION PRACTICES,PRODUCTION,LB,"CHEESE, AMERICAN - PRODUCTION, MEASURED IN LB",TOTAL,NOT SPECIFIED,STATE,55,55,WI,WISCONSIN,,,,,,,,00000000,,,9000,UNITED STATES,WISCONSIN,2024,MONTHLY,09,09,SEP,,2026-04-24 15:00:00.000,"85,693,000",
SURVEY,ANIMALS & PRODUCTS,DAIRY,CHEESE,AMERICAN,ALL PRODUCTION PRACTICES,ALL UTILIZATION PRACTICES,PRODUCTION,LB,"CHEESE, AMERICAN - PRODUCTION, MEASURED IN LB",TOTAL,NOT SPECIFIED,STATE,55,55,WI,WISCONSIN,,,,,,,,00000000,,,9000,UNITED STATES,WISCONSIN,2024,MONTHLY,10,10,OCT,,2026-04-24 15:00:00.000,"95,004,000",
SURVEY,ANIMALS & PRODUCTS,DAIRY,CHEESE,AMERICAN,ALL PRODUCTION PRACTICES,ALL UTILIZATION PRACTICES,PRODUCTION,LB,"CHEESE, AMERICAN - PRODUCTION, MEASURED IN LB",TOTAL,NOT SPECIFIED,STATE,55,55,WI,WISCONSIN,,,,,,,,00000000,,,9000,UNITED STATES,WISCONSIN,2024,MONTHLY,11,11,NOV,,2026-04-24 15:00:00.000,"86,456,000",
SURVEY,ANIMALS & PRODUCTS,DAIRY,CHEESE,AMERICAN,ALL PRODUCTION PRACTICES,ALL UTILIZATION PRACTICES,PRODUCTION,LB,"CHEESE, AMERICAN - PRODUCTION, MEASURED IN LB",TOTAL,NOT SPECIFIED,STATE,55,55,WI,WISCONSIN,,,,,,,,00000000,,,9000,UNITED STATES,WISCONSIN,2024,MONTHLY,12,12,DEC,,2026-04-24 15:00:00.000,"98,432,000",
SURVEY,ANIMALS & PRODUCTS,DAIRY,CHEESE,"AMERICAN, CHEDDAR",ALL PRODUCTION PRACTICES,ALL UTILIZATION PRACTICES,PRODUCTION,LB,"CHEESE, AMERICAN, CHEDDAR - PRODUCTION, MEASURED IN LB",TOTAL,NOT SPECIFIED,STATE,,98,OT,OTHER STATES,,,,,,,,00000000,,,9000,UNITED STATES,OTHER STATES,2024,MONTHLY,01,01,JAN,,2026-04-24 15:00:00.000,"234,090,000",
SURVEY,ANIMALS & PRODUCTS,DAIRY,CHEESE,"AMERICAN, CHEDDAR",ALL PRODUCTION PRACTICES,ALL UTILIZATION PRACTICES,PRODUCTION,LB,"CHEESE, AMERICAN, CHEDDAR - PRODUCTION, MEASURED IN LB",TOTAL,NOT SPECIFIED,STATE,,98,OT,OTHER STATES,,,,,,,,00000000,,,9000,UNITED STATES,OTHER STATES,2024,MONTHLY,02,02,FEB,,2026-04-24 15:00:00.000,"221,612,000",
SURVEY,ANIMALS & PRODUCTS,DAIRY,CHEESE,"AMERICAN, CHEDDAR",ALL PRODUCTION PRACTICES,ALL UTILIZATION PRACTICES,PRODUCTION,LB,"CHEESE, AMERICAN, CHEDDAR - PRODUCTION, MEASURED IN LB",TOTAL,NOT SPECIFIED,STATE,,98,OT,OTHER STATES,,,,,,,,00000000,,,9000,UNITED STATES,OTHER STATES,2024,MONTHLY,03,03,MAR,,2026-04-24 15:00:00.000,"238,886,000",
SURVEY,ANIMALS & PRODUCTS,DAIRY,CHEESE,"AMERICAN, CHEDDAR",ALL PRODUCTION PRACTICES,ALL UTILIZATION PRACTICES,PRODUCTION,LB,"CHEESE, AMERICAN, CHEDDAR - PRODUCTION, MEASURED IN LB",TOTAL,NOT SPECIFIED,STATE,,98,OT,OTHER STATES,,,,,,,,00000000,,,9000,UNITED STATES,OTHER STATES,2024,MONTHLY,04,04,APR,,2026-04-24 15:00:00.000,"219,696,000",
SURVEY,ANIMALS & PRODUCTS,DAIRY,CHEESE,"AMERICAN, CHEDDAR",ALL PRODUCTION PRACTICES,ALL UTILIZATION PRACTICES,PRODUCTION,LB,"CHEESE, AMERICAN, CHEDDAR - PRODUCTION, MEASURED IN LB",TOTAL,NOT SPECIFIED,STATE,,98,OT,OTHER STATES,,,,,,,,00000000,,,9000,UNITED STATES,OTHER STATES,2024,MONTHLY,05,05,MAY,,2026-04-24 15:00:00.000,"233,722,000",
SURVEY,ANIMALS & PRODUCTS,DAIRY,CHEESE,"AMERICAN, CHEDDAR",ALL PRODUCTION PRACTICES,ALL UTILIZATION PRACTICES,PRODUCTION,LB,"CHEESE, AMERICAN, CHEDDAR - PRODUCTION, MEASURED IN LB",TOTAL,NOT SPECIFIED,STATE,,98,OT,OTHER STATES,,,,,,,,00000000,,,9000,UNITED STATES,OTHER STATES,2024,MONTHLY,06,06,JUN,,2026-04-24 15:00:00.000,"221,223,000",
SURVEY,ANIMALS & PRODUCTS,DAIRY,CHEESE,"AMERICAN, CHEDDAR",ALL PRODUCTION PRACTICES,ALL UTILIZATION PRACTICES,PRODUCTION,LB,"CHEESE, AMERICAN, CHEDDAR - PRODUCTION, MEASURED IN LB",TOTAL,NOT SPECIFIED,STATE,,98,OT,OTHER STATES,,,,,,,,00000000,,,9000,UNITED STATES,OTHER STATES,2024,MONTHLY,07,07,JUL,,2026-04-24 15:00:00.000,"223,266,000",
SURVEY,ANIMALS & PRODUCTS,DAIRY,CHEESE,"AMERICAN, CHEDDAR",ALL PRODUCTION PRACTICES,ALL UTILIZATION PRACTICES,PRODUCTION,LB,"CHEESE, AMERICAN, CHEDDAR - PRODUCTION, MEASURED IN LB",TOTAL,NOT SPECIFIED,STATE,,98,OT,OTHER STATES,,,,,,,,00000000,,,9000,UNITED STATES,OTHER STATES,2024,MONTHLY,08,08,AUG,,2026-04-24 15:00:00.000,"234,598,000",
SURVEY,ANIMALS & PRODUCTS,DAIRY,CHEESE,"AMERICAN, CHEDDAR",ALL PRODUCTION PRACTICES,ALL UTILIZATION PRACTICES,PRODUCTION,LB,"CHEESE, AMERICAN, CHEDDAR - PRODUCTION, MEASURED IN LB",TOTAL,NOT SPECIFIED,STATE,,98,OT,OTHER STATES,,,,,,,,00000000,,,9000,UNITED STATES,OTHER STATES,2024,MONTHLY,09,09,SEP,,2026-04-24 15:00:00.000,"219,128,000",
SURVEY,ANIMALS & PRODUCTS,DAIRY,CHEESE,"AMERICAN, CHEDDAR",ALL PRODUCTION PRACTICES,ALL UTILIZATION PRACTICES,PRODUCTION,LB,"CHEESE, AMERICAN, CHEDDAR - PRODUCTION, MEASURED IN LB",TOTAL,NOT SPECIFIED,STATE,,98,OT,OTHER STATES,,,,,,,,00000000,,,9000,UNITED STATES,OTHER STATES,2024,MONTHLY,10,10,OCT,,2026-04-24 15:00:00.000,"235,582,000",
SURVEY,ANIMALS & PRODUCTS,DAIRY,CHEESE,"AMERICAN, CHEDDAR",ALL PRODUCTION PRACTICES,ALL UTILIZATION PRACTICES,PRODUCTION,LB,"CHEESE, AMERICAN, CHEDDAR - PRODUCTION, MEASURED IN LB",TOTAL,NOT SPECIFIED,STATE,,98,OT,OTHER STATES,,,,,,,,00000000,,,9000,UNITED STATES,OTHER STATES,2024,MONTHLY,11,11,NOV,,2026-04-24 15:00:00.000,"225,529,000",
SURVEY,ANIMALS & PRODUCTS,DAIRY,CHEESE,"AMERICAN, CHEDDAR",ALL PRODUCTION PRACTICES,ALL UTILIZATION PRACTICES,PRODUCTION,LB,"CHEESE, AMERICAN, CHEDDAR - PRODUCTION, MEASURED IN LB",TOTAL,NOT SPECIFIED,STATE,,98,OT,OTHER STATES,,,,,,,,00000000,,,9000,UNITED STATES,OTHER STATES,2024,MONTHLY,12,12,DEC,,2026-04-24 15:00:00.000,"224,507,000",
SURVEY,ANIMALS & PRODUCTS,DAIRY,CHEESE,"AMERICAN, CHEDDAR",ALL PRODUCTION PRACTICES,ALL UTILIZATION PRACTICES,PRODUCTION,LB,"CHEESE, AMERICAN, CHEDDAR - PRODUCTION, MEASURED IN LB",TOTAL,NOT SPECIFIED,STATE,06,06,CA,CALIFORNIA,,,,,,,,00000000,,,9000,UNITED STATES,CALIFORNIA,2024,MONTHLY,01,01,JAN,,2026-04-24 15:00:00.000,"23,838,000",
SURVEY,ANIMALS & PRODUCTS,DAIRY,CHEESE,"AMERICAN, CHEDDAR",ALL PRODUCTION PRACTICES,ALL UTILIZATION PRACTICES,PRODUCTION,LB,"CHEESE, AMERICAN, CHEDDAR - PRODUCTION, MEASURED IN LB",TOTAL,NOT SPECIFIED,STATE,06,06,CA,CALIFORNIA,,,,,,,,00000000,,,9000,UNITED STATES,CALIFORNIA,2024,MONTHLY,02,02,FEB,,2026-04-24 15:00:00.000,"19,374,000",
SURVEY,ANIMALS & PRODUCTS,DAIRY,CHEESE,"AMERICAN, CHEDDAR",ALL PRODUCTION PRACTICES,ALL UTILIZATION PRACTICES,PRODUCTION,LB,"CHEESE, AMERICAN, CHEDDAR - PRODUCTION, MEASURED IN LB",TOTAL,NOT SPECIFIED,STATE,06,06,CA,CALIFORNIA,,,,,,,,00000000,,,9000,UNITED STATES,CALIFORNIA,2024,MONTHLY,03,03,MAR,,2026-04-24 15:00:00.000,"21,291,000",
SURVEY,ANIMALS & PRODUCTS,DAIRY,CHEESE,"AMERICAN, CHEDDAR",ALL PRODUCTION PRACTICES,ALL UTILIZATION PRACTICES,PRODUCTION,LB,"CHEESE, AMERICAN, CHEDDAR - PRODUCTION, MEASURED IN LB",TOTAL,NOT SPECIFIED,STATE,06,06,CA,CALIFORNIA,,,,,,,,00000000,,,9000,UNITED STATES,CALIFORNIA,2024,MONTHLY,04,04,APR,,2026-04-24 15:00:00.000,"21,251,000",
SURVEY,ANIMALS & PRODUCTS,DAIRY,CHEESE,"AMERICAN, CHEDDAR",ALL PRODUCTION PRACTICES,ALL UTILIZATION PRACTICES,PRODUCTION,LB,"CHEESE, AMERICAN, CHEDDAR - PRODUCTION, MEASURED IN LB",TOTAL,NOT SPECIFIED,STATE,06,06,CA,CALIFORNIA,,,,,,,,00000000,,,9000,UNITED STATES,CALIFORNIA,2024,MONTHLY,05,05,MAY,,2026-04-24 15:00:00.000,"22,308,000",
SURVEY,ANIMALS & PRODUCTS,DAIRY,CHEESE,"AMERICAN, CHEDDAR",ALL PRODUCTION PRACTICES,ALL UTILIZATION PRACTICES,PRODUCTION,LB,"CHEESE, AMERICAN, CHEDDAR - PRODUCTION, MEASURED IN LB",TOTAL,NOT SPECIFIED,STATE,06,06,CA,CALIFORNIA,,,,,,,,00000000,,,9000,UNITED STATES,CALIFORNIA,2024,MONTHLY,06,06,JUN,,2026-04-24 15:00:00.000,"20,803,000",
SURVEY,ANIMALS & PRODUCTS,DAIRY,CHEESE,"AMERICAN, CHEDDAR",ALL PRODUCTION PRACTICES,ALL UTILIZATION PRACTICES,PRODUCTION,LB,"CHEESE, AMERICAN, CHEDDAR - PRODUCTION, MEASURED IN LB",TOTAL,NOT SPECIFIED,STATE,06,06,CA,CALIFORNIA,,,,,,,,00000000,,,9000,UNITED STATES,CALIFORNIA,2024,MONTHLY,07,07,JUL,,2026-04-24 15:00:00.000,"18,441,000",
SURVEY,ANIMALS & PRODUCTS,DAIRY,CHEESE,"AMERICAN, CHEDDAR",ALL PRODUCTION PRACTICES,ALL UTILIZATION PRACTICES,PRODUCTION,LB,"CHEESE, AMERICAN, CHEDDAR - PRODUCTION, MEASURED IN LB",TOTAL,NOT SPECIFIED,STATE,06,06,CA,CALIFORNIA,,,,,,,,00000000,,,9000,UNITED STATES,CALIFORNIA,2024,MONTHLY,08,08,AUG,,2026-04-24 15:00:00.000,"21,187,000",
SURVEY,ANIMALS & PRODUCTS,DAIRY,CHEESE,"AMERICAN, CHEDDAR",ALL PRODUCTION PRACTICES,ALL UTILIZATION PRACTICES,PRODUCTION,LB,"CHEESE, AMERICAN, CHEDDAR - PRODUCTION, MEASURED IN LB",TOTAL,NOT SPECIFIED,STATE,06,06,CA,CALIFORNIA,,,,,,,,00000000,,,9000,UNITED STATES,CALIFORNIA,2024,MONTHLY,09,09,SEP,,2026-04-24 15:00:00.000,"22,593,000",
SURVEY,ANIMALS & PRODUCTS,DAIRY,CHEESE,"AMERICAN, CHEDDAR",ALL PRODUCTION PRACTICES,ALL UTILIZATION PRACTICES,PRODUCTION,LB,"CHEESE, AMERICAN, CHEDDAR - PRODUCTION, MEASURED IN LB",TOTAL,NOT SPECIFIED,STATE,06,06,CA,CALIFORNIA,,,,,,,,00000000,,,9000,UNITED STATES,CALIFORNIA,2024,MONTHLY,10,10,OCT,,2026-04-24 15:00:00.000,"21,161,000",
SURVEY,ANIMALS & PRODUCTS,DAIRY,CHEESE,"AMERICAN, CHEDDAR",ALL PRODUCTION PRACTICES,ALL UTILIZATION PRACTICES,PRODUCTION,LB,"CHEESE, AMERICAN, CHEDDAR - PRODUCTION, MEASURED IN LB",TOTAL,NOT SPECIFIED,STATE,06,06,CA,CALIFORNIA,,,,,,,,00000000,,,9000,UNITED STATES,CALIFORNIA,2024,MONTHLY,11,11,NOV,,2026-04-24 15:00:00.000,"20,347,000",
SURVEY,ANIMALS & PRODUCTS,DAIRY,CHEESE,"AMERICAN, CHEDDAR",ALL PRODUCTION PRACTICES,ALL UTILIZATION PRACTICES,PRODUCTION,LB,"CHEESE, AMERICAN, CHEDDAR - PRODUCTION, MEASURED IN LB",TOTAL,NOT SPECIFIED,STATE,06,06,CA,CALIFORNIA,,,,,,,,00000000,,,9000,UNITED STATES,CALIFORNIA,2024,MONTHLY,12,12,DEC,,2026-04-24 15:00:00.000,"17,087,000",
SURVEY,ANIMALS & PRODUCTS,DAIRY,CHEESE,"AMERICAN, CHEDDAR",ALL PRODUCTION PRACTICES,ALL UTILIZATION PRACTICES,PRODUCTION,LB,"CHEESE, AMERICAN, CHEDDAR - PRODUCTION, MEASURED IN LB",TOTAL,NOT SPECIFIED,STATE,50,50,VT,VERMONT,,,,,,,,00000000,,,9000,UNITED STATES,VERMONT,2024,MONTHLY,01,01,JAN,,2026-04-24 15:00:00.000,"9,223,000",
SURVEY,ANIMALS & PRODUCTS,DAIRY,CHEESE,"AMERICAN, CHEDDAR",ALL PRODUCTION PRACTICES,ALL UTILIZATION PRACTICES,PRODUCTION,LB,"CHEESE, AMERICAN, CHEDDAR - PRODUCTION, MEASURED IN LB",TOTAL,NOT SPECIFIED,STATE,50,50,VT,VERMONT,,,,,,,,00000000,,,9000,UNITED STATES,VERMONT,2024,MONTHLY,02,02,FEB,,2026-04-24 15:00:00.000,"8,666,000",
SURVEY,ANIMALS & PRODUCTS,DAIRY,CHEESE,"AMERICAN, CHEDDAR",ALL PRODUCTION PRACTICES,ALL UTILIZATION PRACTICES,PRODUCTION,LB,"CHEESE, AMERICAN, CHEDDAR - PRODUCTION, MEASURED IN LB",TOTAL,NOT SPECIFIED,STATE,50,50,VT,VERMONT,,,,,,,,00000000,,,9000,UNITED STATES,VERMONT,2024,MONTHLY,03,03,MAR,,2026-04-24 15:00:00.000,"8,774,000",
SURVEY,ANIMALS & PRODUCTS,DAIRY,CHEESE,"AMERICAN, CHEDDAR",ALL PRODUCTION PRACTICES,ALL UTILIZATION PRACTICES,PRODUCTION,LB,"CHEESE, AMERICAN, CHEDDAR - PRODUCTION, MEASURED IN LB",TOTAL,NOT SPECIFIED,STATE,50,50,VT,VERMONT,,,,,,,,00000000,,,9000,UNITED STATES,VERMONT,2024,MONTHLY,04,04,APR,,2026-04-24 15:00:00.000,"8,888,000",
SURVEY,ANIMALS & PRODUCTS,DAIRY,CHEESE,"AMERICAN, CHEDDAR",ALL PRODUCTION PRACTICES,ALL UTILIZATION PRACTICES,PRODUCTION,LB,"CHEESE, AMERICAN, CHEDDAR - PRODUCTION, MEASURED IN LB",TOTAL,NOT SPECIFIED,STATE,50,50,VT,VERMONT,,,,,,,,00000000,,,9000,UNITED STATES,VERMONT,2024,MONTHLY,05,05,MAY,,2026-04-24 15:00:00.000,"9,053,000",
SURVEY,ANIMALS & PRODUCTS,DAIRY,CHEESE,"AMERICAN, CHEDDAR",ALL PRODUCTION PRACTICES,ALL UTILIZATION PRACTICES,PRODUCTION,LB,"CHEESE, AMERICAN, CHEDDAR - PRODUCTION, MEASURED IN LB",TOTAL,NOT SPECIFIED,STATE,50,50,VT,VERMONT,,,,,,,,00000000,,,9000,UNITED STATES,VERMONT,2024,MONTHLY,06,06,JUN,,2026-04-24 15:00:00.000,"8,007,000",
SURVEY,ANIMALS & PRODUCTS,DAIRY,CHEESE,"AMERICAN, CHEDDAR",ALL PRODUCTION PRACTICES,ALL UTILIZATION PRACTICES,PRODUCTION,LB,"CHEESE, AMERICAN, CHEDDAR - PRODUCTION, MEASURED IN LB",TOTAL,NOT SPECIFIED,STATE,50,50,VT,VERMONT,,,,,,,,00000000,,,9000,UNITED STATES,VERMONT,2024,MONTHLY,07,07,JUL,,2026-04-24 15:00:00.000,"8,505,000",
SURVEY,ANIMALS & PRODUCTS,DAIRY,CHEESE,"AMERICAN, CHEDDAR",ALL PRODUCTION PRACTICES,ALL UTILIZATION PRACTICES,PRODUCTION,LB,"CHEESE, AMERICAN, CHEDDAR - PRODUCTION, MEASURED IN LB",TOTAL,NOT SPECIFIED,STATE,50,50,VT,VERMONT,,,,,,,,00000000,,,9000,UNITED STATES,VERMONT,2024,MONTHLY,08,08,AUG,,2026-04-24 15:00:00.000,"7,902,000",
SURVEY,ANIMALS & PRODUCTS,DAIRY,CHEESE,"AMERICAN, CHEDDAR",ALL PRODUCTION PRACTICES,ALL UTILIZATION PRACTICES,PRODUCTION,LB,"CHEESE, AMERICAN, CHEDDAR - PRODUCTION, MEASURED IN LB",TOTAL,NOT SPECIFIED,STATE,50,50,VT,VERMONT,,,,,,,,00000000,,,9000,UNITED STATES,VERMONT,2024,MONTHLY,09,09,SEP,,2026-04-24 15:00:00.000,"8,519,000",
SURVEY,ANIMALS & PRODUCTS,DAIRY,CHEESE,"AMERICAN, CHEDDAR",ALL PRODUCTION PRACTICES,ALL UTILIZATION PRACTICES,PRODUCTION,LB,"CHEESE, AMERICAN, CHEDDAR - PRODUCTION, MEASURED IN LB",TOTAL,NOT SPECIFIED,STATE,50,50,VT,VERMONT,,,,,,,,00000000,,,9000,UNITED STATES,VERMONT,2024,MONTHLY,10,10,OCT,,2026-04-24 15:00:00.000,"9,549,000",
SURVEY,ANIMALS & PRODUCTS,DAIRY,CHEESE,"AMERICAN, CHEDDAR",ALL PRODUCTION PRACTICES,ALL UTILIZATION PRACTICES,PRODUCTION,LB,"CHEESE, AMERICAN, CHEDDAR - PRODUCTION, MEASURED IN LB",TOTAL,NOT SPECIFIED,STATE,50,50,VT,VERMONT,,,,,,,,00000000,,,9000,UNITED STATES,VERMONT,2024,MONTHLY,11,11,NOV,,2026-04-24 15:00:00.000,"8,759,000",
SURVEY,ANIMALS & PRODUCTS,DAIRY,CHEESE,"AMERICAN, CHEDDAR",ALL PRODUCTION PRACTICES,ALL UTILIZATION PRACTICES,PRODUCTION,LB,"CHEESE, AMERICAN, CHEDDAR - PRODUCTION, MEASURED IN LB",TOTAL,NOT SPECIFIED,STATE,50,50,VT,VERMONT,,,,,,,,00000000,,,9000,UNITED STATES,VERMONT,2024,MONTHLY,12,12,DEC,,2026-04-24 15:00:00.000,"9,983,000",
SURVEY,ANIMALS & PRODUCTS,DAIRY,CHEESE,"AMERICAN, CHEDDAR",ALL PRODUCTION PRACTICES,ALL UTILIZATION PRACTICES,PRODUCTION,LB,"CHEESE, AMERICAN, CHEDDAR - PRODUCTION, MEASURED IN LB",TOTAL,NOT SPECIFIED,STATE,55,55,WI,WISCONSIN,,,,,,,,00000000,,,9000,UNITED STATES,WISCONSIN,2024,MONTHLY,01,01,JAN,,2026-04-24 15:00:00.000,"66,169,000",
SURVEY,ANIMALS & PRODUCTS,DAIRY,CHEESE,"AMERICAN, CHEDDAR",ALL PRODUCTION PRACTICES,ALL UTILIZATION PRACTICES,PRODUCTION,LB,"CHEESE, AMERICAN, CHEDDAR - PRODUCTION, MEASURED IN LB",TOTAL,NOT SPECIFIED,STATE,55,55,WI,WISCONSIN,,,,,,,,00000000,,,9000,UNITED STATES,WISCONSIN,2024,MONTHLY,02,02,FEB,,2026-04-24 15:00:00.000,"54,882,000",
SURVEY,ANIMALS & PRODUCTS,DAIRY,CHEESE,"AMERICAN, CHEDDAR",ALL PRODUCTION PRACTICES,ALL UTILIZATION PRACTICES,PRODUCTION,LB,"CHEESE, AMERICAN, CHEDDAR - PRODUCTION, MEASURED IN LB",TOTAL,NOT SPECIFIED,STATE,55,55,WI,WISCONSIN,,,,,,,,00000000,,,9000,UNITED STATES,WISCONSIN,2024,MONTHLY,03,03,MAR,,2026-04-24 15:00:00.000,"61,118,000",
SURVEY,ANIMALS & PRODUCTS,DAIRY,CHEESE,"AMERICAN, CHEDDAR",ALL PRODUCTION PRACTICES,ALL UTILIZATION PRACTICES,PRODUCTION,LB,"CHEESE, AMERICAN, CHEDDAR - PRODUCTION, MEASURED IN LB",TOTAL,NOT SPECIFIED,STATE,55,55,WI,WISCONSIN,,,,,,,,00000000,,,9000,UNITED STATES,WISCONSIN,2024,MONTHLY,04,04,APR,,2026-04-24 15:00:00.000,"62,920,000",
SURVEY,ANIMALS & PRODUCTS,DAIRY,CHEESE,"AMERICAN, CHEDDAR",ALL PRODUCTION PRACTICES,ALL UTILIZATION PRACTICES,PRODUCTION,LB,"CHEESE, AMERICAN, CHEDDAR - PRODUCTION, MEASURED IN LB",TOTAL,NOT SPECIFIED,STATE,55,55,WI,WISCONSIN,,,,,,,,00000000,,,9000,UNITED STATES,WISCONSIN,2024,MONTHLY,05,05,MAY,,2026-04-24 15:00:00.000,"59,350,000",
SURVEY,ANIMALS & PRODUCTS,DAIRY,CHEESE,"AMERICAN, CHEDDAR",ALL PRODUCTION PRACTICES,ALL UTILIZATION PRACTICES,PRODUCTION,LB,"CHEESE, AMERICAN, CHEDDAR - PRODUCTION, MEASURED IN LB",TOTAL,NOT SPECIFIED,STATE,55,55,WI,WISCONSIN,,,,,,,,00000000,,,9000,UNITED STATES,WISCONSIN,2024,MONTHLY,06,06,JUN,,2026-04-24 15:00:00.000,"55,036,000",
SURVEY,ANIMALS & PRODUCTS,DAIRY,CHEESE,"AMERICAN, CHEDDAR",ALL PRODUCTION PRACTICES,ALL UTILIZATION PRACTICES,PRODUCTION,LB,"CHEESE, AMERICAN, CHEDDAR - PRODUCTION, MEASURED IN LB",TOTAL,NOT SPECIFIED,STATE,55,55,WI,WISCONSIN,,,,,,,,00000000,,,9000,UNITED STATES,WISCONSIN,2024,MONTHLY,07,07,JUL,,2026-04-24 15:00:00.000,"56,457,000",
SURVEY,ANIMALS & PRODUCTS,DAIRY,CHEESE,"AMERICAN, CHEDDAR",ALL PRODUCTION PRACTICES,ALL UTILIZATION PRACTICES,PRODUCTION,LB,"CHEESE, AMERICAN, CHEDDAR - PRODUCTION, MEASURED IN LB",TOTAL,NOT SPECIFIED,STATE,55,55,WI,WISCONSIN,,,,,,,,00000000,,,9000,UNITED STATES,WISCONSIN,2024,MONTHLY,08,08,AUG,,2026-04-24 15:00:00.000,"52,964,000",
SURVEY,ANIMALS & PRODUCTS,DAIRY,CHEESE,"AMERICAN, CHEDDAR",ALL PRODUCTION PRACTICES,ALL UTILIZATION PRACTICES,PRODUCTION,LB,"CHEESE, AMERICAN, CHEDDAR - PRODUCTION, MEASURED IN LB",TOTAL,NOT SPECIFIED,STATE,55,55,WI,WISCONSIN,,,,,,,,00000000,,,9000,UNITED STATES,WISCONSIN,2024,MONTHLY,09,09,SEP,,2026-04-24 15:00:00.000,"53,659,000",
SURVEY,ANIMALS & PRODUCTS,DAIRY,CHEESE,"AMERICAN, CHEDDAR",ALL PRODUCTION PRACTICES,ALL UTILIZATION PRACTICES,PRODUCTION,LB,"CHEESE, AMERICAN, CHEDDAR - PRODUCTION, MEASURED IN LB",TOTAL,NOT SPECIFIED,STATE,55,55,WI,WISCONSIN,,,,,,,,00000000,,,9000,UNITED STATES,WISCONSIN,2024,MONTHLY,10,10,OCT,,2026-04-24 15:00:00.000,"61,066,000",
SURVEY,ANIMALS & PRODUCTS,DAIRY,CHEESE,"AMERICAN, CHEDDAR",ALL PRODUCTION PRACTICES,ALL UTILIZATION PRACTICES,PRODUCTION,LB,"CHEESE, AMERICAN, CHEDDAR - PRODUCTION, MEASURED IN LB",TOTAL,NOT SPECIFIED,STATE,55,55,WI,WISCONSIN,,,,,,,,00000000,,,9000,UNITED STATES,WISCONSIN,2024,MONTHLY,11,11,NOV,,2026-04-24 15:00:00.000,"53,620,000",
SURVEY,ANIMALS & PRODUCTS,DAIRY,CHEESE,"AMERICAN, CHEDDAR",ALL PRODUCTION PRACTICES,ALL UTILIZATION PRACTICES,PRODUCTION,LB,"CHEESE, AMERICAN, CHEDDAR - PRODUCTION, MEASURED IN LB",TOTAL,NOT SPECIFIED,STATE,55,55,WI,WISCONSIN,,,,,,,,00000000,,,9000,UNITED STATES,WISCONSIN,2024,MONTHLY,12,12,DEC,,2026-04-24 15:00:00.000,"60,739,000",
SURVEY,ANIMALS & PRODUCTS,DAIRY,CHEESE,"AMERICAN, COLBY & JACK & MONTEREY",ALL PRODUCTION PRACTICES,ALL UTILIZATION PRACTICES,PRODUCTION,LB,"CHEESE, AMERICAN, COLBY & JACK & MONTEREY - PRODUCTION, MEASURED IN LB",TOTAL,NOT SPECIFIED,STATE,,98,OT,OTHER STATES,,,,,,,,00000000,,,9000,UNITED STATES,OTHER STATES,2024,MONTHLY,01,01,JAN,,2026-04-24 15:00:00.000,"88,320,000",
SURVEY,ANIMALS & PRODUCTS,DAIRY,CHEESE,"AMERICAN, COLBY & JACK & MONTEREY",ALL PRODUCTION PRACTICES,ALL UTILIZATION PRACTICES,PRODUCTION,LB,"CHEESE, AMERICAN, COLBY & JACK & MONTEREY - PRODUCTION, MEASURED IN LB",TOTAL,NOT SPECIFIED,STATE,,98,OT,OTHER STATES,,,,,,,,00000000,,,9000,UNITED STATES,OTHER STATES,2024,MONTHLY,02,02,FEB,,2026-04-24 15:00:00.000,"80,107,000",
SURVEY,ANIMALS & PRODUCTS,DAIRY,CHEESE,"AMERICAN, COLBY & JACK & MONTEREY",ALL PRODUCTION PRACTICES,ALL UTILIZATION PRACTICES,PRODUCTION,LB,"CHEESE, AMERICAN, COLBY & JACK & MONTEREY - PRODUCTION, MEASURED IN LB",TOTAL,NOT SPECIFIED,STATE,,98,OT,OTHER STATES,,,,,,,,00000000,,,9000,UNITED STATES,OTHER STATES,2024,MONTHLY,03,03,MAR,,2026-04-24 15:00:00.000,"86,671,000",
SURVEY,ANIMALS & PRODUCTS,DAIRY,CHEESE,"AMERICAN, COLBY & JACK & MONTEREY",ALL PRODUCTION PRACTICES,ALL UTILIZATION PRACTICES,PRODUCTION,LB,"CHEESE, AMERICAN, COLBY & JACK & MONTEREY - PRODUCTION, MEASURED IN LB",TOTAL,NOT SPECIFIED,STATE,,98,OT,OTHER STATES,,,,,,,,00000000,,,9000,UNITED STATES,OTHER STATES,2024,MONTHLY,04,04,APR,,2026-04-24 15:00:00.000,"92,756,000",
SURVEY,ANIMALS & PRODUCTS,DAIRY,CHEESE,"AMERICAN, COLBY & JACK & MONTEREY",ALL PRODUCTION PRACTICES,ALL UTILIZATION PRACTICES,PRODUCTION,LB,"CHEESE, AMERICAN, COLBY & JACK & MONTEREY - PRODUCTION, MEASURED IN LB",TOTAL,NOT SPECIFIED,STATE,,98,OT,OTHER STATES,,,,,,,,00000000,,,9000,UNITED STATES,OTHER STATES,2024,MONTHLY,05,05,MAY,,2026-04-24 15:00:00.000,"97,438,000",
SURVEY,ANIMALS & PRODUCTS,DAIRY,CHEESE,"AMERICAN, COLBY & JACK & MONTEREY",ALL PRODUCTION PRACTICES,ALL UTILIZATION PRACTICES,PRODUCTION,LB,"CHEESE, AMERICAN, COLBY & JACK & MONTEREY - PRODUCTION, MEASURED IN LB",TOTAL,NOT SPECIFIED,STATE,,98,OT,OTHER STATES,,,,,,,,00000000,,,9000,UNITED STATES,OTHER STATES,2024,MONTHLY,06,06,JUN,,2026-04-24 15:00:00.000,"86,946,000",
SURVEY,ANIMALS & PRODUCTS,DAIRY,CHEESE,"AMERICAN, COLBY & JACK & MONTEREY",ALL PRODUCTION PRACTICES,ALL UTILIZATION PRACTICES,PRODUCTION,LB,"CHEESE, AMERICAN, COLBY & JACK & MONTEREY - PRODUCTION, MEASURED IN LB",TOTAL,NOT SPECIFIED,STATE,,98,OT,OTHER STATES,,,,,,,,00000000,,,9000,UNITED STATES,OTHER STATES,2024,MONTHLY,07,07,JUL,,2026-04-24 15:00:00.000,"96,779,000",
SURVEY,ANIMALS & PRODUCTS,DAIRY,CHEESE,"AMERICAN, COLBY & JACK & MONTEREY",ALL PRODUCTION PRACTICES,ALL UTILIZATION PRACTICES,PRODUCTION,LB,"CHEESE, AMERICAN, COLBY & JACK & MONTEREY - PRODUCTION, MEASURED IN LB",TOTAL,NOT SPECIFIED,STATE,,98,OT,OTHER STATES,,,,,,,,00000000,,,9000,UNITED STATES,OTHER STATES,2024,MONTHLY,08,08,AUG,,2026-04-24 15:00:00.000,"95,652,000",
SURVEY,ANIMALS & PRODUCTS,DAIRY,CHEESE,"AMERICAN, COLBY & JACK & MONTEREY",ALL PRODUCTION PRACTICES,ALL UTILIZATION PRACTICES,PRODUCTION,LB,"CHEESE, AMERICAN, COLBY & JACK & MONTEREY - PRODUCTION, MEASURED IN LB",TOTAL,NOT SPECIFIED,STATE,,98,OT,OTHER STATES,,,,,,,,00000000,,,9000,UNITED STATES,OTHER STATES,2024,MONTHLY,09,09,SEP,,2026-04-24 15:00:00.000,"87,016,000",
SURVEY,ANIMALS & PRODUCTS,DAIRY,CHEESE,"AMERICAN, COLBY & JACK & MONTEREY",ALL PRODUCTION PRACTICES,ALL UTILIZATION PRACTICES,PRODUCTION,LB,"CHEESE, AMERICAN, COLBY & JACK & MONTEREY - PRODUCTION, MEASURED IN LB",TOTAL,NOT SPECIFIED,STATE,,98,OT,OTHER STATES,,,,,,,,00000000,,,9000,UNITED STATES,OTHER STATES,2024,MONTHLY,10,10,OCT,,2026-04-24 15:00:00.000,"94,997,000",
SURVEY,ANIMALS & PRODUCTS,DAIRY,CHEESE,"AMERICAN, COLBY & JACK & MONTEREY",ALL PRODUCTION PRACTICES,ALL UTILIZATION PRACTICES,PRODUCTION,LB,"CHEESE, AMERICAN, COLBY & JACK & MONTEREY - PRODUCTION, MEASURED IN LB",TOTAL,NOT SPECIFIED,STATE,,98,OT,OTHER STATES,,,,,,,,00000000,,,9000,UNITED STATES,OTHER STATES,2024,MONTHLY,11,11,NOV,,2026-04-24 15:00:00.000,"85,190,000",
SURVEY,ANIMALS & PRODUCTS,DAIRY,CHEESE,"AMERICAN, COLBY & JACK & MONTEREY",ALL PRODUCTION PRACTICES,ALL UTILIZATION PRACTICES,PRODUCTION,LB,"CHEESE, AMERICAN, COLBY & JACK & MONTEREY - PRODUCTION, MEASURED IN LB",TOTAL,NOT SPECIFIED,STATE,,98,OT,OTHER STATES,,,,,,,,00000000,,,9000,UNITED STATES,OTHER STATES,2024,MONTHLY,12,12,DEC,,2026-04-24 15:00:00.000,"92,613,000",
SURVEY,ANIMALS & PRODUCTS,DAIRY,CHEESE,"AMERICAN, COLBY & JACK & MONTEREY",ALL PRODUCTION PRACTICES,ALL UTILIZATION PRACTICES,PRODUCTION,LB,"CHEESE, AMERICAN, COLBY & JACK & MONTEREY - PRODUCTION, MEASURED IN LB",TOTAL,NOT SPECIFIED,STATE,06,06,CA,CALIFORNIA,,,,,,,,00000000,,,9000,UNITED STATES,CALIFORNIA,2024,MONTHLY,01,01,JAN,,2026-04-24 15:00:00.000,"24,097,000",
SURVEY,ANIMALS & PRODUCTS,DAIRY,CHEESE,"AMERICAN, COLBY & JACK & MONTEREY",ALL PRODUCTION PRACTICES,ALL UTILIZATION PRACTICES,PRODUCTION,LB,"CHEESE, AMERICAN, COLBY & JACK & MONTEREY - PRODUCTION, MEASURED IN LB",TOTAL,NOT SPECIFIED,STATE,06,06,CA,CALIFORNIA,,,,,,,,00000000,,,9000,UNITED STATES,CALIFORNIA,2024,MONTHLY,02,02,FEB,,2026-04-24 15:00:00.000,"23,874,000",
SURVEY,ANIMALS & PRODUCTS,DAIRY,CHEESE,"AMERICAN, COLBY & JACK & MONTEREY",ALL PRODUCTION PRACTICES,ALL UTILIZATION PRACTICES,PRODUCTION,LB,"CHEESE, AMERICAN, COLBY & JACK & MONTEREY - PRODUCTION, MEASURED IN LB",TOTAL,NOT SPECIFIED,STATE,06,06,CA,CALIFORNIA,,,,,,,,00000000,,,9000,UNITED STATES,CALIFORNIA,2024,MONTHLY,03,03,MAR,,2026-04-24 15:00:00.000,"29,068,000",
SURVEY,ANIMALS & PRODUCTS,DAIRY,CHEESE,"AMERICAN, COLBY & JACK & MONTEREY",ALL PRODUCTION PRACTICES,ALL UTILIZATION PRACTICES,PRODUCTION,LB,"CHEESE, AMERICAN, COLBY & JACK & MONTEREY - PRODUCTION, MEASURED IN LB",TOTAL,NOT SPECIFIED,STATE,06,06,CA,CALIFORNIA,,,,,,,,00000000,,,9000,UNITED STATES,CALIFORNIA,2024,MONTHLY,04,04,APR,,2026-04-24 15:00:00.000,"25,579,000",
SURVEY,ANIMALS & PRODUCTS,DAIRY,CHEESE,"AMERICAN, COLBY & JACK & MONTEREY",ALL PRODUCTION PRACTICES,ALL UTILIZATION PRACTICES,PRODUCTION,LB,"CHEESE, AMERICAN, COLBY & JACK & MONTEREY - PRODUCTION, MEASURED IN LB",TOTAL,NOT SPECIFIED,STATE,06,06,CA,CALIFORNIA,,,,,,,,00000000,,,9000,UNITED STATES,CALIFORNIA,2024,MONTHLY,05,05,MAY,,2026-04-24 15:00:00.000,"26,684,000",
SURVEY,ANIMALS & PRODUCTS,DAIRY,CHEESE,"AMERICAN, COLBY & JACK & MONTEREY",ALL PRODUCTION PRACTICES,ALL UTILIZATION PRACTICES,PRODUCTION,LB,"CHEESE, AMERICAN, COLBY & JACK & MONTEREY - PRODUCTION, MEASURED IN LB",TOTAL,NOT SPECIFIED,STATE,06,06,CA,CALIFORNIA,,,,,,,,00000000,,,9000,UNITED STATES,CALIFORNIA,2024,MONTHLY,06,06,JUN,,2026-04-24 15:00:00.000,"24,905,000",
SURVEY,ANIMALS & PRODUCTS,DAIRY,CHEESE,"AMERICAN, COLBY & JACK & MONTEREY",ALL PRODUCTION PRACTICES,ALL UTILIZATION PRACTICES,PRODUCTION,LB,"CHEESE, AMERICAN, COLBY & JACK & MONTEREY - PRODUCTION, MEASURED IN LB",TOTAL,NOT SPECIFIED,STATE,06,06,CA,CALIFORNIA,,,,,,,,00000000,,,9000,UNITED STATES,CALIFORNIA,2024,MONTHLY,07,07,JUL,,2026-04-24 15:00:00.000,"25,927,000",
SURVEY,ANIMALS & PRODUCTS,DAIRY,CHEESE,"AMERICAN, COLBY & JACK & MONTEREY",ALL PRODUCTION PRACTICES,ALL UTILIZATION PRACTICES,PRODUCTION,LB,"CHEESE, AMERICAN, COLBY & JACK & MONTEREY - PRODUCTION, MEASURED IN LB",TOTAL,NOT SPECIFIED,STATE,06,06,CA,CALIFORNIA,,,,,,,,00000000,,,9000,UNITED STATES,CALIFORNIA,2024,MONTHLY,08,08,AUG,,2026-04-24 15:00:00.000,"26,946,000",
SURVEY,ANIMALS & PRODUCTS,DAIRY,CHEESE,"AMERICAN, COLBY & JACK & MONTEREY",ALL PRODUCTION PRACTICES,ALL UTILIZATION PRACTICES,PRODUCTION,LB,"CHEESE, AMERICAN, COLBY & JACK & MONTEREY - PRODUCTION, MEASURED IN LB",TOTAL,NOT SPECIFIED,STATE,06,06,CA,CALIFORNIA,,,,,,,,00000000,,,9000,UNITED STATES,CALIFORNIA,2024,MONTHLY,09,09,SEP,,2026-04-24 15:00:00.000,"23,095,000",
SURVEY,ANIMALS & PRODUCTS,DAIRY,CHEESE,"AMERICAN, COLBY & JACK & MONTEREY",ALL PRODUCTION PRACTICES,ALL UTILIZATION PRACTICES,PRODUCTION,LB,"CHEESE, AMERICAN, COLBY & JACK & MONTEREY - PRODUCTION, MEASURED IN LB",TOTAL,NOT SPECIFIED,STATE,06,06,CA,CALIFORNIA,,,,,,,,00000000,,,9000,UNITED STATES,CALIFORNIA,2024,MONTHLY,10,10,OCT,,2026-04-24 15:00:00.000,"26,797,000",
SURVEY,ANIMALS & PRODUCTS,DAIRY,CHEESE,"AMERICAN, COLBY & JACK & MONTEREY",ALL PRODUCTION PRACTICES,ALL UTILIZATION PRACTICES,PRODUCTION,LB,"CHEESE, AMERICAN, COLBY & JACK & MONTEREY - PRODUCTION, MEASURED IN LB",TOTAL,NOT SPECIFIED,STATE,06,06,CA,CALIFORNIA,,,,,,,,00000000,,,9000,UNITED STATES,CALIFORNIA,2024,MONTHLY,11,11,NOV,,2026-04-24 15:00:00.000,"22,525,000",
SURVEY,ANIMALS & PRODUCTS,DAIRY,CHEESE,"AMERICAN, COLBY & JACK & MONTEREY",ALL PRODUCTION PRACTICES,ALL UTILIZATION PRACTICES,PRODUCTION,LB,"CHEESE, AMERICAN, COLBY & JACK & MONTEREY - PRODUCTION, MEASURED IN LB",TOTAL,NOT SPECIFIED,STATE,06,06,CA,CALIFORNIA,,,,,,,,00000000,,,9000,UNITED STATES,CALIFORNIA,2024,MONTHLY,12,12,DEC,,2026-04-24 15:00:00.000,"25,651,000",
SURVEY,ANIMALS & PRODUCTS,DAIRY,CHEESE,"AMERICAN, COLBY & JACK & MONTEREY",ALL PRODUCTION PRACTICES,ALL UTILIZATION PRACTICES,PRODUCTION,LB,"CHEESE, AMERICAN, COLBY & JACK & MONTEREY - PRODUCTION, MEASURED IN LB",TOTAL,NOT SPECIFIED,STATE,55,55,WI,WISCONSIN,,,,,,,,00000000,,,9000,UNITED STATES,WISCONSIN,2024,MONTHLY,01,01,JAN,,2026-04-24 15:00:00.000,"31,164,000",
SURVEY,ANIMALS & PRODUCTS,DAIRY,CHEESE,"AMERICAN, COLBY & JACK & MONTEREY",ALL PRODUCTION PRACTICES,ALL UTILIZATION PRACTICES,PRODUCTION,LB,"CHEESE, AMERICAN, COLBY & JACK & MONTEREY - PRODUCTION, MEASURED IN LB",TOTAL,NOT SPECIFIED,STATE,55,55,WI,WISCONSIN,,,,,,,,00000000,,,9000,UNITED STATES,WISCONSIN,2024,MONTHLY,02,02,FEB,,2026-04-24 15:00:00.000,"29,812,000",
SURVEY,ANIMALS & PRODUCTS,DAIRY,CHEESE,"AMERICAN, COLBY & JACK & MONTEREY",ALL PRODUCTION PRACTICES,ALL UTILIZATION PRACTICES,PRODUCTION,LB,"CHEESE, AMERICAN, COLBY & JACK & MONTEREY - PRODUCTION, MEASURED IN LB",TOTAL,NOT SPECIFIED,STATE,55,55,WI,WISCONSIN,,,,,,,,00000000,,,9000,UNITED STATES,WISCONSIN,2024,MONTHLY,03,03,MAR,,2026-04-24 15:00:00.000,"32,234,000",
SURVEY,ANIMALS & PRODUCTS,DAIRY,CHEESE,"AMERICAN, COLBY & JACK & MONTEREY",ALL PRODUCTION PRACTICES,ALL UTILIZATION PRACTICES,PRODUCTION,LB,"CHEESE, AMERICAN, COLBY & JACK & MONTEREY - PRODUCTION, MEASURED IN LB",TOTAL,NOT SPECIFIED,STATE,55,55,WI,WISCONSIN,,,,,,,,00000000,,,9000,UNITED STATES,WISCONSIN,2024,MONTHLY,04,04,APR,,2026-04-24 15:00:00.000,"32,506,000",
SURVEY,ANIMALS & PRODUCTS,DAIRY,CHEESE,"AMERICAN, COLBY & JACK & MONTEREY",ALL PRODUCTION PRACTICES,ALL UTILIZATION PRACTICES,PRODUCTION,LB,"CHEESE, AMERICAN, COLBY & JACK & MONTEREY - PRODUCTION, MEASURED IN LB",TOTAL,NOT SPECIFIED,STATE,55,55,WI,WISCONSIN,,,,,,,,00000000,,,9000,UNITED STATES,WISCONSIN,2024,MONTHLY,05,05,MAY,,2026-04-24 15:00:00.000,"36,321,000",
SURVEY,ANIMALS & PRODUCTS,DAIRY,CHEESE,"AMERICAN, COLBY & JACK & MONTEREY",ALL PRODUCTION PRACTICES,ALL UTILIZATION PRACTICES,PRODUCTION,LB,"CHEESE, AMERICAN, COLBY & JACK & MONTEREY - PRODUCTION, MEASURED IN LB",TOTAL,NOT SPECIFIED,STATE,55,55,WI,WISCONSIN,,,,,,,,00000000,,,9000,UNITED STATES,WISCONSIN,2024,MONTHLY,06,06,JUN,,2026-04-24 15:00:00.000,"34,392,000",
SURVEY,ANIMALS & PRODUCTS,DAIRY,CHEESE,"AMERICAN, COLBY & JACK & MONTEREY",ALL PRODUCTION PRACTICES,ALL UTILIZATION PRACTICES,PRODUCTION,LB,"CHEESE, AMERICAN, COLBY & JACK & MONTEREY - PRODUCTION, MEASURED IN LB",TOTAL,NOT SPECIFIED,STATE,55,55,WI,WISCONSIN,,,,,,,,00000000,,,9000,UNITED STATES,WISCONSIN,2024,MONTHLY,07,07,JUL,,2026-04-24 15:00:00.000,"35,537,000",
SURVEY,ANIMALS & PRODUCTS,DAIRY,CHEESE,"AMERICAN, COLBY & JACK & MONTEREY",ALL PRODUCTION PRACTICES,ALL UTILIZATION PRACTICES,PRODUCTION,LB,"CHEESE, AMERICAN, COLBY & JACK & MONTEREY - PRODUCTION, MEASURED IN LB",TOTAL,NOT SPECIFIED,STATE,55,55,WI,WISCONSIN,,,,,,,,00000000,,,9000,UNITED STATES,WISCONSIN,2024,MONTHLY,08,08,AUG,,2026-04-24 15:00:00.000,"33,128,000",
SURVEY,ANIMALS & PRODUCTS,DAIRY,CHEESE,"AMERICAN, COLBY & JACK & MONTEREY",ALL PRODUCTION PRACTICES,ALL UTILIZATION PRACTICES,PRODUCTION,LB,"CHEESE, AMERICAN, COLBY & JACK & MONTEREY - PRODUCTION, MEASURED IN LB",TOTAL,NOT SPECIFIED,STATE,55,55,WI,WISCONSIN,,,,,,,,00000000,,,9000,UNITED STATES,WISCONSIN,2024,MONTHLY,09,09,SEP,,2026-04-24 15:00:00.000,"32,034,000",
SURVEY,ANIMALS & PRODUCTS,DAIRY,CHEESE,"AMERICAN, COLBY & JACK & MONTEREY",ALL PRODUCTION PRACTICES,ALL UTILIZATION PRACTICES,PRODUCTION,LB,"CHEESE, AMERICAN, COLBY & JACK & MONTEREY - PRODUCTION, MEASURED IN LB",TOTAL,NOT SPECIFIED,STATE,55,55,WI,WISCONSIN,,,,,,,,00000000,,,9000,UNITED STATES,WISCONSIN,2024,MONTHLY,10,10,OCT,,2026-04-24 15:00:00.000,"33,938,000",
SURVEY,ANIMALS & PRODUCTS,DAIRY,CHEESE,"AMERICAN, COLBY & JACK & MONTEREY",ALL PRODUCTION PRACTICES,ALL UTILIZATION PRACTICES,PRODUCTION,LB,"CHEESE, AMERICAN, COLBY & JACK & MONTEREY - PRODUCTION, MEASURED IN LB",TOTAL,NOT SPECIFIED,STATE,55,55,WI,WISCONSIN,,,,,,,,00000000,,,9000,UNITED STATES,WISCONSIN,2024,MONTHLY,11,11,NOV,,2026-04-24 15:00:00.000,"32,836,000",
SURVEY,ANIMALS & PRODUCTS,DAIRY,CHEESE,"AMERICAN, COLBY & JACK & MONTEREY",ALL PRODUCTION PRACTICES,ALL UTILIZATION PRACTICES,PRODUCTION,LB,"CHEESE, AMERICAN, COLBY & JACK & MONTEREY - PRODUCTION, MEASURED IN LB",TOTAL,NOT SPECIFIED,STATE,55,55,WI,WISCONSIN,,,,,,,,00000000,,,9000,UNITED STATES,WISCONSIN,2024,MONTHLY,12,12,DEC,,2026-04-24 15:00:00.000,"37,693,000",
SURVEY,ANIMALS & PRODUCTS,DAIRY,CHEESE,"COTTAGE, CREAMED, FAT CONTENT GE 4 PCT",ALL PRODUCTION PRACTICES,ALL UTILIZATION PRACTICES,PRODUCTION,LB,"CHEESE, COTTAGE, CREAMED, FAT CONTENT GE 4 PCT - PRODUCTION, MEASURED IN LB",TOTAL,NOT SPECIFIED,STATE,,98,OT,OTHER STATES,,,,,,,,00000000,,,9000,UNITED STATES,OTHER STATES,2024,MONTHLY,01,01,JAN,,2026-04-24 15:00:00.000,"21,240,000",
SURVEY,ANIMALS & PRODUCTS,DAIRY,CHEESE,"COTTAGE, CREAMED, FAT CONTENT GE 4 PCT",ALL PRODUCTION PRACTICES,ALL UTILIZATION PRACTICES,PRODUCTION,LB,"CHEESE, COTTAGE, CREAMED, FAT CONTENT GE 4 PCT - PRODUCTION, MEASURED IN LB",TOTAL,NOT SPECIFIED,STATE,,98,OT,OTHER STATES,,,,,,,,00000000,,,9000,UNITED STATES,OTHER STATES,2024,MONTHLY,02,02,FEB,,2026-04-24 15:00:00.000,"21,175,000",
SURVEY,ANIMALS & PRODUCTS,DAIRY,CHEESE,"COTTAGE, CREAMED, FAT CONTENT GE 4 PCT",ALL PRODUCTION PRACTICES,ALL UTILIZATION PRACTICES,PRODUCTION,LB,"CHEESE, COTTAGE, CREAMED, FAT CONTENT GE 4 PCT - PRODUCTION, MEASURED IN LB",TOTAL,NOT SPECIFIED,STATE,,98,OT,OTHER STATES,,,,,,,,00000000,,,9000,UNITED STATES,OTHER STATES,2024,MONTHLY,03,03,MAR,,2026-04-24 15:00:00.000,"23,292,000",
SURVEY,ANIMALS & PRODUCTS,DAIRY,CHEESE,"COTTAGE, CREAMED, FAT CONTENT GE 4 PCT",ALL PRODUCTION PRACTICES,ALL UTILIZATION PRACTICES,PRODUCTION,LB,"CHEESE, COTTAGE, CREAMED, FAT CONTENT GE 4 PCT - PRODUCTION, MEASURED IN LB",TOTAL,NOT SPECIFIED,STATE,,98,OT,OTHER STATES,,,,,,,,00000000,,,9000,UNITED STATES,OTHER STATES,2024,MONTHLY,04,04,APR,,2026-04-24 15:00:00.000,"24,313,000",
SURVEY,ANIMALS & PRODUCTS,DAIRY,CHEESE,"COTTAGE, CREAMED, FAT CONTENT GE 4 PCT",ALL PRODUCTION PRACTICES,ALL UTILIZATION PRACTICES,PRODUCTION,LB,"CHEESE, COTTAGE, CREAMED, FAT CONTENT GE 4 PCT - PRODUCTION, MEASURED IN LB",TOTAL,NOT SPECIFIED,STATE,,98,OT,OTHER STATES,,,,,,,,00000000,,,9000,UNITED STATES,OTHER STATES,2024,MONTHLY,05,05,MAY,,2026-04-24 15:00:00.000,"25,339,000",
SURVEY,ANIMALS & PRODUCTS,DAIRY,CHEESE,"COTTAGE, CREAMED, FAT CONTENT GE 4 PCT",ALL PRODUCTION PRACTICES,ALL UTILIZATION PRACTICES,PRODUCTION,LB,"CHEESE, COTTAGE, CREAMED, FAT CONTENT GE 4 PCT - PRODUCTION, MEASURED IN LB",TOTAL,NOT SPECIFIED,STATE,,98,OT,OTHER STATES,,,,,,,,00000000,,,9000,UNITED STATES,OTHER STATES,2024,MONTHLY,06,06,JUN,,2026-04-24 15:00:00.000,"23,239,000",
SURVEY,ANIMALS & PRODUCTS,DAIRY,CHEESE,"COTTAGE, CREAMED, FAT CONTENT GE 4 PCT",ALL PRODUCTION PRACTICES,ALL UTILIZATION PRACTICES,PRODUCTION,LB,"CHEESE, COTTAGE, CREAMED, FAT CONTENT GE 4 PCT - PRODUCTION, MEASURED IN LB",TOTAL,NOT SPECIFIED,STATE,,98,OT,OTHER STATES,,,,,,,,00000000,,,9000,UNITED STATES,OTHER STATES,2024,MONTHLY,07,07,JUL,,2026-04-24 15:00:00.000,"25,462,000",
SURVEY,ANIMALS & PRODUCTS,DAIRY,CHEESE,"COTTAGE, CREAMED, FAT CONTENT GE 4 PCT",ALL PRODUCTION PRACTICES,ALL UTILIZATION PRACTICES,PRODUCTION,LB,"CHEESE, COTTAGE, CREAMED, FAT CONTENT GE 4 PCT - PRODUCTION, MEASURED IN LB",TOTAL,NOT SPECIFIED,STATE,,98,OT,OTHER STATES,,,,,,,,00000000,,,9000,UNITED STATES,OTHER STATES,2024,MONTHLY,08,08,AUG,,2026-04-24 15:00:00.000,"24,858,000",
SURVEY,ANIMALS & PRODUCTS,DAIRY,CHEESE,"COTTAGE, CREAMED, FAT CONTENT GE 4 PCT",ALL PRODUCTION PRACTICES,ALL UTILIZATION PRACTICES,PRODUCTION,LB,"CHEESE, COTTAGE, CREAMED, FAT CONTENT GE 4 PCT - PRODUCTION, MEASURED IN LB",TOTAL,NOT SPECIFIED,STATE,,98,OT,OTHER STATES,,,,,,,,00000000,,,9000,UNITED STATES,OTHER STATES,2024,MONTHLY,09,09,SEP,,2026-04-24 15:00:00.000,"24,179,000",
SURVEY,ANIMALS & PRODUCTS,DAIRY,CHEESE,"COTTAGE, CREAMED, FAT CONTENT GE 4 PCT",ALL PRODUCTION PRACTICES,ALL UTILIZATION PRACTICES,PRODUCTION,LB,"CHEESE, COTTAGE, CREAMED, FAT CONTENT GE 4 PCT - PRODUCTION, MEASURED IN LB",TOTAL,NOT SPECIFIED,STATE,,98,OT,OTHER STATES,,,,,,,,00000000,,,9000,UNITED STATES,OTHER STATES,2024,MONTHLY,10,10,OCT,,2026-04-24 15:00:00.000,"24,907,000",
SURVEY,ANIMALS & PRODUCTS,DAIRY,CHEESE,"COTTAGE, CREAMED, FAT CONTENT GE 4 PCT",ALL PRODUCTION PRACTICES,ALL UTILIZATION PRACTICES,PRODUCTION,LB,"CHEESE, COTTAGE, CREAMED, FAT CONTENT GE 4 PCT - PRODUCTION, MEASURED IN LB",TOTAL,NOT SPECIFIED,STATE,,98,OT,OTHER STATES,,,,,,,,00000000,,,9000,UNITED STATES,OTHER STATES,2024,MONTHLY,11,11,NOV,,2026-04-24 15:00:00.000,"23,427,000",
SURVEY,ANIMALS & PRODUCTS,DAIRY,CHEESE,"COTTAGE, CREAMED, FAT CONTENT GE 4 PCT",ALL PRODUCTION PRACTICES,ALL UTILIZATION PRACTICES,PRODUCTION,LB,"CHEESE, COTTAGE, CREAMED, FAT CONTENT GE 4 PCT - PRODUCTION, MEASURED IN LB",TOTAL,NOT SPECIFIED,STATE,,98,OT,OTHER STATES,,,,,,,,00000000,,,9000,UNITED STATES,OTHER STATES,2024,MONTHLY,12,12,DEC,,2026-04-24 15:00:00.000,"22,971,000",
SURVEY,ANIMALS & PRODUCTS,DAIRY,CHEESE,"COTTAGE, CREAMED, FAT CONTENT GE 4 PCT",ALL PRODUCTION PRACTICES,ALL UTILIZATION PRACTICES,PRODUCTION,LB,"CHEESE, COTTAGE, CREAMED, FAT CONTENT GE 4 PCT - PRODUCTION, MEASURED IN LB",TOTAL,NOT SPECIFIED,STATE,36,36,NY,NEW YORK,,,,,,,,00000000,,,9000,UNITED STATES,NEW YORK,2024,MONTHLY,01,01,JAN,,2026-04-24 15:00:00.000,"10,788,000",
SURVEY,ANIMALS & PRODUCTS,DAIRY,CHEESE,"COTTAGE, CREAMED, FAT CONTENT GE 4 PCT",ALL PRODUCTION PRACTICES,ALL UTILIZATION PRACTICES,PRODUCTION,LB,"CHEESE, COTTAGE, CREAMED, FAT CONTENT GE 4 PCT - PRODUCTION, MEASURED IN LB",TOTAL,NOT SPECIFIED,STATE,36,36,NY,NEW YORK,,,,,,,,00000000,,,9000,UNITED STATES,NEW YORK,2024,MONTHLY,02,02,FEB,,2026-04-24 15:00:00.000,"10,839,000",
SURVEY,ANIMALS & PRODUCTS,DAIRY,CHEESE,"COTTAGE, CREAMED, FAT CONTENT GE 4 PCT",ALL PRODUCTION PRACTICES,ALL UTILIZATION PRACTICES,PRODUCTION,LB,"CHEESE, COTTAGE, CREAMED, FAT CONTENT GE 4 PCT - PRODUCTION, MEASURED IN LB",TOTAL,NOT SPECIFIED,STATE,36,36,NY,NEW YORK,,,,,,,,00000000,,,9000,UNITED STATES,NEW YORK,2024,MONTHLY,03,03,MAR,,2026-04-24 15:00:00.000,"11,369,000",
SURVEY,ANIMALS & PRODUCTS,DAIRY,CHEESE,"COTTAGE, CREAMED, FAT CONTENT GE 4 PCT",ALL PRODUCTION PRACTICES,ALL UTILIZATION PRACTICES,PRODUCTION,LB,"CHEESE, COTTAGE, CREAMED, FAT CONTENT GE 4 PCT - PRODUCTION, MEASURED IN LB",TOTAL,NOT SPECIFIED,STATE,36,36,NY,NEW YORK,,,,,,,,00000000,,,9000,UNITED STATES,NEW YORK,2024,MONTHLY,04,04,APR,,2026-04-24 15:00:00.000,"10,825,000",
SURVEY,ANIMALS & PRODUCTS,DAIRY,CHEESE,"COTTAGE, CREAMED, FAT CONTENT GE 4 PCT",ALL PRODUCTION PRACTICES,ALL UTILIZATION PRACTICES,PRODUCTION,LB,"CHEESE, COTTAGE, CREAMED, FAT CONTENT GE 4 PCT - PRODUCTION, MEASURED IN LB",TOTAL,NOT SPECIFIED,STATE,36,36,NY,NEW YORK,,,,,,,,00000000,,,9000,UNITED STATES,NEW YORK,2024,MONTHLY,05,05,MAY,,2026-04-24 15:00:00.000,"10,183,000",
SURVEY,ANIMALS & PRODUCTS,DAIRY,CHEESE,"COTTAGE, CREAMED, FAT CONTENT GE 4 PCT",ALL PRODUCTION PRACTICES,ALL UTILIZATION PRACTICES,PRODUCTION,LB,"CHEESE, COTTAGE, CREAMED, FAT CONTENT GE 4 PCT - PRODUCTION, MEASURED IN LB",TOTAL,NOT SPECIFIED,STATE,36,36,NY,NEW YORK,,,,,,,,00000000,,,9000,UNITED STATES,NEW YORK,2024,MONTHLY,06,06,JUN,,2026-04-24 15:00:00.000,"10,237,000",
SURVEY,ANIMALS & PRODUCTS,DAIRY,CHEESE,"COTTAGE, CREAMED, FAT CONTENT GE 4 PCT",ALL PRODUCTION PRACTICES,ALL UTILIZATION PRACTICES,PRODUCTION,LB,"CHEESE, COTTAGE, CREAMED, FAT CONTENT GE 4 PCT - PRODUCTION, MEASURED IN LB",TOTAL,NOT SPECIFIED,STATE,36,36,NY,NEW YORK,,,,,,,,00000000,,,9000,UNITED STATES,NEW YORK,2024,MONTHLY,07,07,JUL,,2026-04-24 15:00:00.000,"10,779,000",
SURVEY,ANIMALS & PRODUCTS,DAIRY,CHEESE,"COTTAGE, CREAMED, FAT CONTENT GE 4 PCT",ALL PRODUCTION PRACTICES,ALL UTILIZATION PRACTICES,PRODUCTION,LB,"CHEESE, COTTAGE, CREAMED, FAT CONTENT GE 4 PCT - PRODUCTION, MEASURED IN LB",TOTAL,NOT SPECIFIED,STATE,36,36,NY,NEW YORK,,,,,,,,00000000,,,9000,UNITED STATES,NEW YORK,2024,MONTHLY,08,08,AUG,,2026-04-24 15:00:00.000,"11,633,000",
SURVEY,ANIMALS & PRODUCTS,DAIRY,CHEESE,"COTTAGE, CREAMED, FAT CONTENT GE 4 PCT",ALL PRODUCTION PRACTICES,ALL UTILIZATION PRACTICES,PRODUCTION,LB,"CHEESE, COTTAGE, CREAMED, FAT CONTENT GE 4 PCT - PRODUCTION, MEASURED IN LB",TOTAL,NOT SPECIFIED,STATE,36,36,NY,NEW YORK,,,,,,,,00000000,,,9000,UNITED STATES,NEW YORK,2024,MONTHLY,09,09,SEP,,2026-04-24 15:00:00.000,"10,956,000",
SURVEY,ANIMALS & PRODUCTS,DAIRY,CHEESE,"COTTAGE, CREAMED, FAT CONTENT GE 4 PCT",ALL PRODUCTION PRACTICES,ALL UTILIZATION PRACTICES,PRODUCTION,LB,"CHEESE, COTTAGE, CREAMED, FAT CONTENT GE 4 PCT - PRODUCTION, MEASURED IN LB",TOTAL,NOT SPECIFIED,STATE,36,36,NY,NEW YORK,,,,,,,,00000000,,,9000,UNITED STATES,NEW YORK,2024,MONTHLY,10,10,OCT,,2026-04-24 15:00:00.000,"10,835,000",
SURVEY,ANIMALS & PRODUCTS,DAIRY,CHEESE,"COTTAGE, CREAMED, FAT CONTENT GE 4 PCT",ALL PRODUCTION PRACTICES,ALL UTILIZATION PRACTICES,PRODUCTION,LB,"CHEESE, COTTAGE, CREAMED, FAT CONTENT GE 4 PCT - PRODUCTION, MEASURED IN LB",TOTAL,NOT SPECIFIED,STATE,36,36,NY,NEW YORK,,,,,,,,00000000,,,9000,UNITED STATES,NEW YORK,2024,MONTHLY,11,11,NOV,,2026-04-24 15:00:00.000,"10,518,000",
SURVEY,ANIMALS & PRODUCTS,DAIRY,CHEESE,"COTTAGE, CREAMED, FAT CONTENT GE 4 PCT",ALL PRODUCTION PRACTICES,ALL UTILIZATION PRACTICES,PRODUCTION,LB,"CHEESE, COTTAGE, CREAMED, FAT CONTENT GE 4 PCT - PRODUCTION, MEASURED IN LB",TOTAL,NOT SPECIFIED,STATE,36,36,NY,NEW YORK,,,,,,,,00000000,,,9000,UNITED STATES,NEW YORK,2024,MONTHLY,12,12,DEC,,2026-04-24 15:00:00.000,"10,875,000",
SURVEY,ANIMALS & PRODUCTS,DAIRY,CHEESE,"COTTAGE, CREAMED, FAT CONTENT GE 4 PCT",ALL PRODUCTION PRACTICES,ALL UTILIZATION PRACTICES,PRODUCTION,LB,"CHEESE, COTTAGE, CREAMED, FAT CONTENT GE 4 PCT - PRODUCTION, MEASURED IN LB",TOTAL,NOT SPECIFIED,STATE,41,41,OR,OREGON,,,,,,,,00000000,,,9000,UNITED STATES,OREGON,2024,MONTHLY,01,01,JAN,,2026-04-24 15:00:00.000,"677,000",
SURVEY,ANIMALS & PRODUCTS,DAIRY,CHEESE,"COTTAGE, CREAMED, FAT CONTENT GE 4 PCT",ALL PRODUCTION PRACTICES,ALL UTILIZATION PRACTICES,PRODUCTION,LB,"CHEESE, COTTAGE, CREAMED, FAT CONTENT GE 4 PCT - PRODUCTION, MEASURED IN LB",TOTAL,NOT SPECIFIED,STATE,41,41,OR,OREGON,,,,,,,,00000000,,,9000,UNITED STATES,OREGON,2024,MONTHLY,02,02,FEB,,2026-04-24 15:00:00.000,"582,000",
SURVEY,ANIMALS & PRODUCTS,DAIRY,CHEESE,"COTTAGE, CREAMED, FAT CONTENT GE 4 PCT",ALL PRODUCTION PRACTICES,ALL UTILIZATION PRACTICES,PRODUCTION,LB,"CHEESE, COTTAGE, CREAMED, FAT CONTENT GE 4 PCT - PRODUCTION, MEASURED IN LB",TOTAL,NOT SPECIFIED,STATE,41,41,OR,OREGON,,,,,,,,00000000,,,9000,UNITED STATES,OREGON,2024,MONTHLY,03,03,MAR,,2026-04-24 15:00:00.000,"789,000",
SURVEY,ANIMALS & PRODUCTS,DAIRY,CHEESE,"COTTAGE, CREAMED, FAT CONTENT GE 4 PCT",ALL PRODUCTION PRACTICES,ALL UTILIZATION PRACTICES,PRODUCTION,LB,"CHEESE, COTTAGE, CREAMED, FAT CONTENT GE 4 PCT - PRODUCTION, MEASURED IN LB",TOTAL,NOT SPECIFIED,STATE,41,41,OR,OREGON,,,,,,,,00000000,,,9000,UNITED STATES,OREGON,2024,MONTHLY,04,04,APR,,2026-04-24 15:00:00.000,"787,000",
SURVEY,ANIMALS & PRODUCTS,DAIRY,CHEESE,"COTTAGE, CREAMED, FAT CONTENT GE 4 PCT",ALL PRODUCTION PRACTICES,ALL UTILIZATION PRACTICES,PRODUCTION,LB,"CHEESE, COTTAGE, CREAMED, FAT CONTENT GE 4 PCT - PRODUCTION, MEASURED IN LB",TOTAL,NOT SPECIFIED,STATE,41,41,OR,OREGON,,,,,,,,00000000,,,9000,UNITED STATES,OREGON,2024,MONTHLY,05,05,MAY,,2026-04-24 15:00:00.000,"683,000",
SURVEY,ANIMALS & PRODUCTS,DAIRY,CHEESE,"COTTAGE, CREAMED, FAT CONTENT GE 4 PCT",ALL PRODUCTION PRACTICES,ALL UTILIZATION PRACTICES,PRODUCTION,LB,"CHEESE, COTTAGE, CREAMED, FAT CONTENT GE 4 PCT - PRODUCTION, MEASURED IN LB",TOTAL,NOT SPECIFIED,STATE,41,41,OR,OREGON,,,,,,,,00000000,,,9000,UNITED STATES,OREGON,2024,MONTHLY,06,06,JUN,,2026-04-24 15:00:00.000,"624,000",
SURVEY,ANIMALS & PRODUCTS,DAIRY,CHEESE,"COTTAGE, CREAMED, FAT CONTENT GE 4 PCT",ALL PRODUCTION PRACTICES,ALL UTILIZATION PRACTICES,PRODUCTION,LB,"CHEESE, COTTAGE, CREAMED, FAT CONTENT GE 4 PCT - PRODUCTION, MEASURED IN LB",TOTAL,NOT SPECIFIED,STATE,41,41,OR,OREGON,,,,,,,,00000000,,,9000,UNITED STATES,OREGON,2024,MONTHLY,07,07,JUL,,2026-04-24 15:00:00.000,"555,000",
SURVEY,ANIMALS & PRODUCTS,DAIRY,CHEESE,"COTTAGE, CREAMED, FAT CONTENT GE 4 PCT",ALL PRODUCTION PRACTICES,ALL UTILIZATION PRACTICES,PRODUCTION,LB,"CHEESE, COTTAGE, CREAMED, FAT CONTENT GE 4 PCT - PRODUCTION, MEASURED IN LB",TOTAL,NOT SPECIFIED,STATE,41,41,OR,OREGON,,,,,,,,00000000,,,9000,UNITED STATES,OREGON,2024,MONTHLY,08,08,AUG,,2026-04-24 15:00:00.000,"653,000",
SURVEY,ANIMALS & PRODUCTS,DAIRY,CHEESE,"COTTAGE, CREAMED, FAT CONTENT GE 4 PCT",ALL PRODUCTION PRACTICES,ALL UTILIZATION PRACTICES,PRODUCTION,LB,"CHEESE, COTTAGE, CREAMED, FAT CONTENT GE 4 PCT - PRODUCTION, MEASURED IN LB",TOTAL,NOT SPECIFIED,STATE,41,41,OR,OREGON,,,,,,,,00000000,,,9000,UNITED STATES,OREGON,2024,MONTHLY,09,09,SEP,,2026-04-24 15:00:00.000,"581,000",
SURVEY,ANIMALS & PRODUCTS,DAIRY,CHEESE,"COTTAGE, CREAMED, FAT CONTENT GE 4 PCT",ALL PRODUCTION PRACTICES,ALL UTILIZATION PRACTICES,PRODUCTION,LB,"CHEESE, COTTAGE, CREAMED, FAT CONTENT GE 4 PCT - PRODUCTION, MEASURED IN LB",TOTAL,NOT SPECIFIED,STATE,41,41,OR,OREGON,,,,,,,,00000000,,,9000,UNITED STATES,OREGON,2024,MONTHLY,10,10,OCT,,2026-04-24 15:00:00.000,"565,000",
SURVEY,ANIMALS & PRODUCTS,DAIRY,CHEESE,"COTTAGE, CREAMED, FAT CONTENT GE 4 PCT",ALL PRODUCTION PRACTICES,ALL UTILIZATION PRACTICES,PRODUCTION,LB,"CHEESE, COTTAGE, CREAMED, FAT CONTENT GE 4 PCT - PRODUCTION, MEASURED IN LB",TOTAL,NOT SPECIFIED,STATE,41,41,OR,OREGON,,,,,,,,00000000,,,9000,UNITED STATES,OREGON,2024,MONTHLY,11,11,NOV,,2026-04-24 15:00:00.000,"420,000",
SURVEY,ANIMALS & PRODUCTS,DAIRY,CHEESE,"COTTAGE, CREAMED, FAT CONTENT GE 4 PCT",ALL PRODUCTION PRACTICES,ALL UTILIZATION PRACTICES,PRODUCTION,LB,"CHEESE, COTTAGE, CREAMED, FAT CONTENT GE 4 PCT - PRODUCTION, MEASURED IN LB",TOTAL,NOT SPECIFIED,STATE,41,41,OR,OREGON,,,,,,,,00000000,,,9000,UNITED STATES,OREGON,2024,MONTHLY,12,12,DEC,,2026-04-24 15:00:00.000,"475,000",
SURVEY,ANIMALS & PRODUCTS,DAIRY,CHEESE,"COTTAGE, CURD",ALL PRODUCTION PRACTICES,ALL UTILIZATION PRACTICES,PRODUCTION,LB,"CHEESE, COTTAGE, CURD - PRODUCTION, MEASURED IN LB",TOTAL,NOT SPECIFIED,STATE,,98,OT,OTHER STATES,,,,,,,,00000000,,,9000,UNITED STATES,OTHER STATES,2024,MONTHLY,01,01,JAN,,2026-04-24 15:00:00.000,"23,612,000",
SURVEY,ANIMALS & PRODUCTS,DAIRY,CHEESE,"COTTAGE, CURD",ALL PRODUCTION PRACTICES,ALL UTILIZATION PRACTICES,PRODUCTION,LB,"CHEESE, COTTAGE, CURD - PRODUCTION, MEASURED IN LB",TOTAL,NOT SPECIFIED,STATE,,98,OT,OTHER STATES,,,,,,,,00000000,,,9000,UNITED STATES,OTHER STATES,2024,MONTHLY,02,02,FEB,,2026-04-24 15:00:00.000,"23,458,000",
SURVEY,ANIMALS & PRODUCTS,DAIRY,CHEESE,"COTTAGE, CURD",ALL PRODUCTION PRACTICES,ALL UTILIZATION PRACTICES,PRODUCTION,LB,"CHEESE, COTTAGE, CURD - PRODUCTION, MEASURED IN LB",TOTAL,NOT SPECIFIED,STATE,,98,OT,OTHER STATES,,,,,,,,00000000,,,9000,UNITED STATES,OTHER STATES,2024,MONTHLY,03,03,MAR,,2026-04-24 15:00:00.000,"25,711,000",
SURVEY,ANIMALS & PRODUCTS,DAIRY,CHEESE,"COTTAGE, CURD",ALL PRODUCTION PRACTICES,ALL UTILIZATION PRACTICES,PRODUCTION,LB,"CHEESE, COTTAGE, CURD - PRODUCTION, MEASURED IN LB",TOTAL,NOT SPECIFIED,STATE,,98,OT,OTHER STATES,,,,,,,,00000000,,,9000,UNITED STATES,OTHER STATES,2024,MONTHLY,04,04,APR,,2026-04-24 15:00:00.000,"26,743,000",
SURVEY,ANIMALS & PRODUCTS,DAIRY,CHEESE,"COTTAGE, CURD",ALL PRODUCTION PRACTICES,ALL UTILIZATION PRACTICES,PRODUCTION,LB,"CHEESE, COTTAGE, CURD - PRODUCTION, MEASURED IN LB",TOTAL,NOT SPECIFIED,STATE,,98,OT,OTHER STATES,,,,,,,,00000000,,,9000,UNITED STATES,OTHER STATES,2024,MONTHLY,05,05,MAY,,2026-04-24 15:00:00.000,"27,608,000",
SURVEY,ANIMALS & PRODUCTS,DAIRY,CHEESE,"COTTAGE, CURD",ALL PRODUCTION PRACTICES,ALL UTILIZATION PRACTICES,PRODUCTION,LB,"CHEESE, COTTAGE, CURD - PRODUCTION, MEASURED IN LB",TOTAL,NOT SPECIFIED,STATE,,98,OT,OTHER STATES,,,,,,,,00000000,,,9000,UNITED STATES,OTHER STATES,2024,MONTHLY,06,06,JUN,,2026-04-24 15:00:00.000,"24,983,000",
SURVEY,ANIMALS & PRODUCTS,DAIRY,CHEESE,"COTTAGE, CURD",ALL PRODUCTION PRACTICES,ALL UTILIZATION PRACTICES,PRODUCTION,LB,"CHEESE, COTTAGE, CURD - PRODUCTION, MEASURED IN LB",TOTAL,NOT SPECIFIED,STATE,,98,OT,OTHER STATES,,,,,,,,00000000,,,9000,UNITED STATES,OTHER STATES,2024,MONTHLY,07,07,JUL,,2026-04-24 15:00:00.000,"29,161,000",
SURVEY,ANIMALS & PRODUCTS,DAIRY,CHEESE,"COTTAGE, CURD",ALL PRODUCTION PRACTICES,ALL UTILIZATION PRACTICES,PRODUCTION,LB,"CHEESE, COTTAGE, CURD - PRODUCTION, MEASURED IN LB",TOTAL,NOT SPECIFIED,STATE,,98,OT,OTHER STATES,,,,,,,,00000000,,,9000,UNITED STATES,OTHER STATES,2024,MONTHLY,08,08,AUG,,2026-04-24 15:00:00.000,"27,905,000",
SURVEY,ANIMALS & PRODUCTS,DAIRY,CHEESE,"COTTAGE, CURD",ALL PRODUCTION PRACTICES,ALL UTILIZATION PRACTICES,PRODUCTION,LB,"CHEESE, COTTAGE, CURD - PRODUCTION, MEASURED IN LB",TOTAL,NOT SPECIFIED,STATE,,98,OT,OTHER STATES,,,,,,,,00000000,,,9000,UNITED STATES,OTHER STATES,2024,MONTHLY,09,09,SEP,,2026-04-24 15:00:00.000,"27,400,000",
SURVEY,ANIMALS & PRODUCTS,DAIRY,CHEESE,"COTTAGE, CURD",ALL PRODUCTION PRACTICES,ALL UTILIZATION PRACTICES,PRODUCTION,LB,"CHEESE, COTTAGE, CURD - PRODUCTION, MEASURED IN LB",TOTAL,NOT SPECIFIED,STATE,,98,OT,OTHER STATES,,,,,,,,00000000,,,9000,UNITED STATES,OTHER STATES,2024,MONTHLY,10,10,OCT,,2026-04-24 15:00:00.000,"28,393,000",
SURVEY,ANIMALS & PRODUCTS,DAIRY,CHEESE,"COTTAGE, CURD",ALL PRODUCTION PRACTICES,ALL UTILIZATION PRACTICES,PRODUCTION,LB,"CHEESE, COTTAGE, CURD - PRODUCTION, MEASURED IN LB",TOTAL,NOT SPECIFIED,STATE,,98,OT,OTHER STATES,,,,,,,,00000000,,,9000,UNITED STATES,OTHER STATES,2024,MONTHLY,11,11,NOV,,2026-04-24 15:00:00.000,"25,584,000",
SURVEY,ANIMALS & PRODUCTS,DAIRY,CHEESE,"COTTAGE, CURD",ALL PRODUCTION PRACTICES,ALL UTILIZATION PRACTICES,PRODUCTION,LB,"CHEESE, COTTAGE, CURD - PRODUCTION, MEASURED IN LB",TOTAL,NOT SPECIFIED,STATE,,98,OT,OTHER STATES,,,,,,,,00000000,,,9000,UNITED STATES,OTHER STATES,2024,MONTHLY,12,12,DEC,,2026-04-24 15:00:00.000,"25,824,000",
SURVEY,ANIMALS & PRODUCTS,DAIRY,CHEESE,"COTTAGE, CURD",ALL PRODUCTION PRACTICES,ALL UTILIZATION PRACTICES,PRODUCTION,LB,"CHEESE, COTTAGE, CURD - PRODUCTION, MEASURED IN LB",TOTAL,NOT SPECIFIED,STATE,36,36,NY,NEW YORK,,,,,,,,00000000,,,9000,UNITED STATES,NEW YORK,2024,MONTHLY,01,01,JAN,,2026-04-24 15:00:00.000,"9,953,000",
SURVEY,ANIMALS & PRODUCTS,DAIRY,CHEESE,"COTTAGE, CURD",ALL PRODUCTION PRACTICES,ALL UTILIZATION PRACTICES,PRODUCTION,LB,"CHEESE, COTTAGE, CURD - PRODUCTION, MEASURED IN LB",TOTAL,NOT SPECIFIED,STATE,36,36,NY,NEW YORK,,,,,,,,00000000,,,9000,UNITED STATES,NEW YORK,2024,MONTHLY,02,02,FEB,,2026-04-24 15:00:00.000,"9,901,000",
SURVEY,ANIMALS & PRODUCTS,DAIRY,CHEESE,"COTTAGE, CURD",ALL PRODUCTION PRACTICES,ALL UTILIZATION PRACTICES,PRODUCTION,LB,"CHEESE, COTTAGE, CURD - PRODUCTION, MEASURED IN LB",TOTAL,NOT SPECIFIED,STATE,36,36,NY,NEW YORK,,,,,,,,00000000,,,9000,UNITED STATES,NEW YORK,2024,MONTHLY,03,03,MAR,,2026-04-24 15:00:00.000,"10,386,000",
SURVEY,ANIMALS & PRODUCTS,DAIRY,CHEESE,"COTTAGE, CURD",ALL PRODUCTION PRACTICES,ALL UTILIZATION PRACTICES,PRODUCTION,LB,"CHEESE, COTTAGE, CURD - PRODUCTION, MEASURED IN LB",TOTAL,NOT SPECIFIED,STATE,36,36,NY,NEW YORK,,,,,,,,00000000,,,9000,UNITED STATES,NEW YORK,2024,MONTHLY,04,04,APR,,2026-04-24 15:00:00.000,"11,000,000",
SURVEY,ANIMALS & PRODUCTS,DAIRY,CHEESE,"COTTAGE, CURD",ALL PRODUCTION PRACTICES,ALL UTILIZATION PRACTICES,PRODUCTION,LB,"CHEESE, COTTAGE, CURD - PRODUCTION, MEASURED IN LB",TOTAL,NOT SPECIFIED,STATE,36,36,NY,NEW YORK,,,,,,,,00000000,,,9000,UNITED STATES,NEW YORK,2024,MONTHLY,05,05,MAY,,2026-04-24 15:00:00.000,"10,568,000",
SURVEY,ANIMALS & PRODUCTS,DAIRY,CHEESE,"COTTAGE, CURD",ALL PRODUCTION PRACTICES,ALL UTILIZATION PRACTICES,PRODUCTION,LB,"CHEESE, COTTAGE, CURD - PRODUCTION, MEASURED IN LB",TOTAL,NOT SPECIFIED,STATE,36,36,NY,NEW YORK,,,,,,,,00000000,,,9000,UNITED STATES,NEW YORK,2024,MONTHLY,06,06,JUN,,2026-04-24 15:00:00.000,"10,550,000",
SURVEY,ANIMALS & PRODUCTS,DAIRY,CHEESE,"COTTAGE, CURD",ALL PRODUCTION PRACTICES,ALL UTILIZATION PRACTICES,PRODUCTION,LB,"CHEESE, COTTAGE, CURD - PRODUCTION, MEASURED IN LB",TOTAL,NOT SPECIFIED,STATE,36,36,NY,NEW YORK,,,,,,,,00000000,,,9000,UNITED STATES,NEW YORK,2024,MONTHLY,07,07,JUL,,2026-04-24 15:00:00.000,"11,684,000",
SURVEY,ANIMALS & PRODUCTS,DAIRY,CHEESE,"COTTAGE, CURD",ALL PRODUCTION PRACTICES,ALL UTILIZATION PRACTICES,PRODUCTION,LB,"CHEESE, COTTAGE, CURD - PRODUCTION, MEASURED IN LB",TOTAL,NOT SPECIFIED,STATE,36,36,NY,NEW YORK,,,,,,,,00000000,,,9000,UNITED STATES,NEW YORK,2024,MONTHLY,08,08,AUG,,2026-04-24 15:00:00.000,"11,685,000",
SURVEY,ANIMALS & PRODUCTS,DAIRY,CHEESE,"COTTAGE, CURD",ALL PRODUCTION PRACTICES,ALL UTILIZATION PRACTICES,PRODUCTION,LB,"CHEESE, COTTAGE, CURD - PRODUCTION, MEASURED IN LB",TOTAL,NOT SPECIFIED,STATE,36,36,NY,NEW YORK,,,,,,,,00000000,,,9000,UNITED STATES,NEW YORK,2024,MONTHLY,09,09,SEP,,2026-04-24 15:00:00.000,"12,477,000",
SURVEY,ANIMALS & PRODUCTS,DAIRY,CHEESE,"COTTAGE, CURD",ALL PRODUCTION PRACTICES,ALL UTILIZATION PRACTICES,PRODUCTION,LB,"CHEESE, COTTAGE, CURD - PRODUCTION, MEASURED IN LB",TOTAL,NOT SPECIFIED,STATE,36,36,NY,NEW YORK,,,,,,,,00000000,,,9000,UNITED STATES,NEW YORK,2024,MONTHLY,10,10,OCT,,2026-04-24 15:00:00.000,"11,940,000",
SURVEY,ANIMALS & PRODUCTS,DAIRY,CHEESE,"COTTAGE, CURD",ALL PRODUCTION PRACTICES,ALL UTILIZATION PRACTICES,PRODUCTION,LB,"CHEESE, COTTAGE, CURD - PRODUCTION, MEASURED IN LB",TOTAL,NOT SPECIFIED,STATE,36,36,NY,NEW YORK,,,,,,,,00000000,,,9000,UNITED STATES,NEW YORK,2024,MONTHLY,11,11,NOV,,2026-04-24 15:00:00.000,"10,596,000",
SURVEY,ANIMALS & PRODUCTS,DAIRY,CHEESE,"COTTAGE, CURD",ALL PRODUCTION PRACTICES,ALL UTILIZATION PRACTICES,PRODUCTION,LB,"CHEESE, COTTAGE, CURD - PRODUCTION, MEASURED IN LB",TOTAL,NOT SPECIFIED,STATE,36,36,NY,NEW YORK,,,,,,,,00000000,,,9000,UNITED STATES,NEW YORK,2024,MONTHLY,12,12,DEC,,2026-04-24 15:00:00.000,"11,390,000",
SURVEY,ANIMALS & PRODUCTS,DAIRY,CHEESE,"COTTAGE, LOWFAT, FAT CONTENT LT 4 PCT",ALL PRODUCTION PRACTICES,ALL UTILIZATION PRACTICES,PRODUCTION,LB,"CHEESE, COTTAGE, LOWFAT, FAT CONTENT LT 4 PCT - PRODUCTION, MEASURED IN LB",TOTAL,NOT SPECIFIED,STATE,,98,OT,OTHER STATES,,,,,,,,00000000,,,9000,UNITED STATES,OTHER STATES,2024,MONTHLY,01,01,JAN,,2026-04-24 15:00:00.000,"20,321,000",
SURVEY,ANIMALS & PRODUCTS,DAIRY,CHEESE,"COTTAGE, LOWFAT, FAT CONTENT LT 4 PCT",ALL PRODUCTION PRACTICES,ALL UTILIZATION PRACTICES,PRODUCTION,LB,"CHEESE, COTTAGE, LOWFAT, FAT CONTENT LT 4 PCT - PRODUCTION, MEASURED IN LB",TOTAL,NOT SPECIFIED,STATE,,98,OT,OTHER STATES,,,,,,,,00000000,,,9000,UNITED STATES,OTHER STATES,2024,MONTHLY,02,02,FEB,,2026-04-24 15:00:00.000,"19,946,000",
SURVEY,ANIMALS & PRODUCTS,DAIRY,CHEESE,"COTTAGE, LOWFAT, FAT CONTENT LT 4 PCT",ALL PRODUCTION PRACTICES,ALL UTILIZATION PRACTICES,PRODUCTION,LB,"CHEESE, COTTAGE, LOWFAT, FAT CONTENT LT 4 PCT - PRODUCTION, MEASURED IN LB",TOTAL,NOT SPECIFIED,STATE,,98,OT,OTHER STATES,,,,,,,,00000000,,,9000,UNITED STATES,OTHER STATES,2024,MONTHLY,03,03,MAR,,2026-04-24 15:00:00.000,"20,880,000",
SURVEY,ANIMALS & PRODUCTS,DAIRY,CHEESE,"COTTAGE, LOWFAT, FAT CONTENT LT 4 PCT",ALL PRODUCTION PRACTICES,ALL UTILIZATION PRACTICES,PRODUCTION,LB,"CHEESE, COTTAGE, LOWFAT, FAT CONTENT LT 4 PCT - PRODUCTION, MEASURED IN LB",TOTAL,NOT SPECIFIED,STATE,,98,OT,OTHER STATES,,,,,,,,00000000,,,9000,UNITED STATES,OTHER STATES,2024,MONTHLY,04,04,APR,,2026-04-24 15:00:00.000,"23,583,000",
SURVEY,ANIMALS & PRODUCTS,DAIRY,CHEESE,"COTTAGE, LOWFAT, FAT CONTENT LT 4 PCT",ALL PRODUCTION PRACTICES,ALL UTILIZATION PRACTICES,PRODUCTION,LB,"CHEESE, COTTAGE, LOWFAT, FAT CONTENT LT 4 PCT - PRODUCTION, MEASURED IN LB",TOTAL,NOT SPECIFIED,STATE,,98,OT,OTHER STATES,,,,,,,,00000000,,,9000,UNITED STATES,OTHER STATES,2024,MONTHLY,05,05,MAY,,2026-04-24 15:00:00.000,"23,961,000",
SURVEY,ANIMALS & PRODUCTS,DAIRY,CHEESE,"COTTAGE, LOWFAT, FAT CONTENT LT 4 PCT",ALL PRODUCTION PRACTICES,ALL UTILIZATION PRACTICES,PRODUCTION,LB,"CHEESE, COTTAGE, LOWFAT, FAT CONTENT LT 4 PCT - PRODUCTION, MEASURED IN LB",TOTAL,NOT SPECIFIED,STATE,,98,OT,OTHER STATES,,,,,,,,00000000,,,9000,UNITED STATES,OTHER STATES,2024,MONTHLY,06,06,JUN,,2026-04-24 15:00:00.000,"22,005,000",
SURVEY,ANIMALS & PRODUCTS,DAIRY,CHEESE,"COTTAGE, LOWFAT, FAT CONTENT LT 4 PCT",ALL PRODUCTION PRACTICES,ALL UTILIZATION PRACTICES,PRODUCTION,LB,"CHEESE, COTTAGE, LOWFAT, FAT CONTENT LT 4 PCT - PRODUCTION, MEASURED IN LB",TOTAL,NOT SPECIFIED,STATE,,98,OT,OTHER STATES,,,,,,,,00000000,,,9000,UNITED STATES,OTHER STATES,2024,MONTHLY,07,07,JUL,,2026-04-24 15:00:00.000,"23,754,000",
SURVEY,ANIMALS & PRODUCTS,DAIRY,CHEESE,"COTTAGE, LOWFAT, FAT CONTENT LT 4 PCT",ALL PRODUCTION PRACTICES,ALL UTILIZATION PRACTICES,PRODUCTION,LB,"CHEESE, COTTAGE, LOWFAT, FAT CONTENT LT 4 PCT - PRODUCTION, MEASURED IN LB",TOTAL,NOT SPECIFIED,STATE,,98,OT,OTHER STATES,,,,,,,,00000000,,,9000,UNITED STATES,OTHER STATES,2024,MONTHLY,08,08,AUG,,2026-04-24 15:00:00.000,"23,304,000",
SURVEY,ANIMALS & PRODUCTS,DAIRY,CHEESE,"COTTAGE, LOWFAT, FAT CONTENT LT 4 PCT",ALL PRODUCTION PRACTICES,ALL UTILIZATION PRACTICES,PRODUCTION,LB,"CHEESE, COTTAGE, LOWFAT, FAT CONTENT LT 4 PCT - PRODUCTION, MEASURED IN LB",TOTAL,NOT SPECIFIED,STATE,,98,OT,OTHER STATES,,,,,,,,00000000,,,9000,UNITED STATES,OTHER STATES,2024,MONTHLY,09,09,SEP,,2026-04-24 15:00:00.000,"22,072,000",
SURVEY,ANIMALS & PRODUCTS,DAIRY,CHEESE,"COTTAGE, LOWFAT, FAT CONTENT LT 4 PCT",ALL PRODUCTION PRACTICES,ALL UTILIZATION PRACTICES,PRODUCTION,LB,"CHEESE, COTTAGE, LOWFAT, FAT CONTENT LT 4 PCT - PRODUCTION, MEASURED IN LB",TOTAL,NOT SPECIFIED,STATE,,98,OT,OTHER STATES,,,,,,,,00000000,,,9000,UNITED STATES,OTHER STATES,2024,MONTHLY,10,10,OCT,,2026-04-24 15:00:00.000,"22,490,000",
SURVEY,ANIMALS & PRODUCTS,DAIRY,CHEESE,"COTTAGE, LOWFAT, FAT CONTENT LT 4 PCT",ALL PRODUCTION PRACTICES,ALL UTILIZATION PRACTICES,PRODUCTION,LB,"CHEESE, COTTAGE, LOWFAT, FAT CONTENT LT 4 PCT - PRODUCTION, MEASURED IN LB",TOTAL,NOT SPECIFIED,STATE,,98,OT,OTHER STATES,,,,,,,,00000000,,,9000,UNITED STATES,OTHER STATES,2024,MONTHLY,11,11,NOV,,2026-04-24 15:00:00.000,"19,732,000",
SURVEY,ANIMALS & PRODUCTS,DAIRY,CHEESE,"COTTAGE, LOWFAT, FAT CONTENT LT 4 PCT",ALL PRODUCTION PRACTICES,ALL UTILIZATION PRACTICES,PRODUCTION,LB,"CHEESE, COTTAGE, LOWFAT, FAT CONTENT LT 4 PCT - PRODUCTION, MEASURED IN LB",TOTAL,NOT SPECIFIED,STATE,,98,OT,OTHER STATES,,,,,,,,00000000,,,9000,UNITED STATES,OTHER STATES,2024,MONTHLY,12,12,DEC,,2026-04-24 15:00:00.000,"20,578,000",
SURVEY,ANIMALS & PRODUCTS,DAIRY,CHEESE,"COTTAGE, LOWFAT, FAT CONTENT LT 4 PCT",ALL PRODUCTION PRACTICES,ALL UTILIZATION PRACTICES,PRODUCTION,LB,"CHEESE, COTTAGE, LOWFAT, FAT CONTENT LT 4 PCT - PRODUCTION, MEASURED IN LB",TOTAL,NOT SPECIFIED,STATE,36,36,NY,NEW YORK,,,,,,,,00000000,,,9000,UNITED STATES,NEW YORK,2024,MONTHLY,01,01,JAN,,2026-04-24 15:00:00.000,"9,485,000",
SURVEY,ANIMALS & PRODUCTS,DAIRY,CHEESE,"COTTAGE, LOWFAT, FAT CONTENT LT 4 PCT",ALL PRODUCTION PRACTICES,ALL UTILIZATION PRACTICES,PRODUCTION,LB,"CHEESE, COTTAGE, LOWFAT, FAT CONTENT LT 4 PCT - PRODUCTION, MEASURED IN LB",TOTAL,NOT SPECIFIED,STATE,36,36,NY,NEW YORK,,,,,,,,00000000,,,9000,UNITED STATES,NEW YORK,2024,MONTHLY,02,02,FEB,,2026-04-24 15:00:00.000,"9,028,000",
SURVEY,ANIMALS & PRODUCTS,DAIRY,CHEESE,"COTTAGE, LOWFAT, FAT CONTENT LT 4 PCT",ALL PRODUCTION PRACTICES,ALL UTILIZATION PRACTICES,PRODUCTION,LB,"CHEESE, COTTAGE, LOWFAT, FAT CONTENT LT 4 PCT - PRODUCTION, MEASURED IN LB",TOTAL,NOT SPECIFIED,STATE,36,36,NY,NEW YORK,,,,,,,,00000000,,,9000,UNITED STATES,NEW YORK,2024,MONTHLY,03,03,MAR,,2026-04-24 15:00:00.000,"9,723,000",
SURVEY,ANIMALS & PRODUCTS,DAIRY,CHEESE,"COTTAGE, LOWFAT, FAT CONTENT LT 4 PCT",ALL PRODUCTION PRACTICES,ALL UTILIZATION PRACTICES,PRODUCTION,LB,"CHEESE, COTTAGE, LOWFAT, FAT CONTENT LT 4 PCT - PRODUCTION, MEASURED IN LB",TOTAL,NOT SPECIFIED,STATE,36,36,NY,NEW YORK,,,,,,,,00000000,,,9000,UNITED STATES,NEW YORK,2024,MONTHLY,04,04,APR,,2026-04-24 15:00:00.000,"9,555,000",
SURVEY,ANIMALS & PRODUCTS,DAIRY,CHEESE,"COTTAGE, LOWFAT, FAT CONTENT LT 4 PCT",ALL PRODUCTION PRACTICES,ALL UTILIZATION PRACTICES,PRODUCTION,LB,"CHEESE, COTTAGE, LOWFAT, FAT CONTENT LT 4 PCT - PRODUCTION, MEASURED IN LB",TOTAL,NOT SPECIFIED,STATE,36,36,NY,NEW YORK,,,,,,,,00000000,,,9000,UNITED STATES,NEW YORK,2024,MONTHLY,05,05,MAY,,2026-04-24 15:00:00.000,"10,013,000",
SURVEY,ANIMALS & PRODUCTS,DAIRY,CHEESE,"COTTAGE, LOWFAT, FAT CONTENT LT 4 PCT",ALL PRODUCTION PRACTICES,ALL UTILIZATION PRACTICES,PRODUCTION,LB,"CHEESE, COTTAGE, LOWFAT, FAT CONTENT LT 4 PCT - PRODUCTION, MEASURED IN LB",TOTAL,NOT SPECIFIED,STATE,36,36,NY,NEW YORK,,,,,,,,00000000,,,9000,UNITED STATES,NEW YORK,2024,MONTHLY,06,06,JUN,,2026-04-24 15:00:00.000,"9,638,000",
SURVEY,ANIMALS & PRODUCTS,DAIRY,CHEESE,"COTTAGE, LOWFAT, FAT CONTENT LT 4 PCT",ALL PRODUCTION PRACTICES,ALL UTILIZATION PRACTICES,PRODUCTION,LB,"CHEESE, COTTAGE, LOWFAT, FAT CONTENT LT 4 PCT - PRODUCTION, MEASURED IN LB",TOTAL,NOT SPECIFIED,STATE,36,36,NY,NEW YORK,,,,,,,,00000000,,,9000,UNITED STATES,NEW YORK,2024,MONTHLY,07,07,JUL,,2026-04-24 15:00:00.000,"9,687,000",
SURVEY,ANIMALS & PRODUCTS,DAIRY,CHEESE,"COTTAGE, LOWFAT, FAT CONTENT LT 4 PCT",ALL PRODUCTION PRACTICES,ALL UTILIZATION PRACTICES,PRODUCTION,LB,"CHEESE, COTTAGE, LOWFAT, FAT CONTENT LT 4 PCT - PRODUCTION, MEASURED IN LB",TOTAL,NOT SPECIFIED,STATE,36,36,NY,NEW YORK,,,,,,,,00000000,,,9000,UNITED STATES,NEW YORK,2024,MONTHLY,08,08,AUG,,2026-04-24 15:00:00.000,"9,984,000",
SURVEY,ANIMALS & PRODUCTS,DAIRY,CHEESE,"COTTAGE, LOWFAT, FAT CONTENT LT 4 PCT",ALL PRODUCTION PRACTICES,ALL UTILIZATION PRACTICES,PRODUCTION,LB,"CHEESE, COTTAGE, LOWFAT, FAT CONTENT LT 4 PCT - PRODUCTION, MEASURED IN LB",TOTAL,NOT SPECIFIED,STATE,36,36,NY,NEW YORK,,,,,,,,00000000,,,9000,UNITED STATES,NEW YORK,2024,MONTHLY,09,09,SEP,,2026-04-24 15:00:00.000,"9,598,000",
SURVEY,ANIMALS & PRODUCTS,DAIRY,CHEESE,"COTTAGE, LOWFAT, FAT CONTENT LT 4 PCT",ALL PRODUCTION PRACTICES,ALL UTILIZATION PRACTICES,PRODUCTION,LB,"CHEESE, COTTAGE, LOWFAT, FAT CONTENT LT 4 PCT - PRODUCTION, MEASURED IN LB",TOTAL,NOT SPECIFIED,STATE,36,36,NY,NEW YORK,,,,,,,,00000000,,,9000,UNITED STATES,NEW YORK,2024,MONTHLY,10,10,OCT,,2026-04-24 15:00:00.000,"11,223,000",
SURVEY,ANIMALS & PRODUCTS,DAIRY,CHEESE,"COTTAGE, LOWFAT, FAT CONTENT LT 4 PCT",ALL PRODUCTION PRACTICES,ALL UTILIZATION PRACTICES,PRODUCTION,LB,"CHEESE, COTTAGE, LOWFAT, FAT CONTENT LT 4 PCT - PRODUCTION, MEASURED IN LB",TOTAL,NOT SPECIFIED,STATE,36,36,NY,NEW YORK,,,,,,,,00000000,,,9000,UNITED STATES,NEW YORK,2024,MONTHLY,11,11,NOV,,2026-04-24 15:00:00.000,"8,854,000",
SURVEY,ANIMALS & PRODUCTS,DAIRY,CHEESE,"COTTAGE, LOWFAT, FAT CONTENT LT 4 PCT",ALL PRODUCTION PRACTICES,ALL UTILIZATION PRACTICES,PRODUCTION,LB,"CHEESE, COTTAGE, LOWFAT, FAT CONTENT LT 4 PCT - PRODUCTION, MEASURED IN LB",TOTAL,NOT SPECIFIED,STATE,36,36,NY,NEW YORK,,,,,,,,00000000,,,9000,UNITED STATES,NEW YORK,2024,MONTHLY,12,12,DEC,,2026-04-24 15:00:00.000,"9,695,000",
SURVEY,ANIMALS & PRODUCTS,DAIRY,CHEESE,HISPANIC,ALL PRODUCTION PRACTICES,ALL UTILIZATION PRACTICES,PRODUCTION,LB,"CHEESE, HISPANIC - PRODUCTION, MEASURED IN LB",TOTAL,NOT SPECIFIED,STATE,,98,OT,OTHER STATES,,,,,,,,00000000,,,9000,UNITED STATES,OTHER STATES,2024,MONTHLY,01,01,JAN,,2026-04-24 15:00:00.000,"29,958,000",
SURVEY,ANIMALS & PRODUCTS,DAIRY,CHEESE,HISPANIC,ALL PRODUCTION PRACTICES,ALL UTILIZATION PRACTICES,PRODUCTION,LB,"CHEESE, HISPANIC - PRODUCTION, MEASURED IN LB",TOTAL,NOT SPECIFIED,STATE,,98,OT,OTHER STATES,,,,,,,,00000000,,,9000,UNITED STATES,OTHER STATES,2024,MONTHLY,02,02,FEB,,2026-04-24 15:00:00.000,"23,951,000",
SURVEY,ANIMALS & PRODUCTS,DAIRY,CHEESE,HISPANIC,ALL PRODUCTION PRACTICES,ALL UTILIZATION PRACTICES,PRODUCTION,LB,"CHEESE, HISPANIC - PRODUCTION, MEASURED IN LB",TOTAL,NOT SPECIFIED,STATE,,98,OT,OTHER STATES,,,,,,,,00000000,,,9000,UNITED STATES,OTHER STATES,2024,MONTHLY,03,03,MAR,,2026-04-24 15:00:00.000,"25,213,000",
SURVEY,ANIMALS & PRODUCTS,DAIRY,CHEESE,HISPANIC,ALL PRODUCTION PRACTICES,ALL UTILIZATION PRACTICES,PRODUCTION,LB,"CHEESE, HISPANIC - PRODUCTION, MEASURED IN LB",TOTAL,NOT SPECIFIED,STATE,,98,OT,OTHER STATES,,,,,,,,00000000,,,9000,UNITED STATES,OTHER STATES,2024,MONTHLY,04,04,APR,,2026-04-24 15:00:00.000,"26,369,000",
SURVEY,ANIMALS & PRODUCTS,DAIRY,CHEESE,HISPANIC,ALL PRODUCTION PRACTICES,ALL UTILIZATION PRACTICES,PRODUCTION,LB,"CHEESE, HISPANIC - PRODUCTION, MEASURED IN LB",TOTAL,NOT SPECIFIED,STATE,,98,OT,OTHER STATES,,,,,,,,00000000,,,9000,UNITED STATES,OTHER STATES,2024,MONTHLY,05,05,MAY,,2026-04-24 15:00:00.000,"25,794,000",
SURVEY,ANIMALS & PRODUCTS,DAIRY,CHEESE,HISPANIC,ALL PRODUCTION PRACTICES,ALL UTILIZATION PRACTICES,PRODUCTION,LB,"CHEESE, HISPANIC - PRODUCTION, MEASURED IN LB",TOTAL,NOT SPECIFIED,STATE,,98,OT,OTHER STATES,,,,,,,,00000000,,,9000,UNITED STATES,OTHER STATES,2024,MONTHLY,06,06,JUN,,2026-04-24 15:00:00.000,"24,656,000",
SURVEY,ANIMALS & PRODUCTS,DAIRY,CHEESE,HISPANIC,ALL PRODUCTION PRACTICES,ALL UTILIZATION PRACTICES,PRODUCTION,LB,"CHEESE, HISPANIC - PRODUCTION, MEASURED IN LB",TOTAL,NOT SPECIFIED,STATE,,98,OT,OTHER STATES,,,,,,,,00000000,,,9000,UNITED STATES,OTHER STATES,2024,MONTHLY,07,07,JUL,,2026-04-24 15:00:00.000,"24,637,000",
SURVEY,ANIMALS & PRODUCTS,DAIRY,CHEESE,HISPANIC,ALL PRODUCTION PRACTICES,ALL UTILIZATION PRACTICES,PRODUCTION,LB,"CHEESE, HISPANIC - PRODUCTION, MEASURED IN LB",TOTAL,NOT SPECIFIED,STATE,,98,OT,OTHER STATES,,,,,,,,00000000,,,9000,UNITED STATES,OTHER STATES,2024,MONTHLY,08,08,AUG,,2026-04-24 15:00:00.000,"25,758,000",
SURVEY,ANIMALS & PRODUCTS,DAIRY,CHEESE,HISPANIC,ALL PRODUCTION PRACTICES,ALL UTILIZATION PRACTICES,PRODUCTION,LB,"CHEESE, HISPANIC - PRODUCTION, MEASURED IN LB",TOTAL,NOT SPECIFIED,STATE,,98,OT,OTHER STATES,,,,,,,,00000000,,,9000,UNITED STATES,OTHER STATES,2024,MONTHLY,09,09,SEP,,2026-04-24 15:00:00.000,"25,460,000",
SURVEY,ANIMALS & PRODUCTS,DAIRY,CHEESE,HISPANIC,ALL PRODUCTION PRACTICES,ALL UTILIZATION PRACTICES,PRODUCTION,LB,"CHEESE, HISPANIC - PRODUCTION, MEASURED IN LB",TOTAL,NOT SPECIFIED,STATE,,98,OT,OTHER STATES,,,,,,,,00000000,,,9000,UNITED STATES,OTHER STATES,2024,MONTHLY,10,10,OCT,,2026-04-24 15:00:00.000,"26,441,000",
SURVEY,ANIMALS & PRODUCTS,DAIRY,CHEESE,HISPANIC,ALL PRODUCTION PRACTICES,ALL UTILIZATION PRACTICES,PRODUCTION,LB,"CHEESE, HISPANIC - PRODUCTION, MEASURED IN LB",TOTAL,NOT SPECIFIED,STATE,,98,OT,OTHER STATES,,,,,,,,00000000,,,9000,UNITED STATES,OTHER STATES,2024,MONTHLY,11,11,NOV,,2026-04-24 15:00:00.000,"22,362,000",
SURVEY,ANIMALS & PRODUCTS,DAIRY,CHEESE,HISPANIC,ALL PRODUCTION PRACTICES,ALL UTILIZATION PRACTICES,PRODUCTION,LB,"CHEESE, HISPANIC - PRODUCTION, MEASURED IN LB",TOTAL,NOT SPECIFIED,STATE,,98,OT,OTHER STATES,,,,,,,,00000000,,,9000,UNITED STATES,OTHER STATES,2024,MONTHLY,12,12,DEC,,2026-04-24 15:00:00.000,"26,934,000",
SURVEY,ANIMALS & PRODUCTS,DAIRY,CHEESE,HISPANIC,ALL PRODUCTION PRACTICES,ALL UTILIZATION PRACTICES,PRODUCTION,LB,"CHEESE, HISPANIC - PRODUCTION, MEASURED IN LB",TOTAL,NOT SPECIFIED,STATE,55,55,WI,WISCONSIN,,,,,,,,00000000,,,9000,UNITED STATES,WISCONSIN,2024,MONTHLY,01,01,JAN,,2026-04-24 15:00:00.000,"10,572,000",
SURVEY,ANIMALS & PRODUCTS,DAIRY,CHEESE,HISPANIC,ALL PRODUCTION PRACTICES,ALL UTILIZATION PRACTICES,PRODUCTION,LB,"CHEESE, HISPANIC - PRODUCTION, MEASURED IN LB",TOTAL,NOT SPECIFIED,STATE,55,55,WI,WISCONSIN,,,,,,,,00000000,,,9000,UNITED STATES,WISCONSIN,2024,MONTHLY,02,02,FEB,,2026-04-24 15:00:00.000,"11,132,000",
SURVEY,ANIMALS & PRODUCTS,DAIRY,CHEESE,HISPANIC,ALL PRODUCTION PRACTICES,ALL UTILIZATION PRACTICES,PRODUCTION,LB,"CHEESE, HISPANIC - PRODUCTION, MEASURED IN LB",TOTAL,NOT SPECIFIED,STATE,55,55,WI,WISCONSIN,,,,,,,,00000000,,,9000,UNITED STATES,WISCONSIN,2024,MONTHLY,03,03,MAR,,2026-04-24 15:00:00.000,"13,392,000",
SURVEY,ANIMALS & PRODUCTS,DAIRY,CHEESE,HISPANIC,ALL PRODUCTION PRACTICES,ALL UTILIZATION PRACTICES,PRODUCTION,LB,"CHEESE, HISPANIC - PRODUCTION, MEASURED IN LB",TOTAL,NOT SPECIFIED,STATE,55,55,WI,WISCONSIN,,,,,,,,00000000,,,9000,UNITED STATES,WISCONSIN,2024,MONTHLY,04,04,APR,,2026-04-24 15:00:00.000,"12,322,000",
SURVEY,ANIMALS & PRODUCTS,DAIRY,CHEESE,HISPANIC,ALL PRODUCTION PRACTICES,ALL UTILIZATION PRACTICES,PRODUCTION,LB,"CHEESE, HISPANIC - PRODUCTION, MEASURED IN LB",TOTAL,NOT SPECIFIED,STATE,55,55,WI,WISCONSIN,,,,,,,,00000000,,,9000,UNITED STATES,WISCONSIN,2024,MONTHLY,05,05,MAY,,2026-04-24 15:00:00.000,"12,585,000",
SURVEY,ANIMALS & PRODUCTS,DAIRY,CHEESE,HISPANIC,ALL PRODUCTION PRACTICES,ALL UTILIZATION PRACTICES,PRODUCTION,LB,"CHEESE, HISPANIC - PRODUCTION, MEASURED IN LB",TOTAL,NOT SPECIFIED,STATE,55,55,WI,WISCONSIN,,,,,,,,00000000,,,9000,UNITED STATES,WISCONSIN,2024,MONTHLY,06,06,JUN,,2026-04-24 15:00:00.000,"12,625,000",
SURVEY,ANIMALS & PRODUCTS,DAIRY,CHEESE,HISPANIC,ALL PRODUCTION PRACTICES,ALL UTILIZATION PRACTICES,PRODUCTION,LB,"CHEESE, HISPANIC - PRODUCTION, MEASURED IN LB",TOTAL,NOT SPECIFIED,STATE,55,55,WI,WISCONSIN,,,,,,,,00000000,,,9000,UNITED STATES,WISCONSIN,2024,MONTHLY,07,07,JUL,,2026-04-24 15:00:00.000,"13,179,000",
SURVEY,ANIMALS & PRODUCTS,DAIRY,CHEESE,HISPANIC,ALL PRODUCTION PRACTICES,ALL UTILIZATION PRACTICES,PRODUCTION,LB,"CHEESE, HISPANIC - PRODUCTION, MEASURED IN LB",TOTAL,NOT SPECIFIED,STATE,55,55,WI,WISCONSIN,,,,,,,,00000000,,,9000,UNITED STATES,WISCONSIN,2024,MONTHLY,08,08,AUG,,2026-04-24 15:00:00.000,"13,266,000",
SURVEY,ANIMALS & PRODUCTS,DAIRY,CHEESE,HISPANIC,ALL PRODUCTION PRACTICES,ALL UTILIZATION PRACTICES,PRODUCTION,LB,"CHEESE, HISPANIC - PRODUCTION, MEASURED IN LB",TOTAL,NOT SPECIFIED,STATE,55,55,WI,WISCONSIN,,,,,,,,00000000,,,9000,UNITED STATES,WISCONSIN,2024,MONTHLY,09,09,SEP,,2026-04-24 15:00:00.000,"12,852,000",
SURVEY,ANIMALS & PRODUCTS,DAIRY,CHEESE,HISPANIC,ALL PRODUCTION PRACTICES,ALL UTILIZATION PRACTICES,PRODUCTION,LB,"CHEESE, HISPANIC - PRODUCTION, MEASURED IN LB",TOTAL,NOT SPECIFIED,STATE,55,55,WI,WISCONSIN,,,,,,,,00000000,,,9000,UNITED STATES,WISCONSIN,2024,MONTHLY,10,10,OCT,,2026-04-24 15:00:00.000,"14,101,000",
SURVEY,ANIMALS & PRODUCTS,DAIRY,CHEESE,HISPANIC,ALL PRODUCTION PRACTICES,ALL UTILIZATION PRACTICES,PRODUCTION,LB,"CHEESE, HISPANIC - PRODUCTION, MEASURED IN LB",TOTAL,NOT SPECIFIED,STATE,55,55,WI,WISCONSIN,,,,,,,,00000000,,,9000,UNITED STATES,WISCONSIN,2024,MONTHLY,11,11,NOV,,2026-04-24 15:00:00.000,"13,655,000",
SURVEY,ANIMALS & PRODUCTS,DAIRY,CHEESE,HISPANIC,ALL PRODUCTION PRACTICES,ALL UTILIZATION PRACTICES,PRODUCTION,LB,"CHEESE, HISPANIC - PRODUCTION, MEASURED IN LB",TOTAL,NOT SPECIFIED,STATE,55,55,WI,WISCONSIN,,,,,,,,00000000,,,9000,UNITED STATES,WISCONSIN,2024,MONTHLY,12,12,DEC,,2026-04-24 15:00:00.000,"11,635,000",
SURVEY,ANIMALS & PRODUCTS,DAIRY,CHEESE,ITALIAN,ALL PRODUCTION PRACTICES,ALL UTILIZATION PRACTICES,PRODUCTION,LB,"CHEESE, ITALIAN - PRODUCTION, MEASURED IN LB",TOTAL,NOT SPECIFIED,STATE,,98,OT,OTHER STATES,,,,,,,,00000000,,,9000,UNITED STATES,OTHER STATES,2024,MONTHLY,01,01,JAN,,2026-04-24 15:00:00.000,"161,451,000",
SURVEY,ANIMALS & PRODUCTS,DAIRY,CHEESE,ITALIAN,ALL PRODUCTION PRACTICES,ALL UTILIZATION PRACTICES,PRODUCTION,LB,"CHEESE, ITALIAN - PRODUCTION, MEASURED IN LB",TOTAL,NOT SPECIFIED,STATE,,98,OT,OTHER STATES,,,,,,,,00000000,,,9000,UNITED STATES,OTHER STATES,2024,MONTHLY,02,02,FEB,,2026-04-24 15:00:00.000,"147,508,000",
SURVEY,ANIMALS & PRODUCTS,DAIRY,CHEESE,ITALIAN,ALL PRODUCTION PRACTICES,ALL UTILIZATION PRACTICES,PRODUCTION,LB,"CHEESE, ITALIAN - PRODUCTION, MEASURED IN LB",TOTAL,NOT SPECIFIED,STATE,,98,OT,OTHER STATES,,,,,,,,00000000,,,9000,UNITED STATES,OTHER STATES,2024,MONTHLY,03,03,MAR,,2026-04-24 15:00:00.000,"165,468,000",
SURVEY,ANIMALS & PRODUCTS,DAIRY,CHEESE,ITALIAN,ALL PRODUCTION PRACTICES,ALL UTILIZATION PRACTICES,PRODUCTION,LB,"CHEESE, ITALIAN - PRODUCTION, MEASURED IN LB",TOTAL,NOT SPECIFIED,STATE,,98,OT,OTHER STATES,,,,,,,,00000000,,,9000,UNITED STATES,OTHER STATES,2024,MONTHLY,04,04,APR,,2026-04-24 15:00:00.000,"162,138,000",
SURVEY,ANIMALS & PRODUCTS,DAIRY,CHEESE,ITALIAN,ALL PRODUCTION PRACTICES,ALL UTILIZATION PRACTICES,PRODUCTION,LB,"CHEESE, ITALIAN - PRODUCTION, MEASURED IN LB",TOTAL,NOT SPECIFIED,STATE,,98,OT,OTHER STATES,,,,,,,,00000000,,,9000,UNITED STATES,OTHER STATES,2024,MONTHLY,05,05,MAY,,2026-04-24 15:00:00.000,"153,141,000",
SURVEY,ANIMALS & PRODUCTS,DAIRY,CHEESE,ITALIAN,ALL PRODUCTION PRACTICES,ALL UTILIZATION PRACTICES,PRODUCTION,LB,"CHEESE, ITALIAN - PRODUCTION, MEASURED IN LB",TOTAL,NOT SPECIFIED,STATE,,98,OT,OTHER STATES,,,,,,,,00000000,,,9000,UNITED STATES,OTHER STATES,2024,MONTHLY,06,06,JUN,,2026-04-24 15:00:00.000,"152,612,000",
SURVEY,ANIMALS & PRODUCTS,DAIRY,CHEESE,ITALIAN,ALL PRODUCTION PRACTICES,ALL UTILIZATION PRACTICES,PRODUCTION,LB,"CHEESE, ITALIAN - PRODUCTION, MEASURED IN LB",TOTAL,NOT SPECIFIED,STATE,,98,OT,OTHER STATES,,,,,,,,00000000,,,9000,UNITED STATES,OTHER STATES,2024,MONTHLY,07,07,JUL,,2026-04-24 15:00:00.000,"159,846,000",
SURVEY,ANIMALS & PRODUCTS,DAIRY,CHEESE,ITALIAN,ALL PRODUCTION PRACTICES,ALL UTILIZATION PRACTICES,PRODUCTION,LB,"CHEESE, ITALIAN - PRODUCTION, MEASURED IN LB",TOTAL,NOT SPECIFIED,STATE,,98,OT,OTHER STATES,,,,,,,,00000000,,,9000,UNITED STATES,OTHER STATES,2024,MONTHLY,08,08,AUG,,2026-04-24 15:00:00.000,"153,613,000",
SURVEY,ANIMALS & PRODUCTS,DAIRY,CHEESE,ITALIAN,ALL PRODUCTION PRACTICES,ALL UTILIZATION PRACTICES,PRODUCTION,LB,"CHEESE, ITALIAN - PRODUCTION, MEASURED IN LB",TOTAL,NOT SPECIFIED,STATE,,98,OT,OTHER STATES,,,,,,,,00000000,,,9000,UNITED STATES,OTHER STATES,2024,MONTHLY,09,09,SEP,,2026-04-24 15:00:00.000,"163,769,000",
SURVEY,ANIMALS & PRODUCTS,DAIRY,CHEESE,ITALIAN,ALL PRODUCTION PRACTICES,ALL UTILIZATION PRACTICES,PRODUCTION,LB,"CHEESE, ITALIAN - PRODUCTION, MEASURED IN LB",TOTAL,NOT SPECIFIED,STATE,,98,OT,OTHER STATES,,,,,,,,00000000,,,9000,UNITED STATES,OTHER STATES,2024,MONTHLY,10,10,OCT,,2026-04-24 15:00:00.000,"162,392,000",
SURVEY,ANIMALS & PRODUCTS,DAIRY,CHEESE,ITALIAN,ALL PRODUCTION PRACTICES,ALL UTILIZATION PRACTICES,PRODUCTION,LB,"CHEESE, ITALIAN - PRODUCTION, MEASURED IN LB",TOTAL,NOT SPECIFIED,STATE,,98,OT,OTHER STATES,,,,,,,,00000000,,,9000,UNITED STATES,OTHER STATES,2024,MONTHLY,11,11,NOV,,2026-04-24 15:00:00.000,"151,102,000",
SURVEY,ANIMALS & PRODUCTS,DAIRY,CHEESE,ITALIAN,ALL PRODUCTION PRACTICES,ALL UTILIZATION PRACTICES,PRODUCTION,LB,"CHEESE, ITALIAN - PRODUCTION, MEASURED IN LB",TOTAL,NOT SPECIFIED,STATE,,98,OT,OTHER STATES,,,,,,,,00000000,,,9000,UNITED STATES,OTHER STATES,2024,MONTHLY,12,12,DEC,,2026-04-24 15:00:00.000,"173,456,000",
SURVEY,ANIMALS & PRODUCTS,DAIRY,CHEESE,ITALIAN,ALL PRODUCTION PRACTICES,ALL UTILIZATION PRACTICES,PRODUCTION,LB,"CHEESE, ITALIAN - PRODUCTION, MEASURED IN LB",TOTAL,NOT SPECIFIED,STATE,06,06,CA,CALIFORNIA,,,,,,,,00000000,,,9000,UNITED STATES,CALIFORNIA,2024,MONTHLY,01,01,JAN,,2026-04-24 15:00:00.000,"141,637,000",
SURVEY,ANIMALS & PRODUCTS,DAIRY,CHEESE,ITALIAN,ALL PRODUCTION PRACTICES,ALL UTILIZATION PRACTICES,PRODUCTION,LB,"CHEESE, ITALIAN - PRODUCTION, MEASURED IN LB",TOTAL,NOT SPECIFIED,STATE,06,06,CA,CALIFORNIA,,,,,,,,00000000,,,9000,UNITED STATES,CALIFORNIA,2024,MONTHLY,02,02,FEB,,2026-04-24 15:00:00.000,"141,357,000",
SURVEY,ANIMALS & PRODUCTS,DAIRY,CHEESE,ITALIAN,ALL PRODUCTION PRACTICES,ALL UTILIZATION PRACTICES,PRODUCTION,LB,"CHEESE, ITALIAN - PRODUCTION, MEASURED IN LB",TOTAL,NOT SPECIFIED,STATE,06,06,CA,CALIFORNIA,,,,,,,,00000000,,,9000,UNITED STATES,CALIFORNIA,2024,MONTHLY,03,03,MAR,,2026-04-24 15:00:00.000,"144,683,000",
SURVEY,ANIMALS & PRODUCTS,DAIRY,CHEESE,ITALIAN,ALL PRODUCTION PRACTICES,ALL UTILIZATION PRACTICES,PRODUCTION,LB,"CHEESE, ITALIAN - PRODUCTION, MEASURED IN LB",TOTAL,NOT SPECIFIED,STATE,06,06,CA,CALIFORNIA,,,,,,,,00000000,,,9000,UNITED STATES,CALIFORNIA,2024,MONTHLY,04,04,APR,,2026-04-24 15:00:00.000,"139,930,000",
SURVEY,ANIMALS & PRODUCTS,DAIRY,CHEESE,ITALIAN,ALL PRODUCTION PRACTICES,ALL UTILIZATION PRACTICES,PRODUCTION,LB,"CHEESE, ITALIAN - PRODUCTION, MEASURED IN LB",TOTAL,NOT SPECIFIED,STATE,06,06,CA,CALIFORNIA,,,,,,,,00000000,,,9000,UNITED STATES,CALIFORNIA,2024,MONTHLY,05,05,MAY,,2026-04-24 15:00:00.000,"146,123,000",
SURVEY,ANIMALS & PRODUCTS,DAIRY,CHEESE,ITALIAN,ALL PRODUCTION PRACTICES,ALL UTILIZATION PRACTICES,PRODUCTION,LB,"CHEESE, ITALIAN - PRODUCTION, MEASURED IN LB",TOTAL,NOT SPECIFIED,STATE,06,06,CA,CALIFORNIA,,,,,,,,00000000,,,9000,UNITED STATES,CALIFORNIA,2024,MONTHLY,06,06,JUN,,2026-04-24 15:00:00.000,"139,509,000",
SURVEY,ANIMALS & PRODUCTS,DAIRY,CHEESE,ITALIAN,ALL PRODUCTION PRACTICES,ALL UTILIZATION PRACTICES,PRODUCTION,LB,"CHEESE, ITALIAN - PRODUCTION, MEASURED IN LB",TOTAL,NOT SPECIFIED,STATE,06,06,CA,CALIFORNIA,,,,,,,,00000000,,,9000,UNITED STATES,CALIFORNIA,2024,MONTHLY,07,07,JUL,,2026-04-24 15:00:00.000,"140,159,000",
SURVEY,ANIMALS & PRODUCTS,DAIRY,CHEESE,ITALIAN,ALL PRODUCTION PRACTICES,ALL UTILIZATION PRACTICES,PRODUCTION,LB,"CHEESE, ITALIAN - PRODUCTION, MEASURED IN LB",TOTAL,NOT SPECIFIED,STATE,06,06,CA,CALIFORNIA,,,,,,,,00000000,,,9000,UNITED STATES,CALIFORNIA,2024,MONTHLY,08,08,AUG,,2026-04-24 15:00:00.000,"144,115,000",
SURVEY,ANIMALS & PRODUCTS,DAIRY,CHEESE,ITALIAN,ALL PRODUCTION PRACTICES,ALL UTILIZATION PRACTICES,PRODUCTION,LB,"CHEESE, ITALIAN - PRODUCTION, MEASURED IN LB",TOTAL,NOT SPECIFIED,STATE,06,06,CA,CALIFORNIA,,,,,,,,00000000,,,9000,UNITED STATES,CALIFORNIA,2024,MONTHLY,09,09,SEP,,2026-04-24 15:00:00.000,"135,487,000",
SURVEY,ANIMALS & PRODUCTS,DAIRY,CHEESE,ITALIAN,ALL PRODUCTION PRACTICES,ALL UTILIZATION PRACTICES,PRODUCTION,LB,"CHEESE, ITALIAN - PRODUCTION, MEASURED IN LB",TOTAL,NOT SPECIFIED,STATE,06,06,CA,CALIFORNIA,,,,,,,,00000000,,,9000,UNITED STATES,CALIFORNIA,2024,MONTHLY,10,10,OCT,,2026-04-24 15:00:00.000,"136,342,000",
SURVEY,ANIMALS & PRODUCTS,DAIRY,CHEESE,ITALIAN,ALL PRODUCTION PRACTICES,ALL UTILIZATION PRACTICES,PRODUCTION,LB,"CHEESE, ITALIAN - PRODUCTION, MEASURED IN LB",TOTAL,NOT SPECIFIED,STATE,06,06,CA,CALIFORNIA,,,,,,,,00000000,,,9000,UNITED STATES,CALIFORNIA,2024,MONTHLY,11,11,NOV,,2026-04-24 15:00:00.000,"138,327,000",
SURVEY,ANIMALS & PRODUCTS,DAIRY,CHEESE,ITALIAN,ALL PRODUCTION PRACTICES,ALL UTILIZATION PRACTICES,PRODUCTION,LB,"CHEESE, ITALIAN - PRODUCTION, MEASURED IN LB",TOTAL,NOT SPECIFIED,STATE,06,06,CA,CALIFORNIA,,,,,,,,00000000,,,9000,UNITED STATES,CALIFORNIA,2024,MONTHLY,12,12,DEC,,2026-04-24 15:00:00.000,"142,601,000",
SURVEY,ANIMALS & PRODUCTS,DAIRY,CHEESE,ITALIAN,ALL PRODUCTION PRACTICES,ALL UTILIZATION PRACTICES,PRODUCTION,LB,"CHEESE, ITALIAN - PRODUCTION, MEASURED IN LB",TOTAL,NOT SPECIFIED,STATE,27,27,MN,MINNESOTA,,,,,,,,00000000,,,9000,UNITED STATES,MINNESOTA,2024,MONTHLY,01,01,JAN,,2026-04-24 15:00:00.000,"11,292,000",
SURVEY,ANIMALS & PRODUCTS,DAIRY,CHEESE,ITALIAN,ALL PRODUCTION PRACTICES,ALL UTILIZATION PRACTICES,PRODUCTION,LB,"CHEESE, ITALIAN - PRODUCTION, MEASURED IN LB",TOTAL,NOT SPECIFIED,STATE,27,27,MN,MINNESOTA,,,,,,,,00000000,,,9000,UNITED STATES,MINNESOTA,2024,MONTHLY,02,02,FEB,,2026-04-24 15:00:00.000,"10,310,000",
SURVEY,ANIMALS & PRODUCTS,DAIRY,CHEESE,ITALIAN,ALL PRODUCTION PRACTICES,ALL UTILIZATION PRACTICES,PRODUCTION,LB,"CHEESE, ITALIAN - PRODUCTION, MEASURED IN LB",TOTAL,NOT SPECIFIED,STATE,27,27,MN,MINNESOTA,,,,,,,,00000000,,,9000,UNITED STATES,MINNESOTA,2024,MONTHLY,03,03,MAR,,2026-04-24 15:00:00.000,"11,433,000",
SURVEY,ANIMALS & PRODUCTS,DAIRY,CHEESE,ITALIAN,ALL PRODUCTION PRACTICES,ALL UTILIZATION PRACTICES,PRODUCTION,LB,"CHEESE, ITALIAN - PRODUCTION, MEASURED IN LB",TOTAL,NOT SPECIFIED,STATE,27,27,MN,MINNESOTA,,,,,,,,00000000,,,9000,UNITED STATES,MINNESOTA,2024,MONTHLY,04,04,APR,,2026-04-24 15:00:00.000,"9,956,000",
SURVEY,ANIMALS & PRODUCTS,DAIRY,CHEESE,ITALIAN,ALL PRODUCTION PRACTICES,ALL UTILIZATION PRACTICES,PRODUCTION,LB,"CHEESE, ITALIAN - PRODUCTION, MEASURED IN LB",TOTAL,NOT SPECIFIED,STATE,27,27,MN,MINNESOTA,,,,,,,,00000000,,,9000,UNITED STATES,MINNESOTA,2024,MONTHLY,05,05,MAY,,2026-04-24 15:00:00.000,"9,385,000",
SURVEY,ANIMALS & PRODUCTS,DAIRY,CHEESE,ITALIAN,ALL PRODUCTION PRACTICES,ALL UTILIZATION PRACTICES,PRODUCTION,LB,"CHEESE, ITALIAN - PRODUCTION, MEASURED IN LB",TOTAL,NOT SPECIFIED,STATE,27,27,MN,MINNESOTA,,,,,,,,00000000,,,9000,UNITED STATES,MINNESOTA,2024,MONTHLY,06,06,JUN,,2026-04-24 15:00:00.000,"7,034,000",
SURVEY,ANIMALS & PRODUCTS,DAIRY,CHEESE,ITALIAN,ALL PRODUCTION PRACTICES,ALL UTILIZATION PRACTICES,PRODUCTION,LB,"CHEESE, ITALIAN - PRODUCTION, MEASURED IN LB",TOTAL,NOT SPECIFIED,STATE,27,27,MN,MINNESOTA,,,,,,,,00000000,,,9000,UNITED STATES,MINNESOTA,2024,MONTHLY,07,07,JUL,,2026-04-24 15:00:00.000,"5,674,000",
SURVEY,ANIMALS & PRODUCTS,DAIRY,CHEESE,ITALIAN,ALL PRODUCTION PRACTICES,ALL UTILIZATION PRACTICES,PRODUCTION,LB,"CHEESE, ITALIAN - PRODUCTION, MEASURED IN LB",TOTAL,NOT SPECIFIED,STATE,27,27,MN,MINNESOTA,,,,,,,,00000000,,,9000,UNITED STATES,MINNESOTA,2024,MONTHLY,08,08,AUG,,2026-04-24 15:00:00.000,"7,202,000",
SURVEY,ANIMALS & PRODUCTS,DAIRY,CHEESE,ITALIAN,ALL PRODUCTION PRACTICES,ALL UTILIZATION PRACTICES,PRODUCTION,LB,"CHEESE, ITALIAN - PRODUCTION, MEASURED IN LB",TOTAL,NOT SPECIFIED,STATE,27,27,MN,MINNESOTA,,,,,,,,00000000,,,9000,UNITED STATES,MINNESOTA,2024,MONTHLY,09,09,SEP,,2026-04-24 15:00:00.000,"7,099,000",
SURVEY,ANIMALS & PRODUCTS,DAIRY,CHEESE,ITALIAN,ALL PRODUCTION PRACTICES,ALL UTILIZATION PRACTICES,PRODUCTION,LB,"CHEESE, ITALIAN - PRODUCTION, MEASURED IN LB",TOTAL,NOT SPECIFIED,STATE,27,27,MN,MINNESOTA,,,,,,,,00000000,,,9000,UNITED STATES,MINNESOTA,2024,MONTHLY,10,10,OCT,,2026-04-24 15:00:00.000,"7,195,000",
SURVEY,ANIMALS & PRODUCTS,DAIRY,CHEESE,ITALIAN,ALL PRODUCTION PRACTICES,ALL UTILIZATION PRACTICES,PRODUCTION,LB,"CHEESE, ITALIAN - PRODUCTION, MEASURED IN LB",TOTAL,NOT SPECIFIED,STATE,27,27,MN,MINNESOTA,,,,,,,,00000000,,,9000,UNITED STATES,MINNESOTA,2024,MONTHLY,11,11,NOV,,2026-04-24 15:00:00.000,"8,446,000",
SURVEY,ANIMALS & PRODUCTS,DAIRY,CHEESE,ITALIAN,ALL PRODUCTION PRACTICES,ALL UTILIZATION PRACTICES,PRODUCTION,LB,"CHEESE, ITALIAN - PRODUCTION, MEASURED IN LB",TOTAL,NOT SPECIFIED,STATE,27,27,MN,MINNESOTA,,,,,,,,00000000,,,9000,UNITED STATES,MINNESOTA,2024,MONTHLY,12,12,DEC,,2026-04-24 15:00:00.000,"9,716,000",
SURVEY,ANIMALS & PRODUCTS,DAIRY,CHEESE,ITALIAN,ALL PRODUCTION PRACTICES,ALL UTILIZATION PRACTICES,PRODUCTION,LB,"CHEESE, ITALIAN - PRODUCTION, MEASURED IN LB",TOTAL,NOT SPECIFIED,STATE,36,36,NY,NEW YORK,,,,,,,,00000000,,,9000,UNITED STATES,NEW YORK,2024,MONTHLY,01,01,JAN,,2026-04-24 15:00:00.000,"31,195,000",
SURVEY,ANIMALS & PRODUCTS,DAIRY,CHEESE,ITALIAN,ALL PRODUCTION PRACTICES,ALL UTILIZATION PRACTICES,PRODUCTION,LB,"CHEESE, ITALIAN - PRODUCTION, MEASURED IN LB",TOTAL,NOT SPECIFIED,STATE,36,36,NY,NEW YORK,,,,,,,,00000000,,,9000,UNITED STATES,NEW YORK,2024,MONTHLY,02,02,FEB,,2026-04-24 15:00:00.000,"28,861,000",
SURVEY,ANIMALS & PRODUCTS,DAIRY,CHEESE,ITALIAN,ALL PRODUCTION PRACTICES,ALL UTILIZATION PRACTICES,PRODUCTION,LB,"CHEESE, ITALIAN - PRODUCTION, MEASURED IN LB",TOTAL,NOT SPECIFIED,STATE,36,36,NY,NEW YORK,,,,,,,,00000000,,,9000,UNITED STATES,NEW YORK,2024,MONTHLY,03,03,MAR,,2026-04-24 15:00:00.000,"30,952,000",
SURVEY,ANIMALS & PRODUCTS,DAIRY,CHEESE,ITALIAN,ALL PRODUCTION PRACTICES,ALL UTILIZATION PRACTICES,PRODUCTION,LB,"CHEESE, ITALIAN - PRODUCTION, MEASURED IN LB",TOTAL,NOT SPECIFIED,STATE,36,36,NY,NEW YORK,,,,,,,,00000000,,,9000,UNITED STATES,NEW YORK,2024,MONTHLY,04,04,APR,,2026-04-24 15:00:00.000,"27,954,000",
SURVEY,ANIMALS & PRODUCTS,DAIRY,CHEESE,ITALIAN,ALL PRODUCTION PRACTICES,ALL UTILIZATION PRACTICES,PRODUCTION,LB,"CHEESE, ITALIAN - PRODUCTION, MEASURED IN LB",TOTAL,NOT SPECIFIED,STATE,36,36,NY,NEW YORK,,,,,,,,00000000,,,9000,UNITED STATES,NEW YORK,2024,MONTHLY,05,05,MAY,,2026-04-24 15:00:00.000,"26,899,000",
SURVEY,ANIMALS & PRODUCTS,DAIRY,CHEESE,ITALIAN,ALL PRODUCTION PRACTICES,ALL UTILIZATION PRACTICES,PRODUCTION,LB,"CHEESE, ITALIAN - PRODUCTION, MEASURED IN LB",TOTAL,NOT SPECIFIED,STATE,36,36,NY,NEW YORK,,,,,,,,00000000,,,9000,UNITED STATES,NEW YORK,2024,MONTHLY,06,06,JUN,,2026-04-24 15:00:00.000,"27,585,000",
SURVEY,ANIMALS & PRODUCTS,DAIRY,CHEESE,ITALIAN,ALL PRODUCTION PRACTICES,ALL UTILIZATION PRACTICES,PRODUCTION,LB,"CHEESE, ITALIAN - PRODUCTION, MEASURED IN LB",TOTAL,NOT SPECIFIED,STATE,36,36,NY,NEW YORK,,,,,,,,00000000,,,9000,UNITED STATES,NEW YORK,2024,MONTHLY,07,07,JUL,,2026-04-24 15:00:00.000,"27,616,000",
SURVEY,ANIMALS & PRODUCTS,DAIRY,CHEESE,ITALIAN,ALL PRODUCTION PRACTICES,ALL UTILIZATION PRACTICES,PRODUCTION,LB,"CHEESE, ITALIAN - PRODUCTION, MEASURED IN LB",TOTAL,NOT SPECIFIED,STATE,36,36,NY,NEW YORK,,,,,,,,00000000,,,9000,UNITED STATES,NEW YORK,2024,MONTHLY,08,08,AUG,,2026-04-24 15:00:00.000,"30,428,000",
SURVEY,ANIMALS & PRODUCTS,DAIRY,CHEESE,ITALIAN,ALL PRODUCTION PRACTICES,ALL UTILIZATION PRACTICES,PRODUCTION,LB,"CHEESE, ITALIAN - PRODUCTION, MEASURED IN LB",TOTAL,NOT SPECIFIED,STATE,36,36,NY,NEW YORK,,,,,,,,00000000,,,9000,UNITED STATES,NEW YORK,2024,MONTHLY,09,09,SEP,,2026-04-24 15:00:00.000,"28,072,000",
SURVEY,ANIMALS & PRODUCTS,DAIRY,CHEESE,ITALIAN,ALL PRODUCTION PRACTICES,ALL UTILIZATION PRACTICES,PRODUCTION,LB,"CHEESE, ITALIAN - PRODUCTION, MEASURED IN LB",TOTAL,NOT SPECIFIED,STATE,36,36,NY,NEW YORK,,,,,,,,00000000,,,9000,UNITED STATES,NEW YORK,2024,MONTHLY,10,10,OCT,,2026-04-24 15:00:00.000,"30,503,000",
SURVEY,ANIMALS & PRODUCTS,DAIRY,CHEESE,ITALIAN,ALL PRODUCTION PRACTICES,ALL UTILIZATION PRACTICES,PRODUCTION,LB,"CHEESE, ITALIAN - PRODUCTION, MEASURED IN LB",TOTAL,NOT SPECIFIED,STATE,36,36,NY,NEW YORK,,,,,,,,00000000,,,9000,UNITED STATES,NEW YORK,2024,MONTHLY,11,11,NOV,,2026-04-24 15:00:00.000,"28,505,000",
SURVEY,ANIMALS & PRODUCTS,DAIRY,CHEESE,ITALIAN,ALL PRODUCTION PRACTICES,ALL UTILIZATION PRACTICES,PRODUCTION,LB,"CHEESE, ITALIAN - PRODUCTION, MEASURED IN LB",TOTAL,NOT SPECIFIED,STATE,36,36,NY,NEW YORK,,,,,,,,00000000,,,9000,UNITED STATES,NEW YORK,2024,MONTHLY,12,12,DEC,,2026-04-24 15:00:00.000,"25,491,000",
SURVEY,ANIMALS & PRODUCTS,DAIRY,CHEESE,ITALIAN,ALL PRODUCTION PRACTICES,ALL UTILIZATION PRACTICES,PRODUCTION,LB,"CHEESE, ITALIAN - PRODUCTION, MEASURED IN LB",TOTAL,NOT SPECIFIED,STATE,42,42,PA,PENNSYLVANIA,,,,,,,,00000000,,,9000,UNITED STATES,PENNSYLVANIA,2024,MONTHLY,01,01,JAN,,2026-04-24 15:00:00.000,"23,809,000",
SURVEY,ANIMALS & PRODUCTS,DAIRY,CHEESE,ITALIAN,ALL PRODUCTION PRACTICES,ALL UTILIZATION PRACTICES,PRODUCTION,LB,"CHEESE, ITALIAN - PRODUCTION, MEASURED IN LB",TOTAL,NOT SPECIFIED,STATE,42,42,PA,PENNSYLVANIA,,,,,,,,00000000,,,9000,UNITED STATES,PENNSYLVANIA,2024,MONTHLY,02,02,FEB,,2026-04-24 15:00:00.000,"20,735,000",
SURVEY,ANIMALS & PRODUCTS,DAIRY,CHEESE,ITALIAN,ALL PRODUCTION PRACTICES,ALL UTILIZATION PRACTICES,PRODUCTION,LB,"CHEESE, ITALIAN - PRODUCTION, MEASURED IN LB",TOTAL,NOT SPECIFIED,STATE,42,42,PA,PENNSYLVANIA,,,,,,,,00000000,,,9000,UNITED STATES,PENNSYLVANIA,2024,MONTHLY,03,03,MAR,,2026-04-24 15:00:00.000,"22,489,000",
SURVEY,ANIMALS & PRODUCTS,DAIRY,CHEESE,ITALIAN,ALL PRODUCTION PRACTICES,ALL UTILIZATION PRACTICES,PRODUCTION,LB,"CHEESE, ITALIAN - PRODUCTION, MEASURED IN LB",TOTAL,NOT SPECIFIED,STATE,42,42,PA,PENNSYLVANIA,,,,,,,,00000000,,,9000,UNITED STATES,PENNSYLVANIA,2024,MONTHLY,04,04,APR,,2026-04-24 15:00:00.000,"23,729,000",
SURVEY,ANIMALS & PRODUCTS,DAIRY,CHEESE,ITALIAN,ALL PRODUCTION PRACTICES,ALL UTILIZATION PRACTICES,PRODUCTION,LB,"CHEESE, ITALIAN - PRODUCTION, MEASURED IN LB",TOTAL,NOT SPECIFIED,STATE,42,42,PA,PENNSYLVANIA,,,,,,,,00000000,,,9000,UNITED STATES,PENNSYLVANIA,2024,MONTHLY,05,05,MAY,,2026-04-24 15:00:00.000,"23,220,000",
SURVEY,ANIMALS & PRODUCTS,DAIRY,CHEESE,ITALIAN,ALL PRODUCTION PRACTICES,ALL UTILIZATION PRACTICES,PRODUCTION,LB,"CHEESE, ITALIAN - PRODUCTION, MEASURED IN LB",TOTAL,NOT SPECIFIED,STATE,42,42,PA,PENNSYLVANIA,,,,,,,,00000000,,,9000,UNITED STATES,PENNSYLVANIA,2024,MONTHLY,06,06,JUN,,2026-04-24 15:00:00.000,"20,933,000",
SURVEY,ANIMALS & PRODUCTS,DAIRY,CHEESE,ITALIAN,ALL PRODUCTION PRACTICES,ALL UTILIZATION PRACTICES,PRODUCTION,LB,"CHEESE, ITALIAN - PRODUCTION, MEASURED IN LB",TOTAL,NOT SPECIFIED,STATE,42,42,PA,PENNSYLVANIA,,,,,,,,00000000,,,9000,UNITED STATES,PENNSYLVANIA,2024,MONTHLY,07,07,JUL,,2026-04-24 15:00:00.000,"20,333,000",
SURVEY,ANIMALS & PRODUCTS,DAIRY,CHEESE,ITALIAN,ALL PRODUCTION PRACTICES,ALL UTILIZATION PRACTICES,PRODUCTION,LB,"CHEESE, ITALIAN - PRODUCTION, MEASURED IN LB",TOTAL,NOT SPECIFIED,STATE,42,42,PA,PENNSYLVANIA,,,,,,,,00000000,,,9000,UNITED STATES,PENNSYLVANIA,2024,MONTHLY,08,08,AUG,,2026-04-24 15:00:00.000,"22,867,000",
SURVEY,ANIMALS & PRODUCTS,DAIRY,CHEESE,ITALIAN,ALL PRODUCTION PRACTICES,ALL UTILIZATION PRACTICES,PRODUCTION,LB,"CHEESE, ITALIAN - PRODUCTION, MEASURED IN LB",TOTAL,NOT SPECIFIED,STATE,42,42,PA,PENNSYLVANIA,,,,,,,,00000000,,,9000,UNITED STATES,PENNSYLVANIA,2024,MONTHLY,09,09,SEP,,2026-04-24 15:00:00.000,"22,313,000",
SURVEY,ANIMALS & PRODUCTS,DAIRY,CHEESE,ITALIAN,ALL PRODUCTION PRACTICES,ALL UTILIZATION PRACTICES,PRODUCTION,LB,"CHEESE, ITALIAN - PRODUCTION, MEASURED IN LB",TOTAL,NOT SPECIFIED,STATE,42,42,PA,PENNSYLVANIA,,,,,,,,00000000,,,9000,UNITED STATES,PENNSYLVANIA,2024,MONTHLY,10,10,OCT,,2026-04-24 15:00:00.000,"22,527,000",
SURVEY,ANIMALS & PRODUCTS,DAIRY,CHEESE,ITALIAN,ALL PRODUCTION PRACTICES,ALL UTILIZATION PRACTICES,PRODUCTION,LB,"CHEESE, ITALIAN - PRODUCTION, MEASURED IN LB",TOTAL,NOT SPECIFIED,STATE,42,42,PA,PENNSYLVANIA,,,,,,,,00000000,,,9000,UNITED STATES,PENNSYLVANIA,2024,MONTHLY,11,11,NOV,,2026-04-24 15:00:00.000,"22,636,000",
SURVEY,ANIMALS & PRODUCTS,DAIRY,CHEESE,ITALIAN,ALL PRODUCTION PRACTICES,ALL UTILIZATION PRACTICES,PRODUCTION,LB,"CHEESE, ITALIAN - PRODUCTION, MEASURED IN LB",TOTAL,NOT SPECIFIED,STATE,42,42,PA,PENNSYLVANIA,,,,,,,,00000000,,,9000,UNITED STATES,PENNSYLVANIA,2024,MONTHLY,12,12,DEC,,2026-04-24 15:00:00.000,"23,725,000",
SURVEY,ANIMALS & PRODUCTS,DAIRY,CHEESE,ITALIAN,ALL PRODUCTION PRACTICES,ALL UTILIZATION PRACTICES,PRODUCTION,LB,"CHEESE, ITALIAN - PRODUCTION, MEASURED IN LB",TOTAL,NOT SPECIFIED,STATE,55,55,WI,WISCONSIN,,,,,,,,00000000,,,9000,UNITED STATES,WISCONSIN,2024,MONTHLY,01,01,JAN,,2026-04-24 15:00:00.000,"145,540,000",
SURVEY,ANIMALS & PRODUCTS,DAIRY,CHEESE,ITALIAN,ALL PRODUCTION PRACTICES,ALL UTILIZATION PRACTICES,PRODUCTION,LB,"CHEESE, ITALIAN - PRODUCTION, MEASURED IN LB",TOTAL,NOT SPECIFIED,STATE,55,55,WI,WISCONSIN,,,,,,,,00000000,,,9000,UNITED STATES,WISCONSIN,2024,MONTHLY,02,02,FEB,,2026-04-24 15:00:00.000,"133,562,000",
SURVEY,ANIMALS & PRODUCTS,DAIRY,CHEESE,ITALIAN,ALL PRODUCTION PRACTICES,ALL UTILIZATION PRACTICES,PRODUCTION,LB,"CHEESE, ITALIAN - PRODUCTION, MEASURED IN LB",TOTAL,NOT SPECIFIED,STATE,55,55,WI,WISCONSIN,,,,,,,,00000000,,,9000,UNITED STATES,WISCONSIN,2024,MONTHLY,03,03,MAR,,2026-04-24 15:00:00.000,"143,871,000",
SURVEY,ANIMALS & PRODUCTS,DAIRY,CHEESE,ITALIAN,ALL PRODUCTION PRACTICES,ALL UTILIZATION PRACTICES,PRODUCTION,LB,"CHEESE, ITALIAN - PRODUCTION, MEASURED IN LB",TOTAL,NOT SPECIFIED,STATE,55,55,WI,WISCONSIN,,,,,,,,00000000,,,9000,UNITED STATES,WISCONSIN,2024,MONTHLY,04,04,APR,,2026-04-24 15:00:00.000,"141,948,000",
SURVEY,ANIMALS & PRODUCTS,DAIRY,CHEESE,ITALIAN,ALL PRODUCTION PRACTICES,ALL UTILIZATION PRACTICES,PRODUCTION,LB,"CHEESE, ITALIAN - PRODUCTION, MEASURED IN LB",TOTAL,NOT SPECIFIED,STATE,55,55,WI,WISCONSIN,,,,,,,,00000000,,,9000,UNITED STATES,WISCONSIN,2024,MONTHLY,05,05,MAY,,2026-04-24 15:00:00.000,"146,342,000",
SURVEY,ANIMALS & PRODUCTS,DAIRY,CHEESE,ITALIAN,ALL PRODUCTION PRACTICES,ALL UTILIZATION PRACTICES,PRODUCTION,LB,"CHEESE, ITALIAN - PRODUCTION, MEASURED IN LB",TOTAL,NOT SPECIFIED,STATE,55,55,WI,WISCONSIN,,,,,,,,00000000,,,9000,UNITED STATES,WISCONSIN,2024,MONTHLY,06,06,JUN,,2026-04-24 15:00:00.000,"137,610,000",
SURVEY,ANIMALS & PRODUCTS,DAIRY,CHEESE,ITALIAN,ALL PRODUCTION PRACTICES,ALL UTILIZATION PRACTICES,PRODUCTION,LB,"CHEESE, ITALIAN - PRODUCTION, MEASURED IN LB",TOTAL,NOT SPECIFIED,STATE,55,55,WI,WISCONSIN,,,,,,,,00000000,,,9000,UNITED STATES,WISCONSIN,2024,MONTHLY,07,07,JUL,,2026-04-24 15:00:00.000,"143,937,000",
SURVEY,ANIMALS & PRODUCTS,DAIRY,CHEESE,ITALIAN,ALL PRODUCTION PRACTICES,ALL UTILIZATION PRACTICES,PRODUCTION,LB,"CHEESE, ITALIAN - PRODUCTION, MEASURED IN LB",TOTAL,NOT SPECIFIED,STATE,55,55,WI,WISCONSIN,,,,,,,,00000000,,,9000,UNITED STATES,WISCONSIN,2024,MONTHLY,08,08,AUG,,2026-04-24 15:00:00.000,"142,818,000",
SURVEY,ANIMALS & PRODUCTS,DAIRY,CHEESE,ITALIAN,ALL PRODUCTION PRACTICES,ALL UTILIZATION PRACTICES,PRODUCTION,LB,"CHEESE, ITALIAN - PRODUCTION, MEASURED IN LB",TOTAL,NOT SPECIFIED,STATE,55,55,WI,WISCONSIN,,,,,,,,00000000,,,9000,UNITED STATES,WISCONSIN,2024,MONTHLY,09,09,SEP,,2026-04-24 15:00:00.000,"132,033,000",
SURVEY,ANIMALS & PRODUCTS,DAIRY,CHEESE,ITALIAN,ALL PRODUCTION PRACTICES,ALL UTILIZATION PRACTICES,PRODUCTION,LB,"CHEESE, ITALIAN - PRODUCTION, MEASURED IN LB",TOTAL,NOT SPECIFIED,STATE,55,55,WI,WISCONSIN,,,,,,,,00000000,,,9000,UNITED STATES,WISCONSIN,2024,MONTHLY,10,10,OCT,,2026-04-24 15:00:00.000,"150,584,000",
SURVEY,ANIMALS & PRODUCTS,DAIRY,CHEESE,ITALIAN,ALL PRODUCTION PRACTICES,ALL UTILIZATION PRACTICES,PRODUCTION,LB,"CHEESE, ITALIAN - PRODUCTION, MEASURED IN LB",TOTAL,NOT SPECIFIED,STATE,55,55,WI,WISCONSIN,,,,,,,,00000000,,,9000,UNITED STATES,WISCONSIN,2024,MONTHLY,11,11,NOV,,2026-04-24 15:00:00.000,"142,818,000",
SURVEY,ANIMALS & PRODUCTS,DAIRY,CHEESE,ITALIAN,ALL PRODUCTION PRACTICES,ALL UTILIZATION PRACTICES,PRODUCTION,LB,"CHEESE, ITALIAN - PRODUCTION, MEASURED IN LB",TOTAL,NOT SPECIFIED,STATE,55,55,WI,WISCONSIN,,,,,,,,00000000,,,9000,UNITED STATES,WISCONSIN,2024,MONTHLY,12,12,DEC,,2026-04-24 15:00:00.000,"146,308,000",
SURVEY,ANIMALS & PRODUCTS,DAIRY,CHEESE,"ITALIAN, SOFT, MOZZARELLA",ALL PRODUCTION PRACTICES,ALL UTILIZATION PRACTICES,PRODUCTION,LB,"CHEESE, ITALIAN, SOFT, MOZZARELLA - PRODUCTION, MEASURED IN LB",TOTAL,NOT SPECIFIED,STATE,,98,OT,OTHER STATES,,,,,,,,00000000,,,9000,UNITED STATES,OTHER STATES,2024,MONTHLY,01,01,JAN,,2026-04-24 15:00:00.000,"144,977,000",
SURVEY,ANIMALS & PRODUCTS,DAIRY,CHEESE,"ITALIAN, SOFT, MOZZARELLA",ALL PRODUCTION PRACTICES,ALL UTILIZATION PRACTICES,PRODUCTION,LB,"CHEESE, ITALIAN, SOFT, MOZZARELLA - PRODUCTION, MEASURED IN LB",TOTAL,NOT SPECIFIED,STATE,,98,OT,OTHER STATES,,,,,,,,00000000,,,9000,UNITED STATES,OTHER STATES,2024,MONTHLY,02,02,FEB,,2026-04-24 15:00:00.000,"133,940,000",
SURVEY,ANIMALS & PRODUCTS,DAIRY,CHEESE,"ITALIAN, SOFT, MOZZARELLA",ALL PRODUCTION PRACTICES,ALL UTILIZATION PRACTICES,PRODUCTION,LB,"CHEESE, ITALIAN, SOFT, MOZZARELLA - PRODUCTION, MEASURED IN LB",TOTAL,NOT SPECIFIED,STATE,,98,OT,OTHER STATES,,,,,,,,00000000,,,9000,UNITED STATES,OTHER STATES,2024,MONTHLY,03,03,MAR,,2026-04-24 15:00:00.000,"150,617,000",
SURVEY,ANIMALS & PRODUCTS,DAIRY,CHEESE,"ITALIAN, SOFT, MOZZARELLA",ALL PRODUCTION PRACTICES,ALL UTILIZATION PRACTICES,PRODUCTION,LB,"CHEESE, ITALIAN, SOFT, MOZZARELLA - PRODUCTION, MEASURED IN LB",TOTAL,NOT SPECIFIED,STATE,,98,OT,OTHER STATES,,,,,,,,00000000,,,9000,UNITED STATES,OTHER STATES,2024,MONTHLY,04,04,APR,,2026-04-24 15:00:00.000,"149,036,000",
SURVEY,ANIMALS & PRODUCTS,DAIRY,CHEESE,"ITALIAN, SOFT, MOZZARELLA",ALL PRODUCTION PRACTICES,ALL UTILIZATION PRACTICES,PRODUCTION,LB,"CHEESE, ITALIAN, SOFT, MOZZARELLA - PRODUCTION, MEASURED IN LB",TOTAL,NOT SPECIFIED,STATE,,98,OT,OTHER STATES,,,,,,,,00000000,,,9000,UNITED STATES,OTHER STATES,2024,MONTHLY,05,05,MAY,,2026-04-24 15:00:00.000,"140,641,000",
SURVEY,ANIMALS & PRODUCTS,DAIRY,CHEESE,"ITALIAN, SOFT, MOZZARELLA",ALL PRODUCTION PRACTICES,ALL UTILIZATION PRACTICES,PRODUCTION,LB,"CHEESE, ITALIAN, SOFT, MOZZARELLA - PRODUCTION, MEASURED IN LB",TOTAL,NOT SPECIFIED,STATE,,98,OT,OTHER STATES,,,,,,,,00000000,,,9000,UNITED STATES,OTHER STATES,2024,MONTHLY,06,06,JUN,,2026-04-24 15:00:00.000,"140,149,000",
SURVEY,ANIMALS & PRODUCTS,DAIRY,CHEESE,"ITALIAN, SOFT, MOZZARELLA",ALL PRODUCTION PRACTICES,ALL UTILIZATION PRACTICES,PRODUCTION,LB,"CHEESE, ITALIAN, SOFT, MOZZARELLA - PRODUCTION, MEASURED IN LB",TOTAL,NOT SPECIFIED,STATE,,98,OT,OTHER STATES,,,,,,,,00000000,,,9000,UNITED STATES,OTHER STATES,2024,MONTHLY,07,07,JUL,,2026-04-24 15:00:00.000,"146,717,000",
SURVEY,ANIMALS & PRODUCTS,DAIRY,CHEESE,"ITALIAN, SOFT, MOZZARELLA",ALL PRODUCTION PRACTICES,ALL UTILIZATION PRACTICES,PRODUCTION,LB,"CHEESE, ITALIAN, SOFT, MOZZARELLA - PRODUCTION, MEASURED IN LB",TOTAL,NOT SPECIFIED,STATE,,98,OT,OTHER STATES,,,,,,,,00000000,,,9000,UNITED STATES,OTHER STATES,2024,MONTHLY,08,08,AUG,,2026-04-24 15:00:00.000,"140,999,000",
SURVEY,ANIMALS & PRODUCTS,DAIRY,CHEESE,"ITALIAN, SOFT, MOZZARELLA",ALL PRODUCTION PRACTICES,ALL UTILIZATION PRACTICES,PRODUCTION,LB,"CHEESE, ITALIAN, SOFT, MOZZARELLA - PRODUCTION, MEASURED IN LB",TOTAL,NOT SPECIFIED,STATE,,98,OT,OTHER STATES,,,,,,,,00000000,,,9000,UNITED STATES,OTHER STATES,2024,MONTHLY,09,09,SEP,,2026-04-24 15:00:00.000,"149,150,000",
SURVEY,ANIMALS & PRODUCTS,DAIRY,CHEESE,"ITALIAN, SOFT, MOZZARELLA",ALL PRODUCTION PRACTICES,ALL UTILIZATION PRACTICES,PRODUCTION,LB,"CHEESE, ITALIAN, SOFT, MOZZARELLA - PRODUCTION, MEASURED IN LB",TOTAL,NOT SPECIFIED,STATE,,98,OT,OTHER STATES,,,,,,,,00000000,,,9000,UNITED STATES,OTHER STATES,2024,MONTHLY,10,10,OCT,,2026-04-24 15:00:00.000,"150,013,000",
SURVEY,ANIMALS & PRODUCTS,DAIRY,CHEESE,"ITALIAN, SOFT, MOZZARELLA",ALL PRODUCTION PRACTICES,ALL UTILIZATION PRACTICES,PRODUCTION,LB,"CHEESE, ITALIAN, SOFT, MOZZARELLA - PRODUCTION, MEASURED IN LB",TOTAL,NOT SPECIFIED,STATE,,98,OT,OTHER STATES,,,,,,,,00000000,,,9000,UNITED STATES,OTHER STATES,2024,MONTHLY,11,11,NOV,,2026-04-24 15:00:00.000,"138,019,000",
SURVEY,ANIMALS & PRODUCTS,DAIRY,CHEESE,"ITALIAN, SOFT, MOZZARELLA",ALL PRODUCTION PRACTICES,ALL UTILIZATION PRACTICES,PRODUCTION,LB,"CHEESE, ITALIAN, SOFT, MOZZARELLA - PRODUCTION, MEASURED IN LB",TOTAL,NOT SPECIFIED,STATE,,98,OT,OTHER STATES,,,,,,,,00000000,,,9000,UNITED STATES,OTHER STATES,2024,MONTHLY,12,12,DEC,,2026-04-24 15:00:00.000,"159,375,000",
SURVEY,ANIMALS & PRODUCTS,DAIRY,CHEESE,"ITALIAN, SOFT, MOZZARELLA",ALL PRODUCTION PRACTICES,ALL UTILIZATION PRACTICES,PRODUCTION,LB,"CHEESE, ITALIAN, SOFT, MOZZARELLA - PRODUCTION, MEASURED IN LB",TOTAL,NOT SPECIFIED,STATE,06,06,CA,CALIFORNIA,,,,,,,,00000000,,,9000,UNITED STATES,CALIFORNIA,2024,MONTHLY,01,01,JAN,,2026-04-24 15:00:00.000,"128,031,000",
SURVEY,ANIMALS & PRODUCTS,DAIRY,CHEESE,"ITALIAN, SOFT, MOZZARELLA",ALL PRODUCTION PRACTICES,ALL UTILIZATION PRACTICES,PRODUCTION,LB,"CHEESE, ITALIAN, SOFT, MOZZARELLA - PRODUCTION, MEASURED IN LB",TOTAL,NOT SPECIFIED,STATE,06,06,CA,CALIFORNIA,,,,,,,,00000000,,,9000,UNITED STATES,CALIFORNIA,2024,MONTHLY,02,02,FEB,,2026-04-24 15:00:00.000,"128,580,000",
SURVEY,ANIMALS & PRODUCTS,DAIRY,CHEESE,"ITALIAN, SOFT, MOZZARELLA",ALL PRODUCTION PRACTICES,ALL UTILIZATION PRACTICES,PRODUCTION,LB,"CHEESE, ITALIAN, SOFT, MOZZARELLA - PRODUCTION, MEASURED IN LB",TOTAL,NOT SPECIFIED,STATE,06,06,CA,CALIFORNIA,,,,,,,,00000000,,,9000,UNITED STATES,CALIFORNIA,2024,MONTHLY,03,03,MAR,,2026-04-24 15:00:00.000,"134,110,000",
SURVEY,ANIMALS & PRODUCTS,DAIRY,CHEESE,"ITALIAN, SOFT, MOZZARELLA",ALL PRODUCTION PRACTICES,ALL UTILIZATION PRACTICES,PRODUCTION,LB,"CHEESE, ITALIAN, SOFT, MOZZARELLA - PRODUCTION, MEASURED IN LB",TOTAL,NOT SPECIFIED,STATE,06,06,CA,CALIFORNIA,,,,,,,,00000000,,,9000,UNITED STATES,CALIFORNIA,2024,MONTHLY,04,04,APR,,2026-04-24 15:00:00.000,"129,583,000",
SURVEY,ANIMALS & PRODUCTS,DAIRY,CHEESE,"ITALIAN, SOFT, MOZZARELLA",ALL PRODUCTION PRACTICES,ALL UTILIZATION PRACTICES,PRODUCTION,LB,"CHEESE, ITALIAN, SOFT, MOZZARELLA - PRODUCTION, MEASURED IN LB",TOTAL,NOT SPECIFIED,STATE,06,06,CA,CALIFORNIA,,,,,,,,00000000,,,9000,UNITED STATES,CALIFORNIA,2024,MONTHLY,05,05,MAY,,2026-04-24 15:00:00.000,"135,492,000",
SURVEY,ANIMALS & PRODUCTS,DAIRY,CHEESE,"ITALIAN, SOFT, MOZZARELLA",ALL PRODUCTION PRACTICES,ALL UTILIZATION PRACTICES,PRODUCTION,LB,"CHEESE, ITALIAN, SOFT, MOZZARELLA - PRODUCTION, MEASURED IN LB",TOTAL,NOT SPECIFIED,STATE,06,06,CA,CALIFORNIA,,,,,,,,00000000,,,9000,UNITED STATES,CALIFORNIA,2024,MONTHLY,06,06,JUN,,2026-04-24 15:00:00.000,"129,387,000",
SURVEY,ANIMALS & PRODUCTS,DAIRY,CHEESE,"ITALIAN, SOFT, MOZZARELLA",ALL PRODUCTION PRACTICES,ALL UTILIZATION PRACTICES,PRODUCTION,LB,"CHEESE, ITALIAN, SOFT, MOZZARELLA - PRODUCTION, MEASURED IN LB",TOTAL,NOT SPECIFIED,STATE,06,06,CA,CALIFORNIA,,,,,,,,00000000,,,9000,UNITED STATES,CALIFORNIA,2024,MONTHLY,07,07,JUL,,2026-04-24 15:00:00.000,"129,192,000",
SURVEY,ANIMALS & PRODUCTS,DAIRY,CHEESE,"ITALIAN, SOFT, MOZZARELLA",ALL PRODUCTION PRACTICES,ALL UTILIZATION PRACTICES,PRODUCTION,LB,"CHEESE, ITALIAN, SOFT, MOZZARELLA - PRODUCTION, MEASURED IN LB",TOTAL,NOT SPECIFIED,STATE,06,06,CA,CALIFORNIA,,,,,,,,00000000,,,9000,UNITED STATES,CALIFORNIA,2024,MONTHLY,08,08,AUG,,2026-04-24 15:00:00.000,"134,455,000",
SURVEY,ANIMALS & PRODUCTS,DAIRY,CHEESE,"ITALIAN, SOFT, MOZZARELLA",ALL PRODUCTION PRACTICES,ALL UTILIZATION PRACTICES,PRODUCTION,LB,"CHEESE, ITALIAN, SOFT, MOZZARELLA - PRODUCTION, MEASURED IN LB",TOTAL,NOT SPECIFIED,STATE,06,06,CA,CALIFORNIA,,,,,,,,00000000,,,9000,UNITED STATES,CALIFORNIA,2024,MONTHLY,09,09,SEP,,2026-04-24 15:00:00.000,"126,518,000",
SURVEY,ANIMALS & PRODUCTS,DAIRY,CHEESE,"ITALIAN, SOFT, MOZZARELLA",ALL PRODUCTION PRACTICES,ALL UTILIZATION PRACTICES,PRODUCTION,LB,"CHEESE, ITALIAN, SOFT, MOZZARELLA - PRODUCTION, MEASURED IN LB",TOTAL,NOT SPECIFIED,STATE,06,06,CA,CALIFORNIA,,,,,,,,00000000,,,9000,UNITED STATES,CALIFORNIA,2024,MONTHLY,10,10,OCT,,2026-04-24 15:00:00.000,"125,653,000",
SURVEY,ANIMALS & PRODUCTS,DAIRY,CHEESE,"ITALIAN, SOFT, MOZZARELLA",ALL PRODUCTION PRACTICES,ALL UTILIZATION PRACTICES,PRODUCTION,LB,"CHEESE, ITALIAN, SOFT, MOZZARELLA - PRODUCTION, MEASURED IN LB",TOTAL,NOT SPECIFIED,STATE,06,06,CA,CALIFORNIA,,,,,,,,00000000,,,9000,UNITED STATES,CALIFORNIA,2024,MONTHLY,11,11,NOV,,2026-04-24 15:00:00.000,"127,018,000",
SURVEY,ANIMALS & PRODUCTS,DAIRY,CHEESE,"ITALIAN, SOFT, MOZZARELLA",ALL PRODUCTION PRACTICES,ALL UTILIZATION PRACTICES,PRODUCTION,LB,"CHEESE, ITALIAN, SOFT, MOZZARELLA - PRODUCTION, MEASURED IN LB",TOTAL,NOT SPECIFIED,STATE,06,06,CA,CALIFORNIA,,,,,,,,00000000,,,9000,UNITED STATES,CALIFORNIA,2024,MONTHLY,12,12,DEC,,2026-04-24 15:00:00.000,"131,436,000",
SURVEY,ANIMALS & PRODUCTS,DAIRY,CHEESE,"ITALIAN, SOFT, MOZZARELLA",ALL PRODUCTION PRACTICES,ALL UTILIZATION PRACTICES,PRODUCTION,LB,"CHEESE, ITALIAN, SOFT, MOZZARELLA - PRODUCTION, MEASURED IN LB",TOTAL,NOT SPECIFIED,STATE,36,36,NY,NEW YORK,,,,,,,,00000000,,,9000,UNITED STATES,NEW YORK,2024,MONTHLY,01,01,JAN,,2026-04-24 15:00:00.000,"15,856,000",
SURVEY,ANIMALS & PRODUCTS,DAIRY,CHEESE,"ITALIAN, SOFT, MOZZARELLA",ALL PRODUCTION PRACTICES,ALL UTILIZATION PRACTICES,PRODUCTION,LB,"CHEESE, ITALIAN, SOFT, MOZZARELLA - PRODUCTION, MEASURED IN LB",TOTAL,NOT SPECIFIED,STATE,36,36,NY,NEW YORK,,,,,,,,00000000,,,9000,UNITED STATES,NEW YORK,2024,MONTHLY,02,02,FEB,,2026-04-24 15:00:00.000,"12,670,000",
SURVEY,ANIMALS & PRODUCTS,DAIRY,CHEESE,"ITALIAN, SOFT, MOZZARELLA",ALL PRODUCTION PRACTICES,ALL UTILIZATION PRACTICES,PRODUCTION,LB,"CHEESE, ITALIAN, SOFT, MOZZARELLA - PRODUCTION, MEASURED IN LB",TOTAL,NOT SPECIFIED,STATE,36,36,NY,NEW YORK,,,,,,,,00000000,,,9000,UNITED STATES,NEW YORK,2024,MONTHLY,03,03,MAR,,2026-04-24 15:00:00.000,"14,682,000",
SURVEY,ANIMALS & PRODUCTS,DAIRY,CHEESE,"ITALIAN, SOFT, MOZZARELLA",ALL PRODUCTION PRACTICES,ALL UTILIZATION PRACTICES,PRODUCTION,LB,"CHEESE, ITALIAN, SOFT, MOZZARELLA - PRODUCTION, MEASURED IN LB",TOTAL,NOT SPECIFIED,STATE,36,36,NY,NEW YORK,,,,,,,,00000000,,,9000,UNITED STATES,NEW YORK,2024,MONTHLY,04,04,APR,,2026-04-24 15:00:00.000,"13,255,000",
SURVEY,ANIMALS & PRODUCTS,DAIRY,CHEESE,"ITALIAN, SOFT, MOZZARELLA",ALL PRODUCTION PRACTICES,ALL UTILIZATION PRACTICES,PRODUCTION,LB,"CHEESE, ITALIAN, SOFT, MOZZARELLA - PRODUCTION, MEASURED IN LB",TOTAL,NOT SPECIFIED,STATE,36,36,NY,NEW YORK,,,,,,,,00000000,,,9000,UNITED STATES,NEW YORK,2024,MONTHLY,05,05,MAY,,2026-04-24 15:00:00.000,"14,075,000",
SURVEY,ANIMALS & PRODUCTS,DAIRY,CHEESE,"ITALIAN, SOFT, MOZZARELLA",ALL PRODUCTION PRACTICES,ALL UTILIZATION PRACTICES,PRODUCTION,LB,"CHEESE, ITALIAN, SOFT, MOZZARELLA - PRODUCTION, MEASURED IN LB",TOTAL,NOT SPECIFIED,STATE,36,36,NY,NEW YORK,,,,,,,,00000000,,,9000,UNITED STATES,NEW YORK,2024,MONTHLY,06,06,JUN,,2026-04-24 15:00:00.000,"14,228,000",
SURVEY,ANIMALS & PRODUCTS,DAIRY,CHEESE,"ITALIAN, SOFT, MOZZARELLA",ALL PRODUCTION PRACTICES,ALL UTILIZATION PRACTICES,PRODUCTION,LB,"CHEESE, ITALIAN, SOFT, MOZZARELLA - PRODUCTION, MEASURED IN LB",TOTAL,NOT SPECIFIED,STATE,36,36,NY,NEW YORK,,,,,,,,00000000,,,9000,UNITED STATES,NEW YORK,2024,MONTHLY,07,07,JUL,,2026-04-24 15:00:00.000,"14,174,000",
SURVEY,ANIMALS & PRODUCTS,DAIRY,CHEESE,"ITALIAN, SOFT, MOZZARELLA",ALL PRODUCTION PRACTICES,ALL UTILIZATION PRACTICES,PRODUCTION,LB,"CHEESE, ITALIAN, SOFT, MOZZARELLA - PRODUCTION, MEASURED IN LB",TOTAL,NOT SPECIFIED,STATE,36,36,NY,NEW YORK,,,,,,,,00000000,,,9000,UNITED STATES,NEW YORK,2024,MONTHLY,08,08,AUG,,2026-04-24 15:00:00.000,"14,903,000",
SURVEY,ANIMALS & PRODUCTS,DAIRY,CHEESE,"ITALIAN, SOFT, MOZZARELLA",ALL PRODUCTION PRACTICES,ALL UTILIZATION PRACTICES,PRODUCTION,LB,"CHEESE, ITALIAN, SOFT, MOZZARELLA - PRODUCTION, MEASURED IN LB",TOTAL,NOT SPECIFIED,STATE,36,36,NY,NEW YORK,,,,,,,,00000000,,,9000,UNITED STATES,NEW YORK,2024,MONTHLY,09,09,SEP,,2026-04-24 15:00:00.000,"13,635,000",
SURVEY,ANIMALS & PRODUCTS,DAIRY,CHEESE,"ITALIAN, SOFT, MOZZARELLA",ALL PRODUCTION PRACTICES,ALL UTILIZATION PRACTICES,PRODUCTION,LB,"CHEESE, ITALIAN, SOFT, MOZZARELLA - PRODUCTION, MEASURED IN LB",TOTAL,NOT SPECIFIED,STATE,36,36,NY,NEW YORK,,,,,,,,00000000,,,9000,UNITED STATES,NEW YORK,2024,MONTHLY,10,10,OCT,,2026-04-24 15:00:00.000,"14,291,000",
SURVEY,ANIMALS & PRODUCTS,DAIRY,CHEESE,"ITALIAN, SOFT, MOZZARELLA",ALL PRODUCTION PRACTICES,ALL UTILIZATION PRACTICES,PRODUCTION,LB,"CHEESE, ITALIAN, SOFT, MOZZARELLA - PRODUCTION, MEASURED IN LB",TOTAL,NOT SPECIFIED,STATE,36,36,NY,NEW YORK,,,,,,,,00000000,,,9000,UNITED STATES,NEW YORK,2024,MONTHLY,11,11,NOV,,2026-04-24 15:00:00.000,"12,801,000",
SURVEY,ANIMALS & PRODUCTS,DAIRY,CHEESE,"ITALIAN, SOFT, MOZZARELLA",ALL PRODUCTION PRACTICES,ALL UTILIZATION PRACTICES,PRODUCTION,LB,"CHEESE, ITALIAN, SOFT, MOZZARELLA - PRODUCTION, MEASURED IN LB",TOTAL,NOT SPECIFIED,STATE,36,36,NY,NEW YORK,,,,,,,,00000000,,,9000,UNITED STATES,NEW YORK,2024,MONTHLY,12,12,DEC,,2026-04-24 15:00:00.000,"10,592,000",
SURVEY,ANIMALS & PRODUCTS,DAIRY,CHEESE,"ITALIAN, SOFT, MOZZARELLA",ALL PRODUCTION PRACTICES,ALL UTILIZATION PRACTICES,PRODUCTION,LB,"CHEESE, ITALIAN, SOFT, MOZZARELLA - PRODUCTION, MEASURED IN LB",TOTAL,NOT SPECIFIED,STATE,42,42,PA,PENNSYLVANIA,,,,,,,,00000000,,,9000,UNITED STATES,PENNSYLVANIA,2024,MONTHLY,01,01,JAN,,2026-04-24 15:00:00.000,"19,873,000",
SURVEY,ANIMALS & PRODUCTS,DAIRY,CHEESE,"ITALIAN, SOFT, MOZZARELLA",ALL PRODUCTION PRACTICES,ALL UTILIZATION PRACTICES,PRODUCTION,LB,"CHEESE, ITALIAN, SOFT, MOZZARELLA - PRODUCTION, MEASURED IN LB",TOTAL,NOT SPECIFIED,STATE,42,42,PA,PENNSYLVANIA,,,,,,,,00000000,,,9000,UNITED STATES,PENNSYLVANIA,2024,MONTHLY,02,02,FEB,,2026-04-24 15:00:00.000,"16,636,000",
SURVEY,ANIMALS & PRODUCTS,DAIRY,CHEESE,"ITALIAN, SOFT, MOZZARELLA",ALL PRODUCTION PRACTICES,ALL UTILIZATION PRACTICES,PRODUCTION,LB,"CHEESE, ITALIAN, SOFT, MOZZARELLA - PRODUCTION, MEASURED IN LB",TOTAL,NOT SPECIFIED,STATE,42,42,PA,PENNSYLVANIA,,,,,,,,00000000,,,9000,UNITED STATES,PENNSYLVANIA,2024,MONTHLY,03,03,MAR,,2026-04-24 15:00:00.000,"18,195,000",
SURVEY,ANIMALS & PRODUCTS,DAIRY,CHEESE,"ITALIAN, SOFT, MOZZARELLA",ALL PRODUCTION PRACTICES,ALL UTILIZATION PRACTICES,PRODUCTION,LB,"CHEESE, ITALIAN, SOFT, MOZZARELLA - PRODUCTION, MEASURED IN LB",TOTAL,NOT SPECIFIED,STATE,42,42,PA,PENNSYLVANIA,,,,,,,,00000000,,,9000,UNITED STATES,PENNSYLVANIA,2024,MONTHLY,04,04,APR,,2026-04-24 15:00:00.000,"19,519,000",
SURVEY,ANIMALS & PRODUCTS,DAIRY,CHEESE,"ITALIAN, SOFT, MOZZARELLA",ALL PRODUCTION PRACTICES,ALL UTILIZATION PRACTICES,PRODUCTION,LB,"CHEESE, ITALIAN, SOFT, MOZZARELLA - PRODUCTION, MEASURED IN LB",TOTAL,NOT SPECIFIED,STATE,42,42,PA,PENNSYLVANIA,,,,,,,,00000000,,,9000,UNITED STATES,PENNSYLVANIA,2024,MONTHLY,05,05,MAY,,2026-04-24 15:00:00.000,"18,718,000",
SURVEY,ANIMALS & PRODUCTS,DAIRY,CHEESE,"ITALIAN, SOFT, MOZZARELLA",ALL PRODUCTION PRACTICES,ALL UTILIZATION PRACTICES,PRODUCTION,LB,"CHEESE, ITALIAN, SOFT, MOZZARELLA - PRODUCTION, MEASURED IN LB",TOTAL,NOT SPECIFIED,STATE,42,42,PA,PENNSYLVANIA,,,,,,,,00000000,,,9000,UNITED STATES,PENNSYLVANIA,2024,MONTHLY,06,06,JUN,,2026-04-24 15:00:00.000,"17,196,000",
SURVEY,ANIMALS & PRODUCTS,DAIRY,CHEESE,"ITALIAN, SOFT, MOZZARELLA",ALL PRODUCTION PRACTICES,ALL UTILIZATION PRACTICES,PRODUCTION,LB,"CHEESE, ITALIAN, SOFT, MOZZARELLA - PRODUCTION, MEASURED IN LB",TOTAL,NOT SPECIFIED,STATE,42,42,PA,PENNSYLVANIA,,,,,,,,00000000,,,9000,UNITED STATES,PENNSYLVANIA,2024,MONTHLY,07,07,JUL,,2026-04-24 15:00:00.000,"16,114,000",
SURVEY,ANIMALS & PRODUCTS,DAIRY,CHEESE,"ITALIAN, SOFT, MOZZARELLA",ALL PRODUCTION PRACTICES,ALL UTILIZATION PRACTICES,PRODUCTION,LB,"CHEESE, ITALIAN, SOFT, MOZZARELLA - PRODUCTION, MEASURED IN LB",TOTAL,NOT SPECIFIED,STATE,42,42,PA,PENNSYLVANIA,,,,,,,,00000000,,,9000,UNITED STATES,PENNSYLVANIA,2024,MONTHLY,08,08,AUG,,2026-04-24 15:00:00.000,"19,114,000",
SURVEY,ANIMALS & PRODUCTS,DAIRY,CHEESE,"ITALIAN, SOFT, MOZZARELLA",ALL PRODUCTION PRACTICES,ALL UTILIZATION PRACTICES,PRODUCTION,LB,"CHEESE, ITALIAN, SOFT, MOZZARELLA - PRODUCTION, MEASURED IN LB",TOTAL,NOT SPECIFIED,STATE,42,42,PA,PENNSYLVANIA,,,,,,,,00000000,,,9000,UNITED STATES,PENNSYLVANIA,2024,MONTHLY,09,09,SEP,,2026-04-24 15:00:00.000,"18,848,000",
SURVEY,ANIMALS & PRODUCTS,DAIRY,CHEESE,"ITALIAN, SOFT, MOZZARELLA",ALL PRODUCTION PRACTICES,ALL UTILIZATION PRACTICES,PRODUCTION,LB,"CHEESE, ITALIAN, SOFT, MOZZARELLA - PRODUCTION, MEASURED IN LB",TOTAL,NOT SPECIFIED,STATE,42,42,PA,PENNSYLVANIA,,,,,,,,00000000,,,9000,UNITED STATES,PENNSYLVANIA,2024,MONTHLY,10,10,OCT,,2026-04-24 15:00:00.000,"18,067,000",
SURVEY,ANIMALS & PRODUCTS,DAIRY,CHEESE,"ITALIAN, SOFT, MOZZARELLA",ALL PRODUCTION PRACTICES,ALL UTILIZATION PRACTICES,PRODUCTION,LB,"CHEESE, ITALIAN, SOFT, MOZZARELLA - PRODUCTION, MEASURED IN LB",TOTAL,NOT SPECIFIED,STATE,42,42,PA,PENNSYLVANIA,,,,,,,,00000000,,,9000,UNITED STATES,PENNSYLVANIA,2024,MONTHLY,11,11,NOV,,2026-04-24 15:00:00.000,"18,610,000",
SURVEY,ANIMALS & PRODUCTS,DAIRY,CHEESE,"ITALIAN, SOFT, MOZZARELLA",ALL PRODUCTION PRACTICES,ALL UTILIZATION PRACTICES,PRODUCTION,LB,"CHEESE, ITALIAN, SOFT, MOZZARELLA - PRODUCTION, MEASURED IN LB",TOTAL,NOT SPECIFIED,STATE,42,42,PA,PENNSYLVANIA,,,,,,,,00000000,,,9000,UNITED STATES,PENNSYLVANIA,2024,MONTHLY,12,12,DEC,,2026-04-24 15:00:00.000,"19,885,000",
SURVEY,ANIMALS & PRODUCTS,DAIRY,CHEESE,"ITALIAN, SOFT, MOZZARELLA",ALL PRODUCTION PRACTICES,ALL UTILIZATION PRACTICES,PRODUCTION,LB,"CHEESE, ITALIAN, SOFT, MOZZARELLA - PRODUCTION, MEASURED IN LB",TOTAL,NOT SPECIFIED,STATE,55,55,WI,WISCONSIN,,,,,,,,00000000,,,9000,UNITED STATES,WISCONSIN,2024,MONTHLY,01,01,JAN,,2026-04-24 15:00:00.000,"92,756,000",
SURVEY,ANIMALS & PRODUCTS,DAIRY,CHEESE,"ITALIAN, SOFT, MOZZARELLA",ALL PRODUCTION PRACTICES,ALL UTILIZATION PRACTICES,PRODUCTION,LB,"CHEESE, ITALIAN, SOFT, MOZZARELLA - PRODUCTION, MEASURED IN LB",TOTAL,NOT SPECIFIED,STATE,55,55,WI,WISCONSIN,,,,,,,,00000000,,,9000,UNITED STATES,WISCONSIN,2024,MONTHLY,02,02,FEB,,2026-04-24 15:00:00.000,"86,428,000",
SURVEY,ANIMALS & PRODUCTS,DAIRY,CHEESE,"ITALIAN, SOFT, MOZZARELLA",ALL PRODUCTION PRACTICES,ALL UTILIZATION PRACTICES,PRODUCTION,LB,"CHEESE, ITALIAN, SOFT, MOZZARELLA - PRODUCTION, MEASURED IN LB",TOTAL,NOT SPECIFIED,STATE,55,55,WI,WISCONSIN,,,,,,,,00000000,,,9000,UNITED STATES,WISCONSIN,2024,MONTHLY,03,03,MAR,,2026-04-24 15:00:00.000,"91,788,000",
SURVEY,ANIMALS & PRODUCTS,DAIRY,CHEESE,"ITALIAN, SOFT, MOZZARELLA",ALL PRODUCTION PRACTICES,ALL UTILIZATION PRACTICES,PRODUCTION,LB,"CHEESE, ITALIAN, SOFT, MOZZARELLA - PRODUCTION, MEASURED IN LB",TOTAL,NOT SPECIFIED,STATE,55,55,WI,WISCONSIN,,,,,,,,00000000,,,9000,UNITED STATES,WISCONSIN,2024,MONTHLY,04,04,APR,,2026-04-24 15:00:00.000,"90,996,000",
SURVEY,ANIMALS & PRODUCTS,DAIRY,CHEESE,"ITALIAN, SOFT, MOZZARELLA",ALL PRODUCTION PRACTICES,ALL UTILIZATION PRACTICES,PRODUCTION,LB,"CHEESE, ITALIAN, SOFT, MOZZARELLA - PRODUCTION, MEASURED IN LB",TOTAL,NOT SPECIFIED,STATE,55,55,WI,WISCONSIN,,,,,,,,00000000,,,9000,UNITED STATES,WISCONSIN,2024,MONTHLY,05,05,MAY,,2026-04-24 15:00:00.000,"96,055,000",
SURVEY,ANIMALS & PRODUCTS,DAIRY,CHEESE,"ITALIAN, SOFT, MOZZARELLA",ALL PRODUCTION PRACTICES,ALL UTILIZATION PRACTICES,PRODUCTION,LB,"CHEESE, ITALIAN, SOFT, MOZZARELLA - PRODUCTION, MEASURED IN LB",TOTAL,NOT SPECIFIED,STATE,55,55,WI,WISCONSIN,,,,,,,,00000000,,,9000,UNITED STATES,WISCONSIN,2024,MONTHLY,06,06,JUN,,2026-04-24 15:00:00.000,"89,921,000",
SURVEY,ANIMALS & PRODUCTS,DAIRY,CHEESE,"ITALIAN, SOFT, MOZZARELLA",ALL PRODUCTION PRACTICES,ALL UTILIZATION PRACTICES,PRODUCTION,LB,"CHEESE, ITALIAN, SOFT, MOZZARELLA - PRODUCTION, MEASURED IN LB",TOTAL,NOT SPECIFIED,STATE,55,55,WI,WISCONSIN,,,,,,,,00000000,,,9000,UNITED STATES,WISCONSIN,2024,MONTHLY,07,07,JUL,,2026-04-24 15:00:00.000,"93,571,000",
SURVEY,ANIMALS & PRODUCTS,DAIRY,CHEESE,"ITALIAN, SOFT, MOZZARELLA",ALL PRODUCTION PRACTICES,ALL UTILIZATION PRACTICES,PRODUCTION,LB,"CHEESE, ITALIAN, SOFT, MOZZARELLA - PRODUCTION, MEASURED IN LB",TOTAL,NOT SPECIFIED,STATE,55,55,WI,WISCONSIN,,,,,,,,00000000,,,9000,UNITED STATES,WISCONSIN,2024,MONTHLY,08,08,AUG,,2026-04-24 15:00:00.000,"91,839,000",
SURVEY,ANIMALS & PRODUCTS,DAIRY,CHEESE,"ITALIAN, SOFT, MOZZARELLA",ALL PRODUCTION PRACTICES,ALL UTILIZATION PRACTICES,PRODUCTION,LB,"CHEESE, ITALIAN, SOFT, MOZZARELLA - PRODUCTION, MEASURED IN LB",TOTAL,NOT SPECIFIED,STATE,55,55,WI,WISCONSIN,,,,,,,,00000000,,,9000,UNITED STATES,WISCONSIN,2024,MONTHLY,09,09,SEP,,2026-04-24 15:00:00.000,"83,445,000",
SURVEY,ANIMALS & PRODUCTS,DAIRY,CHEESE,"ITALIAN, SOFT, MOZZARELLA",ALL PRODUCTION PRACTICES,ALL UTILIZATION PRACTICES,PRODUCTION,LB,"CHEESE, ITALIAN, SOFT, MOZZARELLA - PRODUCTION, MEASURED IN LB",TOTAL,NOT SPECIFIED,STATE,55,55,WI,WISCONSIN,,,,,,,,00000000,,,9000,UNITED STATES,WISCONSIN,2024,MONTHLY,10,10,OCT,,2026-04-24 15:00:00.000,"97,169,000",
SURVEY,ANIMALS & PRODUCTS,DAIRY,CHEESE,"ITALIAN, SOFT, MOZZARELLA",ALL PRODUCTION PRACTICES,ALL UTILIZATION PRACTICES,PRODUCTION,LB,"CHEESE, ITALIAN, SOFT, MOZZARELLA - PRODUCTION, MEASURED IN LB",TOTAL,NOT SPECIFIED,STATE,55,55,WI,WISCONSIN,,,,,,,,00000000,,,9000,UNITED STATES,WISCONSIN,2024,MONTHLY,11,11,NOV,,2026-04-24 15:00:00.000,"90,823,000",
SURVEY,ANIMALS & PRODUCTS,DAIRY,CHEESE,"ITALIAN, SOFT, MOZZARELLA",ALL PRODUCTION PRACTICES,ALL UTILIZATION PRACTICES,PRODUCTION,LB,"CHEESE, ITALIAN, SOFT, MOZZARELLA - PRODUCTION, MEASURED IN LB",TOTAL,NOT SPECIFIED,STATE,55,55,WI,WISCONSIN,,,,,,,,00000000,,,9000,UNITED STATES,WISCONSIN,2024,MONTHLY,12,12,DEC,,2026-04-24 15:00:00.000,"94,722,000",
SURVEY,ANIMALS & PRODUCTS,DAIRY,CHEESE,MUENSTER,ALL PRODUCTION PRACTICES,ALL UTILIZATION PRACTICES,PRODUCTION,LB,"CHEESE, MUENSTER - PRODUCTION, MEASURED IN LB",TOTAL,NOT SPECIFIED,STATE,,98,OT,OTHER STATES,,,,,,,,00000000,,,9000,UNITED STATES,OTHER STATES,2024,MONTHLY,01,01,JAN,,2026-04-24 15:00:00.000,"7,365,000",
SURVEY,ANIMALS & PRODUCTS,DAIRY,CHEESE,MUENSTER,ALL PRODUCTION PRACTICES,ALL UTILIZATION PRACTICES,PRODUCTION,LB,"CHEESE, MUENSTER - PRODUCTION, MEASURED IN LB",TOTAL,NOT SPECIFIED,STATE,,98,OT,OTHER STATES,,,,,,,,00000000,,,9000,UNITED STATES,OTHER STATES,2024,MONTHLY,02,02,FEB,,2026-04-24 15:00:00.000,"6,814,000",
SURVEY,ANIMALS & PRODUCTS,DAIRY,CHEESE,MUENSTER,ALL PRODUCTION PRACTICES,ALL UTILIZATION PRACTICES,PRODUCTION,LB,"CHEESE, MUENSTER - PRODUCTION, MEASURED IN LB",TOTAL,NOT SPECIFIED,STATE,,98,OT,OTHER STATES,,,,,,,,00000000,,,9000,UNITED STATES,OTHER STATES,2024,MONTHLY,03,03,MAR,,2026-04-24 15:00:00.000,"6,206,000",
SURVEY,ANIMALS & PRODUCTS,DAIRY,CHEESE,MUENSTER,ALL PRODUCTION PRACTICES,ALL UTILIZATION PRACTICES,PRODUCTION,LB,"CHEESE, MUENSTER - PRODUCTION, MEASURED IN LB",TOTAL,NOT SPECIFIED,STATE,,98,OT,OTHER STATES,,,,,,,,00000000,,,9000,UNITED STATES,OTHER STATES,2024,MONTHLY,04,04,APR,,2026-04-24 15:00:00.000,"6,689,000",
SURVEY,ANIMALS & PRODUCTS,DAIRY,CHEESE,MUENSTER,ALL PRODUCTION PRACTICES,ALL UTILIZATION PRACTICES,PRODUCTION,LB,"CHEESE, MUENSTER - PRODUCTION, MEASURED IN LB",TOTAL,NOT SPECIFIED,STATE,,98,OT,OTHER STATES,,,,,,,,00000000,,,9000,UNITED STATES,OTHER STATES,2024,MONTHLY,05,05,MAY,,2026-04-24 15:00:00.000,"7,457,000",
SURVEY,ANIMALS & PRODUCTS,DAIRY,CHEESE,MUENSTER,ALL PRODUCTION PRACTICES,ALL UTILIZATION PRACTICES,PRODUCTION,LB,"CHEESE, MUENSTER - PRODUCTION, MEASURED IN LB",TOTAL,NOT SPECIFIED,STATE,,98,OT,OTHER STATES,,,,,,,,00000000,,,9000,UNITED STATES,OTHER STATES,2024,MONTHLY,06,06,JUN,,2026-04-24 15:00:00.000,"6,995,000",
SURVEY,ANIMALS & PRODUCTS,DAIRY,CHEESE,MUENSTER,ALL PRODUCTION PRACTICES,ALL UTILIZATION PRACTICES,PRODUCTION,LB,"CHEESE, MUENSTER - PRODUCTION, MEASURED IN LB",TOTAL,NOT SPECIFIED,STATE,,98,OT,OTHER STATES,,,,,,,,00000000,,,9000,UNITED STATES,OTHER STATES,2024,MONTHLY,07,07,JUL,,2026-04-24 15:00:00.000,"6,540,000",
SURVEY,ANIMALS & PRODUCTS,DAIRY,CHEESE,MUENSTER,ALL PRODUCTION PRACTICES,ALL UTILIZATION PRACTICES,PRODUCTION,LB,"CHEESE, MUENSTER - PRODUCTION, MEASURED IN LB",TOTAL,NOT SPECIFIED,STATE,,98,OT,OTHER STATES,,,,,,,,00000000,,,9000,UNITED STATES,OTHER STATES,2024,MONTHLY,08,08,AUG,,2026-04-24 15:00:00.000,"5,611,000",
SURVEY,ANIMALS & PRODUCTS,DAIRY,CHEESE,MUENSTER,ALL PRODUCTION PRACTICES,ALL UTILIZATION PRACTICES,PRODUCTION,LB,"CHEESE, MUENSTER - PRODUCTION, MEASURED IN LB",TOTAL,NOT SPECIFIED,STATE,,98,OT,OTHER STATES,,,,,,,,00000000,,,9000,UNITED STATES,OTHER STATES,2024,MONTHLY,09,09,SEP,,2026-04-24 15:00:00.000,"5,931,000",
SURVEY,ANIMALS & PRODUCTS,DAIRY,CHEESE,MUENSTER,ALL PRODUCTION PRACTICES,ALL UTILIZATION PRACTICES,PRODUCTION,LB,"CHEESE, MUENSTER - PRODUCTION, MEASURED IN LB",TOTAL,NOT SPECIFIED,STATE,,98,OT,OTHER STATES,,,,,,,,00000000,,,9000,UNITED STATES,OTHER STATES,2024,MONTHLY,10,10,OCT,,2026-04-24 15:00:00.000,"8,021,000",
SURVEY,ANIMALS & PRODUCTS,DAIRY,CHEESE,MUENSTER,ALL PRODUCTION PRACTICES,ALL UTILIZATION PRACTICES,PRODUCTION,LB,"CHEESE, MUENSTER - PRODUCTION, MEASURED IN LB",TOTAL,NOT SPECIFIED,STATE,,98,OT,OTHER STATES,,,,,,,,00000000,,,9000,UNITED STATES,OTHER STATES,2024,MONTHLY,11,11,NOV,,2026-04-24 15:00:00.000,"6,646,000",
SURVEY,ANIMALS & PRODUCTS,DAIRY,CHEESE,MUENSTER,ALL PRODUCTION PRACTICES,ALL UTILIZATION PRACTICES,PRODUCTION,LB,"CHEESE, MUENSTER - PRODUCTION, MEASURED IN LB",TOTAL,NOT SPECIFIED,STATE,,98,OT,OTHER STATES,,,,,,,,00000000,,,9000,UNITED STATES,OTHER STATES,2024,MONTHLY,12,12,DEC,,2026-04-24 15:00:00.000,"6,444,000",
SURVEY,ANIMALS & PRODUCTS,DAIRY,CHEESE,MUENSTER,ALL PRODUCTION PRACTICES,ALL UTILIZATION PRACTICES,PRODUCTION,LB,"CHEESE, MUENSTER - PRODUCTION, MEASURED IN LB",TOTAL,NOT SPECIFIED,STATE,06,06,CA,CALIFORNIA,,,,,,,,00000000,,,9000,UNITED STATES,CALIFORNIA,2024,MONTHLY,01,01,JAN,,2026-04-24 15:00:00.000,"4,233,000",
SURVEY,ANIMALS & PRODUCTS,DAIRY,CHEESE,MUENSTER,ALL PRODUCTION PRACTICES,ALL UTILIZATION PRACTICES,PRODUCTION,LB,"CHEESE, MUENSTER - PRODUCTION, MEASURED IN LB",TOTAL,NOT SPECIFIED,STATE,06,06,CA,CALIFORNIA,,,,,,,,00000000,,,9000,UNITED STATES,CALIFORNIA,2024,MONTHLY,02,02,FEB,,2026-04-24 15:00:00.000,"4,701,000",
SURVEY,ANIMALS & PRODUCTS,DAIRY,CHEESE,MUENSTER,ALL PRODUCTION PRACTICES,ALL UTILIZATION PRACTICES,PRODUCTION,LB,"CHEESE, MUENSTER - PRODUCTION, MEASURED IN LB",TOTAL,NOT SPECIFIED,STATE,06,06,CA,CALIFORNIA,,,,,,,,00000000,,,9000,UNITED STATES,CALIFORNIA,2024,MONTHLY,03,03,MAR,,2026-04-24 15:00:00.000,"3,563,000",
SURVEY,ANIMALS & PRODUCTS,DAIRY,CHEESE,MUENSTER,ALL PRODUCTION PRACTICES,ALL UTILIZATION PRACTICES,PRODUCTION,LB,"CHEESE, MUENSTER - PRODUCTION, MEASURED IN LB",TOTAL,NOT SPECIFIED,STATE,06,06,CA,CALIFORNIA,,,,,,,,00000000,,,9000,UNITED STATES,CALIFORNIA,2024,MONTHLY,04,04,APR,,2026-04-24 15:00:00.000,"3,555,000",
SURVEY,ANIMALS & PRODUCTS,DAIRY,CHEESE,MUENSTER,ALL PRODUCTION PRACTICES,ALL UTILIZATION PRACTICES,PRODUCTION,LB,"CHEESE, MUENSTER - PRODUCTION, MEASURED IN LB",TOTAL,NOT SPECIFIED,STATE,06,06,CA,CALIFORNIA,,,,,,,,00000000,,,9000,UNITED STATES,CALIFORNIA,2024,MONTHLY,05,05,MAY,,2026-04-24 15:00:00.000,"3,959,000",
SURVEY,ANIMALS & PRODUCTS,DAIRY,CHEESE,MUENSTER,ALL PRODUCTION PRACTICES,ALL UTILIZATION PRACTICES,PRODUCTION,LB,"CHEESE, MUENSTER - PRODUCTION, MEASURED IN LB",TOTAL,NOT SPECIFIED,STATE,06,06,CA,CALIFORNIA,,,,,,,,00000000,,,9000,UNITED STATES,CALIFORNIA,2024,MONTHLY,06,06,JUN,,2026-04-24 15:00:00.000,"4,896,000",
SURVEY,ANIMALS & PRODUCTS,DAIRY,CHEESE,MUENSTER,ALL PRODUCTION PRACTICES,ALL UTILIZATION PRACTICES,PRODUCTION,LB,"CHEESE, MUENSTER - PRODUCTION, MEASURED IN LB",TOTAL,NOT SPECIFIED,STATE,06,06,CA,CALIFORNIA,,,,,,,,00000000,,,9000,UNITED STATES,CALIFORNIA,2024,MONTHLY,07,07,JUL,,2026-04-24 15:00:00.000,"4,221,000",
SURVEY,ANIMALS & PRODUCTS,DAIRY,CHEESE,MUENSTER,ALL PRODUCTION PRACTICES,ALL UTILIZATION PRACTICES,PRODUCTION,LB,"CHEESE, MUENSTER - PRODUCTION, MEASURED IN LB",TOTAL,NOT SPECIFIED,STATE,06,06,CA,CALIFORNIA,,,,,,,,00000000,,,9000,UNITED STATES,CALIFORNIA,2024,MONTHLY,08,08,AUG,,2026-04-24 15:00:00.000,"4,462,000",
SURVEY,ANIMALS & PRODUCTS,DAIRY,CHEESE,MUENSTER,ALL PRODUCTION PRACTICES,ALL UTILIZATION PRACTICES,PRODUCTION,LB,"CHEESE, MUENSTER - PRODUCTION, MEASURED IN LB",TOTAL,NOT SPECIFIED,STATE,06,06,CA,CALIFORNIA,,,,,,,,00000000,,,9000,UNITED STATES,CALIFORNIA,2024,MONTHLY,09,09,SEP,,2026-04-24 15:00:00.000,"3,709,000",
SURVEY,ANIMALS & PRODUCTS,DAIRY,CHEESE,MUENSTER,ALL PRODUCTION PRACTICES,ALL UTILIZATION PRACTICES,PRODUCTION,LB,"CHEESE, MUENSTER - PRODUCTION, MEASURED IN LB",TOTAL,NOT SPECIFIED,STATE,06,06,CA,CALIFORNIA,,,,,,,,00000000,,,9000,UNITED STATES,CALIFORNIA,2024,MONTHLY,10,10,OCT,,2026-04-24 15:00:00.000,"3,813,000",
SURVEY,ANIMALS & PRODUCTS,DAIRY,CHEESE,MUENSTER,ALL PRODUCTION PRACTICES,ALL UTILIZATION PRACTICES,PRODUCTION,LB,"CHEESE, MUENSTER - PRODUCTION, MEASURED IN LB",TOTAL,NOT SPECIFIED,STATE,06,06,CA,CALIFORNIA,,,,,,,,00000000,,,9000,UNITED STATES,CALIFORNIA,2024,MONTHLY,11,11,NOV,,2026-04-24 15:00:00.000,"4,417,000",
SURVEY,ANIMALS & PRODUCTS,DAIRY,CHEESE,MUENSTER,ALL PRODUCTION PRACTICES,ALL UTILIZATION PRACTICES,PRODUCTION,LB,"CHEESE, MUENSTER - PRODUCTION, MEASURED IN LB",TOTAL,NOT SPECIFIED,STATE,06,06,CA,CALIFORNIA,,,,,,,,00000000,,,9000,UNITED STATES,CALIFORNIA,2024,MONTHLY,12,12,DEC,,2026-04-24 15:00:00.000,"4,604,000",
SURVEY,ANIMALS & PRODUCTS,DAIRY,CHEESE,MUENSTER,ALL PRODUCTION PRACTICES,ALL UTILIZATION PRACTICES,PRODUCTION,LB,"CHEESE, MUENSTER - PRODUCTION, MEASURED IN LB",TOTAL,NOT SPECIFIED,STATE,55,55,WI,WISCONSIN,,,,,,,,00000000,,,9000,UNITED STATES,WISCONSIN,2024,MONTHLY,01,01,JAN,,2026-04-24 15:00:00.000,"6,893,000",
SURVEY,ANIMALS & PRODUCTS,DAIRY,CHEESE,MUENSTER,ALL PRODUCTION PRACTICES,ALL UTILIZATION PRACTICES,PRODUCTION,LB,"CHEESE, MUENSTER - PRODUCTION, MEASURED IN LB",TOTAL,NOT SPECIFIED,STATE,55,55,WI,WISCONSIN,,,,,,,,00000000,,,9000,UNITED STATES,WISCONSIN,2024,MONTHLY,02,02,FEB,,2026-04-24 15:00:00.000,"5,967,000",
SURVEY,ANIMALS & PRODUCTS,DAIRY,CHEESE,MUENSTER,ALL PRODUCTION PRACTICES,ALL UTILIZATION PRACTICES,PRODUCTION,LB,"CHEESE, MUENSTER - PRODUCTION, MEASURED IN LB",TOTAL,NOT SPECIFIED,STATE,55,55,WI,WISCONSIN,,,,,,,,00000000,,,9000,UNITED STATES,WISCONSIN,2024,MONTHLY,03,03,MAR,,2026-04-24 15:00:00.000,"6,341,000",
SURVEY,ANIMALS & PRODUCTS,DAIRY,CHEESE,MUENSTER,ALL PRODUCTION PRACTICES,ALL UTILIZATION PRACTICES,PRODUCTION,LB,"CHEESE, MUENSTER - PRODUCTION, MEASURED IN LB",TOTAL,NOT SPECIFIED,STATE,55,55,WI,WISCONSIN,,,,,,,,00000000,,,9000,UNITED STATES,WISCONSIN,2024,MONTHLY,04,04,APR,,2026-04-24 15:00:00.000,"6,379,000",
SURVEY,ANIMALS & PRODUCTS,DAIRY,CHEESE,MUENSTER,ALL PRODUCTION PRACTICES,ALL UTILIZATION PRACTICES,PRODUCTION,LB,"CHEESE, MUENSTER - PRODUCTION, MEASURED IN LB",TOTAL,NOT SPECIFIED,STATE,55,55,WI,WISCONSIN,,,,,,,,00000000,,,9000,UNITED STATES,WISCONSIN,2024,MONTHLY,05,05,MAY,,2026-04-24 15:00:00.000,"7,072,000",
SURVEY,ANIMALS & PRODUCTS,DAIRY,CHEESE,MUENSTER,ALL PRODUCTION PRACTICES,ALL UTILIZATION PRACTICES,PRODUCTION,LB,"CHEESE, MUENSTER - PRODUCTION, MEASURED IN LB",TOTAL,NOT SPECIFIED,STATE,55,55,WI,WISCONSIN,,,,,,,,00000000,,,9000,UNITED STATES,WISCONSIN,2024,MONTHLY,06,06,JUN,,2026-04-24 15:00:00.000,"6,006,000",
SURVEY,ANIMALS & PRODUCTS,DAIRY,CHEESE,MUENSTER,ALL PRODUCTION PRACTICES,ALL UTILIZATION PRACTICES,PRODUCTION,LB,"CHEESE, MUENSTER - PRODUCTION, MEASURED IN LB",TOTAL,NOT SPECIFIED,STATE,55,55,WI,WISCONSIN,,,,,,,,00000000,,,9000,UNITED STATES,WISCONSIN,2024,MONTHLY,07,07,JUL,,2026-04-24 15:00:00.000,"6,413,000",
SURVEY,ANIMALS & PRODUCTS,DAIRY,CHEESE,MUENSTER,ALL PRODUCTION PRACTICES,ALL UTILIZATION PRACTICES,PRODUCTION,LB,"CHEESE, MUENSTER - PRODUCTION, MEASURED IN LB",TOTAL,NOT SPECIFIED,STATE,55,55,WI,WISCONSIN,,,,,,,,00000000,,,9000,UNITED STATES,WISCONSIN,2024,MONTHLY,08,08,AUG,,2026-04-24 15:00:00.000,"7,035,000",
SURVEY,ANIMALS & PRODUCTS,DAIRY,CHEESE,MUENSTER,ALL PRODUCTION PRACTICES,ALL UTILIZATION PRACTICES,PRODUCTION,LB,"CHEESE, MUENSTER - PRODUCTION, MEASURED IN LB",TOTAL,NOT SPECIFIED,STATE,55,55,WI,WISCONSIN,,,,,,,,00000000,,,9000,UNITED STATES,WISCONSIN,2024,MONTHLY,09,09,SEP,,2026-04-24 15:00:00.000,"6,945,000",
SURVEY,ANIMALS & PRODUCTS,DAIRY,CHEESE,MUENSTER,ALL PRODUCTION PRACTICES,ALL UTILIZATION PRACTICES,PRODUCTION,LB,"CHEESE, MUENSTER - PRODUCTION, MEASURED IN LB",TOTAL,NOT SPECIFIED,STATE,55,55,WI,WISCONSIN,,,,,,,,00000000,,,9000,UNITED STATES,WISCONSIN,2024,MONTHLY,10,10,OCT,,2026-04-24 15:00:00.000,"6,347,000",
SURVEY,ANIMALS & PRODUCTS,DAIRY,CHEESE,MUENSTER,ALL PRODUCTION PRACTICES,ALL UTILIZATION PRACTICES,PRODUCTION,LB,"CHEESE, MUENSTER - PRODUCTION, MEASURED IN LB",TOTAL,NOT SPECIFIED,STATE,55,55,WI,WISCONSIN,,,,,,,,00000000,,,9000,UNITED STATES,WISCONSIN,2024,MONTHLY,11,11,NOV,,2026-04-24 15:00:00.000,"6,654,000",
SURVEY,ANIMALS & PRODUCTS,DAIRY,CHEESE,MUENSTER,ALL PRODUCTION PRACTICES,ALL UTILIZATION PRACTICES,PRODUCTION,LB,"CHEESE, MUENSTER - PRODUCTION, MEASURED IN LB",TOTAL,NOT SPECIFIED,STATE,55,55,WI,WISCONSIN,,,,,,,,00000000,,,9000,UNITED STATES,WISCONSIN,2024,MONTHLY,12,12,DEC,,2026-04-24 15:00:00.000,"7,409,000",
SURVEY,ANIMALS & PRODUCTS,DAIRY,CHEESE,SWISS,ALL PRODUCTION PRACTICES,ALL UTILIZATION PRACTICES,PRODUCTION,LB,"CHEESE, SWISS - PRODUCTION, MEASURED IN LB",TOTAL,NOT SPECIFIED,STATE,,98,OT,OTHER STATES,,,,,,,,00000000,,,9000,UNITED STATES,OTHER STATES,2024,MONTHLY,01,01,JAN,,2026-04-24 15:00:00.000,"14,294,000",
SURVEY,ANIMALS & PRODUCTS,DAIRY,CHEESE,SWISS,ALL PRODUCTION PRACTICES,ALL UTILIZATION PRACTICES,PRODUCTION,LB,"CHEESE, SWISS - PRODUCTION, MEASURED IN LB",TOTAL,NOT SPECIFIED,STATE,,98,OT,OTHER STATES,,,,,,,,00000000,,,9000,UNITED STATES,OTHER STATES,2024,MONTHLY,02,02,FEB,,2026-04-24 15:00:00.000,"11,871,000",
SURVEY,ANIMALS & PRODUCTS,DAIRY,CHEESE,SWISS,ALL PRODUCTION PRACTICES,ALL UTILIZATION PRACTICES,PRODUCTION,LB,"CHEESE, SWISS - PRODUCTION, MEASURED IN LB",TOTAL,NOT SPECIFIED,STATE,,98,OT,OTHER STATES,,,,,,,,00000000,,,9000,UNITED STATES,OTHER STATES,2024,MONTHLY,03,03,MAR,,2026-04-24 15:00:00.000,"13,039,000",
SURVEY,ANIMALS & PRODUCTS,DAIRY,CHEESE,SWISS,ALL PRODUCTION PRACTICES,ALL UTILIZATION PRACTICES,PRODUCTION,LB,"CHEESE, SWISS - PRODUCTION, MEASURED IN LB",TOTAL,NOT SPECIFIED,STATE,,98,OT,OTHER STATES,,,,,,,,00000000,,,9000,UNITED STATES,OTHER STATES,2024,MONTHLY,04,04,APR,,2026-04-24 15:00:00.000,"13,440,000",
SURVEY,ANIMALS & PRODUCTS,DAIRY,CHEESE,SWISS,ALL PRODUCTION PRACTICES,ALL UTILIZATION PRACTICES,PRODUCTION,LB,"CHEESE, SWISS - PRODUCTION, MEASURED IN LB",TOTAL,NOT SPECIFIED,STATE,,98,OT,OTHER STATES,,,,,,,,00000000,,,9000,UNITED STATES,OTHER STATES,2024,MONTHLY,05,05,MAY,,2026-04-24 15:00:00.000,"13,719,000",
SURVEY,ANIMALS & PRODUCTS,DAIRY,CHEESE,SWISS,ALL PRODUCTION PRACTICES,ALL UTILIZATION PRACTICES,PRODUCTION,LB,"CHEESE, SWISS - PRODUCTION, MEASURED IN LB",TOTAL,NOT SPECIFIED,STATE,,98,OT,OTHER STATES,,,,,,,,00000000,,,9000,UNITED STATES,OTHER STATES,2024,MONTHLY,06,06,JUN,,2026-04-24 15:00:00.000,"12,183,000",
SURVEY,ANIMALS & PRODUCTS,DAIRY,CHEESE,SWISS,ALL PRODUCTION PRACTICES,ALL UTILIZATION PRACTICES,PRODUCTION,LB,"CHEESE, SWISS - PRODUCTION, MEASURED IN LB",TOTAL,NOT SPECIFIED,STATE,,98,OT,OTHER STATES,,,,,,,,00000000,,,9000,UNITED STATES,OTHER STATES,2024,MONTHLY,07,07,JUL,,2026-04-24 15:00:00.000,"13,308,000",
SURVEY,ANIMALS & PRODUCTS,DAIRY,CHEESE,SWISS,ALL PRODUCTION PRACTICES,ALL UTILIZATION PRACTICES,PRODUCTION,LB,"CHEESE, SWISS - PRODUCTION, MEASURED IN LB",TOTAL,NOT SPECIFIED,STATE,,98,OT,OTHER STATES,,,,,,,,00000000,,,9000,UNITED STATES,OTHER STATES,2024,MONTHLY,08,08,AUG,,2026-04-24 15:00:00.000,"13,649,000",
SURVEY,ANIMALS & PRODUCTS,DAIRY,CHEESE,SWISS,ALL PRODUCTION PRACTICES,ALL UTILIZATION PRACTICES,PRODUCTION,LB,"CHEESE, SWISS - PRODUCTION, MEASURED IN LB",TOTAL,NOT SPECIFIED,STATE,,98,OT,OTHER STATES,,,,,,,,00000000,,,9000,UNITED STATES,OTHER STATES,2024,MONTHLY,09,09,SEP,,2026-04-24 15:00:00.000,"13,366,000",
SURVEY,ANIMALS & PRODUCTS,DAIRY,CHEESE,SWISS,ALL PRODUCTION PRACTICES,ALL UTILIZATION PRACTICES,PRODUCTION,LB,"CHEESE, SWISS - PRODUCTION, MEASURED IN LB",TOTAL,NOT SPECIFIED,STATE,,98,OT,OTHER STATES,,,,,,,,00000000,,,9000,UNITED STATES,OTHER STATES,2024,MONTHLY,10,10,OCT,,2026-04-24 15:00:00.000,"13,086,000",
SURVEY,ANIMALS & PRODUCTS,DAIRY,CHEESE,SWISS,ALL PRODUCTION PRACTICES,ALL UTILIZATION PRACTICES,PRODUCTION,LB,"CHEESE, SWISS - PRODUCTION, MEASURED IN LB",TOTAL,NOT SPECIFIED,STATE,,98,OT,OTHER STATES,,,,,,,,00000000,,,9000,UNITED STATES,OTHER STATES,2024,MONTHLY,11,11,NOV,,2026-04-24 15:00:00.000,"13,201,000",
SURVEY,ANIMALS & PRODUCTS,DAIRY,CHEESE,SWISS,ALL PRODUCTION PRACTICES,ALL UTILIZATION PRACTICES,PRODUCTION,LB,"CHEESE, SWISS - PRODUCTION, MEASURED IN LB",TOTAL,NOT SPECIFIED,STATE,,98,OT,OTHER STATES,,,,,,,,00000000,,,9000,UNITED STATES,OTHER STATES,2024,MONTHLY,12,12,DEC,,2026-04-24 15:00:00.000,"14,775,000",
SURVEY,ANIMALS & PRODUCTS,DAIRY,CHEESE,SWISS,ALL PRODUCTION PRACTICES,ALL UTILIZATION PRACTICES,PRODUCTION,LB,"CHEESE, SWISS - PRODUCTION, MEASURED IN LB",TOTAL,NOT SPECIFIED,STATE,39,39,OH,OHIO,,,,,,,,00000000,,,9000,UNITED STATES,OHIO,2024,MONTHLY,01,01,JAN,,2026-04-24 15:00:00.000,"12,465,000",
SURVEY,ANIMALS & PRODUCTS,DAIRY,CHEESE,SWISS,ALL PRODUCTION PRACTICES,ALL UTILIZATION PRACTICES,PRODUCTION,LB,"CHEESE, SWISS - PRODUCTION, MEASURED IN LB",TOTAL,NOT SPECIFIED,STATE,39,39,OH,OHIO,,,,,,,,00000000,,,9000,UNITED STATES,OHIO,2024,MONTHLY,02,02,FEB,,2026-04-24 15:00:00.000,"11,822,000",
SURVEY,ANIMALS & PRODUCTS,DAIRY,CHEESE,SWISS,ALL PRODUCTION PRACTICES,ALL UTILIZATION PRACTICES,PRODUCTION,LB,"CHEESE, SWISS - PRODUCTION, MEASURED IN LB",TOTAL,NOT SPECIFIED,STATE,39,39,OH,OHIO,,,,,,,,00000000,,,9000,UNITED STATES,OHIO,2024,MONTHLY,03,03,MAR,,2026-04-24 15:00:00.000,"12,678,000",
SURVEY,ANIMALS & PRODUCTS,DAIRY,CHEESE,SWISS,ALL PRODUCTION PRACTICES,ALL UTILIZATION PRACTICES,PRODUCTION,LB,"CHEESE, SWISS - PRODUCTION, MEASURED IN LB",TOTAL,NOT SPECIFIED,STATE,39,39,OH,OHIO,,,,,,,,00000000,,,9000,UNITED STATES,OHIO,2024,MONTHLY,04,04,APR,,2026-04-24 15:00:00.000,"12,069,000",
SURVEY,ANIMALS & PRODUCTS,DAIRY,CHEESE,SWISS,ALL PRODUCTION PRACTICES,ALL UTILIZATION PRACTICES,PRODUCTION,LB,"CHEESE, SWISS - PRODUCTION, MEASURED IN LB",TOTAL,NOT SPECIFIED,STATE,39,39,OH,OHIO,,,,,,,,00000000,,,9000,UNITED STATES,OHIO,2024,MONTHLY,05,05,MAY,,2026-04-24 15:00:00.000,"13,087,000",
SURVEY,ANIMALS & PRODUCTS,DAIRY,CHEESE,SWISS,ALL PRODUCTION PRACTICES,ALL UTILIZATION PRACTICES,PRODUCTION,LB,"CHEESE, SWISS - PRODUCTION, MEASURED IN LB",TOTAL,NOT SPECIFIED,STATE,39,39,OH,OHIO,,,,,,,,00000000,,,9000,UNITED STATES,OHIO,2024,MONTHLY,06,06,JUN,,2026-04-24 15:00:00.000,"12,324,000",
SURVEY,ANIMALS & PRODUCTS,DAIRY,CHEESE,SWISS,ALL PRODUCTION PRACTICES,ALL UTILIZATION PRACTICES,PRODUCTION,LB,"CHEESE, SWISS - PRODUCTION, MEASURED IN LB",TOTAL,NOT SPECIFIED,STATE,39,39,OH,OHIO,,,,,,,,00000000,,,9000,UNITED STATES,OHIO,2024,MONTHLY,07,07,JUL,,2026-04-24 15:00:00.000,"12,800,000",
SURVEY,ANIMALS & PRODUCTS,DAIRY,CHEESE,SWISS,ALL PRODUCTION PRACTICES,ALL UTILIZATION PRACTICES,PRODUCTION,LB,"CHEESE, SWISS - PRODUCTION, MEASURED IN LB",TOTAL,NOT SPECIFIED,STATE,39,39,OH,OHIO,,,,,,,,00000000,,,9000,UNITED STATES,OHIO,2024,MONTHLY,08,08,AUG,,2026-04-24 15:00:00.000,"11,707,000",
SURVEY,ANIMALS & PRODUCTS,DAIRY,CHEESE,SWISS,ALL PRODUCTION PRACTICES,ALL UTILIZATION PRACTICES,PRODUCTION,LB,"CHEESE, SWISS - PRODUCTION, MEASURED IN LB",TOTAL,NOT SPECIFIED,STATE,39,39,OH,OHIO,,,,,,,,00000000,,,9000,UNITED STATES,OHIO,2024,MONTHLY,09,09,SEP,,2026-04-24 15:00:00.000,"11,731,000",
SURVEY,ANIMALS & PRODUCTS,DAIRY,CHEESE,SWISS,ALL PRODUCTION PRACTICES,ALL UTILIZATION PRACTICES,PRODUCTION,LB,"CHEESE, SWISS - PRODUCTION, MEASURED IN LB",TOTAL,NOT SPECIFIED,STATE,39,39,OH,OHIO,,,,,,,,00000000,,,9000,UNITED STATES,OHIO,2024,MONTHLY,10,10,OCT,,2026-04-24 15:00:00.000,"11,919,000",
SURVEY,ANIMALS & PRODUCTS,DAIRY,CHEESE,SWISS,ALL PRODUCTION PRACTICES,ALL UTILIZATION PRACTICES,PRODUCTION,LB,"CHEESE, SWISS - PRODUCTION, MEASURED IN LB",TOTAL,NOT SPECIFIED,STATE,39,39,OH,OHIO,,,,,,,,00000000,,,9000,UNITED STATES,OHIO,2024,MONTHLY,11,11,NOV,,2026-04-24 15:00:00.000,"11,030,000",
SURVEY,ANIMALS & PRODUCTS,DAIRY,CHEESE,SWISS,ALL PRODUCTION PRACTICES,ALL UTILIZATION PRACTICES,PRODUCTION,LB,"CHEESE, SWISS - PRODUCTION, MEASURED IN LB",TOTAL,NOT SPECIFIED,STATE,39,39,OH,OHIO,,,,,,,,00000000,,,9000,UNITED STATES,OHIO,2024,MONTHLY,12,12,DEC,,2026-04-24 15:00:00.000,"12,607,000",
SURVEY,ANIMALS & PRODUCTS,DAIRY,CHEESE,SWISS,ALL PRODUCTION PRACTICES,ALL UTILIZATION PRACTICES,PRODUCTION,LB,"CHEESE, SWISS - PRODUCTION, MEASURED IN LB",TOTAL,NOT SPECIFIED,STATE,42,42,PA,PENNSYLVANIA,,,,,,,,00000000,,,9000,UNITED STATES,PENNSYLVANIA,2024,MONTHLY,01,01,JAN,,2026-04-24 15:00:00.000,"650,000",
SURVEY,ANIMALS & PRODUCTS,DAIRY,CHEESE,SWISS,ALL PRODUCTION PRACTICES,ALL UTILIZATION PRACTICES,PRODUCTION,LB,"CHEESE, SWISS - PRODUCTION, MEASURED IN LB",TOTAL,NOT SPECIFIED,STATE,42,42,PA,PENNSYLVANIA,,,,,,,,00000000,,,9000,UNITED STATES,PENNSYLVANIA,2024,MONTHLY,02,02,FEB,,2026-04-24 15:00:00.000,"585,000",
SURVEY,ANIMALS & PRODUCTS,DAIRY,CHEESE,SWISS,ALL PRODUCTION PRACTICES,ALL UTILIZATION PRACTICES,PRODUCTION,LB,"CHEESE, SWISS - PRODUCTION, MEASURED IN LB",TOTAL,NOT SPECIFIED,STATE,42,42,PA,PENNSYLVANIA,,,,,,,,00000000,,,9000,UNITED STATES,PENNSYLVANIA,2024,MONTHLY,03,03,MAR,,2026-04-24 15:00:00.000,"602,000",
SURVEY,ANIMALS & PRODUCTS,DAIRY,CHEESE,SWISS,ALL PRODUCTION PRACTICES,ALL UTILIZATION PRACTICES,PRODUCTION,LB,"CHEESE, SWISS - PRODUCTION, MEASURED IN LB",TOTAL,NOT SPECIFIED,STATE,42,42,PA,PENNSYLVANIA,,,,,,,,00000000,,,9000,UNITED STATES,PENNSYLVANIA,2024,MONTHLY,04,04,APR,,2026-04-24 15:00:00.000,"656,000",
SURVEY,ANIMALS & PRODUCTS,DAIRY,CHEESE,SWISS,ALL PRODUCTION PRACTICES,ALL UTILIZATION PRACTICES,PRODUCTION,LB,"CHEESE, SWISS - PRODUCTION, MEASURED IN LB",TOTAL,NOT SPECIFIED,STATE,42,42,PA,PENNSYLVANIA,,,,,,,,00000000,,,9000,UNITED STATES,PENNSYLVANIA,2024,MONTHLY,05,05,MAY,,2026-04-24 15:00:00.000,"684,000",
SURVEY,ANIMALS & PRODUCTS,DAIRY,CHEESE,SWISS,ALL PRODUCTION PRACTICES,ALL UTILIZATION PRACTICES,PRODUCTION,LB,"CHEESE, SWISS - PRODUCTION, MEASURED IN LB",TOTAL,NOT SPECIFIED,STATE,42,42,PA,PENNSYLVANIA,,,,,,,,00000000,,,9000,UNITED STATES,PENNSYLVANIA,2024,MONTHLY,06,06,JUN,,2026-04-24 15:00:00.000,"679,000",
SURVEY,ANIMALS & PRODUCTS,DAIRY,CHEESE,SWISS,ALL PRODUCTION PRACTICES,ALL UTILIZATION PRACTICES,PRODUCTION,LB,"CHEESE, SWISS - PRODUCTION, MEASURED IN LB",TOTAL,NOT SPECIFIED,STATE,42,42,PA,PENNSYLVANIA,,,,,,,,00000000,,,9000,UNITED STATES,PENNSYLVANIA,2024,MONTHLY,07,07,JUL,,2026-04-24 15:00:00.000,"719,000",
SURVEY,ANIMALS & PRODUCTS,DAIRY,CHEESE,SWISS,ALL PRODUCTION PRACTICES,ALL UTILIZATION PRACTICES,PRODUCTION,LB,"CHEESE, SWISS - PRODUCTION, MEASURED IN LB",TOTAL,NOT SPECIFIED,STATE,42,42,PA,PENNSYLVANIA,,,,,,,,00000000,,,9000,UNITED STATES,PENNSYLVANIA,2024,MONTHLY,08,08,AUG,,2026-04-24 15:00:00.000,"686,000",
SURVEY,ANIMALS & PRODUCTS,DAIRY,CHEESE,SWISS,ALL PRODUCTION PRACTICES,ALL UTILIZATION PRACTICES,PRODUCTION,LB,"CHEESE, SWISS - PRODUCTION, MEASURED IN LB",TOTAL,NOT SPECIFIED,STATE,42,42,PA,PENNSYLVANIA,,,,,,,,00000000,,,9000,UNITED STATES,PENNSYLVANIA,2024,MONTHLY,09,09,SEP,,2026-04-24 15:00:00.000,"532,000",
SURVEY,ANIMALS & PRODUCTS,DAIRY,CHEESE,SWISS,ALL PRODUCTION PRACTICES,ALL UTILIZATION PRACTICES,PRODUCTION,LB,"CHEESE, SWISS - PRODUCTION, MEASURED IN LB",TOTAL,NOT SPECIFIED,STATE,42,42,PA,PENNSYLVANIA,,,,,,,,00000000,,,9000,UNITED STATES,PENNSYLVANIA,2024,MONTHLY,10,10,OCT,,2026-04-24 15:00:00.000,"499,000",
SURVEY,ANIMALS & PRODUCTS,DAIRY,CHEESE,SWISS,ALL PRODUCTION PRACTICES,ALL UTILIZATION PRACTICES,PRODUCTION,LB,"CHEESE, SWISS - PRODUCTION, MEASURED IN LB",TOTAL,NOT SPECIFIED,STATE,42,42,PA,PENNSYLVANIA,,,,,,,,00000000,,,9000,UNITED STATES,PENNSYLVANIA,2024,MONTHLY,11,11,NOV,,2026-04-24 15:00:00.000,"543,000",
SURVEY,ANIMALS & PRODUCTS,DAIRY,CHEESE,SWISS,ALL PRODUCTION PRACTICES,ALL UTILIZATION PRACTICES,PRODUCTION,LB,"CHEESE, SWISS - PRODUCTION, MEASURED IN LB",TOTAL,NOT SPECIFIED,STATE,42,42,PA,PENNSYLVANIA,,,,,,,,00000000,,,9000,UNITED STATES,PENNSYLVANIA,2024,MONTHLY,12,12,DEC,,2026-04-24 15:00:00.000,"687,000",
SURVEY,ANIMALS & PRODUCTS,DAIRY,CHEESE,SWISS,ALL PRODUCTION PRACTICES,ALL UTILIZATION PRACTICES,PRODUCTION,LB,"CHEESE, SWISS - PRODUCTION, MEASURED IN LB",TOTAL,NOT SPECIFIED,STATE,55,55,WI,WISCONSIN,,,,,,,,00000000,,,9000,UNITED STATES,WISCONSIN,2024,MONTHLY,01,01,JAN,,2026-04-24 15:00:00.000,"1,401,000",
SURVEY,ANIMALS & PRODUCTS,DAIRY,CHEESE,SWISS,ALL PRODUCTION PRACTICES,ALL UTILIZATION PRACTICES,PRODUCTION,LB,"CHEESE, SWISS - PRODUCTION, MEASURED IN LB",TOTAL,NOT SPECIFIED,STATE,55,55,WI,WISCONSIN,,,,,,,,00000000,,,9000,UNITED STATES,WISCONSIN,2024,MONTHLY,02,02,FEB,,2026-04-24 15:00:00.000,"1,314,000",
SURVEY,ANIMALS & PRODUCTS,DAIRY,CHEESE,SWISS,ALL PRODUCTION PRACTICES,ALL UTILIZATION PRACTICES,PRODUCTION,LB,"CHEESE, SWISS - PRODUCTION, MEASURED IN LB",TOTAL,NOT SPECIFIED,STATE,55,55,WI,WISCONSIN,,,,,,,,00000000,,,9000,UNITED STATES,WISCONSIN,2024,MONTHLY,03,03,MAR,,2026-04-24 15:00:00.000,"1,259,000",
SURVEY,ANIMALS & PRODUCTS,DAIRY,CHEESE,SWISS,ALL PRODUCTION PRACTICES,ALL UTILIZATION PRACTICES,PRODUCTION,LB,"CHEESE, SWISS - PRODUCTION, MEASURED IN LB",TOTAL,NOT SPECIFIED,STATE,55,55,WI,WISCONSIN,,,,,,,,00000000,,,9000,UNITED STATES,WISCONSIN,2024,MONTHLY,04,04,APR,,2026-04-24 15:00:00.000,"1,433,000",
SURVEY,ANIMALS & PRODUCTS,DAIRY,CHEESE,SWISS,ALL PRODUCTION PRACTICES,ALL UTILIZATION PRACTICES,PRODUCTION,LB,"CHEESE, SWISS - PRODUCTION, MEASURED IN LB",TOTAL,NOT SPECIFIED,STATE,55,55,WI,WISCONSIN,,,,,,,,00000000,,,9000,UNITED STATES,WISCONSIN,2024,MONTHLY,05,05,MAY,,2026-04-24 15:00:00.000,"1,291,000",
SURVEY,ANIMALS & PRODUCTS,DAIRY,CHEESE,SWISS,ALL PRODUCTION PRACTICES,ALL UTILIZATION PRACTICES,PRODUCTION,LB,"CHEESE, SWISS - PRODUCTION, MEASURED IN LB",TOTAL,NOT SPECIFIED,STATE,55,55,WI,WISCONSIN,,,,,,,,00000000,,,9000,UNITED STATES,WISCONSIN,2024,MONTHLY,06,06,JUN,,2026-04-24 15:00:00.000,"1,155,000",
SURVEY,ANIMALS & PRODUCTS,DAIRY,CHEESE,SWISS,ALL PRODUCTION PRACTICES,ALL UTILIZATION PRACTICES,PRODUCTION,LB,"CHEESE, SWISS - PRODUCTION, MEASURED IN LB",TOTAL,NOT SPECIFIED,STATE,55,55,WI,WISCONSIN,,,,,,,,00000000,,,9000,UNITED STATES,WISCONSIN,2024,MONTHLY,07,07,JUL,,2026-04-24 15:00:00.000,"1,264,000",
SURVEY,ANIMALS & PRODUCTS,DAIRY,CHEESE,SWISS,ALL PRODUCTION PRACTICES,ALL UTILIZATION PRACTICES,PRODUCTION,LB,"CHEESE, SWISS - PRODUCTION, MEASURED IN LB",TOTAL,NOT SPECIFIED,STATE,55,55,WI,WISCONSIN,,,,,,,,00000000,,,9000,UNITED STATES,WISCONSIN,2024,MONTHLY,08,08,AUG,,2026-04-24 15:00:00.000,"1,312,000",
SURVEY,ANIMALS & PRODUCTS,DAIRY,CHEESE,SWISS,ALL PRODUCTION PRACTICES,ALL UTILIZATION PRACTICES,PRODUCTION,LB,"CHEESE, SWISS - PRODUCTION, MEASURED IN LB",TOTAL,NOT SPECIFIED,STATE,55,55,WI,WISCONSIN,,,,,,,,00000000,,,9000,UNITED STATES,WISCONSIN,2024,MONTHLY,09,09,SEP,,2026-04-24 15:00:00.000,"1,220,000",
SURVEY,ANIMALS & PRODUCTS,DAIRY,CHEESE,SWISS,ALL PRODUCTION PRACTICES,ALL UTILIZATION PRACTICES,PRODUCTION,LB,"CHEESE, SWISS - PRODUCTION, MEASURED IN LB",TOTAL,NOT SPECIFIED,STATE,55,55,WI,WISCONSIN,,,,,,,,00000000,,,9000,UNITED STATES,WISCONSIN,2024,MONTHLY,10,10,OCT,,2026-04-24 15:00:00.000,"1,018,000",
SURVEY,ANIMALS & PRODUCTS,DAIRY,CHEESE,SWISS,ALL PRODUCTION PRACTICES,ALL UTILIZATION PRACTICES,PRODUCTION,LB,"CHEESE, SWISS - PRODUCTION, MEASURED IN LB",TOTAL,NOT SPECIFIED,STATE,55,55,WI,WISCONSIN,,,,,,,,00000000,,,9000,UNITED STATES,WISCONSIN,2024,MONTHLY,11,11,NOV,,2026-04-24 15:00:00.000,"1,263,000",
SURVEY,ANIMALS & PRODUCTS,DAIRY,CHEESE,SWISS,ALL PRODUCTION PRACTICES,ALL UTILIZATION PRACTICES,PRODUCTION,LB,"CHEESE, SWISS - PRODUCTION, MEASURED IN LB",TOTAL,NOT SPECIFIED,STATE,55,55,WI,WISCONSIN,,,,,,,,00000000,,,9000,UNITED STATES,WISCONSIN,2024,MONTHLY,12,12,DEC,,2026-04-24 15:00:00.000,"1,533,000",
