source_desc,sector_desc,group_desc,commodity_desc,class_desc,prodn_practice_desc,util_practice_desc,statisticcat_desc,unit_desc,short_desc,domain_desc,domaincat_desc,agg_level_desc,state_ansi,state_fips_code,state_alpha,state_name,asd_code,asd_desc,county_ansi,county_code,county_name,region_desc,zip_5,watershed_code,watershed_desc,congr_district_code,country_code,country_name,location_desc,year,freq_desc,begin_code,end_code,reference_period_desc,week_ending,load_time,Value,CV (%)
SURVEY,ANIMALS & PRODUCTS,DAIRY,MILK,ALL CLASSES,ALL PRODUCTION PRACTICES,ALL UTILIZATION PRACTICES,PRODUCTION,LB,"MILK - PRODUCTION, MEASURED IN LB",TOTAL,NOT SPECIFIED,STATE,,98,OT,OTHER STATES,,,,,,,,00000000,,,9000,UNITED STATES,OTHER STATES,2022,MONTHLY,01,03,JAN THRU MAR,,2024-02-02 15:00:00.000,"1,300,000",
SURVEY,ANIMALS & PRODUCTS,DAIRY,MILK,ALL CLASSES,ALL PRODUCTION PRACTICES,ALL UTILIZATION PRACTICES,PRODUCTION,LB,"MILK - PRODUCTION, MEASURED IN LB",TOTAL,NOT SPECIFIED,STATE,,98,OT,OTHER STATES,,,,,,,,00000000,,,9000,UNITED STATES,OTHER STATES,2022,MONTHLY,04,06,APR THRU JUN,,2024-02-02 15:00:00.000,"1,300,000",
SURVEY,ANIMALS & PRODUCTS,DAIRY,MILK,ALL CLASSES,ALL PRODUCTION PRACTICES,ALL UTILIZATION PRACTICES,PRODUCTION,LB,"MILK - PRODUCTION, MEASURED IN LB",TOTAL,NOT SPECIFIED,STATE,,98,OT,OTHER STATES,,,,,,,,00000000,,,9000,UNITED STATES,OTHER STATES,2022,MONTHLY,07,09,JUL THRU SEP,,2024-02-02 15:00:00.000,"1,300,000",
SURVEY,ANIMALS & PRODUCTS,DAIRY,MILK,ALL CLASSES,ALL PRODUCTION PRACTICES,ALL UTILIZATION PRACTICES,PRODUCTION,LB,"MILK - PRODUCTION, MEASURED IN LB",TOTAL,NOT SPECIFIED,STATE,,98,OT,OTHER STATES,,,,,,,,00000000,,,9000,UNITED STATES,OTHER STATES,2022,MONTHLY,10,12,OCT THRU DEC,,2024-02-02 15:00:00.000,"1,100,000",
SURVEY,ANIMALS & PRODUCTS,DAIRY,MILK,ALL CLASSES,ALL PRODUCTION PRACTICES,ALL UTILIZATION PRACTICES,PRODUCTION,LB,"MILK - PRODUCTION, MEASURED IN LB",TOTAL,NOT SPECIFIED,STATE,01,01,AL,ALABAMA,,,,,,,,00000000,,,9000,UNITED STATES,ALABAMA,2022,MONTHLY,01,03,JAN THRU MAR,,2024-02-02 15:00:00.000,"10,000,000",
SURVEY,ANIMALS & PRODUCTS,DAIRY,MILK,ALL CLASSES,ALL PRODUCTION PRACTICES,ALL UTILIZATION PRACTICES,PRODUCTION,LB,"MILK - PRODUCTION, MEASURED IN LB",TOTAL,NOT SPECIFIED,STATE,01,01,AL,ALABAMA,,,,,,,,00000000,,,9000,UNITED STATES,ALABAMA,2022,MONTHLY,04,06,APR THRU JUN,,2024-02-02 15:00:00.000,"9,000,000",
SURVEY,ANIMALS & PRODUCTS,DAIRY,MILK,ALL CLASSES,ALL PRODUCTION PRACTICES,ALL UTILIZATION PRACTICES,PRODUCTION,LB,"MILK - PRODUCTION, MEASURED IN LB",TOTAL,NOT SPECIFIED,STATE,01,01,AL,ALABAMA,,,,,,,,00000000,,,9000,UNITED STATES,ALABAMA,2022,MONTHLY,07,09,JUL THRU SEP,,2024-02-02 15:00:00.000,"7,000,000",
SURVEY,ANIMALS & PRODUCTS,DAIRY,MILK,ALL CLASSES,ALL PRODUCTION PRACTICES,ALL UTILIZATION PRACTICES,PRODUCTION,LB,"MILK - PRODUCTION, MEASURED IN LB",TOTAL,NOT SPECIFIED,STATE,01,01,AL,ALABAMA,,,,,,,,00000000,,,9000,UNITED STATES,ALABAMA,2022,MONTHLY,10,12,OCT THRU DEC,,2024-02-02 15:00:00.000,"6,000,000",
SURVEY,ANIMALS & PRODUCTS,DAIRY,MILK,ALL CLASSES,ALL PRODUCTION PRACTICES,ALL UTILIZATION PRACTICES,PRODUCTION,LB,"MILK - PRODUCTION, MEASURED IN LB",TOTAL,NOT SPECIFIED,STATE,04,04,AZ,ARIZONA,,,,,,,,00000000,,,9000,UNITED STATES,ARIZONA,2022,MONTHLY,01,01,JAN,,2024-02-02 15:00:00.000,"410,000,000",
SURVEY,ANIMALS & PRODUCTS,DAIRY,MILK,ALL CLASSES,ALL PRODUCTION PRACTICES,ALL UTILIZATION PRACTICES,PRODUCTION,LB,"MILK - PRODUCTION, MEASURED IN LB",TOTAL,NOT SPECIFIED,STATE,04,04,AZ,ARIZONA,,,,,,,,00000000,,,9000,UNITED STATES,ARIZONA,2022,MONTHLY,01,03,JAN THRU MAR,,2024-02-02 15:00:00.000,"1,256,000,000",
SURVEY,ANIMALS & PRODUCTS,DAIRY,MILK,ALL CLASSES,ALL PRODUCTION PRACTICES,ALL UTILIZATION PRACTICES,PRODUCTION,LB,"MILK - PRODUCTION, MEASURED IN LB",TOTAL,NOT SPECIFIED,STATE,04,04,AZ,ARIZONA,,,,,,,,00000000,,,9000,UNITED STATES,ARIZONA,2022,MONTHLY,02,02,FEB,,2024-02-02 15:00:00.000,"394,000,000",
SURVEY,ANIMALS & PRODUCTS,DAIRY,MILK,ALL CLASSES,ALL PRODUCTION PRACTICES,ALL UTILIZATION PRACTICES,PRODUCTION,LB,"MILK - PRODUCTION, MEASURED IN LB",TOTAL,NOT SPECIFIED,STATE,04,04,AZ,ARIZONA,,,,,,,,00000000,,,9000,UNITED STATES,ARIZONA,2022,MONTHLY,03,03,MAR,,2024-02-02 15:00:00.000,"452,000,000",
SURVEY,ANIMALS & PRODUCTS,DAIRY,MILK,ALL CLASSES,ALL PRODUCTION PRACTICES,ALL UTILIZATION PRACTICES,PRODUCTION,LB,"MILK - PRODUCTION, MEASURED IN LB",TOTAL,NOT SPECIFIED,STATE,04,04,AZ,ARIZONA,,,,,,,,00000000,,,9000,UNITED STATES,ARIZONA,2022,MONTHLY,04,04,APR,,2024-02-02 15:00:00.000,"433,000,000",
SURVEY,ANIMALS & PRODUCTS,DAIRY,MILK,ALL CLASSES,ALL PRODUCTION PRACTICES,ALL UTILIZATION PRACTICES,PRODUCTION,LB,"MILK - PRODUCTION, MEASURED IN LB",TOTAL,NOT SPECIFIED,STATE,04,04,AZ,ARIZONA,,,,,,,,00000000,,,9000,UNITED STATES,ARIZONA,2022,MONTHLY,04,06,APR THRU JUN,,2024-02-02 15:00:00.000,"1,264,000,000",
SURVEY,ANIMALS & PRODUCTS,DAIRY,MILK,ALL CLASSES,ALL PRODUCTION PRACTICES,ALL UTILIZATION PRACTICES,PRODUCTION,LB,"MILK - PRODUCTION, MEASURED IN LB",TOTAL,NOT SPECIFIED,STATE,04,04,AZ,ARIZONA,,,,,,,,00000000,,,9000,UNITED STATES,ARIZONA,2022,MONTHLY,05,05,MAY,,2024-02-02 15:00:00.000,"433,000,000",
SURVEY,ANIMALS & PRODUCTS,DAIRY,MILK,ALL CLASSES,ALL PRODUCTION PRACTICES,ALL UTILIZATION PRACTICES,PRODUCTION,LB,"MILK - PRODUCTION, MEASURED IN LB",TOTAL,NOT SPECIFIED,STATE,04,04,AZ,ARIZONA,,,,,,,,00000000,,,9000,UNITED STATES,ARIZONA,2022,MONTHLY,06,06,JUN,,2024-02-02 15:00:00.000,"398,000,000",
SURVEY,ANIMALS & PRODUCTS,DAIRY,MILK,ALL CLASSES,ALL PRODUCTION PRACTICES,ALL UTILIZATION PRACTICES,PRODUCTION,LB,"MILK - PRODUCTION, MEASURED IN LB",TOTAL,NOT SPECIFIED,STATE,04,04,AZ,ARIZONA,,,,,,,,00000000,,,9000,UNITED STATES,ARIZONA,2022,MONTHLY,07,07,JUL,,2024-02-02 15:00:00.000,"375,000,000",
SURVEY,ANIMALS & PRODUCTS,DAIRY,MILK,ALL CLASSES,ALL PRODUCTION PRACTICES,ALL UTILIZATION PRACTICES,PRODUCTION,LB,"MILK - PRODUCTION, MEASURED IN LB",TOTAL,NOT SPECIFIED,STATE,04,04,AZ,ARIZONA,,,,,,,,00000000,,,9000,UNITED STATES,ARIZONA,2022,MONTHLY,07,09,JUL THRU SEP,,2024-02-02 15:00:00.000,"1,085,000,000",
SURVEY,ANIMALS & PRODUCTS,DAIRY,MILK,ALL CLASSES,ALL PRODUCTION PRACTICES,ALL UTILIZATION PRACTICES,PRODUCTION,LB,"MILK - PRODUCTION, MEASURED IN LB",TOTAL,NOT SPECIFIED,STATE,04,04,AZ,ARIZONA,,,,,,,,00000000,,,9000,UNITED STATES,ARIZONA,2022,MONTHLY,08,08,AUG,,2024-02-02 15:00:00.000,"361,000,000",
SURVEY,ANIMALS & PRODUCTS,DAIRY,MILK,ALL CLASSES,ALL PRODUCTION PRACTICES,ALL UTILIZATION PRACTICES,PRODUCTION,LB,"MILK - PRODUCTION, MEASURED IN LB",TOTAL,NOT SPECIFIED,STATE,04,04,AZ,ARIZONA,,,,,,,,00000000,,,9000,UNITED STATES,ARIZONA,2022,MONTHLY,09,09,SEP,,2024-02-02 15:00:00.000,"349,000,000",
SURVEY,ANIMALS & PRODUCTS,DAIRY,MILK,ALL CLASSES,ALL PRODUCTION PRACTICES,ALL UTILIZATION PRACTICES,PRODUCTION,LB,"MILK - PRODUCTION, MEASURED IN LB",TOTAL,NOT SPECIFIED,STATE,04,04,AZ,ARIZONA,,,,,,,,00000000,,,9000,UNITED STATES,ARIZONA,2022,MONTHLY,10,10,OCT,,2024-02-02 15:00:00.000,"377,000,000",
SURVEY,ANIMALS & PRODUCTS,DAIRY,MILK,ALL CLASSES,ALL PRODUCTION PRACTICES,ALL UTILIZATION PRACTICES,PRODUCTION,LB,"MILK - PRODUCTION, MEASURED IN LB",TOTAL,NOT SPECIFIED,STATE,04,04,AZ,ARIZONA,,,,,,,,00000000,,,9000,UNITED STATES,ARIZONA,2022,MONTHLY,10,12,OCT THRU DEC,,2024-02-02 15:00:00.000,"1,167,000,000",
SURVEY,ANIMALS & PRODUCTS,DAIRY,MILK,ALL CLASSES,ALL PRODUCTION PRACTICES,ALL UTILIZATION PRACTICES,PRODUCTION,LB,"MILK - PRODUCTION, MEASURED IN LB",TOTAL,NOT SPECIFIED,STATE,04,04,AZ,ARIZONA,,,,,,,,00000000,,,9000,UNITED STATES,ARIZONA,2022,MONTHLY,11,11,NOV,,2024-02-02 15:00:00.000,"383,000,000",
SURVEY,ANIMALS & PRODUCTS,DAIRY,MILK,ALL CLASSES,ALL PRODUCTION PRACTICES,ALL UTILIZATION PRACTICES,PRODUCTION,LB,"MILK - PRODUCTION, MEASURED IN LB",TOTAL,NOT SPECIFIED,STATE,04,04,AZ,ARIZONA,,,,,,,,00000000,,,9000,UNITED STATES,ARIZONA,2022,MONTHLY,12,12,DEC,,2024-02-02 15:00:00.000,"407,000,000",
SURVEY,ANIMALS & PRODUCTS,DAIRY,MILK,ALL CLASSES,ALL PRODUCTION PRACTICES,ALL UTILIZATION PRACTICES,PRODUCTION,LB,"MILK - PRODUCTION, MEASURED IN LB",TOTAL,NOT SPECIFIED,STATE,05,05,AR,ARKANSAS,,,,,,,,00000000,,,9000,UNITED STATES,ARKANSAS,2022,MONTHLY,01,03,JAN THRU MAR,,2024-02-02 15:00:00.000,"13,000,000",
SURVEY,ANIMALS & PRODUCTS,DAIRY,MILK,ALL CLASSES,ALL PRODUCTION PRACTICES,ALL UTILIZATION PRACTICES,PRODUCTION,LB,"MILK - PRODUCTION, MEASURED IN LB",TOTAL,NOT SPECIFIED,STATE,05,05,AR,ARKANSAS,,,,,,,,00000000,,,9000,UNITED STATES,ARKANSAS,2022,MONTHLY,04,06,APR THRU JUN,,2024-02-02 15:00:00.000,"13,000,000",
SURVEY,ANIMALS & PRODUCTS,DAIRY,MILK,ALL CLASSES,ALL PRODUCTION PRACTICES,ALL UTILIZATION PRACTICES,PRODUCTION,LB,"MILK - PRODUCTION, MEASURED IN LB",TOTAL,NOT SPECIFIED,STATE,05,05,AR,ARKANSAS,,,,,,,,00000000,,,9000,UNITED STATES,ARKANSAS,2022,MONTHLY,07,09,JUL THRU SEP,,2024-02-02 15:00:00.000,"9,000,000",
SURVEY,ANIMALS & PRODUCTS,DAIRY,MILK,ALL CLASSES,ALL PRODUCTION PRACTICES,ALL UTILIZATION PRACTICES,PRODUCTION,LB,"MILK - PRODUCTION, MEASURED IN LB",TOTAL,NOT SPECIFIED,STATE,05,05,AR,ARKANSAS,,,,,,,,00000000,,,9000,UNITED STATES,ARKANSAS,2022,MONTHLY,10,12,OCT THRU DEC,,2024-02-02 15:00:00.000,"10,000,000",
SURVEY,ANIMALS & PRODUCTS,DAIRY,MILK,ALL CLASSES,ALL PRODUCTION PRACTICES,ALL UTILIZATION PRACTICES,PRODUCTION,LB,"MILK - PRODUCTION, MEASURED IN LB",TOTAL,NOT SPECIFIED,STATE,06,06,CA,CALIFORNIA,,,,,,,,00000000,,,9000,UNITED STATES,CALIFORNIA,2022,MONTHLY,01,01,JAN,,2024-02-02 15:00:00.000,"3,535,000,000",
SURVEY,ANIMALS & PRODUCTS,DAIRY,MILK,ALL CLASSES,ALL PRODUCTION PRACTICES,ALL UTILIZATION PRACTICES,PRODUCTION,LB,"MILK - PRODUCTION, MEASURED IN LB",TOTAL,NOT SPECIFIED,STATE,06,06,CA,CALIFORNIA,,,,,,,,00000000,,,9000,UNITED STATES,CALIFORNIA,2022,MONTHLY,01,03,JAN THRU MAR,,2024-02-02 15:00:00.000,"10,566,000,000",
SURVEY,ANIMALS & PRODUCTS,DAIRY,MILK,ALL CLASSES,ALL PRODUCTION PRACTICES,ALL UTILIZATION PRACTICES,PRODUCTION,LB,"MILK - PRODUCTION, MEASURED IN LB",TOTAL,NOT SPECIFIED,STATE,06,06,CA,CALIFORNIA,,,,,,,,00000000,,,9000,UNITED STATES,CALIFORNIA,2022,MONTHLY,02,02,FEB,,2024-02-02 15:00:00.000,"3,309,000,000",
SURVEY,ANIMALS & PRODUCTS,DAIRY,MILK,ALL CLASSES,ALL PRODUCTION PRACTICES,ALL UTILIZATION PRACTICES,PRODUCTION,LB,"MILK - PRODUCTION, MEASURED IN LB",TOTAL,NOT SPECIFIED,STATE,06,06,CA,CALIFORNIA,,,,,,,,00000000,,,9000,UNITED STATES,CALIFORNIA,2022,MONTHLY,03,03,MAR,,2024-02-02 15:00:00.000,"3,722,000,000",
SURVEY,ANIMALS & PRODUCTS,DAIRY,MILK,ALL CLASSES,ALL PRODUCTION PRACTICES,ALL UTILIZATION PRACTICES,PRODUCTION,LB,"MILK - PRODUCTION, MEASURED IN LB",TOTAL,NOT SPECIFIED,STATE,06,06,CA,CALIFORNIA,,,,,,,,00000000,,,9000,UNITED STATES,CALIFORNIA,2022,MONTHLY,04,04,APR,,2024-02-02 15:00:00.000,"3,610,000,000",
SURVEY,ANIMALS & PRODUCTS,DAIRY,MILK,ALL CLASSES,ALL PRODUCTION PRACTICES,ALL UTILIZATION PRACTICES,PRODUCTION,LB,"MILK - PRODUCTION, MEASURED IN LB",TOTAL,NOT SPECIFIED,STATE,06,06,CA,CALIFORNIA,,,,,,,,00000000,,,9000,UNITED STATES,CALIFORNIA,2022,MONTHLY,04,06,APR THRU JUN,,2024-02-02 15:00:00.000,"10,752,000,000",
SURVEY,ANIMALS & PRODUCTS,DAIRY,MILK,ALL CLASSES,ALL PRODUCTION PRACTICES,ALL UTILIZATION PRACTICES,PRODUCTION,LB,"MILK - PRODUCTION, MEASURED IN LB",TOTAL,NOT SPECIFIED,STATE,06,06,CA,CALIFORNIA,,,,,,,,00000000,,,9000,UNITED STATES,CALIFORNIA,2022,MONTHLY,05,05,MAY,,2024-02-02 15:00:00.000,"3,670,000,000",
SURVEY,ANIMALS & PRODUCTS,DAIRY,MILK,ALL CLASSES,ALL PRODUCTION PRACTICES,ALL UTILIZATION PRACTICES,PRODUCTION,LB,"MILK - PRODUCTION, MEASURED IN LB",TOTAL,NOT SPECIFIED,STATE,06,06,CA,CALIFORNIA,,,,,,,,00000000,,,9000,UNITED STATES,CALIFORNIA,2022,MONTHLY,06,06,JUN,,2024-02-02 15:00:00.000,"3,472,000,000",
SURVEY,ANIMALS & PRODUCTS,DAIRY,MILK,ALL CLASSES,ALL PRODUCTION PRACTICES,ALL UTILIZATION PRACTICES,PRODUCTION,LB,"MILK - PRODUCTION, MEASURED IN LB",TOTAL,NOT SPECIFIED,STATE,06,06,CA,CALIFORNIA,,,,,,,,00000000,,,9000,UNITED STATES,CALIFORNIA,2022,MONTHLY,07,07,JUL,,2024-02-02 15:00:00.000,"3,524,000,000",
SURVEY,ANIMALS & PRODUCTS,DAIRY,MILK,ALL CLASSES,ALL PRODUCTION PRACTICES,ALL UTILIZATION PRACTICES,PRODUCTION,LB,"MILK - PRODUCTION, MEASURED IN LB",TOTAL,NOT SPECIFIED,STATE,06,06,CA,CALIFORNIA,,,,,,,,00000000,,,9000,UNITED STATES,CALIFORNIA,2022,MONTHLY,07,09,JUL THRU SEP,,2024-02-02 15:00:00.000,"10,265,000,000",
SURVEY,ANIMALS & PRODUCTS,DAIRY,MILK,ALL CLASSES,ALL PRODUCTION PRACTICES,ALL UTILIZATION PRACTICES,PRODUCTION,LB,"MILK - PRODUCTION, MEASURED IN LB",TOTAL,NOT SPECIFIED,STATE,06,06,CA,CALIFORNIA,,,,,,,,00000000,,,9000,UNITED STATES,CALIFORNIA,2022,MONTHLY,08,08,AUG,,2024-02-02 15:00:00.000,"3,464,000,000",
SURVEY,ANIMALS & PRODUCTS,DAIRY,MILK,ALL CLASSES,ALL PRODUCTION PRACTICES,ALL UTILIZATION PRACTICES,PRODUCTION,LB,"MILK - PRODUCTION, MEASURED IN LB",TOTAL,NOT SPECIFIED,STATE,06,06,CA,CALIFORNIA,,,,,,,,00000000,,,9000,UNITED STATES,CALIFORNIA,2022,MONTHLY,09,09,SEP,,2024-02-02 15:00:00.000,"3,277,000,000",
SURVEY,ANIMALS & PRODUCTS,DAIRY,MILK,ALL CLASSES,ALL PRODUCTION PRACTICES,ALL UTILIZATION PRACTICES,PRODUCTION,LB,"MILK - PRODUCTION, MEASURED IN LB",TOTAL,NOT SPECIFIED,STATE,06,06,CA,CALIFORNIA,,,,,,,,00000000,,,9000,UNITED STATES,CALIFORNIA,2022,MONTHLY,10,10,OCT,,2024-02-02 15:00:00.000,"3,406,000,000",
SURVEY,ANIMALS & PRODUCTS,DAIRY,MILK,ALL CLASSES,ALL PRODUCTION PRACTICES,ALL UTILIZATION PRACTICES,PRODUCTION,LB,"MILK - PRODUCTION, MEASURED IN LB",TOTAL,NOT SPECIFIED,STATE,06,06,CA,CALIFORNIA,,,,,,,,00000000,,,9000,UNITED STATES,CALIFORNIA,2022,MONTHLY,10,12,OCT THRU DEC,,2024-02-02 15:00:00.000,"10,217,000,000",
SURVEY,ANIMALS & PRODUCTS,DAIRY,MILK,ALL CLASSES,ALL PRODUCTION PRACTICES,ALL UTILIZATION PRACTICES,PRODUCTION,LB,"MILK - PRODUCTION, MEASURED IN LB",TOTAL,NOT SPECIFIED,STATE,06,06,CA,CALIFORNIA,,,,,,,,00000000,,,9000,UNITED STATES,CALIFORNIA,2022,MONTHLY,11,11,NOV,,2024-02-02 15:00:00.000,"3,328,000,000",
SURVEY,ANIMALS & PRODUCTS,DAIRY,MILK,ALL CLASSES,ALL PRODUCTION PRACTICES,ALL UTILIZATION PRACTICES,PRODUCTION,LB,"MILK - PRODUCTION, MEASURED IN LB",TOTAL,NOT SPECIFIED,STATE,06,06,CA,CALIFORNIA,,,,,,,,00000000,,,9000,UNITED STATES,CALIFORNIA,2022,MONTHLY,12,12,DEC,,2024-02-02 15:00:00.000,"3,483,000,000",
SURVEY,ANIMALS & PRODUCTS,DAIRY,MILK,ALL CLASSES,ALL PRODUCTION PRACTICES,ALL UTILIZATION PRACTICES,PRODUCTION,LB,"MILK - PRODUCTION, MEASURED IN LB",TOTAL,NOT SPECIFIED,STATE,08,08,CO,COLORADO,,,,,,,,00000000,,,9000,UNITED STATES,COLORADO,2022,MONTHLY,01,01,JAN,,2024-02-02 15:00:00.000,"445,000,000",
SURVEY,ANIMALS & PRODUCTS,DAIRY,MILK,ALL CLASSES,ALL PRODUCTION PRACTICES,ALL UTILIZATION PRACTICES,PRODUCTION,LB,"MILK - PRODUCTION, MEASURED IN LB",TOTAL,NOT SPECIFIED,STATE,08,08,CO,COLORADO,,,,,,,,00000000,,,9000,UNITED STATES,COLORADO,2022,MONTHLY,01,03,JAN THRU MAR,,2024-02-02 15:00:00.000,"1,300,000,000",
SURVEY,ANIMALS & PRODUCTS,DAIRY,MILK,ALL CLASSES,ALL PRODUCTION PRACTICES,ALL UTILIZATION PRACTICES,PRODUCTION,LB,"MILK - PRODUCTION, MEASURED IN LB",TOTAL,NOT SPECIFIED,STATE,08,08,CO,COLORADO,,,,,,,,00000000,,,9000,UNITED STATES,COLORADO,2022,MONTHLY,02,02,FEB,,2024-02-02 15:00:00.000,"402,000,000",
SURVEY,ANIMALS & PRODUCTS,DAIRY,MILK,ALL CLASSES,ALL PRODUCTION PRACTICES,ALL UTILIZATION PRACTICES,PRODUCTION,LB,"MILK - PRODUCTION, MEASURED IN LB",TOTAL,NOT SPECIFIED,STATE,08,08,CO,COLORADO,,,,,,,,00000000,,,9000,UNITED STATES,COLORADO,2022,MONTHLY,03,03,MAR,,2024-02-02 15:00:00.000,"453,000,000",
SURVEY,ANIMALS & PRODUCTS,DAIRY,MILK,ALL CLASSES,ALL PRODUCTION PRACTICES,ALL UTILIZATION PRACTICES,PRODUCTION,LB,"MILK - PRODUCTION, MEASURED IN LB",TOTAL,NOT SPECIFIED,STATE,08,08,CO,COLORADO,,,,,,,,00000000,,,9000,UNITED STATES,COLORADO,2022,MONTHLY,04,04,APR,,2024-02-02 15:00:00.000,"441,000,000",
SURVEY,ANIMALS & PRODUCTS,DAIRY,MILK,ALL CLASSES,ALL PRODUCTION PRACTICES,ALL UTILIZATION PRACTICES,PRODUCTION,LB,"MILK - PRODUCTION, MEASURED IN LB",TOTAL,NOT SPECIFIED,STATE,08,08,CO,COLORADO,,,,,,,,00000000,,,9000,UNITED STATES,COLORADO,2022,MONTHLY,04,06,APR THRU JUN,,2024-02-02 15:00:00.000,"1,347,000,000",
SURVEY,ANIMALS & PRODUCTS,DAIRY,MILK,ALL CLASSES,ALL PRODUCTION PRACTICES,ALL UTILIZATION PRACTICES,PRODUCTION,LB,"MILK - PRODUCTION, MEASURED IN LB",TOTAL,NOT SPECIFIED,STATE,08,08,CO,COLORADO,,,,,,,,00000000,,,9000,UNITED STATES,COLORADO,2022,MONTHLY,05,05,MAY,,2024-02-02 15:00:00.000,"460,000,000",
SURVEY,ANIMALS & PRODUCTS,DAIRY,MILK,ALL CLASSES,ALL PRODUCTION PRACTICES,ALL UTILIZATION PRACTICES,PRODUCTION,LB,"MILK - PRODUCTION, MEASURED IN LB",TOTAL,NOT SPECIFIED,STATE,08,08,CO,COLORADO,,,,,,,,00000000,,,9000,UNITED STATES,COLORADO,2022,MONTHLY,06,06,JUN,,2024-02-02 15:00:00.000,"446,000,000",
SURVEY,ANIMALS & PRODUCTS,DAIRY,MILK,ALL CLASSES,ALL PRODUCTION PRACTICES,ALL UTILIZATION PRACTICES,PRODUCTION,LB,"MILK - PRODUCTION, MEASURED IN LB",TOTAL,NOT SPECIFIED,STATE,08,08,CO,COLORADO,,,,,,,,00000000,,,9000,UNITED STATES,COLORADO,2022,MONTHLY,07,07,JUL,,2024-02-02 15:00:00.000,"457,000,000",
SURVEY,ANIMALS & PRODUCTS,DAIRY,MILK,ALL CLASSES,ALL PRODUCTION PRACTICES,ALL UTILIZATION PRACTICES,PRODUCTION,LB,"MILK - PRODUCTION, MEASURED IN LB",TOTAL,NOT SPECIFIED,STATE,08,08,CO,COLORADO,,,,,,,,00000000,,,9000,UNITED STATES,COLORADO,2022,MONTHLY,07,09,JUL THRU SEP,,2024-02-02 15:00:00.000,"1,352,000,000",
SURVEY,ANIMALS & PRODUCTS,DAIRY,MILK,ALL CLASSES,ALL PRODUCTION PRACTICES,ALL UTILIZATION PRACTICES,PRODUCTION,LB,"MILK - PRODUCTION, MEASURED IN LB",TOTAL,NOT SPECIFIED,STATE,08,08,CO,COLORADO,,,,,,,,00000000,,,9000,UNITED STATES,COLORADO,2022,MONTHLY,08,08,AUG,,2024-02-02 15:00:00.000,"456,000,000",
SURVEY,ANIMALS & PRODUCTS,DAIRY,MILK,ALL CLASSES,ALL PRODUCTION PRACTICES,ALL UTILIZATION PRACTICES,PRODUCTION,LB,"MILK - PRODUCTION, MEASURED IN LB",TOTAL,NOT SPECIFIED,STATE,08,08,CO,COLORADO,,,,,,,,00000000,,,9000,UNITED STATES,COLORADO,2022,MONTHLY,09,09,SEP,,2024-02-02 15:00:00.000,"439,000,000",
SURVEY,ANIMALS & PRODUCTS,DAIRY,MILK,ALL CLASSES,ALL PRODUCTION PRACTICES,ALL UTILIZATION PRACTICES,PRODUCTION,LB,"MILK - PRODUCTION, MEASURED IN LB",TOTAL,NOT SPECIFIED,STATE,08,08,CO,COLORADO,,,,,,,,00000000,,,9000,UNITED STATES,COLORADO,2022,MONTHLY,10,10,OCT,,2024-02-02 15:00:00.000,"445,000,000",
SURVEY,ANIMALS & PRODUCTS,DAIRY,MILK,ALL CLASSES,ALL PRODUCTION PRACTICES,ALL UTILIZATION PRACTICES,PRODUCTION,LB,"MILK - PRODUCTION, MEASURED IN LB",TOTAL,NOT SPECIFIED,STATE,08,08,CO,COLORADO,,,,,,,,00000000,,,9000,UNITED STATES,COLORADO,2022,MONTHLY,10,12,OCT THRU DEC,,2024-02-02 15:00:00.000,"1,315,000,000",
SURVEY,ANIMALS & PRODUCTS,DAIRY,MILK,ALL CLASSES,ALL PRODUCTION PRACTICES,ALL UTILIZATION PRACTICES,PRODUCTION,LB,"MILK - PRODUCTION, MEASURED IN LB",TOTAL,NOT SPECIFIED,STATE,08,08,CO,COLORADO,,,,,,,,00000000,,,9000,UNITED STATES,COLORADO,2022,MONTHLY,11,11,NOV,,2024-02-02 15:00:00.000,"427,000,000",
SURVEY,ANIMALS & PRODUCTS,DAIRY,MILK,ALL CLASSES,ALL PRODUCTION PRACTICES,ALL UTILIZATION PRACTICES,PRODUCTION,LB,"MILK - PRODUCTION, MEASURED IN LB",TOTAL,NOT SPECIFIED,STATE,08,08,CO,COLORADO,,,,,,,,00000000,,,9000,UNITED STATES,COLORADO,2022,MONTHLY,12,12,DEC,,2024-02-02 15:00:00.000,"443,000,000",
SURVEY,ANIMALS & PRODUCTS,DAIRY,MILK,ALL CLASSES,ALL PRODUCTION PRACTICES,ALL UTILIZATION PRACTICES,PRODUCTION,LB,"MILK - PRODUCTION, MEASURED IN LB",TOTAL,NOT SPECIFIED,STATE,09,09,CT,CONNECTICUT,,,,,,,,00000000,,,9000,UNITED STATES,CONNECTICUT,2022,MONTHLY,01,03,JAN THRU MAR,,2024-02-02 15:00:00.000,"108,000,000",
SURVEY,ANIMALS & PRODUCTS,DAIRY,MILK,ALL CLASSES,ALL PRODUCTION PRACTICES,ALL UTILIZATION PRACTICES,PRODUCTION,LB,"MILK - PRODUCTION, MEASURED IN LB",TOTAL,NOT SPECIFIED,STATE,09,09,CT,CONNECTICUT,,,,,,,,00000000,,,9000,UNITED STATES,CONNECTICUT,2022,MONTHLY,04,06,APR THRU JUN,,2024-02-02 15:00:00.000,"111,000,000",
SURVEY,ANIMALS & PRODUCTS,DAIRY,MILK,ALL CLASSES,ALL PRODUCTION PRACTICES,ALL UTILIZATION PRACTICES,PRODUCTION,LB,"MILK - PRODUCTION, MEASURED IN LB",TOTAL,NOT SPECIFIED,STATE,09,09,CT,CONNECTICUT,,,,,,,,00000000,,,9000,UNITED STATES,CONNECTICUT,2022,MONTHLY,07,09,JUL THRU SEP,,2024-02-02 15:00:00.000,"106,000,000",
SURVEY,ANIMALS & PRODUCTS,DAIRY,MILK,ALL CLASSES,ALL PRODUCTION PRACTICES,ALL UTILIZATION PRACTICES,PRODUCTION,LB,"MILK - PRODUCTION, MEASURED IN LB",TOTAL,NOT SPECIFIED,STATE,09,09,CT,CONNECTICUT,,,,,,,,00000000,,,9000,UNITED STATES,CONNECTICUT,2022,MONTHLY,10,12,OCT THRU DEC,,2024-02-02 15:00:00.000,"105,000,000",
SURVEY,ANIMALS & PRODUCTS,DAIRY,MILK,ALL CLASSES,ALL PRODUCTION PRACTICES,ALL UTILIZATION PRACTICES,PRODUCTION,LB,"MILK - PRODUCTION, MEASURED IN LB",TOTAL,NOT SPECIFIED,STATE,10,10,DE,DELAWARE,,,,,,,,00000000,,,9000,UNITED STATES,DELAWARE,2022,MONTHLY,01,03,JAN THRU MAR,,2024-02-02 15:00:00.000,"13,000,000",
SURVEY,ANIMALS & PRODUCTS,DAIRY,MILK,ALL CLASSES,ALL PRODUCTION PRACTICES,ALL UTILIZATION PRACTICES,PRODUCTION,LB,"MILK - PRODUCTION, MEASURED IN LB",TOTAL,NOT SPECIFIED,STATE,10,10,DE,DELAWARE,,,,,,,,00000000,,,9000,UNITED STATES,DELAWARE,2022,MONTHLY,04,06,APR THRU JUN,,2024-02-02 15:00:00.000,"12,900,000",
SURVEY,ANIMALS & PRODUCTS,DAIRY,MILK,ALL CLASSES,ALL PRODUCTION PRACTICES,ALL UTILIZATION PRACTICES,PRODUCTION,LB,"MILK - PRODUCTION, MEASURED IN LB",TOTAL,NOT SPECIFIED,STATE,10,10,DE,DELAWARE,,,,,,,,00000000,,,9000,UNITED STATES,DELAWARE,2022,MONTHLY,07,09,JUL THRU SEP,,2024-02-02 15:00:00.000,"11,000,000",
SURVEY,ANIMALS & PRODUCTS,DAIRY,MILK,ALL CLASSES,ALL PRODUCTION PRACTICES,ALL UTILIZATION PRACTICES,PRODUCTION,LB,"MILK - PRODUCTION, MEASURED IN LB",TOTAL,NOT SPECIFIED,STATE,10,10,DE,DELAWARE,,,,,,,,00000000,,,9000,UNITED STATES,DELAWARE,2022,MONTHLY,10,12,OCT THRU DEC,,2024-02-02 15:00:00.000,"11,200,000",
SURVEY,ANIMALS & PRODUCTS,DAIRY,MILK,ALL CLASSES,ALL PRODUCTION PRACTICES,ALL UTILIZATION PRACTICES,PRODUCTION,LB,"MILK - PRODUCTION, MEASURED IN LB",TOTAL,NOT SPECIFIED,STATE,12,12,FL,FLORIDA,,,,,,,,00000000,,,9000,UNITED STATES,FLORIDA,2022,MONTHLY,01,01,JAN,,2024-02-02 15:00:00.000,"183,000,000",
SURVEY,ANIMALS & PRODUCTS,DAIRY,MILK,ALL CLASSES,ALL PRODUCTION PRACTICES,ALL UTILIZATION PRACTICES,PRODUCTION,LB,"MILK - PRODUCTION, MEASURED IN LB",TOTAL,NOT SPECIFIED,STATE,12,12,FL,FLORIDA,,,,,,,,00000000,,,9000,UNITED STATES,FLORIDA,2022,MONTHLY,01,03,JAN THRU MAR,,2024-02-02 15:00:00.000,"529,000,000",
SURVEY,ANIMALS & PRODUCTS,DAIRY,MILK,ALL CLASSES,ALL PRODUCTION PRACTICES,ALL UTILIZATION PRACTICES,PRODUCTION,LB,"MILK - PRODUCTION, MEASURED IN LB",TOTAL,NOT SPECIFIED,STATE,12,12,FL,FLORIDA,,,,,,,,00000000,,,9000,UNITED STATES,FLORIDA,2022,MONTHLY,02,02,FEB,,2024-02-02 15:00:00.000,"163,000,000",
SURVEY,ANIMALS & PRODUCTS,DAIRY,MILK,ALL CLASSES,ALL PRODUCTION PRACTICES,ALL UTILIZATION PRACTICES,PRODUCTION,LB,"MILK - PRODUCTION, MEASURED IN LB",TOTAL,NOT SPECIFIED,STATE,12,12,FL,FLORIDA,,,,,,,,00000000,,,9000,UNITED STATES,FLORIDA,2022,MONTHLY,03,03,MAR,,2024-02-02 15:00:00.000,"183,000,000",
SURVEY,ANIMALS & PRODUCTS,DAIRY,MILK,ALL CLASSES,ALL PRODUCTION PRACTICES,ALL UTILIZATION PRACTICES,PRODUCTION,LB,"MILK - PRODUCTION, MEASURED IN LB",TOTAL,NOT SPECIFIED,STATE,12,12,FL,FLORIDA,,,,,,,,00000000,,,9000,UNITED STATES,FLORIDA,2022,MONTHLY,04,04,APR,,2024-02-02 15:00:00.000,"174,000,000",
SURVEY,ANIMALS & PRODUCTS,DAIRY,MILK,ALL CLASSES,ALL PRODUCTION PRACTICES,ALL UTILIZATION PRACTICES,PRODUCTION,LB,"MILK - PRODUCTION, MEASURED IN LB",TOTAL,NOT SPECIFIED,STATE,12,12,FL,FLORIDA,,,,,,,,00000000,,,9000,UNITED STATES,FLORIDA,2022,MONTHLY,04,06,APR THRU JUN,,2024-02-02 15:00:00.000,"516,000,000",
SURVEY,ANIMALS & PRODUCTS,DAIRY,MILK,ALL CLASSES,ALL PRODUCTION PRACTICES,ALL UTILIZATION PRACTICES,PRODUCTION,LB,"MILK - PRODUCTION, MEASURED IN LB",TOTAL,NOT SPECIFIED,STATE,12,12,FL,FLORIDA,,,,,,,,00000000,,,9000,UNITED STATES,FLORIDA,2022,MONTHLY,05,05,MAY,,2024-02-02 15:00:00.000,"180,000,000",
SURVEY,ANIMALS & PRODUCTS,DAIRY,MILK,ALL CLASSES,ALL PRODUCTION PRACTICES,ALL UTILIZATION PRACTICES,PRODUCTION,LB,"MILK - PRODUCTION, MEASURED IN LB",TOTAL,NOT SPECIFIED,STATE,12,12,FL,FLORIDA,,,,,,,,00000000,,,9000,UNITED STATES,FLORIDA,2022,MONTHLY,06,06,JUN,,2024-02-02 15:00:00.000,"162,000,000",
SURVEY,ANIMALS & PRODUCTS,DAIRY,MILK,ALL CLASSES,ALL PRODUCTION PRACTICES,ALL UTILIZATION PRACTICES,PRODUCTION,LB,"MILK - PRODUCTION, MEASURED IN LB",TOTAL,NOT SPECIFIED,STATE,12,12,FL,FLORIDA,,,,,,,,00000000,,,9000,UNITED STATES,FLORIDA,2022,MONTHLY,07,07,JUL,,2024-02-02 15:00:00.000,"154,000,000",
SURVEY,ANIMALS & PRODUCTS,DAIRY,MILK,ALL CLASSES,ALL PRODUCTION PRACTICES,ALL UTILIZATION PRACTICES,PRODUCTION,LB,"MILK - PRODUCTION, MEASURED IN LB",TOTAL,NOT SPECIFIED,STATE,12,12,FL,FLORIDA,,,,,,,,00000000,,,9000,UNITED STATES,FLORIDA,2022,MONTHLY,07,09,JUL THRU SEP,,2024-02-02 15:00:00.000,"434,000,000",
SURVEY,ANIMALS & PRODUCTS,DAIRY,MILK,ALL CLASSES,ALL PRODUCTION PRACTICES,ALL UTILIZATION PRACTICES,PRODUCTION,LB,"MILK - PRODUCTION, MEASURED IN LB",TOTAL,NOT SPECIFIED,STATE,12,12,FL,FLORIDA,,,,,,,,00000000,,,9000,UNITED STATES,FLORIDA,2022,MONTHLY,08,08,AUG,,2024-02-02 15:00:00.000,"147,000,000",
SURVEY,ANIMALS & PRODUCTS,DAIRY,MILK,ALL CLASSES,ALL PRODUCTION PRACTICES,ALL UTILIZATION PRACTICES,PRODUCTION,LB,"MILK - PRODUCTION, MEASURED IN LB",TOTAL,NOT SPECIFIED,STATE,12,12,FL,FLORIDA,,,,,,,,00000000,,,9000,UNITED STATES,FLORIDA,2022,MONTHLY,09,09,SEP,,2024-02-02 15:00:00.000,"133,000,000",
SURVEY,ANIMALS & PRODUCTS,DAIRY,MILK,ALL CLASSES,ALL PRODUCTION PRACTICES,ALL UTILIZATION PRACTICES,PRODUCTION,LB,"MILK - PRODUCTION, MEASURED IN LB",TOTAL,NOT SPECIFIED,STATE,12,12,FL,FLORIDA,,,,,,,,00000000,,,9000,UNITED STATES,FLORIDA,2022,MONTHLY,10,10,OCT,,2024-02-02 15:00:00.000,"146,000,000",
SURVEY,ANIMALS & PRODUCTS,DAIRY,MILK,ALL CLASSES,ALL PRODUCTION PRACTICES,ALL UTILIZATION PRACTICES,PRODUCTION,LB,"MILK - PRODUCTION, MEASURED IN LB",TOTAL,NOT SPECIFIED,STATE,12,12,FL,FLORIDA,,,,,,,,00000000,,,9000,UNITED STATES,FLORIDA,2022,MONTHLY,10,12,OCT THRU DEC,,2024-02-02 15:00:00.000,"448,000,000",
SURVEY,ANIMALS & PRODUCTS,DAIRY,MILK,ALL CLASSES,ALL PRODUCTION PRACTICES,ALL UTILIZATION PRACTICES,PRODUCTION,LB,"MILK - PRODUCTION, MEASURED IN LB",TOTAL,NOT SPECIFIED,STATE,12,12,FL,FLORIDA,,,,,,,,00000000,,,9000,UNITED STATES,FLORIDA,2022,MONTHLY,11,11,NOV,,2024-02-02 15:00:00.000,"145,000,000",
SURVEY,ANIMALS & PRODUCTS,DAIRY,MILK,ALL CLASSES,ALL PRODUCTION PRACTICES,ALL UTILIZATION PRACTICES,PRODUCTION,LB,"MILK - PRODUCTION, MEASURED IN LB",TOTAL,NOT SPECIFIED,STATE,12,12,FL,FLORIDA,,,,,,,,00000000,,,9000,UNITED STATES,FLORIDA,2022,MONTHLY,12,12,DEC,,2024-02-02 15:00:00.000,"157,000,000",
SURVEY,ANIMALS & PRODUCTS,DAIRY,MILK,ALL CLASSES,ALL PRODUCTION PRACTICES,ALL UTILIZATION PRACTICES,PRODUCTION,LB,"MILK - PRODUCTION, MEASURED IN LB",TOTAL,NOT SPECIFIED,STATE,13,13,GA,GEORGIA,,,,,,,,00000000,,,9000,UNITED STATES,GEORGIA,2022,MONTHLY,01,01,JAN,,2024-02-02 15:00:00.000,"174,000,000",
SURVEY,ANIMALS & PRODUCTS,DAIRY,MILK,ALL CLASSES,ALL PRODUCTION PRACTICES,ALL UTILIZATION PRACTICES,PRODUCTION,LB,"MILK - PRODUCTION, MEASURED IN LB",TOTAL,NOT SPECIFIED,STATE,13,13,GA,GEORGIA,,,,,,,,00000000,,,9000,UNITED STATES,GEORGIA,2022,MONTHLY,01,03,JAN THRU MAR,,2024-02-02 15:00:00.000,"519,000,000",
SURVEY,ANIMALS & PRODUCTS,DAIRY,MILK,ALL CLASSES,ALL PRODUCTION PRACTICES,ALL UTILIZATION PRACTICES,PRODUCTION,LB,"MILK - PRODUCTION, MEASURED IN LB",TOTAL,NOT SPECIFIED,STATE,13,13,GA,GEORGIA,,,,,,,,00000000,,,9000,UNITED STATES,GEORGIA,2022,MONTHLY,02,02,FEB,,2024-02-02 15:00:00.000,"162,000,000",
SURVEY,ANIMALS & PRODUCTS,DAIRY,MILK,ALL CLASSES,ALL PRODUCTION PRACTICES,ALL UTILIZATION PRACTICES,PRODUCTION,LB,"MILK - PRODUCTION, MEASURED IN LB",TOTAL,NOT SPECIFIED,STATE,13,13,GA,GEORGIA,,,,,,,,00000000,,,9000,UNITED STATES,GEORGIA,2022,MONTHLY,03,03,MAR,,2024-02-02 15:00:00.000,"183,000,000",
SURVEY,ANIMALS & PRODUCTS,DAIRY,MILK,ALL CLASSES,ALL PRODUCTION PRACTICES,ALL UTILIZATION PRACTICES,PRODUCTION,LB,"MILK - PRODUCTION, MEASURED IN LB",TOTAL,NOT SPECIFIED,STATE,13,13,GA,GEORGIA,,,,,,,,00000000,,,9000,UNITED STATES,GEORGIA,2022,MONTHLY,04,04,APR,,2024-02-02 15:00:00.000,"176,000,000",
SURVEY,ANIMALS & PRODUCTS,DAIRY,MILK,ALL CLASSES,ALL PRODUCTION PRACTICES,ALL UTILIZATION PRACTICES,PRODUCTION,LB,"MILK - PRODUCTION, MEASURED IN LB",TOTAL,NOT SPECIFIED,STATE,13,13,GA,GEORGIA,,,,,,,,00000000,,,9000,UNITED STATES,GEORGIA,2022,MONTHLY,04,06,APR THRU JUN,,2024-02-02 15:00:00.000,"519,000,000",
SURVEY,ANIMALS & PRODUCTS,DAIRY,MILK,ALL CLASSES,ALL PRODUCTION PRACTICES,ALL UTILIZATION PRACTICES,PRODUCTION,LB,"MILK - PRODUCTION, MEASURED IN LB",TOTAL,NOT SPECIFIED,STATE,13,13,GA,GEORGIA,,,,,,,,00000000,,,9000,UNITED STATES,GEORGIA,2022,MONTHLY,05,05,MAY,,2024-02-02 15:00:00.000,"177,000,000",
SURVEY,ANIMALS & PRODUCTS,DAIRY,MILK,ALL CLASSES,ALL PRODUCTION PRACTICES,ALL UTILIZATION PRACTICES,PRODUCTION,LB,"MILK - PRODUCTION, MEASURED IN LB",TOTAL,NOT SPECIFIED,STATE,13,13,GA,GEORGIA,,,,,,,,00000000,,,9000,UNITED STATES,GEORGIA,2022,MONTHLY,06,06,JUN,,2024-02-02 15:00:00.000,"166,000,000",
SURVEY,ANIMALS & PRODUCTS,DAIRY,MILK,ALL CLASSES,ALL PRODUCTION PRACTICES,ALL UTILIZATION PRACTICES,PRODUCTION,LB,"MILK - PRODUCTION, MEASURED IN LB",TOTAL,NOT SPECIFIED,STATE,13,13,GA,GEORGIA,,,,,,,,00000000,,,9000,UNITED STATES,GEORGIA,2022,MONTHLY,07,07,JUL,,2024-02-02 15:00:00.000,"167,000,000",
SURVEY,ANIMALS & PRODUCTS,DAIRY,MILK,ALL CLASSES,ALL PRODUCTION PRACTICES,ALL UTILIZATION PRACTICES,PRODUCTION,LB,"MILK - PRODUCTION, MEASURED IN LB",TOTAL,NOT SPECIFIED,STATE,13,13,GA,GEORGIA,,,,,,,,00000000,,,9000,UNITED STATES,GEORGIA,2022,MONTHLY,07,09,JUL THRU SEP,,2024-02-02 15:00:00.000,"486,000,000",
SURVEY,ANIMALS & PRODUCTS,DAIRY,MILK,ALL CLASSES,ALL PRODUCTION PRACTICES,ALL UTILIZATION PRACTICES,PRODUCTION,LB,"MILK - PRODUCTION, MEASURED IN LB",TOTAL,NOT SPECIFIED,STATE,13,13,GA,GEORGIA,,,,,,,,00000000,,,9000,UNITED STATES,GEORGIA,2022,MONTHLY,08,08,AUG,,2024-02-02 15:00:00.000,"163,000,000",
SURVEY,ANIMALS & PRODUCTS,DAIRY,MILK,ALL CLASSES,ALL PRODUCTION PRACTICES,ALL UTILIZATION PRACTICES,PRODUCTION,LB,"MILK - PRODUCTION, MEASURED IN LB",TOTAL,NOT SPECIFIED,STATE,13,13,GA,GEORGIA,,,,,,,,00000000,,,9000,UNITED STATES,GEORGIA,2022,MONTHLY,09,09,SEP,,2024-02-02 15:00:00.000,"156,000,000",
SURVEY,ANIMALS & PRODUCTS,DAIRY,MILK,ALL CLASSES,ALL PRODUCTION PRACTICES,ALL UTILIZATION PRACTICES,PRODUCTION,LB,"MILK - PRODUCTION, MEASURED IN LB",TOTAL,NOT SPECIFIED,STATE,13,13,GA,GEORGIA,,,,,,,,00000000,,,9000,UNITED STATES,GEORGIA,2022,MONTHLY,10,10,OCT,,2024-02-02 15:00:00.000,"167,000,000",
SURVEY,ANIMALS & PRODUCTS,DAIRY,MILK,ALL CLASSES,ALL PRODUCTION PRACTICES,ALL UTILIZATION PRACTICES,PRODUCTION,LB,"MILK - PRODUCTION, MEASURED IN LB",TOTAL,NOT SPECIFIED,STATE,13,13,GA,GEORGIA,,,,,,,,00000000,,,9000,UNITED STATES,GEORGIA,2022,MONTHLY,10,12,OCT THRU DEC,,2024-02-02 15:00:00.000,"504,000,000",
SURVEY,ANIMALS & PRODUCTS,DAIRY,MILK,ALL CLASSES,ALL PRODUCTION PRACTICES,ALL UTILIZATION PRACTICES,PRODUCTION,LB,"MILK - PRODUCTION, MEASURED IN LB",TOTAL,NOT SPECIFIED,STATE,13,13,GA,GEORGIA,,,,,,,,00000000,,,9000,UNITED STATES,GEORGIA,2022,MONTHLY,11,11,NOV,,2024-02-02 15:00:00.000,"162,000,000",
SURVEY,ANIMALS & PRODUCTS,DAIRY,MILK,ALL CLASSES,ALL PRODUCTION PRACTICES,ALL UTILIZATION PRACTICES,PRODUCTION,LB,"MILK - PRODUCTION, MEASURED IN LB",TOTAL,NOT SPECIFIED,STATE,13,13,GA,GEORGIA,,,,,,,,00000000,,,9000,UNITED STATES,GEORGIA,2022,MONTHLY,12,12,DEC,,2024-02-02 15:00:00.000,"175,000,000",
SURVEY,ANIMALS & PRODUCTS,DAIRY,MILK,ALL CLASSES,ALL PRODUCTION PRACTICES,ALL UTILIZATION PRACTICES,PRODUCTION,LB,"MILK - PRODUCTION, MEASURED IN LB",TOTAL,NOT SPECIFIED,STATE,16,16,ID,IDAHO,,,,,,,,00000000,,,9000,UNITED STATES,IDAHO,2022,MONTHLY,01,01,JAN,,2024-02-02 15:00:00.000,"1,366,000,000",
SURVEY,ANIMALS & PRODUCTS,DAIRY,MILK,ALL CLASSES,ALL PRODUCTION PRACTICES,ALL UTILIZATION PRACTICES,PRODUCTION,LB,"MILK - PRODUCTION, MEASURED IN LB",TOTAL,NOT SPECIFIED,STATE,16,16,ID,IDAHO,,,,,,,,00000000,,,9000,UNITED STATES,IDAHO,2022,MONTHLY,01,03,JAN THRU MAR,,2024-02-02 15:00:00.000,"4,005,000,000",
SURVEY,ANIMALS & PRODUCTS,DAIRY,MILK,ALL CLASSES,ALL PRODUCTION PRACTICES,ALL UTILIZATION PRACTICES,PRODUCTION,LB,"MILK - PRODUCTION, MEASURED IN LB",TOTAL,NOT SPECIFIED,STATE,16,16,ID,IDAHO,,,,,,,,00000000,,,9000,UNITED STATES,IDAHO,2022,MONTHLY,02,02,FEB,,2024-02-02 15:00:00.000,"1,242,000,000",
SURVEY,ANIMALS & PRODUCTS,DAIRY,MILK,ALL CLASSES,ALL PRODUCTION PRACTICES,ALL UTILIZATION PRACTICES,PRODUCTION,LB,"MILK - PRODUCTION, MEASURED IN LB",TOTAL,NOT SPECIFIED,STATE,16,16,ID,IDAHO,,,,,,,,00000000,,,9000,UNITED STATES,IDAHO,2022,MONTHLY,03,03,MAR,,2024-02-02 15:00:00.000,"1,397,000,000",
SURVEY,ANIMALS & PRODUCTS,DAIRY,MILK,ALL CLASSES,ALL PRODUCTION PRACTICES,ALL UTILIZATION PRACTICES,PRODUCTION,LB,"MILK - PRODUCTION, MEASURED IN LB",TOTAL,NOT SPECIFIED,STATE,16,16,ID,IDAHO,,,,,,,,00000000,,,9000,UNITED STATES,IDAHO,2022,MONTHLY,04,04,APR,,2024-02-02 15:00:00.000,"1,378,000,000",
SURVEY,ANIMALS & PRODUCTS,DAIRY,MILK,ALL CLASSES,ALL PRODUCTION PRACTICES,ALL UTILIZATION PRACTICES,PRODUCTION,LB,"MILK - PRODUCTION, MEASURED IN LB",TOTAL,NOT SPECIFIED,STATE,16,16,ID,IDAHO,,,,,,,,00000000,,,9000,UNITED STATES,IDAHO,2022,MONTHLY,04,06,APR THRU JUN,,2024-02-02 15:00:00.000,"4,220,000,000",
SURVEY,ANIMALS & PRODUCTS,DAIRY,MILK,ALL CLASSES,ALL PRODUCTION PRACTICES,ALL UTILIZATION PRACTICES,PRODUCTION,LB,"MILK - PRODUCTION, MEASURED IN LB",TOTAL,NOT SPECIFIED,STATE,16,16,ID,IDAHO,,,,,,,,00000000,,,9000,UNITED STATES,IDAHO,2022,MONTHLY,05,05,MAY,,2024-02-02 15:00:00.000,"1,437,000,000",
SURVEY,ANIMALS & PRODUCTS,DAIRY,MILK,ALL CLASSES,ALL PRODUCTION PRACTICES,ALL UTILIZATION PRACTICES,PRODUCTION,LB,"MILK - PRODUCTION, MEASURED IN LB",TOTAL,NOT SPECIFIED,STATE,16,16,ID,IDAHO,,,,,,,,00000000,,,9000,UNITED STATES,IDAHO,2022,MONTHLY,06,06,JUN,,2024-02-02 15:00:00.000,"1,405,000,000",
SURVEY,ANIMALS & PRODUCTS,DAIRY,MILK,ALL CLASSES,ALL PRODUCTION PRACTICES,ALL UTILIZATION PRACTICES,PRODUCTION,LB,"MILK - PRODUCTION, MEASURED IN LB",TOTAL,NOT SPECIFIED,STATE,16,16,ID,IDAHO,,,,,,,,00000000,,,9000,UNITED STATES,IDAHO,2022,MONTHLY,07,07,JUL,,2024-02-02 15:00:00.000,"1,462,000,000",
SURVEY,ANIMALS & PRODUCTS,DAIRY,MILK,ALL CLASSES,ALL PRODUCTION PRACTICES,ALL UTILIZATION PRACTICES,PRODUCTION,LB,"MILK - PRODUCTION, MEASURED IN LB",TOTAL,NOT SPECIFIED,STATE,16,16,ID,IDAHO,,,,,,,,00000000,,,9000,UNITED STATES,IDAHO,2022,MONTHLY,07,09,JUL THRU SEP,,2024-02-02 15:00:00.000,"4,300,000,000",
SURVEY,ANIMALS & PRODUCTS,DAIRY,MILK,ALL CLASSES,ALL PRODUCTION PRACTICES,ALL UTILIZATION PRACTICES,PRODUCTION,LB,"MILK - PRODUCTION, MEASURED IN LB",TOTAL,NOT SPECIFIED,STATE,16,16,ID,IDAHO,,,,,,,,00000000,,,9000,UNITED STATES,IDAHO,2022,MONTHLY,08,08,AUG,,2024-02-02 15:00:00.000,"1,449,000,000",
SURVEY,ANIMALS & PRODUCTS,DAIRY,MILK,ALL CLASSES,ALL PRODUCTION PRACTICES,ALL UTILIZATION PRACTICES,PRODUCTION,LB,"MILK - PRODUCTION, MEASURED IN LB",TOTAL,NOT SPECIFIED,STATE,16,16,ID,IDAHO,,,,,,,,00000000,,,9000,UNITED STATES,IDAHO,2022,MONTHLY,09,09,SEP,,2024-02-02 15:00:00.000,"1,389,000,000",
SURVEY,ANIMALS & PRODUCTS,DAIRY,MILK,ALL CLASSES,ALL PRODUCTION PRACTICES,ALL UTILIZATION PRACTICES,PRODUCTION,LB,"MILK - PRODUCTION, MEASURED IN LB",TOTAL,NOT SPECIFIED,STATE,16,16,ID,IDAHO,,,,,,,,00000000,,,9000,UNITED STATES,IDAHO,2022,MONTHLY,10,10,OCT,,2024-02-02 15:00:00.000,"1,403,000,000",
SURVEY,ANIMALS & PRODUCTS,DAIRY,MILK,ALL CLASSES,ALL PRODUCTION PRACTICES,ALL UTILIZATION PRACTICES,PRODUCTION,LB,"MILK - PRODUCTION, MEASURED IN LB",TOTAL,NOT SPECIFIED,STATE,16,16,ID,IDAHO,,,,,,,,00000000,,,9000,UNITED STATES,IDAHO,2022,MONTHLY,10,12,OCT THRU DEC,,2024-02-02 15:00:00.000,"4,103,000,000",
SURVEY,ANIMALS & PRODUCTS,DAIRY,MILK,ALL CLASSES,ALL PRODUCTION PRACTICES,ALL UTILIZATION PRACTICES,PRODUCTION,LB,"MILK - PRODUCTION, MEASURED IN LB",TOTAL,NOT SPECIFIED,STATE,16,16,ID,IDAHO,,,,,,,,00000000,,,9000,UNITED STATES,IDAHO,2022,MONTHLY,11,11,NOV,,2024-02-02 15:00:00.000,"1,322,000,000",
SURVEY,ANIMALS & PRODUCTS,DAIRY,MILK,ALL CLASSES,ALL PRODUCTION PRACTICES,ALL UTILIZATION PRACTICES,PRODUCTION,LB,"MILK - PRODUCTION, MEASURED IN LB",TOTAL,NOT SPECIFIED,STATE,16,16,ID,IDAHO,,,,,,,,00000000,,,9000,UNITED STATES,IDAHO,2022,MONTHLY,12,12,DEC,,2024-02-02 15:00:00.000,"1,378,000,000",
SURVEY,ANIMALS & PRODUCTS,DAIRY,MILK,ALL CLASSES,ALL PRODUCTION PRACTICES,ALL UTILIZATION PRACTICES,PRODUCTION,LB,"MILK - PRODUCTION, MEASURED IN LB",TOTAL,NOT SPECIFIED,STATE,17,17,IL,ILLINOIS,,,,,,,,00000000,,,9000,UNITED STATES,ILLINOIS,2022,MONTHLY,01,01,JAN,,2024-02-02 15:00:00.000,"149,000,000",
SURVEY,ANIMALS & PRODUCTS,DAIRY,MILK,ALL CLASSES,ALL PRODUCTION PRACTICES,ALL UTILIZATION PRACTICES,PRODUCTION,LB,"MILK - PRODUCTION, MEASURED IN LB",TOTAL,NOT SPECIFIED,STATE,17,17,IL,ILLINOIS,,,,,,,,00000000,,,9000,UNITED STATES,ILLINOIS,2022,MONTHLY,01,03,JAN THRU MAR,,2024-02-02 15:00:00.000,"442,000,000",
SURVEY,ANIMALS & PRODUCTS,DAIRY,MILK,ALL CLASSES,ALL PRODUCTION PRACTICES,ALL UTILIZATION PRACTICES,PRODUCTION,LB,"MILK - PRODUCTION, MEASURED IN LB",TOTAL,NOT SPECIFIED,STATE,17,17,IL,ILLINOIS,,,,,,,,00000000,,,9000,UNITED STATES,ILLINOIS,2022,MONTHLY,02,02,FEB,,2024-02-02 15:00:00.000,"138,000,000",
SURVEY,ANIMALS & PRODUCTS,DAIRY,MILK,ALL CLASSES,ALL PRODUCTION PRACTICES,ALL UTILIZATION PRACTICES,PRODUCTION,LB,"MILK - PRODUCTION, MEASURED IN LB",TOTAL,NOT SPECIFIED,STATE,17,17,IL,ILLINOIS,,,,,,,,00000000,,,9000,UNITED STATES,ILLINOIS,2022,MONTHLY,03,03,MAR,,2024-02-02 15:00:00.000,"155,000,000",
SURVEY,ANIMALS & PRODUCTS,DAIRY,MILK,ALL CLASSES,ALL PRODUCTION PRACTICES,ALL UTILIZATION PRACTICES,PRODUCTION,LB,"MILK - PRODUCTION, MEASURED IN LB",TOTAL,NOT SPECIFIED,STATE,17,17,IL,ILLINOIS,,,,,,,,00000000,,,9000,UNITED STATES,ILLINOIS,2022,MONTHLY,04,04,APR,,2024-02-02 15:00:00.000,"150,000,000",
SURVEY,ANIMALS & PRODUCTS,DAIRY,MILK,ALL CLASSES,ALL PRODUCTION PRACTICES,ALL UTILIZATION PRACTICES,PRODUCTION,LB,"MILK - PRODUCTION, MEASURED IN LB",TOTAL,NOT SPECIFIED,STATE,17,17,IL,ILLINOIS,,,,,,,,00000000,,,9000,UNITED STATES,ILLINOIS,2022,MONTHLY,04,06,APR THRU JUN,,2024-02-02 15:00:00.000,"446,000,000",
SURVEY,ANIMALS & PRODUCTS,DAIRY,MILK,ALL CLASSES,ALL PRODUCTION PRACTICES,ALL UTILIZATION PRACTICES,PRODUCTION,LB,"MILK - PRODUCTION, MEASURED IN LB",TOTAL,NOT SPECIFIED,STATE,17,17,IL,ILLINOIS,,,,,,,,00000000,,,9000,UNITED STATES,ILLINOIS,2022,MONTHLY,05,05,MAY,,2024-02-02 15:00:00.000,"153,000,000",
SURVEY,ANIMALS & PRODUCTS,DAIRY,MILK,ALL CLASSES,ALL PRODUCTION PRACTICES,ALL UTILIZATION PRACTICES,PRODUCTION,LB,"MILK - PRODUCTION, MEASURED IN LB",TOTAL,NOT SPECIFIED,STATE,17,17,IL,ILLINOIS,,,,,,,,00000000,,,9000,UNITED STATES,ILLINOIS,2022,MONTHLY,06,06,JUN,,2024-02-02 15:00:00.000,"143,000,000",
SURVEY,ANIMALS & PRODUCTS,DAIRY,MILK,ALL CLASSES,ALL PRODUCTION PRACTICES,ALL UTILIZATION PRACTICES,PRODUCTION,LB,"MILK - PRODUCTION, MEASURED IN LB",TOTAL,NOT SPECIFIED,STATE,17,17,IL,ILLINOIS,,,,,,,,00000000,,,9000,UNITED STATES,ILLINOIS,2022,MONTHLY,07,07,JUL,,2024-02-02 15:00:00.000,"142,000,000",
SURVEY,ANIMALS & PRODUCTS,DAIRY,MILK,ALL CLASSES,ALL PRODUCTION PRACTICES,ALL UTILIZATION PRACTICES,PRODUCTION,LB,"MILK - PRODUCTION, MEASURED IN LB",TOTAL,NOT SPECIFIED,STATE,17,17,IL,ILLINOIS,,,,,,,,00000000,,,9000,UNITED STATES,ILLINOIS,2022,MONTHLY,07,09,JUL THRU SEP,,2024-02-02 15:00:00.000,"412,000,000",
SURVEY,ANIMALS & PRODUCTS,DAIRY,MILK,ALL CLASSES,ALL PRODUCTION PRACTICES,ALL UTILIZATION PRACTICES,PRODUCTION,LB,"MILK - PRODUCTION, MEASURED IN LB",TOTAL,NOT SPECIFIED,STATE,17,17,IL,ILLINOIS,,,,,,,,00000000,,,9000,UNITED STATES,ILLINOIS,2022,MONTHLY,08,08,AUG,,2024-02-02 15:00:00.000,"138,000,000",
SURVEY,ANIMALS & PRODUCTS,DAIRY,MILK,ALL CLASSES,ALL PRODUCTION PRACTICES,ALL UTILIZATION PRACTICES,PRODUCTION,LB,"MILK - PRODUCTION, MEASURED IN LB",TOTAL,NOT SPECIFIED,STATE,17,17,IL,ILLINOIS,,,,,,,,00000000,,,9000,UNITED STATES,ILLINOIS,2022,MONTHLY,09,09,SEP,,2024-02-02 15:00:00.000,"132,000,000",
SURVEY,ANIMALS & PRODUCTS,DAIRY,MILK,ALL CLASSES,ALL PRODUCTION PRACTICES,ALL UTILIZATION PRACTICES,PRODUCTION,LB,"MILK - PRODUCTION, MEASURED IN LB",TOTAL,NOT SPECIFIED,STATE,17,17,IL,ILLINOIS,,,,,,,,00000000,,,9000,UNITED STATES,ILLINOIS,2022,MONTHLY,10,10,OCT,,2024-02-02 15:00:00.000,"137,000,000",
SURVEY,ANIMALS & PRODUCTS,DAIRY,MILK,ALL CLASSES,ALL PRODUCTION PRACTICES,ALL UTILIZATION PRACTICES,PRODUCTION,LB,"MILK - PRODUCTION, MEASURED IN LB",TOTAL,NOT SPECIFIED,STATE,17,17,IL,ILLINOIS,,,,,,,,00000000,,,9000,UNITED STATES,ILLINOIS,2022,MONTHLY,10,12,OCT THRU DEC,,2024-02-02 15:00:00.000,"414,000,000",
SURVEY,ANIMALS & PRODUCTS,DAIRY,MILK,ALL CLASSES,ALL PRODUCTION PRACTICES,ALL UTILIZATION PRACTICES,PRODUCTION,LB,"MILK - PRODUCTION, MEASURED IN LB",TOTAL,NOT SPECIFIED,STATE,17,17,IL,ILLINOIS,,,,,,,,00000000,,,9000,UNITED STATES,ILLINOIS,2022,MONTHLY,11,11,NOV,,2024-02-02 15:00:00.000,"135,000,000",
SURVEY,ANIMALS & PRODUCTS,DAIRY,MILK,ALL CLASSES,ALL PRODUCTION PRACTICES,ALL UTILIZATION PRACTICES,PRODUCTION,LB,"MILK - PRODUCTION, MEASURED IN LB",TOTAL,NOT SPECIFIED,STATE,17,17,IL,ILLINOIS,,,,,,,,00000000,,,9000,UNITED STATES,ILLINOIS,2022,MONTHLY,12,12,DEC,,2024-02-02 15:00:00.000,"142,000,000",
SURVEY,ANIMALS & PRODUCTS,DAIRY,MILK,ALL CLASSES,ALL PRODUCTION PRACTICES,ALL UTILIZATION PRACTICES,PRODUCTION,LB,"MILK - PRODUCTION, MEASURED IN LB",TOTAL,NOT SPECIFIED,STATE,18,18,IN,INDIANA,,,,,,,,00000000,,,9000,UNITED STATES,INDIANA,2022,MONTHLY,01,01,JAN,,2024-02-02 15:00:00.000,"373,000,000",
SURVEY,ANIMALS & PRODUCTS,DAIRY,MILK,ALL CLASSES,ALL PRODUCTION PRACTICES,ALL UTILIZATION PRACTICES,PRODUCTION,LB,"MILK - PRODUCTION, MEASURED IN LB",TOTAL,NOT SPECIFIED,STATE,18,18,IN,INDIANA,,,,,,,,00000000,,,9000,UNITED STATES,INDIANA,2022,MONTHLY,01,03,JAN THRU MAR,,2024-02-02 15:00:00.000,"1,089,000,000",
SURVEY,ANIMALS & PRODUCTS,DAIRY,MILK,ALL CLASSES,ALL PRODUCTION PRACTICES,ALL UTILIZATION PRACTICES,PRODUCTION,LB,"MILK - PRODUCTION, MEASURED IN LB",TOTAL,NOT SPECIFIED,STATE,18,18,IN,INDIANA,,,,,,,,00000000,,,9000,UNITED STATES,INDIANA,2022,MONTHLY,02,02,FEB,,2024-02-02 15:00:00.000,"336,000,000",
SURVEY,ANIMALS & PRODUCTS,DAIRY,MILK,ALL CLASSES,ALL PRODUCTION PRACTICES,ALL UTILIZATION PRACTICES,PRODUCTION,LB,"MILK - PRODUCTION, MEASURED IN LB",TOTAL,NOT SPECIFIED,STATE,18,18,IN,INDIANA,,,,,,,,00000000,,,9000,UNITED STATES,INDIANA,2022,MONTHLY,03,03,MAR,,2024-02-02 15:00:00.000,"380,000,000",
SURVEY,ANIMALS & PRODUCTS,DAIRY,MILK,ALL CLASSES,ALL PRODUCTION PRACTICES,ALL UTILIZATION PRACTICES,PRODUCTION,LB,"MILK - PRODUCTION, MEASURED IN LB",TOTAL,NOT SPECIFIED,STATE,18,18,IN,INDIANA,,,,,,,,00000000,,,9000,UNITED STATES,INDIANA,2022,MONTHLY,04,04,APR,,2024-02-02 15:00:00.000,"370,000,000",
SURVEY,ANIMALS & PRODUCTS,DAIRY,MILK,ALL CLASSES,ALL PRODUCTION PRACTICES,ALL UTILIZATION PRACTICES,PRODUCTION,LB,"MILK - PRODUCTION, MEASURED IN LB",TOTAL,NOT SPECIFIED,STATE,18,18,IN,INDIANA,,,,,,,,00000000,,,9000,UNITED STATES,INDIANA,2022,MONTHLY,04,06,APR THRU JUN,,2024-02-02 15:00:00.000,"1,111,000,000",
SURVEY,ANIMALS & PRODUCTS,DAIRY,MILK,ALL CLASSES,ALL PRODUCTION PRACTICES,ALL UTILIZATION PRACTICES,PRODUCTION,LB,"MILK - PRODUCTION, MEASURED IN LB",TOTAL,NOT SPECIFIED,STATE,18,18,IN,INDIANA,,,,,,,,00000000,,,9000,UNITED STATES,INDIANA,2022,MONTHLY,05,05,MAY,,2024-02-02 15:00:00.000,"378,000,000",
SURVEY,ANIMALS & PRODUCTS,DAIRY,MILK,ALL CLASSES,ALL PRODUCTION PRACTICES,ALL UTILIZATION PRACTICES,PRODUCTION,LB,"MILK - PRODUCTION, MEASURED IN LB",TOTAL,NOT SPECIFIED,STATE,18,18,IN,INDIANA,,,,,,,,00000000,,,9000,UNITED STATES,INDIANA,2022,MONTHLY,06,06,JUN,,2024-02-02 15:00:00.000,"363,000,000",
SURVEY,ANIMALS & PRODUCTS,DAIRY,MILK,ALL CLASSES,ALL PRODUCTION PRACTICES,ALL UTILIZATION PRACTICES,PRODUCTION,LB,"MILK - PRODUCTION, MEASURED IN LB",TOTAL,NOT SPECIFIED,STATE,18,18,IN,INDIANA,,,,,,,,00000000,,,9000,UNITED STATES,INDIANA,2022,MONTHLY,07,07,JUL,,2024-02-02 15:00:00.000,"364,000,000",
SURVEY,ANIMALS & PRODUCTS,DAIRY,MILK,ALL CLASSES,ALL PRODUCTION PRACTICES,ALL UTILIZATION PRACTICES,PRODUCTION,LB,"MILK - PRODUCTION, MEASURED IN LB",TOTAL,NOT SPECIFIED,STATE,18,18,IN,INDIANA,,,,,,,,00000000,,,9000,UNITED STATES,INDIANA,2022,MONTHLY,07,09,JUL THRU SEP,,2024-02-02 15:00:00.000,"1,076,000,000",
SURVEY,ANIMALS & PRODUCTS,DAIRY,MILK,ALL CLASSES,ALL PRODUCTION PRACTICES,ALL UTILIZATION PRACTICES,PRODUCTION,LB,"MILK - PRODUCTION, MEASURED IN LB",TOTAL,NOT SPECIFIED,STATE,18,18,IN,INDIANA,,,,,,,,00000000,,,9000,UNITED STATES,INDIANA,2022,MONTHLY,08,08,AUG,,2024-02-02 15:00:00.000,"360,000,000",
SURVEY,ANIMALS & PRODUCTS,DAIRY,MILK,ALL CLASSES,ALL PRODUCTION PRACTICES,ALL UTILIZATION PRACTICES,PRODUCTION,LB,"MILK - PRODUCTION, MEASURED IN LB",TOTAL,NOT SPECIFIED,STATE,18,18,IN,INDIANA,,,,,,,,00000000,,,9000,UNITED STATES,INDIANA,2022,MONTHLY,09,09,SEP,,2024-02-02 15:00:00.000,"352,000,000",
SURVEY,ANIMALS & PRODUCTS,DAIRY,MILK,ALL CLASSES,ALL PRODUCTION PRACTICES,ALL UTILIZATION PRACTICES,PRODUCTION,LB,"MILK - PRODUCTION, MEASURED IN LB",TOTAL,NOT SPECIFIED,STATE,18,18,IN,INDIANA,,,,,,,,00000000,,,9000,UNITED STATES,INDIANA,2022,MONTHLY,10,10,OCT,,2024-02-02 15:00:00.000,"364,000,000",
SURVEY,ANIMALS & PRODUCTS,DAIRY,MILK,ALL CLASSES,ALL PRODUCTION PRACTICES,ALL UTILIZATION PRACTICES,PRODUCTION,LB,"MILK - PRODUCTION, MEASURED IN LB",TOTAL,NOT SPECIFIED,STATE,18,18,IN,INDIANA,,,,,,,,00000000,,,9000,UNITED STATES,INDIANA,2022,MONTHLY,10,12,OCT THRU DEC,,2024-02-02 15:00:00.000,"1,095,000,000",
SURVEY,ANIMALS & PRODUCTS,DAIRY,MILK,ALL CLASSES,ALL PRODUCTION PRACTICES,ALL UTILIZATION PRACTICES,PRODUCTION,LB,"MILK - PRODUCTION, MEASURED IN LB",TOTAL,NOT SPECIFIED,STATE,18,18,IN,INDIANA,,,,,,,,00000000,,,9000,UNITED STATES,INDIANA,2022,MONTHLY,11,11,NOV,,2024-02-02 15:00:00.000,"357,000,000",
SURVEY,ANIMALS & PRODUCTS,DAIRY,MILK,ALL CLASSES,ALL PRODUCTION PRACTICES,ALL UTILIZATION PRACTICES,PRODUCTION,LB,"MILK - PRODUCTION, MEASURED IN LB",TOTAL,NOT SPECIFIED,STATE,18,18,IN,INDIANA,,,,,,,,00000000,,,9000,UNITED STATES,INDIANA,2022,MONTHLY,12,12,DEC,,2024-02-02 15:00:00.000,"374,000,000",
SURVEY,ANIMALS & PRODUCTS,DAIRY,MILK,ALL CLASSES,ALL PRODUCTION PRACTICES,ALL UTILIZATION PRACTICES,PRODUCTION,LB,"MILK - PRODUCTION, MEASURED IN LB",TOTAL,NOT SPECIFIED,STATE,19,19,IA,IOWA,,,,,,,,00000000,,,9000,UNITED STATES,IOWA,2022,MONTHLY,01,01,JAN,,2024-02-02 15:00:00.000,"471,000,000",
SURVEY,ANIMALS & PRODUCTS,DAIRY,MILK,ALL CLASSES,ALL PRODUCTION PRACTICES,ALL UTILIZATION PRACTICES,PRODUCTION,LB,"MILK - PRODUCTION, MEASURED IN LB",TOTAL,NOT SPECIFIED,STATE,19,19,IA,IOWA,,,,,,,,00000000,,,9000,UNITED STATES,IOWA,2022,MONTHLY,01,03,JAN THRU MAR,,2024-02-02 15:00:00.000,"1,390,000,000",
SURVEY,ANIMALS & PRODUCTS,DAIRY,MILK,ALL CLASSES,ALL PRODUCTION PRACTICES,ALL UTILIZATION PRACTICES,PRODUCTION,LB,"MILK - PRODUCTION, MEASURED IN LB",TOTAL,NOT SPECIFIED,STATE,19,19,IA,IOWA,,,,,,,,00000000,,,9000,UNITED STATES,IOWA,2022,MONTHLY,02,02,FEB,,2024-02-02 15:00:00.000,"432,000,000",
SURVEY,ANIMALS & PRODUCTS,DAIRY,MILK,ALL CLASSES,ALL PRODUCTION PRACTICES,ALL UTILIZATION PRACTICES,PRODUCTION,LB,"MILK - PRODUCTION, MEASURED IN LB",TOTAL,NOT SPECIFIED,STATE,19,19,IA,IOWA,,,,,,,,00000000,,,9000,UNITED STATES,IOWA,2022,MONTHLY,03,03,MAR,,2024-02-02 15:00:00.000,"487,000,000",
SURVEY,ANIMALS & PRODUCTS,DAIRY,MILK,ALL CLASSES,ALL PRODUCTION PRACTICES,ALL UTILIZATION PRACTICES,PRODUCTION,LB,"MILK - PRODUCTION, MEASURED IN LB",TOTAL,NOT SPECIFIED,STATE,19,19,IA,IOWA,,,,,,,,00000000,,,9000,UNITED STATES,IOWA,2022,MONTHLY,04,04,APR,,2024-02-02 15:00:00.000,"477,000,000",
SURVEY,ANIMALS & PRODUCTS,DAIRY,MILK,ALL CLASSES,ALL PRODUCTION PRACTICES,ALL UTILIZATION PRACTICES,PRODUCTION,LB,"MILK - PRODUCTION, MEASURED IN LB",TOTAL,NOT SPECIFIED,STATE,19,19,IA,IOWA,,,,,,,,00000000,,,9000,UNITED STATES,IOWA,2022,MONTHLY,04,06,APR THRU JUN,,2024-02-02 15:00:00.000,"1,454,000,000",
SURVEY,ANIMALS & PRODUCTS,DAIRY,MILK,ALL CLASSES,ALL PRODUCTION PRACTICES,ALL UTILIZATION PRACTICES,PRODUCTION,LB,"MILK - PRODUCTION, MEASURED IN LB",TOTAL,NOT SPECIFIED,STATE,19,19,IA,IOWA,,,,,,,,00000000,,,9000,UNITED STATES,IOWA,2022,MONTHLY,05,05,MAY,,2024-02-02 15:00:00.000,"497,000,000",
SURVEY,ANIMALS & PRODUCTS,DAIRY,MILK,ALL CLASSES,ALL PRODUCTION PRACTICES,ALL UTILIZATION PRACTICES,PRODUCTION,LB,"MILK - PRODUCTION, MEASURED IN LB",TOTAL,NOT SPECIFIED,STATE,19,19,IA,IOWA,,,,,,,,00000000,,,9000,UNITED STATES,IOWA,2022,MONTHLY,06,06,JUN,,2024-02-02 15:00:00.000,"480,000,000",
SURVEY,ANIMALS & PRODUCTS,DAIRY,MILK,ALL CLASSES,ALL PRODUCTION PRACTICES,ALL UTILIZATION PRACTICES,PRODUCTION,LB,"MILK - PRODUCTION, MEASURED IN LB",TOTAL,NOT SPECIFIED,STATE,19,19,IA,IOWA,,,,,,,,00000000,,,9000,UNITED STATES,IOWA,2022,MONTHLY,07,07,JUL,,2024-02-02 15:00:00.000,"491,000,000",
SURVEY,ANIMALS & PRODUCTS,DAIRY,MILK,ALL CLASSES,ALL PRODUCTION PRACTICES,ALL UTILIZATION PRACTICES,PRODUCTION,LB,"MILK - PRODUCTION, MEASURED IN LB",TOTAL,NOT SPECIFIED,STATE,19,19,IA,IOWA,,,,,,,,00000000,,,9000,UNITED STATES,IOWA,2022,MONTHLY,07,09,JUL THRU SEP,,2024-02-02 15:00:00.000,"1,460,000,000",
SURVEY,ANIMALS & PRODUCTS,DAIRY,MILK,ALL CLASSES,ALL PRODUCTION PRACTICES,ALL UTILIZATION PRACTICES,PRODUCTION,LB,"MILK - PRODUCTION, MEASURED IN LB",TOTAL,NOT SPECIFIED,STATE,19,19,IA,IOWA,,,,,,,,00000000,,,9000,UNITED STATES,IOWA,2022,MONTHLY,08,08,AUG,,2024-02-02 15:00:00.000,"493,000,000",
SURVEY,ANIMALS & PRODUCTS,DAIRY,MILK,ALL CLASSES,ALL PRODUCTION PRACTICES,ALL UTILIZATION PRACTICES,PRODUCTION,LB,"MILK - PRODUCTION, MEASURED IN LB",TOTAL,NOT SPECIFIED,STATE,19,19,IA,IOWA,,,,,,,,00000000,,,9000,UNITED STATES,IOWA,2022,MONTHLY,09,09,SEP,,2024-02-02 15:00:00.000,"476,000,000",
SURVEY,ANIMALS & PRODUCTS,DAIRY,MILK,ALL CLASSES,ALL PRODUCTION PRACTICES,ALL UTILIZATION PRACTICES,PRODUCTION,LB,"MILK - PRODUCTION, MEASURED IN LB",TOTAL,NOT SPECIFIED,STATE,19,19,IA,IOWA,,,,,,,,00000000,,,9000,UNITED STATES,IOWA,2022,MONTHLY,10,10,OCT,,2024-02-02 15:00:00.000,"494,000,000",
SURVEY,ANIMALS & PRODUCTS,DAIRY,MILK,ALL CLASSES,ALL PRODUCTION PRACTICES,ALL UTILIZATION PRACTICES,PRODUCTION,LB,"MILK - PRODUCTION, MEASURED IN LB",TOTAL,NOT SPECIFIED,STATE,19,19,IA,IOWA,,,,,,,,00000000,,,9000,UNITED STATES,IOWA,2022,MONTHLY,10,12,OCT THRU DEC,,2024-02-02 15:00:00.000,"1,466,000,000",
SURVEY,ANIMALS & PRODUCTS,DAIRY,MILK,ALL CLASSES,ALL PRODUCTION PRACTICES,ALL UTILIZATION PRACTICES,PRODUCTION,LB,"MILK - PRODUCTION, MEASURED IN LB",TOTAL,NOT SPECIFIED,STATE,19,19,IA,IOWA,,,,,,,,00000000,,,9000,UNITED STATES,IOWA,2022,MONTHLY,11,11,NOV,,2024-02-02 15:00:00.000,"478,000,000",
SURVEY,ANIMALS & PRODUCTS,DAIRY,MILK,ALL CLASSES,ALL PRODUCTION PRACTICES,ALL UTILIZATION PRACTICES,PRODUCTION,LB,"MILK - PRODUCTION, MEASURED IN LB",TOTAL,NOT SPECIFIED,STATE,19,19,IA,IOWA,,,,,,,,00000000,,,9000,UNITED STATES,IOWA,2022,MONTHLY,12,12,DEC,,2024-02-02 15:00:00.000,"494,000,000",
SURVEY,ANIMALS & PRODUCTS,DAIRY,MILK,ALL CLASSES,ALL PRODUCTION PRACTICES,ALL UTILIZATION PRACTICES,PRODUCTION,LB,"MILK - PRODUCTION, MEASURED IN LB",TOTAL,NOT SPECIFIED,STATE,20,20,KS,KANSAS,,,,,,,,00000000,,,9000,UNITED STATES,KANSAS,2022,MONTHLY,01,01,JAN,,2024-02-02 15:00:00.000,"346,000,000",
SURVEY,ANIMALS & PRODUCTS,DAIRY,MILK,ALL CLASSES,ALL PRODUCTION PRACTICES,ALL UTILIZATION PRACTICES,PRODUCTION,LB,"MILK - PRODUCTION, MEASURED IN LB",TOTAL,NOT SPECIFIED,STATE,20,20,KS,KANSAS,,,,,,,,00000000,,,9000,UNITED STATES,KANSAS,2022,MONTHLY,01,03,JAN THRU MAR,,2024-02-02 15:00:00.000,"1,013,000,000",
SURVEY,ANIMALS & PRODUCTS,DAIRY,MILK,ALL CLASSES,ALL PRODUCTION PRACTICES,ALL UTILIZATION PRACTICES,PRODUCTION,LB,"MILK - PRODUCTION, MEASURED IN LB",TOTAL,NOT SPECIFIED,STATE,20,20,KS,KANSAS,,,,,,,,00000000,,,9000,UNITED STATES,KANSAS,2022,MONTHLY,02,02,FEB,,2024-02-02 15:00:00.000,"315,000,000",
SURVEY,ANIMALS & PRODUCTS,DAIRY,MILK,ALL CLASSES,ALL PRODUCTION PRACTICES,ALL UTILIZATION PRACTICES,PRODUCTION,LB,"MILK - PRODUCTION, MEASURED IN LB",TOTAL,NOT SPECIFIED,STATE,20,20,KS,KANSAS,,,,,,,,00000000,,,9000,UNITED STATES,KANSAS,2022,MONTHLY,03,03,MAR,,2024-02-02 15:00:00.000,"352,000,000",
SURVEY,ANIMALS & PRODUCTS,DAIRY,MILK,ALL CLASSES,ALL PRODUCTION PRACTICES,ALL UTILIZATION PRACTICES,PRODUCTION,LB,"MILK - PRODUCTION, MEASURED IN LB",TOTAL,NOT SPECIFIED,STATE,20,20,KS,KANSAS,,,,,,,,00000000,,,9000,UNITED STATES,KANSAS,2022,MONTHLY,04,04,APR,,2024-02-02 15:00:00.000,"343,000,000",
SURVEY,ANIMALS & PRODUCTS,DAIRY,MILK,ALL CLASSES,ALL PRODUCTION PRACTICES,ALL UTILIZATION PRACTICES,PRODUCTION,LB,"MILK - PRODUCTION, MEASURED IN LB",TOTAL,NOT SPECIFIED,STATE,20,20,KS,KANSAS,,,,,,,,00000000,,,9000,UNITED STATES,KANSAS,2022,MONTHLY,04,06,APR THRU JUN,,2024-02-02 15:00:00.000,"1,046,000,000",
SURVEY,ANIMALS & PRODUCTS,DAIRY,MILK,ALL CLASSES,ALL PRODUCTION PRACTICES,ALL UTILIZATION PRACTICES,PRODUCTION,LB,"MILK - PRODUCTION, MEASURED IN LB",TOTAL,NOT SPECIFIED,STATE,20,20,KS,KANSAS,,,,,,,,00000000,,,9000,UNITED STATES,KANSAS,2022,MONTHLY,05,05,MAY,,2024-02-02 15:00:00.000,"360,000,000",
SURVEY,ANIMALS & PRODUCTS,DAIRY,MILK,ALL CLASSES,ALL PRODUCTION PRACTICES,ALL UTILIZATION PRACTICES,PRODUCTION,LB,"MILK - PRODUCTION, MEASURED IN LB",TOTAL,NOT SPECIFIED,STATE,20,20,KS,KANSAS,,,,,,,,00000000,,,9000,UNITED STATES,KANSAS,2022,MONTHLY,06,06,JUN,,2024-02-02 15:00:00.000,"343,000,000",
SURVEY,ANIMALS & PRODUCTS,DAIRY,MILK,ALL CLASSES,ALL PRODUCTION PRACTICES,ALL UTILIZATION PRACTICES,PRODUCTION,LB,"MILK - PRODUCTION, MEASURED IN LB",TOTAL,NOT SPECIFIED,STATE,20,20,KS,KANSAS,,,,,,,,00000000,,,9000,UNITED STATES,KANSAS,2022,MONTHLY,07,07,JUL,,2024-02-02 15:00:00.000,"348,000,000",
SURVEY,ANIMALS & PRODUCTS,DAIRY,MILK,ALL CLASSES,ALL PRODUCTION PRACTICES,ALL UTILIZATION PRACTICES,PRODUCTION,LB,"MILK - PRODUCTION, MEASURED IN LB",TOTAL,NOT SPECIFIED,STATE,20,20,KS,KANSAS,,,,,,,,00000000,,,9000,UNITED STATES,KANSAS,2022,MONTHLY,07,09,JUL THRU SEP,,2024-02-02 15:00:00.000,"1,038,000,000",
SURVEY,ANIMALS & PRODUCTS,DAIRY,MILK,ALL CLASSES,ALL PRODUCTION PRACTICES,ALL UTILIZATION PRACTICES,PRODUCTION,LB,"MILK - PRODUCTION, MEASURED IN LB",TOTAL,NOT SPECIFIED,STATE,20,20,KS,KANSAS,,,,,,,,00000000,,,9000,UNITED STATES,KANSAS,2022,MONTHLY,08,08,AUG,,2024-02-02 15:00:00.000,"348,000,000",
SURVEY,ANIMALS & PRODUCTS,DAIRY,MILK,ALL CLASSES,ALL PRODUCTION PRACTICES,ALL UTILIZATION PRACTICES,PRODUCTION,LB,"MILK - PRODUCTION, MEASURED IN LB",TOTAL,NOT SPECIFIED,STATE,20,20,KS,KANSAS,,,,,,,,00000000,,,9000,UNITED STATES,KANSAS,2022,MONTHLY,09,09,SEP,,2024-02-02 15:00:00.000,"342,000,000",
SURVEY,ANIMALS & PRODUCTS,DAIRY,MILK,ALL CLASSES,ALL PRODUCTION PRACTICES,ALL UTILIZATION PRACTICES,PRODUCTION,LB,"MILK - PRODUCTION, MEASURED IN LB",TOTAL,NOT SPECIFIED,STATE,20,20,KS,KANSAS,,,,,,,,00000000,,,9000,UNITED STATES,KANSAS,2022,MONTHLY,10,10,OCT,,2024-02-02 15:00:00.000,"353,000,000",
SURVEY,ANIMALS & PRODUCTS,DAIRY,MILK,ALL CLASSES,ALL PRODUCTION PRACTICES,ALL UTILIZATION PRACTICES,PRODUCTION,LB,"MILK - PRODUCTION, MEASURED IN LB",TOTAL,NOT SPECIFIED,STATE,20,20,KS,KANSAS,,,,,,,,00000000,,,9000,UNITED STATES,KANSAS,2022,MONTHLY,10,12,OCT THRU DEC,,2024-02-02 15:00:00.000,"1,045,000,000",
SURVEY,ANIMALS & PRODUCTS,DAIRY,MILK,ALL CLASSES,ALL PRODUCTION PRACTICES,ALL UTILIZATION PRACTICES,PRODUCTION,LB,"MILK - PRODUCTION, MEASURED IN LB",TOTAL,NOT SPECIFIED,STATE,20,20,KS,KANSAS,,,,,,,,00000000,,,9000,UNITED STATES,KANSAS,2022,MONTHLY,11,11,NOV,,2024-02-02 15:00:00.000,"341,000,000",
SURVEY,ANIMALS & PRODUCTS,DAIRY,MILK,ALL CLASSES,ALL PRODUCTION PRACTICES,ALL UTILIZATION PRACTICES,PRODUCTION,LB,"MILK - PRODUCTION, MEASURED IN LB",TOTAL,NOT SPECIFIED,STATE,20,20,KS,KANSAS,,,,,,,,00000000,,,9000,UNITED STATES,KANSAS,2022,MONTHLY,12,12,DEC,,2024-02-02 15:00:00.000,"351,000,000",
SURVEY,ANIMALS & PRODUCTS,DAIRY,MILK,ALL CLASSES,ALL PRODUCTION PRACTICES,ALL UTILIZATION PRACTICES,PRODUCTION,LB,"MILK - PRODUCTION, MEASURED IN LB",TOTAL,NOT SPECIFIED,STATE,21,21,KY,KENTUCKY,,,,,,,,00000000,,,9000,UNITED STATES,KENTUCKY,2022,MONTHLY,01,03,JAN THRU MAR,,2024-02-02 15:00:00.000,"233,000,000",
SURVEY,ANIMALS & PRODUCTS,DAIRY,MILK,ALL CLASSES,ALL PRODUCTION PRACTICES,ALL UTILIZATION PRACTICES,PRODUCTION,LB,"MILK - PRODUCTION, MEASURED IN LB",TOTAL,NOT SPECIFIED,STATE,21,21,KY,KENTUCKY,,,,,,,,00000000,,,9000,UNITED STATES,KENTUCKY,2022,MONTHLY,04,06,APR THRU JUN,,2024-02-02 15:00:00.000,"251,000,000",
SURVEY,ANIMALS & PRODUCTS,DAIRY,MILK,ALL CLASSES,ALL PRODUCTION PRACTICES,ALL UTILIZATION PRACTICES,PRODUCTION,LB,"MILK - PRODUCTION, MEASURED IN LB",TOTAL,NOT SPECIFIED,STATE,21,21,KY,KENTUCKY,,,,,,,,00000000,,,9000,UNITED STATES,KENTUCKY,2022,MONTHLY,07,09,JUL THRU SEP,,2024-02-02 15:00:00.000,"220,000,000",
SURVEY,ANIMALS & PRODUCTS,DAIRY,MILK,ALL CLASSES,ALL PRODUCTION PRACTICES,ALL UTILIZATION PRACTICES,PRODUCTION,LB,"MILK - PRODUCTION, MEASURED IN LB",TOTAL,NOT SPECIFIED,STATE,21,21,KY,KENTUCKY,,,,,,,,00000000,,,9000,UNITED STATES,KENTUCKY,2022,MONTHLY,10,12,OCT THRU DEC,,2024-02-02 15:00:00.000,"222,000,000",
SURVEY,ANIMALS & PRODUCTS,DAIRY,MILK,ALL CLASSES,ALL PRODUCTION PRACTICES,ALL UTILIZATION PRACTICES,PRODUCTION,LB,"MILK - PRODUCTION, MEASURED IN LB",TOTAL,NOT SPECIFIED,STATE,22,22,LA,LOUISIANA,,,,,,,,00000000,,,9000,UNITED STATES,LOUISIANA,2022,MONTHLY,01,03,JAN THRU MAR,,2024-02-02 15:00:00.000,"33,000,000",
SURVEY,ANIMALS & PRODUCTS,DAIRY,MILK,ALL CLASSES,ALL PRODUCTION PRACTICES,ALL UTILIZATION PRACTICES,PRODUCTION,LB,"MILK - PRODUCTION, MEASURED IN LB",TOTAL,NOT SPECIFIED,STATE,22,22,LA,LOUISIANA,,,,,,,,00000000,,,9000,UNITED STATES,LOUISIANA,2022,MONTHLY,04,06,APR THRU JUN,,2024-02-02 15:00:00.000,"32,000,000",
SURVEY,ANIMALS & PRODUCTS,DAIRY,MILK,ALL CLASSES,ALL PRODUCTION PRACTICES,ALL UTILIZATION PRACTICES,PRODUCTION,LB,"MILK - PRODUCTION, MEASURED IN LB",TOTAL,NOT SPECIFIED,STATE,22,22,LA,LOUISIANA,,,,,,,,00000000,,,9000,UNITED STATES,LOUISIANA,2022,MONTHLY,07,09,JUL THRU SEP,,2024-02-02 15:00:00.000,"22,000,000",
SURVEY,ANIMALS & PRODUCTS,DAIRY,MILK,ALL CLASSES,ALL PRODUCTION PRACTICES,ALL UTILIZATION PRACTICES,PRODUCTION,LB,"MILK - PRODUCTION, MEASURED IN LB",TOTAL,NOT SPECIFIED,STATE,22,22,LA,LOUISIANA,,,,,,,,00000000,,,9000,UNITED STATES,LOUISIANA,2022,MONTHLY,10,12,OCT THRU DEC,,2024-02-02 15:00:00.000,"25,000,000",
SURVEY,ANIMALS & PRODUCTS,DAIRY,MILK,ALL CLASSES,ALL PRODUCTION PRACTICES,ALL UTILIZATION PRACTICES,PRODUCTION,LB,"MILK - PRODUCTION, MEASURED IN LB",TOTAL,NOT SPECIFIED,STATE,23,23,ME,MAINE,,,,,,,,00000000,,,9000,UNITED STATES,MAINE,2022,MONTHLY,01,03,JAN THRU MAR,,2024-02-02 15:00:00.000,"137,000,000",
SURVEY,ANIMALS & PRODUCTS,DAIRY,MILK,ALL CLASSES,ALL PRODUCTION PRACTICES,ALL UTILIZATION PRACTICES,PRODUCTION,LB,"MILK - PRODUCTION, MEASURED IN LB",TOTAL,NOT SPECIFIED,STATE,23,23,ME,MAINE,,,,,,,,00000000,,,9000,UNITED STATES,MAINE,2022,MONTHLY,04,06,APR THRU JUN,,2024-02-02 15:00:00.000,"144,000,000",
SURVEY,ANIMALS & PRODUCTS,DAIRY,MILK,ALL CLASSES,ALL PRODUCTION PRACTICES,ALL UTILIZATION PRACTICES,PRODUCTION,LB,"MILK - PRODUCTION, MEASURED IN LB",TOTAL,NOT SPECIFIED,STATE,23,23,ME,MAINE,,,,,,,,00000000,,,9000,UNITED STATES,MAINE,2022,MONTHLY,07,09,JUL THRU SEP,,2024-02-02 15:00:00.000,"139,000,000",
SURVEY,ANIMALS & PRODUCTS,DAIRY,MILK,ALL CLASSES,ALL PRODUCTION PRACTICES,ALL UTILIZATION PRACTICES,PRODUCTION,LB,"MILK - PRODUCTION, MEASURED IN LB",TOTAL,NOT SPECIFIED,STATE,23,23,ME,MAINE,,,,,,,,00000000,,,9000,UNITED STATES,MAINE,2022,MONTHLY,10,12,OCT THRU DEC,,2024-02-02 15:00:00.000,"134,000,000",
SURVEY,ANIMALS & PRODUCTS,DAIRY,MILK,ALL CLASSES,ALL PRODUCTION PRACTICES,ALL UTILIZATION PRACTICES,PRODUCTION,LB,"MILK - PRODUCTION, MEASURED IN LB",TOTAL,NOT SPECIFIED,STATE,24,24,MD,MARYLAND,,,,,,,,00000000,,,9000,UNITED STATES,MARYLAND,2022,MONTHLY,01,03,JAN THRU MAR,,2024-02-02 15:00:00.000,"218,000,000",
SURVEY,ANIMALS & PRODUCTS,DAIRY,MILK,ALL CLASSES,ALL PRODUCTION PRACTICES,ALL UTILIZATION PRACTICES,PRODUCTION,LB,"MILK - PRODUCTION, MEASURED IN LB",TOTAL,NOT SPECIFIED,STATE,24,24,MD,MARYLAND,,,,,,,,00000000,,,9000,UNITED STATES,MARYLAND,2022,MONTHLY,04,06,APR THRU JUN,,2024-02-02 15:00:00.000,"216,000,000",
SURVEY,ANIMALS & PRODUCTS,DAIRY,MILK,ALL CLASSES,ALL PRODUCTION PRACTICES,ALL UTILIZATION PRACTICES,PRODUCTION,LB,"MILK - PRODUCTION, MEASURED IN LB",TOTAL,NOT SPECIFIED,STATE,24,24,MD,MARYLAND,,,,,,,,00000000,,,9000,UNITED STATES,MARYLAND,2022,MONTHLY,07,09,JUL THRU SEP,,2024-02-02 15:00:00.000,"203,000,000",
SURVEY,ANIMALS & PRODUCTS,DAIRY,MILK,ALL CLASSES,ALL PRODUCTION PRACTICES,ALL UTILIZATION PRACTICES,PRODUCTION,LB,"MILK - PRODUCTION, MEASURED IN LB",TOTAL,NOT SPECIFIED,STATE,24,24,MD,MARYLAND,,,,,,,,00000000,,,9000,UNITED STATES,MARYLAND,2022,MONTHLY,10,12,OCT THRU DEC,,2024-02-02 15:00:00.000,"205,000,000",
SURVEY,ANIMALS & PRODUCTS,DAIRY,MILK,ALL CLASSES,ALL PRODUCTION PRACTICES,ALL UTILIZATION PRACTICES,PRODUCTION,LB,"MILK - PRODUCTION, MEASURED IN LB",TOTAL,NOT SPECIFIED,STATE,25,25,MA,MASSACHUSETTS,,,,,,,,00000000,,,9000,UNITED STATES,MASSACHUSETTS,2022,MONTHLY,01,03,JAN THRU MAR,,2024-02-02 15:00:00.000,"48,000,000",
SURVEY,ANIMALS & PRODUCTS,DAIRY,MILK,ALL CLASSES,ALL PRODUCTION PRACTICES,ALL UTILIZATION PRACTICES,PRODUCTION,LB,"MILK - PRODUCTION, MEASURED IN LB",TOTAL,NOT SPECIFIED,STATE,25,25,MA,MASSACHUSETTS,,,,,,,,00000000,,,9000,UNITED STATES,MASSACHUSETTS,2022,MONTHLY,04,06,APR THRU JUN,,2024-02-02 15:00:00.000,"49,000,000",
SURVEY,ANIMALS & PRODUCTS,DAIRY,MILK,ALL CLASSES,ALL PRODUCTION PRACTICES,ALL UTILIZATION PRACTICES,PRODUCTION,LB,"MILK - PRODUCTION, MEASURED IN LB",TOTAL,NOT SPECIFIED,STATE,25,25,MA,MASSACHUSETTS,,,,,,,,00000000,,,9000,UNITED STATES,MASSACHUSETTS,2022,MONTHLY,07,09,JUL THRU SEP,,2024-02-02 15:00:00.000,"47,000,000",
SURVEY,ANIMALS & PRODUCTS,DAIRY,MILK,ALL CLASSES,ALL PRODUCTION PRACTICES,ALL UTILIZATION PRACTICES,PRODUCTION,LB,"MILK - PRODUCTION, MEASURED IN LB",TOTAL,NOT SPECIFIED,STATE,25,25,MA,MASSACHUSETTS,,,,,,,,00000000,,,9000,UNITED STATES,MASSACHUSETTS,2022,MONTHLY,10,12,OCT THRU DEC,,2024-02-02 15:00:00.000,"44,000,000",
SURVEY,ANIMALS & PRODUCTS,DAIRY,MILK,ALL CLASSES,ALL PRODUCTION PRACTICES,ALL UTILIZATION PRACTICES,PRODUCTION,LB,"MILK - PRODUCTION, MEASURED IN LB",TOTAL,NOT SPECIFIED,STATE,26,26,MI,MICHIGAN,,,,,,,,00000000,,,9000,UNITED STATES,MICHIGAN,2022,MONTHLY,01,01,JAN,,2024-02-02 15:00:00.000,"983,000,000",
SURVEY,ANIMALS & PRODUCTS,DAIRY,MILK,ALL CLASSES,ALL PRODUCTION PRACTICES,ALL UTILIZATION PRACTICES,PRODUCTION,LB,"MILK - PRODUCTION, MEASURED IN LB",TOTAL,NOT SPECIFIED,STATE,26,26,MI,MICHIGAN,,,,,,,,00000000,,,9000,UNITED STATES,MICHIGAN,2022,MONTHLY,01,03,JAN THRU MAR,,2024-02-02 15:00:00.000,"2,888,000,000",
SURVEY,ANIMALS & PRODUCTS,DAIRY,MILK,ALL CLASSES,ALL PRODUCTION PRACTICES,ALL UTILIZATION PRACTICES,PRODUCTION,LB,"MILK - PRODUCTION, MEASURED IN LB",TOTAL,NOT SPECIFIED,STATE,26,26,MI,MICHIGAN,,,,,,,,00000000,,,9000,UNITED STATES,MICHIGAN,2022,MONTHLY,02,02,FEB,,2024-02-02 15:00:00.000,"899,000,000",
SURVEY,ANIMALS & PRODUCTS,DAIRY,MILK,ALL CLASSES,ALL PRODUCTION PRACTICES,ALL UTILIZATION PRACTICES,PRODUCTION,LB,"MILK - PRODUCTION, MEASURED IN LB",TOTAL,NOT SPECIFIED,STATE,26,26,MI,MICHIGAN,,,,,,,,00000000,,,9000,UNITED STATES,MICHIGAN,2022,MONTHLY,03,03,MAR,,2024-02-02 15:00:00.000,"1,006,000,000",
SURVEY,ANIMALS & PRODUCTS,DAIRY,MILK,ALL CLASSES,ALL PRODUCTION PRACTICES,ALL UTILIZATION PRACTICES,PRODUCTION,LB,"MILK - PRODUCTION, MEASURED IN LB",TOTAL,NOT SPECIFIED,STATE,26,26,MI,MICHIGAN,,,,,,,,00000000,,,9000,UNITED STATES,MICHIGAN,2022,MONTHLY,04,04,APR,,2024-02-02 15:00:00.000,"978,000,000",
SURVEY,ANIMALS & PRODUCTS,DAIRY,MILK,ALL CLASSES,ALL PRODUCTION PRACTICES,ALL UTILIZATION PRACTICES,PRODUCTION,LB,"MILK - PRODUCTION, MEASURED IN LB",TOTAL,NOT SPECIFIED,STATE,26,26,MI,MICHIGAN,,,,,,,,00000000,,,9000,UNITED STATES,MICHIGAN,2022,MONTHLY,04,06,APR THRU JUN,,2024-02-02 15:00:00.000,"2,968,000,000",
SURVEY,ANIMALS & PRODUCTS,DAIRY,MILK,ALL CLASSES,ALL PRODUCTION PRACTICES,ALL UTILIZATION PRACTICES,PRODUCTION,LB,"MILK - PRODUCTION, MEASURED IN LB",TOTAL,NOT SPECIFIED,STATE,26,26,MI,MICHIGAN,,,,,,,,00000000,,,9000,UNITED STATES,MICHIGAN,2022,MONTHLY,05,05,MAY,,2024-02-02 15:00:00.000,"1,016,000,000",
SURVEY,ANIMALS & PRODUCTS,DAIRY,MILK,ALL CLASSES,ALL PRODUCTION PRACTICES,ALL UTILIZATION PRACTICES,PRODUCTION,LB,"MILK - PRODUCTION, MEASURED IN LB",TOTAL,NOT SPECIFIED,STATE,26,26,MI,MICHIGAN,,,,,,,,00000000,,,9000,UNITED STATES,MICHIGAN,2022,MONTHLY,06,06,JUN,,2024-02-02 15:00:00.000,"974,000,000",
SURVEY,ANIMALS & PRODUCTS,DAIRY,MILK,ALL CLASSES,ALL PRODUCTION PRACTICES,ALL UTILIZATION PRACTICES,PRODUCTION,LB,"MILK - PRODUCTION, MEASURED IN LB",TOTAL,NOT SPECIFIED,STATE,26,26,MI,MICHIGAN,,,,,,,,00000000,,,9000,UNITED STATES,MICHIGAN,2022,MONTHLY,07,07,JUL,,2024-02-02 15:00:00.000,"997,000,000",
SURVEY,ANIMALS & PRODUCTS,DAIRY,MILK,ALL CLASSES,ALL PRODUCTION PRACTICES,ALL UTILIZATION PRACTICES,PRODUCTION,LB,"MILK - PRODUCTION, MEASURED IN LB",TOTAL,NOT SPECIFIED,STATE,26,26,MI,MICHIGAN,,,,,,,,00000000,,,9000,UNITED STATES,MICHIGAN,2022,MONTHLY,07,09,JUL THRU SEP,,2024-02-02 15:00:00.000,"2,945,000,000",
SURVEY,ANIMALS & PRODUCTS,DAIRY,MILK,ALL CLASSES,ALL PRODUCTION PRACTICES,ALL UTILIZATION PRACTICES,PRODUCTION,LB,"MILK - PRODUCTION, MEASURED IN LB",TOTAL,NOT SPECIFIED,STATE,26,26,MI,MICHIGAN,,,,,,,,00000000,,,9000,UNITED STATES,MICHIGAN,2022,MONTHLY,08,08,AUG,,2024-02-02 15:00:00.000,"991,000,000",
SURVEY,ANIMALS & PRODUCTS,DAIRY,MILK,ALL CLASSES,ALL PRODUCTION PRACTICES,ALL UTILIZATION PRACTICES,PRODUCTION,LB,"MILK - PRODUCTION, MEASURED IN LB",TOTAL,NOT SPECIFIED,STATE,26,26,MI,MICHIGAN,,,,,,,,00000000,,,9000,UNITED STATES,MICHIGAN,2022,MONTHLY,09,09,SEP,,2024-02-02 15:00:00.000,"957,000,000",
SURVEY,ANIMALS & PRODUCTS,DAIRY,MILK,ALL CLASSES,ALL PRODUCTION PRACTICES,ALL UTILIZATION PRACTICES,PRODUCTION,LB,"MILK - PRODUCTION, MEASURED IN LB",TOTAL,NOT SPECIFIED,STATE,26,26,MI,MICHIGAN,,,,,,,,00000000,,,9000,UNITED STATES,MICHIGAN,2022,MONTHLY,10,10,OCT,,2024-02-02 15:00:00.000,"983,000,000",
SURVEY,ANIMALS & PRODUCTS,DAIRY,MILK,ALL CLASSES,ALL PRODUCTION PRACTICES,ALL UTILIZATION PRACTICES,PRODUCTION,LB,"MILK - PRODUCTION, MEASURED IN LB",TOTAL,NOT SPECIFIED,STATE,26,26,MI,MICHIGAN,,,,,,,,00000000,,,9000,UNITED STATES,MICHIGAN,2022,MONTHLY,10,12,OCT THRU DEC,,2024-02-02 15:00:00.000,"2,936,000,000",
SURVEY,ANIMALS & PRODUCTS,DAIRY,MILK,ALL CLASSES,ALL PRODUCTION PRACTICES,ALL UTILIZATION PRACTICES,PRODUCTION,LB,"MILK - PRODUCTION, MEASURED IN LB",TOTAL,NOT SPECIFIED,STATE,26,26,MI,MICHIGAN,,,,,,,,00000000,,,9000,UNITED STATES,MICHIGAN,2022,MONTHLY,11,11,NOV,,2024-02-02 15:00:00.000,"957,000,000",
SURVEY,ANIMALS & PRODUCTS,DAIRY,MILK,ALL CLASSES,ALL PRODUCTION PRACTICES,ALL UTILIZATION PRACTICES,PRODUCTION,LB,"MILK - PRODUCTION, MEASURED IN LB",TOTAL,NOT SPECIFIED,STATE,26,26,MI,MICHIGAN,,,,,,,,00000000,,,9000,UNITED STATES,MICHIGAN,2022,MONTHLY,12,12,DEC,,2024-02-02 15:00:00.000,"996,000,000",
SURVEY,ANIMALS & PRODUCTS,DAIRY,MILK,ALL CLASSES,ALL PRODUCTION PRACTICES,ALL UTILIZATION PRACTICES,PRODUCTION,LB,"MILK - PRODUCTION, MEASURED IN LB",TOTAL,NOT SPECIFIED,STATE,27,27,MN,MINNESOTA,,,,,,,,00000000,,,9000,UNITED STATES,MINNESOTA,2022,MONTHLY,01,01,JAN,,2024-02-02 15:00:00.000,"882,000,000",
SURVEY,ANIMALS & PRODUCTS,DAIRY,MILK,ALL CLASSES,ALL PRODUCTION PRACTICES,ALL UTILIZATION PRACTICES,PRODUCTION,LB,"MILK - PRODUCTION, MEASURED IN LB",TOTAL,NOT SPECIFIED,STATE,27,27,MN,MINNESOTA,,,,,,,,00000000,,,9000,UNITED STATES,MINNESOTA,2022,MONTHLY,01,03,JAN THRU MAR,,2024-02-02 15:00:00.000,"2,581,000,000",
SURVEY,ANIMALS & PRODUCTS,DAIRY,MILK,ALL CLASSES,ALL PRODUCTION PRACTICES,ALL UTILIZATION PRACTICES,PRODUCTION,LB,"MILK - PRODUCTION, MEASURED IN LB",TOTAL,NOT SPECIFIED,STATE,27,27,MN,MINNESOTA,,,,,,,,00000000,,,9000,UNITED STATES,MINNESOTA,2022,MONTHLY,02,02,FEB,,2024-02-02 15:00:00.000,"804,000,000",
SURVEY,ANIMALS & PRODUCTS,DAIRY,MILK,ALL CLASSES,ALL PRODUCTION PRACTICES,ALL UTILIZATION PRACTICES,PRODUCTION,LB,"MILK - PRODUCTION, MEASURED IN LB",TOTAL,NOT SPECIFIED,STATE,27,27,MN,MINNESOTA,,,,,,,,00000000,,,9000,UNITED STATES,MINNESOTA,2022,MONTHLY,03,03,MAR,,2024-02-02 15:00:00.000,"895,000,000",
SURVEY,ANIMALS & PRODUCTS,DAIRY,MILK,ALL CLASSES,ALL PRODUCTION PRACTICES,ALL UTILIZATION PRACTICES,PRODUCTION,LB,"MILK - PRODUCTION, MEASURED IN LB",TOTAL,NOT SPECIFIED,STATE,27,27,MN,MINNESOTA,,,,,,,,00000000,,,9000,UNITED STATES,MINNESOTA,2022,MONTHLY,04,04,APR,,2024-02-02 15:00:00.000,"861,000,000",
SURVEY,ANIMALS & PRODUCTS,DAIRY,MILK,ALL CLASSES,ALL PRODUCTION PRACTICES,ALL UTILIZATION PRACTICES,PRODUCTION,LB,"MILK - PRODUCTION, MEASURED IN LB",TOTAL,NOT SPECIFIED,STATE,27,27,MN,MINNESOTA,,,,,,,,00000000,,,9000,UNITED STATES,MINNESOTA,2022,MONTHLY,04,06,APR THRU JUN,,2024-02-02 15:00:00.000,"2,627,000,000",
SURVEY,ANIMALS & PRODUCTS,DAIRY,MILK,ALL CLASSES,ALL PRODUCTION PRACTICES,ALL UTILIZATION PRACTICES,PRODUCTION,LB,"MILK - PRODUCTION, MEASURED IN LB",TOTAL,NOT SPECIFIED,STATE,27,27,MN,MINNESOTA,,,,,,,,00000000,,,9000,UNITED STATES,MINNESOTA,2022,MONTHLY,05,05,MAY,,2024-02-02 15:00:00.000,"895,000,000",
SURVEY,ANIMALS & PRODUCTS,DAIRY,MILK,ALL CLASSES,ALL PRODUCTION PRACTICES,ALL UTILIZATION PRACTICES,PRODUCTION,LB,"MILK - PRODUCTION, MEASURED IN LB",TOTAL,NOT SPECIFIED,STATE,27,27,MN,MINNESOTA,,,,,,,,00000000,,,9000,UNITED STATES,MINNESOTA,2022,MONTHLY,06,06,JUN,,2024-02-02 15:00:00.000,"871,000,000",
SURVEY,ANIMALS & PRODUCTS,DAIRY,MILK,ALL CLASSES,ALL PRODUCTION PRACTICES,ALL UTILIZATION PRACTICES,PRODUCTION,LB,"MILK - PRODUCTION, MEASURED IN LB",TOTAL,NOT SPECIFIED,STATE,27,27,MN,MINNESOTA,,,,,,,,00000000,,,9000,UNITED STATES,MINNESOTA,2022,MONTHLY,07,07,JUL,,2024-02-02 15:00:00.000,"901,000,000",
SURVEY,ANIMALS & PRODUCTS,DAIRY,MILK,ALL CLASSES,ALL PRODUCTION PRACTICES,ALL UTILIZATION PRACTICES,PRODUCTION,LB,"MILK - PRODUCTION, MEASURED IN LB",TOTAL,NOT SPECIFIED,STATE,27,27,MN,MINNESOTA,,,,,,,,00000000,,,9000,UNITED STATES,MINNESOTA,2022,MONTHLY,07,09,JUL THRU SEP,,2024-02-02 15:00:00.000,"2,658,000,000",
SURVEY,ANIMALS & PRODUCTS,DAIRY,MILK,ALL CLASSES,ALL PRODUCTION PRACTICES,ALL UTILIZATION PRACTICES,PRODUCTION,LB,"MILK - PRODUCTION, MEASURED IN LB",TOTAL,NOT SPECIFIED,STATE,27,27,MN,MINNESOTA,,,,,,,,00000000,,,9000,UNITED STATES,MINNESOTA,2022,MONTHLY,08,08,AUG,,2024-02-02 15:00:00.000,"899,000,000",
SURVEY,ANIMALS & PRODUCTS,DAIRY,MILK,ALL CLASSES,ALL PRODUCTION PRACTICES,ALL UTILIZATION PRACTICES,PRODUCTION,LB,"MILK - PRODUCTION, MEASURED IN LB",TOTAL,NOT SPECIFIED,STATE,27,27,MN,MINNESOTA,,,,,,,,00000000,,,9000,UNITED STATES,MINNESOTA,2022,MONTHLY,09,09,SEP,,2024-02-02 15:00:00.000,"858,000,000",
SURVEY,ANIMALS & PRODUCTS,DAIRY,MILK,ALL CLASSES,ALL PRODUCTION PRACTICES,ALL UTILIZATION PRACTICES,PRODUCTION,LB,"MILK - PRODUCTION, MEASURED IN LB",TOTAL,NOT SPECIFIED,STATE,27,27,MN,MINNESOTA,,,,,,,,00000000,,,9000,UNITED STATES,MINNESOTA,2022,MONTHLY,10,10,OCT,,2024-02-02 15:00:00.000,"879,000,000",
SURVEY,ANIMALS & PRODUCTS,DAIRY,MILK,ALL CLASSES,ALL PRODUCTION PRACTICES,ALL UTILIZATION PRACTICES,PRODUCTION,LB,"MILK - PRODUCTION, MEASURED IN LB",TOTAL,NOT SPECIFIED,STATE,27,27,MN,MINNESOTA,,,,,,,,00000000,,,9000,UNITED STATES,MINNESOTA,2022,MONTHLY,10,12,OCT THRU DEC,,2024-02-02 15:00:00.000,"2,606,000,000",
SURVEY,ANIMALS & PRODUCTS,DAIRY,MILK,ALL CLASSES,ALL PRODUCTION PRACTICES,ALL UTILIZATION PRACTICES,PRODUCTION,LB,"MILK - PRODUCTION, MEASURED IN LB",TOTAL,NOT SPECIFIED,STATE,27,27,MN,MINNESOTA,,,,,,,,00000000,,,9000,UNITED STATES,MINNESOTA,2022,MONTHLY,11,11,NOV,,2024-02-02 15:00:00.000,"849,000,000",
SURVEY,ANIMALS & PRODUCTS,DAIRY,MILK,ALL CLASSES,ALL PRODUCTION PRACTICES,ALL UTILIZATION PRACTICES,PRODUCTION,LB,"MILK - PRODUCTION, MEASURED IN LB",TOTAL,NOT SPECIFIED,STATE,27,27,MN,MINNESOTA,,,,,,,,00000000,,,9000,UNITED STATES,MINNESOTA,2022,MONTHLY,12,12,DEC,,2024-02-02 15:00:00.000,"878,000,000",
SURVEY,ANIMALS & PRODUCTS,DAIRY,MILK,ALL CLASSES,ALL PRODUCTION PRACTICES,ALL UTILIZATION PRACTICES,PRODUCTION,LB,"MILK - PRODUCTION, MEASURED IN LB",TOTAL,NOT SPECIFIED,STATE,28,28,MS,MISSISSIPPI,,,,,,,,00000000,,,9000,UNITED STATES,MISSISSIPPI,2022,MONTHLY,01,03,JAN THRU MAR,,2024-02-02 15:00:00.000,"26,000,000",
SURVEY,ANIMALS & PRODUCTS,DAIRY,MILK,ALL CLASSES,ALL PRODUCTION PRACTICES,ALL UTILIZATION PRACTICES,PRODUCTION,LB,"MILK - PRODUCTION, MEASURED IN LB",TOTAL,NOT SPECIFIED,STATE,28,28,MS,MISSISSIPPI,,,,,,,,00000000,,,9000,UNITED STATES,MISSISSIPPI,2022,MONTHLY,04,06,APR THRU JUN,,2024-02-02 15:00:00.000,"26,000,000",
SURVEY,ANIMALS & PRODUCTS,DAIRY,MILK,ALL CLASSES,ALL PRODUCTION PRACTICES,ALL UTILIZATION PRACTICES,PRODUCTION,LB,"MILK - PRODUCTION, MEASURED IN LB",TOTAL,NOT SPECIFIED,STATE,28,28,MS,MISSISSIPPI,,,,,,,,00000000,,,9000,UNITED STATES,MISSISSIPPI,2022,MONTHLY,07,09,JUL THRU SEP,,2024-02-02 15:00:00.000,"19,000,000",
SURVEY,ANIMALS & PRODUCTS,DAIRY,MILK,ALL CLASSES,ALL PRODUCTION PRACTICES,ALL UTILIZATION PRACTICES,PRODUCTION,LB,"MILK - PRODUCTION, MEASURED IN LB",TOTAL,NOT SPECIFIED,STATE,28,28,MS,MISSISSIPPI,,,,,,,,00000000,,,9000,UNITED STATES,MISSISSIPPI,2022,MONTHLY,10,12,OCT THRU DEC,,2024-02-02 15:00:00.000,"19,000,000",
SURVEY,ANIMALS & PRODUCTS,DAIRY,MILK,ALL CLASSES,ALL PRODUCTION PRACTICES,ALL UTILIZATION PRACTICES,PRODUCTION,LB,"MILK - PRODUCTION, MEASURED IN LB",TOTAL,NOT SPECIFIED,STATE,29,29,MO,MISSOURI,,,,,,,,00000000,,,9000,UNITED STATES,MISSOURI,2022,MONTHLY,01,03,JAN THRU MAR,,2024-02-02 15:00:00.000,"238,000,000",
SURVEY,ANIMALS & PRODUCTS,DAIRY,MILK,ALL CLASSES,ALL PRODUCTION PRACTICES,ALL UTILIZATION PRACTICES,PRODUCTION,LB,"MILK - PRODUCTION, MEASURED IN LB",TOTAL,NOT SPECIFIED,STATE,29,29,MO,MISSOURI,,,,,,,,00000000,,,9000,UNITED STATES,MISSOURI,2022,MONTHLY,04,06,APR THRU JUN,,2024-02-02 15:00:00.000,"263,000,000",
SURVEY,ANIMALS & PRODUCTS,DAIRY,MILK,ALL CLASSES,ALL PRODUCTION PRACTICES,ALL UTILIZATION PRACTICES,PRODUCTION,LB,"MILK - PRODUCTION, MEASURED IN LB",TOTAL,NOT SPECIFIED,STATE,29,29,MO,MISSOURI,,,,,,,,00000000,,,9000,UNITED STATES,MISSOURI,2022,MONTHLY,07,09,JUL THRU SEP,,2024-02-02 15:00:00.000,"222,000,000",
SURVEY,ANIMALS & PRODUCTS,DAIRY,MILK,ALL CLASSES,ALL PRODUCTION PRACTICES,ALL UTILIZATION PRACTICES,PRODUCTION,LB,"MILK - PRODUCTION, MEASURED IN LB",TOTAL,NOT SPECIFIED,STATE,29,29,MO,MISSOURI,,,,,,,,00000000,,,9000,UNITED STATES,MISSOURI,2022,MONTHLY,10,12,OCT THRU DEC,,2024-02-02 15:00:00.000,"218,000,000",
SURVEY,ANIMALS & PRODUCTS,DAIRY,MILK,ALL CLASSES,ALL PRODUCTION PRACTICES,ALL UTILIZATION PRACTICES,PRODUCTION,LB,"MILK - PRODUCTION, MEASURED IN LB",TOTAL,NOT SPECIFIED,STATE,30,30,MT,MONTANA,,,,,,,,00000000,,,9000,UNITED STATES,MONTANA,2022,MONTHLY,01,03,JAN THRU MAR,,2024-02-02 15:00:00.000,"57,000,000",
SURVEY,ANIMALS & PRODUCTS,DAIRY,MILK,ALL CLASSES,ALL PRODUCTION PRACTICES,ALL UTILIZATION PRACTICES,PRODUCTION,LB,"MILK - PRODUCTION, MEASURED IN LB",TOTAL,NOT SPECIFIED,STATE,30,30,MT,MONTANA,,,,,,,,00000000,,,9000,UNITED STATES,MONTANA,2022,MONTHLY,04,06,APR THRU JUN,,2024-02-02 15:00:00.000,"57,000,000",
SURVEY,ANIMALS & PRODUCTS,DAIRY,MILK,ALL CLASSES,ALL PRODUCTION PRACTICES,ALL UTILIZATION PRACTICES,PRODUCTION,LB,"MILK - PRODUCTION, MEASURED IN LB",TOTAL,NOT SPECIFIED,STATE,30,30,MT,MONTANA,,,,,,,,00000000,,,9000,UNITED STATES,MONTANA,2022,MONTHLY,07,09,JUL THRU SEP,,2024-02-02 15:00:00.000,"56,000,000",
SURVEY,ANIMALS & PRODUCTS,DAIRY,MILK,ALL CLASSES,ALL PRODUCTION PRACTICES,ALL UTILIZATION PRACTICES,PRODUCTION,LB,"MILK - PRODUCTION, MEASURED IN LB",TOTAL,NOT SPECIFIED,STATE,30,30,MT,MONTANA,,,,,,,,00000000,,,9000,UNITED STATES,MONTANA,2022,MONTHLY,10,12,OCT THRU DEC,,2024-02-02 15:00:00.000,"53,000,000",
SURVEY,ANIMALS & PRODUCTS,DAIRY,MILK,ALL CLASSES,ALL PRODUCTION PRACTICES,ALL UTILIZATION PRACTICES,PRODUCTION,LB,"MILK - PRODUCTION, MEASURED IN LB",TOTAL,NOT SPECIFIED,STATE,31,31,NE,NEBRASKA,,,,,,,,00000000,,,9000,UNITED STATES,NEBRASKA,2022,MONTHLY,01,03,JAN THRU MAR,,2024-02-02 15:00:00.000,"352,000,000",
SURVEY,ANIMALS & PRODUCTS,DAIRY,MILK,ALL CLASSES,ALL PRODUCTION PRACTICES,ALL UTILIZATION PRACTICES,PRODUCTION,LB,"MILK - PRODUCTION, MEASURED IN LB",TOTAL,NOT SPECIFIED,STATE,31,31,NE,NEBRASKA,,,,,,,,00000000,,,9000,UNITED STATES,NEBRASKA,2022,MONTHLY,04,06,APR THRU JUN,,2024-02-02 15:00:00.000,"359,000,000",
SURVEY,ANIMALS & PRODUCTS,DAIRY,MILK,ALL CLASSES,ALL PRODUCTION PRACTICES,ALL UTILIZATION PRACTICES,PRODUCTION,LB,"MILK - PRODUCTION, MEASURED IN LB",TOTAL,NOT SPECIFIED,STATE,31,31,NE,NEBRASKA,,,,,,,,00000000,,,9000,UNITED STATES,NEBRASKA,2022,MONTHLY,07,09,JUL THRU SEP,,2024-02-02 15:00:00.000,"349,000,000",
SURVEY,ANIMALS & PRODUCTS,DAIRY,MILK,ALL CLASSES,ALL PRODUCTION PRACTICES,ALL UTILIZATION PRACTICES,PRODUCTION,LB,"MILK - PRODUCTION, MEASURED IN LB",TOTAL,NOT SPECIFIED,STATE,31,31,NE,NEBRASKA,,,,,,,,00000000,,,9000,UNITED STATES,NEBRASKA,2022,MONTHLY,10,12,OCT THRU DEC,,2024-02-02 15:00:00.000,"356,000,000",
SURVEY,ANIMALS & PRODUCTS,DAIRY,MILK,ALL CLASSES,ALL PRODUCTION PRACTICES,ALL UTILIZATION PRACTICES,PRODUCTION,LB,"MILK - PRODUCTION, MEASURED IN LB",TOTAL,NOT SPECIFIED,STATE,32,32,NV,NEVADA,,,,,,,,00000000,,,9000,UNITED STATES,NEVADA,2022,MONTHLY,01,03,JAN THRU MAR,,2024-02-02 15:00:00.000,"202,000,000",
SURVEY,ANIMALS & PRODUCTS,DAIRY,MILK,ALL CLASSES,ALL PRODUCTION PRACTICES,ALL UTILIZATION PRACTICES,PRODUCTION,LB,"MILK - PRODUCTION, MEASURED IN LB",TOTAL,NOT SPECIFIED,STATE,32,32,NV,NEVADA,,,,,,,,00000000,,,9000,UNITED STATES,NEVADA,2022,MONTHLY,04,06,APR THRU JUN,,2024-02-02 15:00:00.000,"199,000,000",
SURVEY,ANIMALS & PRODUCTS,DAIRY,MILK,ALL CLASSES,ALL PRODUCTION PRACTICES,ALL UTILIZATION PRACTICES,PRODUCTION,LB,"MILK - PRODUCTION, MEASURED IN LB",TOTAL,NOT SPECIFIED,STATE,32,32,NV,NEVADA,,,,,,,,00000000,,,9000,UNITED STATES,NEVADA,2022,MONTHLY,07,09,JUL THRU SEP,,2024-02-02 15:00:00.000,"201,000,000",
SURVEY,ANIMALS & PRODUCTS,DAIRY,MILK,ALL CLASSES,ALL PRODUCTION PRACTICES,ALL UTILIZATION PRACTICES,PRODUCTION,LB,"MILK - PRODUCTION, MEASURED IN LB",TOTAL,NOT SPECIFIED,STATE,32,32,NV,NEVADA,,,,,,,,00000000,,,9000,UNITED STATES,NEVADA,2022,MONTHLY,10,12,OCT THRU DEC,,2024-02-02 15:00:00.000,"192,000,000",
SURVEY,ANIMALS & PRODUCTS,DAIRY,MILK,ALL CLASSES,ALL PRODUCTION PRACTICES,ALL UTILIZATION PRACTICES,PRODUCTION,LB,"MILK - PRODUCTION, MEASURED IN LB",TOTAL,NOT SPECIFIED,STATE,33,33,NH,NEW HAMPSHIRE,,,,,,,,00000000,,,9000,UNITED STATES,NEW HAMPSHIRE,2022,MONTHLY,01,03,JAN THRU MAR,,2024-02-02 15:00:00.000,"56,000,000",
SURVEY,ANIMALS & PRODUCTS,DAIRY,MILK,ALL CLASSES,ALL PRODUCTION PRACTICES,ALL UTILIZATION PRACTICES,PRODUCTION,LB,"MILK - PRODUCTION, MEASURED IN LB",TOTAL,NOT SPECIFIED,STATE,33,33,NH,NEW HAMPSHIRE,,,,,,,,00000000,,,9000,UNITED STATES,NEW HAMPSHIRE,2022,MONTHLY,04,06,APR THRU JUN,,2024-02-02 15:00:00.000,"57,000,000",
SURVEY,ANIMALS & PRODUCTS,DAIRY,MILK,ALL CLASSES,ALL PRODUCTION PRACTICES,ALL UTILIZATION PRACTICES,PRODUCTION,LB,"MILK - PRODUCTION, MEASURED IN LB",TOTAL,NOT SPECIFIED,STATE,33,33,NH,NEW HAMPSHIRE,,,,,,,,00000000,,,9000,UNITED STATES,NEW HAMPSHIRE,2022,MONTHLY,07,09,JUL THRU SEP,,2024-02-02 15:00:00.000,"54,000,000",
SURVEY,ANIMALS & PRODUCTS,DAIRY,MILK,ALL CLASSES,ALL PRODUCTION PRACTICES,ALL UTILIZATION PRACTICES,PRODUCTION,LB,"MILK - PRODUCTION, MEASURED IN LB",TOTAL,NOT SPECIFIED,STATE,33,33,NH,NEW HAMPSHIRE,,,,,,,,00000000,,,9000,UNITED STATES,NEW HAMPSHIRE,2022,MONTHLY,10,12,OCT THRU DEC,,2024-02-02 15:00:00.000,"52,000,000",
SURVEY,ANIMALS & PRODUCTS,DAIRY,MILK,ALL CLASSES,ALL PRODUCTION PRACTICES,ALL UTILIZATION PRACTICES,PRODUCTION,LB,"MILK - PRODUCTION, MEASURED IN LB",TOTAL,NOT SPECIFIED,STATE,34,34,NJ,NEW JERSEY,,,,,,,,00000000,,,9000,UNITED STATES,NEW JERSEY,2022,MONTHLY,01,03,JAN THRU MAR,,2024-02-02 15:00:00.000,"23,000,000",
SURVEY,ANIMALS & PRODUCTS,DAIRY,MILK,ALL CLASSES,ALL PRODUCTION PRACTICES,ALL UTILIZATION PRACTICES,PRODUCTION,LB,"MILK - PRODUCTION, MEASURED IN LB",TOTAL,NOT SPECIFIED,STATE,34,34,NJ,NEW JERSEY,,,,,,,,00000000,,,9000,UNITED STATES,NEW JERSEY,2022,MONTHLY,04,06,APR THRU JUN,,2024-02-02 15:00:00.000,"23,000,000",
SURVEY,ANIMALS & PRODUCTS,DAIRY,MILK,ALL CLASSES,ALL PRODUCTION PRACTICES,ALL UTILIZATION PRACTICES,PRODUCTION,LB,"MILK - PRODUCTION, MEASURED IN LB",TOTAL,NOT SPECIFIED,STATE,34,34,NJ,NEW JERSEY,,,,,,,,00000000,,,9000,UNITED STATES,NEW JERSEY,2022,MONTHLY,07,09,JUL THRU SEP,,2024-02-02 15:00:00.000,"21,000,000",
SURVEY,ANIMALS & PRODUCTS,DAIRY,MILK,ALL CLASSES,ALL PRODUCTION PRACTICES,ALL UTILIZATION PRACTICES,PRODUCTION,LB,"MILK - PRODUCTION, MEASURED IN LB",TOTAL,NOT SPECIFIED,STATE,34,34,NJ,NEW JERSEY,,,,,,,,00000000,,,9000,UNITED STATES,NEW JERSEY,2022,MONTHLY,10,12,OCT THRU DEC,,2024-02-02 15:00:00.000,"21,000,000",
SURVEY,ANIMALS & PRODUCTS,DAIRY,MILK,ALL CLASSES,ALL PRODUCTION PRACTICES,ALL UTILIZATION PRACTICES,PRODUCTION,LB,"MILK - PRODUCTION, MEASURED IN LB",TOTAL,NOT SPECIFIED,STATE,35,35,NM,NEW MEXICO,,,,,,,,00000000,,,9000,UNITED STATES,NEW MEXICO,2022,MONTHLY,01,01,JAN,,2024-02-02 15:00:00.000,"634,000,000",
SURVEY,ANIMALS & PRODUCTS,DAIRY,MILK,ALL CLASSES,ALL PRODUCTION PRACTICES,ALL UTILIZATION PRACTICES,PRODUCTION,LB,"MILK - PRODUCTION, MEASURED IN LB",TOTAL,NOT SPECIFIED,STATE,35,35,NM,NEW MEXICO,,,,,,,,00000000,,,9000,UNITED STATES,NEW MEXICO,2022,MONTHLY,01,03,JAN THRU MAR,,2024-02-02 15:00:00.000,"1,858,000,000",
SURVEY,ANIMALS & PRODUCTS,DAIRY,MILK,ALL CLASSES,ALL PRODUCTION PRACTICES,ALL UTILIZATION PRACTICES,PRODUCTION,LB,"MILK - PRODUCTION, MEASURED IN LB",TOTAL,NOT SPECIFIED,STATE,35,35,NM,NEW MEXICO,,,,,,,,00000000,,,9000,UNITED STATES,NEW MEXICO,2022,MONTHLY,02,02,FEB,,2024-02-02 15:00:00.000,"571,000,000",
SURVEY,ANIMALS & PRODUCTS,DAIRY,MILK,ALL CLASSES,ALL PRODUCTION PRACTICES,ALL UTILIZATION PRACTICES,PRODUCTION,LB,"MILK - PRODUCTION, MEASURED IN LB",TOTAL,NOT SPECIFIED,STATE,35,35,NM,NEW MEXICO,,,,,,,,00000000,,,9000,UNITED STATES,NEW MEXICO,2022,MONTHLY,03,03,MAR,,2024-02-02 15:00:00.000,"653,000,000",
SURVEY,ANIMALS & PRODUCTS,DAIRY,MILK,ALL CLASSES,ALL PRODUCTION PRACTICES,ALL UTILIZATION PRACTICES,PRODUCTION,LB,"MILK - PRODUCTION, MEASURED IN LB",TOTAL,NOT SPECIFIED,STATE,35,35,NM,NEW MEXICO,,,,,,,,00000000,,,9000,UNITED STATES,NEW MEXICO,2022,MONTHLY,04,04,APR,,2024-02-02 15:00:00.000,"621,000,000",
SURVEY,ANIMALS & PRODUCTS,DAIRY,MILK,ALL CLASSES,ALL PRODUCTION PRACTICES,ALL UTILIZATION PRACTICES,PRODUCTION,LB,"MILK - PRODUCTION, MEASURED IN LB",TOTAL,NOT SPECIFIED,STATE,35,35,NM,NEW MEXICO,,,,,,,,00000000,,,9000,UNITED STATES,NEW MEXICO,2022,MONTHLY,04,06,APR THRU JUN,,2024-02-02 15:00:00.000,"1,845,000,000",
SURVEY,ANIMALS & PRODUCTS,DAIRY,MILK,ALL CLASSES,ALL PRODUCTION PRACTICES,ALL UTILIZATION PRACTICES,PRODUCTION,LB,"MILK - PRODUCTION, MEASURED IN LB",TOTAL,NOT SPECIFIED,STATE,35,35,NM,NEW MEXICO,,,,,,,,00000000,,,9000,UNITED STATES,NEW MEXICO,2022,MONTHLY,05,05,MAY,,2024-02-02 15:00:00.000,"632,000,000",
SURVEY,ANIMALS & PRODUCTS,DAIRY,MILK,ALL CLASSES,ALL PRODUCTION PRACTICES,ALL UTILIZATION PRACTICES,PRODUCTION,LB,"MILK - PRODUCTION, MEASURED IN LB",TOTAL,NOT SPECIFIED,STATE,35,35,NM,NEW MEXICO,,,,,,,,00000000,,,9000,UNITED STATES,NEW MEXICO,2022,MONTHLY,06,06,JUN,,2024-02-02 15:00:00.000,"592,000,000",
SURVEY,ANIMALS & PRODUCTS,DAIRY,MILK,ALL CLASSES,ALL PRODUCTION PRACTICES,ALL UTILIZATION PRACTICES,PRODUCTION,LB,"MILK - PRODUCTION, MEASURED IN LB",TOTAL,NOT SPECIFIED,STATE,35,35,NM,NEW MEXICO,,,,,,,,00000000,,,9000,UNITED STATES,NEW MEXICO,2022,MONTHLY,07,07,JUL,,2024-02-02 15:00:00.000,"593,000,000",
SURVEY,ANIMALS & PRODUCTS,DAIRY,MILK,ALL CLASSES,ALL PRODUCTION PRACTICES,ALL UTILIZATION PRACTICES,PRODUCTION,LB,"MILK - PRODUCTION, MEASURED IN LB",TOTAL,NOT SPECIFIED,STATE,35,35,NM,NEW MEXICO,,,,,,,,00000000,,,9000,UNITED STATES,NEW MEXICO,2022,MONTHLY,07,09,JUL THRU SEP,,2024-02-02 15:00:00.000,"1,737,000,000",
SURVEY,ANIMALS & PRODUCTS,DAIRY,MILK,ALL CLASSES,ALL PRODUCTION PRACTICES,ALL UTILIZATION PRACTICES,PRODUCTION,LB,"MILK - PRODUCTION, MEASURED IN LB",TOTAL,NOT SPECIFIED,STATE,35,35,NM,NEW MEXICO,,,,,,,,00000000,,,9000,UNITED STATES,NEW MEXICO,2022,MONTHLY,08,08,AUG,,2024-02-02 15:00:00.000,"585,000,000",
SURVEY,ANIMALS & PRODUCTS,DAIRY,MILK,ALL CLASSES,ALL PRODUCTION PRACTICES,ALL UTILIZATION PRACTICES,PRODUCTION,LB,"MILK - PRODUCTION, MEASURED IN LB",TOTAL,NOT SPECIFIED,STATE,35,35,NM,NEW MEXICO,,,,,,,,00000000,,,9000,UNITED STATES,NEW MEXICO,2022,MONTHLY,09,09,SEP,,2024-02-02 15:00:00.000,"559,000,000",
SURVEY,ANIMALS & PRODUCTS,DAIRY,MILK,ALL CLASSES,ALL PRODUCTION PRACTICES,ALL UTILIZATION PRACTICES,PRODUCTION,LB,"MILK - PRODUCTION, MEASURED IN LB",TOTAL,NOT SPECIFIED,STATE,35,35,NM,NEW MEXICO,,,,,,,,00000000,,,9000,UNITED STATES,NEW MEXICO,2022,MONTHLY,10,10,OCT,,2024-02-02 15:00:00.000,"577,000,000",
SURVEY,ANIMALS & PRODUCTS,DAIRY,MILK,ALL CLASSES,ALL PRODUCTION PRACTICES,ALL UTILIZATION PRACTICES,PRODUCTION,LB,"MILK - PRODUCTION, MEASURED IN LB",TOTAL,NOT SPECIFIED,STATE,35,35,NM,NEW MEXICO,,,,,,,,00000000,,,9000,UNITED STATES,NEW MEXICO,2022,MONTHLY,10,12,OCT THRU DEC,,2024-02-02 15:00:00.000,"1,705,000,000",
SURVEY,ANIMALS & PRODUCTS,DAIRY,MILK,ALL CLASSES,ALL PRODUCTION PRACTICES,ALL UTILIZATION PRACTICES,PRODUCTION,LB,"MILK - PRODUCTION, MEASURED IN LB",TOTAL,NOT SPECIFIED,STATE,35,35,NM,NEW MEXICO,,,,,,,,00000000,,,9000,UNITED STATES,NEW MEXICO,2022,MONTHLY,11,11,NOV,,2024-02-02 15:00:00.000,"553,000,000",
SURVEY,ANIMALS & PRODUCTS,DAIRY,MILK,ALL CLASSES,ALL PRODUCTION PRACTICES,ALL UTILIZATION PRACTICES,PRODUCTION,LB,"MILK - PRODUCTION, MEASURED IN LB",TOTAL,NOT SPECIFIED,STATE,35,35,NM,NEW MEXICO,,,,,,,,00000000,,,9000,UNITED STATES,NEW MEXICO,2022,MONTHLY,12,12,DEC,,2024-02-02 15:00:00.000,"575,000,000",
SURVEY,ANIMALS & PRODUCTS,DAIRY,MILK,ALL CLASSES,ALL PRODUCTION PRACTICES,ALL UTILIZATION PRACTICES,PRODUCTION,LB,"MILK - PRODUCTION, MEASURED IN LB",TOTAL,NOT SPECIFIED,STATE,36,36,NY,NEW YORK,,,,,,,,00000000,,,9000,UNITED STATES,NEW YORK,2022,MONTHLY,01,01,JAN,,2024-02-02 15:00:00.000,"1,296,000,000",
SURVEY,ANIMALS & PRODUCTS,DAIRY,MILK,ALL CLASSES,ALL PRODUCTION PRACTICES,ALL UTILIZATION PRACTICES,PRODUCTION,LB,"MILK - PRODUCTION, MEASURED IN LB",TOTAL,NOT SPECIFIED,STATE,36,36,NY,NEW YORK,,,,,,,,00000000,,,9000,UNITED STATES,NEW YORK,2022,MONTHLY,01,03,JAN THRU MAR,,2024-02-02 15:00:00.000,"3,816,000,000",
SURVEY,ANIMALS & PRODUCTS,DAIRY,MILK,ALL CLASSES,ALL PRODUCTION PRACTICES,ALL UTILIZATION PRACTICES,PRODUCTION,LB,"MILK - PRODUCTION, MEASURED IN LB",TOTAL,NOT SPECIFIED,STATE,36,36,NY,NEW YORK,,,,,,,,00000000,,,9000,UNITED STATES,NEW YORK,2022,MONTHLY,02,02,FEB,,2024-02-02 15:00:00.000,"1,187,000,000",
SURVEY,ANIMALS & PRODUCTS,DAIRY,MILK,ALL CLASSES,ALL PRODUCTION PRACTICES,ALL UTILIZATION PRACTICES,PRODUCTION,LB,"MILK - PRODUCTION, MEASURED IN LB",TOTAL,NOT SPECIFIED,STATE,36,36,NY,NEW YORK,,,,,,,,00000000,,,9000,UNITED STATES,NEW YORK,2022,MONTHLY,03,03,MAR,,2024-02-02 15:00:00.000,"1,333,000,000",
SURVEY,ANIMALS & PRODUCTS,DAIRY,MILK,ALL CLASSES,ALL PRODUCTION PRACTICES,ALL UTILIZATION PRACTICES,PRODUCTION,LB,"MILK - PRODUCTION, MEASURED IN LB",TOTAL,NOT SPECIFIED,STATE,36,36,NY,NEW YORK,,,,,,,,00000000,,,9000,UNITED STATES,NEW YORK,2022,MONTHLY,04,04,APR,,2024-02-02 15:00:00.000,"1,305,000,000",
SURVEY,ANIMALS & PRODUCTS,DAIRY,MILK,ALL CLASSES,ALL PRODUCTION PRACTICES,ALL UTILIZATION PRACTICES,PRODUCTION,LB,"MILK - PRODUCTION, MEASURED IN LB",TOTAL,NOT SPECIFIED,STATE,36,36,NY,NEW YORK,,,,,,,,00000000,,,9000,UNITED STATES,NEW YORK,2022,MONTHLY,04,06,APR THRU JUN,,2024-02-02 15:00:00.000,"3,980,000,000",
SURVEY,ANIMALS & PRODUCTS,DAIRY,MILK,ALL CLASSES,ALL PRODUCTION PRACTICES,ALL UTILIZATION PRACTICES,PRODUCTION,LB,"MILK - PRODUCTION, MEASURED IN LB",TOTAL,NOT SPECIFIED,STATE,36,36,NY,NEW YORK,,,,,,,,00000000,,,9000,UNITED STATES,NEW YORK,2022,MONTHLY,05,05,MAY,,2024-02-02 15:00:00.000,"1,364,000,000",
SURVEY,ANIMALS & PRODUCTS,DAIRY,MILK,ALL CLASSES,ALL PRODUCTION PRACTICES,ALL UTILIZATION PRACTICES,PRODUCTION,LB,"MILK - PRODUCTION, MEASURED IN LB",TOTAL,NOT SPECIFIED,STATE,36,36,NY,NEW YORK,,,,,,,,00000000,,,9000,UNITED STATES,NEW YORK,2022,MONTHLY,06,06,JUN,,2024-02-02 15:00:00.000,"1,311,000,000",
SURVEY,ANIMALS & PRODUCTS,DAIRY,MILK,ALL CLASSES,ALL PRODUCTION PRACTICES,ALL UTILIZATION PRACTICES,PRODUCTION,LB,"MILK - PRODUCTION, MEASURED IN LB",TOTAL,NOT SPECIFIED,STATE,36,36,NY,NEW YORK,,,,,,,,00000000,,,9000,UNITED STATES,NEW YORK,2022,MONTHLY,07,07,JUL,,2024-02-02 15:00:00.000,"1,336,000,000",
SURVEY,ANIMALS & PRODUCTS,DAIRY,MILK,ALL CLASSES,ALL PRODUCTION PRACTICES,ALL UTILIZATION PRACTICES,PRODUCTION,LB,"MILK - PRODUCTION, MEASURED IN LB",TOTAL,NOT SPECIFIED,STATE,36,36,NY,NEW YORK,,,,,,,,00000000,,,9000,UNITED STATES,NEW YORK,2022,MONTHLY,07,09,JUL THRU SEP,,2024-02-02 15:00:00.000,"3,933,000,000",
SURVEY,ANIMALS & PRODUCTS,DAIRY,MILK,ALL CLASSES,ALL PRODUCTION PRACTICES,ALL UTILIZATION PRACTICES,PRODUCTION,LB,"MILK - PRODUCTION, MEASURED IN LB",TOTAL,NOT SPECIFIED,STATE,36,36,NY,NEW YORK,,,,,,,,00000000,,,9000,UNITED STATES,NEW YORK,2022,MONTHLY,08,08,AUG,,2024-02-02 15:00:00.000,"1,320,000,000",
SURVEY,ANIMALS & PRODUCTS,DAIRY,MILK,ALL CLASSES,ALL PRODUCTION PRACTICES,ALL UTILIZATION PRACTICES,PRODUCTION,LB,"MILK - PRODUCTION, MEASURED IN LB",TOTAL,NOT SPECIFIED,STATE,36,36,NY,NEW YORK,,,,,,,,00000000,,,9000,UNITED STATES,NEW YORK,2022,MONTHLY,09,09,SEP,,2024-02-02 15:00:00.000,"1,277,000,000",
SURVEY,ANIMALS & PRODUCTS,DAIRY,MILK,ALL CLASSES,ALL PRODUCTION PRACTICES,ALL UTILIZATION PRACTICES,PRODUCTION,LB,"MILK - PRODUCTION, MEASURED IN LB",TOTAL,NOT SPECIFIED,STATE,36,36,NY,NEW YORK,,,,,,,,00000000,,,9000,UNITED STATES,NEW YORK,2022,MONTHLY,10,10,OCT,,2024-02-02 15:00:00.000,"1,321,000,000",
SURVEY,ANIMALS & PRODUCTS,DAIRY,MILK,ALL CLASSES,ALL PRODUCTION PRACTICES,ALL UTILIZATION PRACTICES,PRODUCTION,LB,"MILK - PRODUCTION, MEASURED IN LB",TOTAL,NOT SPECIFIED,STATE,36,36,NY,NEW YORK,,,,,,,,00000000,,,9000,UNITED STATES,NEW YORK,2022,MONTHLY,10,12,OCT THRU DEC,,2024-02-02 15:00:00.000,"3,917,000,000",
SURVEY,ANIMALS & PRODUCTS,DAIRY,MILK,ALL CLASSES,ALL PRODUCTION PRACTICES,ALL UTILIZATION PRACTICES,PRODUCTION,LB,"MILK - PRODUCTION, MEASURED IN LB",TOTAL,NOT SPECIFIED,STATE,36,36,NY,NEW YORK,,,,,,,,00000000,,,9000,UNITED STATES,NEW YORK,2022,MONTHLY,11,11,NOV,,2024-02-02 15:00:00.000,"1,279,000,000",
SURVEY,ANIMALS & PRODUCTS,DAIRY,MILK,ALL CLASSES,ALL PRODUCTION PRACTICES,ALL UTILIZATION PRACTICES,PRODUCTION,LB,"MILK - PRODUCTION, MEASURED IN LB",TOTAL,NOT SPECIFIED,STATE,36,36,NY,NEW YORK,,,,,,,,00000000,,,9000,UNITED STATES,NEW YORK,2022,MONTHLY,12,12,DEC,,2024-02-02 15:00:00.000,"1,317,000,000",
SURVEY,ANIMALS & PRODUCTS,DAIRY,MILK,ALL CLASSES,ALL PRODUCTION PRACTICES,ALL UTILIZATION PRACTICES,PRODUCTION,LB,"MILK - PRODUCTION, MEASURED IN LB",TOTAL,NOT SPECIFIED,STATE,37,37,NC,NORTH CAROLINA,,,,,,,,00000000,,,9000,UNITED STATES,NORTH CAROLINA,2022,MONTHLY,01,03,JAN THRU MAR,,2024-02-02 15:00:00.000,"238,000,000",
SURVEY,ANIMALS & PRODUCTS,DAIRY,MILK,ALL CLASSES,ALL PRODUCTION PRACTICES,ALL UTILIZATION PRACTICES,PRODUCTION,LB,"MILK - PRODUCTION, MEASURED IN LB",TOTAL,NOT SPECIFIED,STATE,37,37,NC,NORTH CAROLINA,,,,,,,,00000000,,,9000,UNITED STATES,NORTH CAROLINA,2022,MONTHLY,04,06,APR THRU JUN,,2024-02-02 15:00:00.000,"239,000,000",
SURVEY,ANIMALS & PRODUCTS,DAIRY,MILK,ALL CLASSES,ALL PRODUCTION PRACTICES,ALL UTILIZATION PRACTICES,PRODUCTION,LB,"MILK - PRODUCTION, MEASURED IN LB",TOTAL,NOT SPECIFIED,STATE,37,37,NC,NORTH CAROLINA,,,,,,,,00000000,,,9000,UNITED STATES,NORTH CAROLINA,2022,MONTHLY,07,09,JUL THRU SEP,,2024-02-02 15:00:00.000,"215,000,000",
SURVEY,ANIMALS & PRODUCTS,DAIRY,MILK,ALL CLASSES,ALL PRODUCTION PRACTICES,ALL UTILIZATION PRACTICES,PRODUCTION,LB,"MILK - PRODUCTION, MEASURED IN LB",TOTAL,NOT SPECIFIED,STATE,37,37,NC,NORTH CAROLINA,,,,,,,,00000000,,,9000,UNITED STATES,NORTH CAROLINA,2022,MONTHLY,10,12,OCT THRU DEC,,2024-02-02 15:00:00.000,"220,000,000",
SURVEY,ANIMALS & PRODUCTS,DAIRY,MILK,ALL CLASSES,ALL PRODUCTION PRACTICES,ALL UTILIZATION PRACTICES,PRODUCTION,LB,"MILK - PRODUCTION, MEASURED IN LB",TOTAL,NOT SPECIFIED,STATE,38,38,ND,NORTH DAKOTA,,,,,,,,00000000,,,9000,UNITED STATES,NORTH DAKOTA,2022,MONTHLY,01,03,JAN THRU MAR,,2024-02-02 15:00:00.000,"80,000,000",
SURVEY,ANIMALS & PRODUCTS,DAIRY,MILK,ALL CLASSES,ALL PRODUCTION PRACTICES,ALL UTILIZATION PRACTICES,PRODUCTION,LB,"MILK - PRODUCTION, MEASURED IN LB",TOTAL,NOT SPECIFIED,STATE,38,38,ND,NORTH DAKOTA,,,,,,,,00000000,,,9000,UNITED STATES,NORTH DAKOTA,2022,MONTHLY,04,06,APR THRU JUN,,2024-02-02 15:00:00.000,"81,000,000",
SURVEY,ANIMALS & PRODUCTS,DAIRY,MILK,ALL CLASSES,ALL PRODUCTION PRACTICES,ALL UTILIZATION PRACTICES,PRODUCTION,LB,"MILK - PRODUCTION, MEASURED IN LB",TOTAL,NOT SPECIFIED,STATE,38,38,ND,NORTH DAKOTA,,,,,,,,00000000,,,9000,UNITED STATES,NORTH DAKOTA,2022,MONTHLY,07,09,JUL THRU SEP,,2024-02-02 15:00:00.000,"81,000,000",
SURVEY,ANIMALS & PRODUCTS,DAIRY,MILK,ALL CLASSES,ALL PRODUCTION PRACTICES,ALL UTILIZATION PRACTICES,PRODUCTION,LB,"MILK - PRODUCTION, MEASURED IN LB",TOTAL,NOT SPECIFIED,STATE,38,38,ND,NORTH DAKOTA,,,,,,,,00000000,,,9000,UNITED STATES,NORTH DAKOTA,2022,MONTHLY,10,12,OCT THRU DEC,,2024-02-02 15:00:00.000,"77,000,000",
SURVEY,ANIMALS & PRODUCTS,DAIRY,MILK,ALL CLASSES,ALL PRODUCTION PRACTICES,ALL UTILIZATION PRACTICES,PRODUCTION,LB,"MILK - PRODUCTION, MEASURED IN LB",TOTAL,NOT SPECIFIED,STATE,39,39,OH,OHIO,,,,,,,,00000000,,,9000,UNITED STATES,OHIO,2022,MONTHLY,01,01,JAN,,2024-02-02 15:00:00.000,"463,000,000",
SURVEY,ANIMALS & PRODUCTS,DAIRY,MILK,ALL CLASSES,ALL PRODUCTION PRACTICES,ALL UTILIZATION PRACTICES,PRODUCTION,LB,"MILK - PRODUCTION, MEASURED IN LB",TOTAL,NOT SPECIFIED,STATE,39,39,OH,OHIO,,,,,,,,00000000,,,9000,UNITED STATES,OHIO,2022,MONTHLY,01,03,JAN THRU MAR,,2024-02-02 15:00:00.000,"1,370,000,000",
SURVEY,ANIMALS & PRODUCTS,DAIRY,MILK,ALL CLASSES,ALL PRODUCTION PRACTICES,ALL UTILIZATION PRACTICES,PRODUCTION,LB,"MILK - PRODUCTION, MEASURED IN LB",TOTAL,NOT SPECIFIED,STATE,39,39,OH,OHIO,,,,,,,,00000000,,,9000,UNITED STATES,OHIO,2022,MONTHLY,02,02,FEB,,2024-02-02 15:00:00.000,"427,000,000",
SURVEY,ANIMALS & PRODUCTS,DAIRY,MILK,ALL CLASSES,ALL PRODUCTION PRACTICES,ALL UTILIZATION PRACTICES,PRODUCTION,LB,"MILK - PRODUCTION, MEASURED IN LB",TOTAL,NOT SPECIFIED,STATE,39,39,OH,OHIO,,,,,,,,00000000,,,9000,UNITED STATES,OHIO,2022,MONTHLY,03,03,MAR,,2024-02-02 15:00:00.000,"480,000,000",
SURVEY,ANIMALS & PRODUCTS,DAIRY,MILK,ALL CLASSES,ALL PRODUCTION PRACTICES,ALL UTILIZATION PRACTICES,PRODUCTION,LB,"MILK - PRODUCTION, MEASURED IN LB",TOTAL,NOT SPECIFIED,STATE,39,39,OH,OHIO,,,,,,,,00000000,,,9000,UNITED STATES,OHIO,2022,MONTHLY,04,04,APR,,2024-02-02 15:00:00.000,"467,000,000",
SURVEY,ANIMALS & PRODUCTS,DAIRY,MILK,ALL CLASSES,ALL PRODUCTION PRACTICES,ALL UTILIZATION PRACTICES,PRODUCTION,LB,"MILK - PRODUCTION, MEASURED IN LB",TOTAL,NOT SPECIFIED,STATE,39,39,OH,OHIO,,,,,,,,00000000,,,9000,UNITED STATES,OHIO,2022,MONTHLY,04,06,APR THRU JUN,,2024-02-02 15:00:00.000,"1,409,000,000",
SURVEY,ANIMALS & PRODUCTS,DAIRY,MILK,ALL CLASSES,ALL PRODUCTION PRACTICES,ALL UTILIZATION PRACTICES,PRODUCTION,LB,"MILK - PRODUCTION, MEASURED IN LB",TOTAL,NOT SPECIFIED,STATE,39,39,OH,OHIO,,,,,,,,00000000,,,9000,UNITED STATES,OHIO,2022,MONTHLY,05,05,MAY,,2024-02-02 15:00:00.000,"484,000,000",
SURVEY,ANIMALS & PRODUCTS,DAIRY,MILK,ALL CLASSES,ALL PRODUCTION PRACTICES,ALL UTILIZATION PRACTICES,PRODUCTION,LB,"MILK - PRODUCTION, MEASURED IN LB",TOTAL,NOT SPECIFIED,STATE,39,39,OH,OHIO,,,,,,,,00000000,,,9000,UNITED STATES,OHIO,2022,MONTHLY,06,06,JUN,,2024-02-02 15:00:00.000,"458,000,000",
SURVEY,ANIMALS & PRODUCTS,DAIRY,MILK,ALL CLASSES,ALL PRODUCTION PRACTICES,ALL UTILIZATION PRACTICES,PRODUCTION,LB,"MILK - PRODUCTION, MEASURED IN LB",TOTAL,NOT SPECIFIED,STATE,39,39,OH,OHIO,,,,,,,,00000000,,,9000,UNITED STATES,OHIO,2022,MONTHLY,07,07,JUL,,2024-02-02 15:00:00.000,"467,000,000",
SURVEY,ANIMALS & PRODUCTS,DAIRY,MILK,ALL CLASSES,ALL PRODUCTION PRACTICES,ALL UTILIZATION PRACTICES,PRODUCTION,LB,"MILK - PRODUCTION, MEASURED IN LB",TOTAL,NOT SPECIFIED,STATE,39,39,OH,OHIO,,,,,,,,00000000,,,9000,UNITED STATES,OHIO,2022,MONTHLY,07,09,JUL THRU SEP,,2024-02-02 15:00:00.000,"1,375,000,000",
SURVEY,ANIMALS & PRODUCTS,DAIRY,MILK,ALL CLASSES,ALL PRODUCTION PRACTICES,ALL UTILIZATION PRACTICES,PRODUCTION,LB,"MILK - PRODUCTION, MEASURED IN LB",TOTAL,NOT SPECIFIED,STATE,39,39,OH,OHIO,,,,,,,,00000000,,,9000,UNITED STATES,OHIO,2022,MONTHLY,08,08,AUG,,2024-02-02 15:00:00.000,"465,000,000",
SURVEY,ANIMALS & PRODUCTS,DAIRY,MILK,ALL CLASSES,ALL PRODUCTION PRACTICES,ALL UTILIZATION PRACTICES,PRODUCTION,LB,"MILK - PRODUCTION, MEASURED IN LB",TOTAL,NOT SPECIFIED,STATE,39,39,OH,OHIO,,,,,,,,00000000,,,9000,UNITED STATES,OHIO,2022,MONTHLY,09,09,SEP,,2024-02-02 15:00:00.000,"443,000,000",
SURVEY,ANIMALS & PRODUCTS,DAIRY,MILK,ALL CLASSES,ALL PRODUCTION PRACTICES,ALL UTILIZATION PRACTICES,PRODUCTION,LB,"MILK - PRODUCTION, MEASURED IN LB",TOTAL,NOT SPECIFIED,STATE,39,39,OH,OHIO,,,,,,,,00000000,,,9000,UNITED STATES,OHIO,2022,MONTHLY,10,10,OCT,,2024-02-02 15:00:00.000,"458,000,000",
SURVEY,ANIMALS & PRODUCTS,DAIRY,MILK,ALL CLASSES,ALL PRODUCTION PRACTICES,ALL UTILIZATION PRACTICES,PRODUCTION,LB,"MILK - PRODUCTION, MEASURED IN LB",TOTAL,NOT SPECIFIED,STATE,39,39,OH,OHIO,,,,,,,,00000000,,,9000,UNITED STATES,OHIO,2022,MONTHLY,10,12,OCT THRU DEC,,2024-02-02 15:00:00.000,"1,372,000,000",
SURVEY,ANIMALS & PRODUCTS,DAIRY,MILK,ALL CLASSES,ALL PRODUCTION PRACTICES,ALL UTILIZATION PRACTICES,PRODUCTION,LB,"MILK - PRODUCTION, MEASURED IN LB",TOTAL,NOT SPECIFIED,STATE,39,39,OH,OHIO,,,,,,,,00000000,,,9000,UNITED STATES,OHIO,2022,MONTHLY,11,11,NOV,,2024-02-02 15:00:00.000,"448,000,000",
SURVEY,ANIMALS & PRODUCTS,DAIRY,MILK,ALL CLASSES,ALL PRODUCTION PRACTICES,ALL UTILIZATION PRACTICES,PRODUCTION,LB,"MILK - PRODUCTION, MEASURED IN LB",TOTAL,NOT SPECIFIED,STATE,39,39,OH,OHIO,,,,,,,,00000000,,,9000,UNITED STATES,OHIO,2022,MONTHLY,12,12,DEC,,2024-02-02 15:00:00.000,"466,000,000",
SURVEY,ANIMALS & PRODUCTS,DAIRY,MILK,ALL CLASSES,ALL PRODUCTION PRACTICES,ALL UTILIZATION PRACTICES,PRODUCTION,LB,"MILK - PRODUCTION, MEASURED IN LB",TOTAL,NOT SPECIFIED,STATE,40,40,OK,OKLAHOMA,,,,,,,,00000000,,,9000,UNITED STATES,OKLAHOMA,2022,MONTHLY,01,03,JAN THRU MAR,,2024-02-02 15:00:00.000,"189,000,000",
SURVEY,ANIMALS & PRODUCTS,DAIRY,MILK,ALL CLASSES,ALL PRODUCTION PRACTICES,ALL UTILIZATION PRACTICES,PRODUCTION,LB,"MILK - PRODUCTION, MEASURED IN LB",TOTAL,NOT SPECIFIED,STATE,40,40,OK,OKLAHOMA,,,,,,,,00000000,,,9000,UNITED STATES,OKLAHOMA,2022,MONTHLY,04,06,APR THRU JUN,,2024-02-02 15:00:00.000,"186,000,000",
SURVEY,ANIMALS & PRODUCTS,DAIRY,MILK,ALL CLASSES,ALL PRODUCTION PRACTICES,ALL UTILIZATION PRACTICES,PRODUCTION,LB,"MILK - PRODUCTION, MEASURED IN LB",TOTAL,NOT SPECIFIED,STATE,40,40,OK,OKLAHOMA,,,,,,,,00000000,,,9000,UNITED STATES,OKLAHOMA,2022,MONTHLY,07,09,JUL THRU SEP,,2024-02-02 15:00:00.000,"163,000,000",
SURVEY,ANIMALS & PRODUCTS,DAIRY,MILK,ALL CLASSES,ALL PRODUCTION PRACTICES,ALL UTILIZATION PRACTICES,PRODUCTION,LB,"MILK - PRODUCTION, MEASURED IN LB",TOTAL,NOT SPECIFIED,STATE,40,40,OK,OKLAHOMA,,,,,,,,00000000,,,9000,UNITED STATES,OKLAHOMA,2022,MONTHLY,10,12,OCT THRU DEC,,2024-02-02 15:00:00.000,"178,000,000",
SURVEY,ANIMALS & PRODUCTS,DAIRY,MILK,ALL CLASSES,ALL PRODUCTION PRACTICES,ALL UTILIZATION PRACTICES,PRODUCTION,LB,"MILK - PRODUCTION, MEASURED IN LB",TOTAL,NOT SPECIFIED,STATE,41,41,OR,OREGON,,,,,,,,00000000,,,9000,UNITED STATES,OREGON,2022,MONTHLY,01,01,JAN,,2024-02-02 15:00:00.000,"219,000,000",
SURVEY,ANIMALS & PRODUCTS,DAIRY,MILK,ALL CLASSES,ALL PRODUCTION PRACTICES,ALL UTILIZATION PRACTICES,PRODUCTION,LB,"MILK - PRODUCTION, MEASURED IN LB",TOTAL,NOT SPECIFIED,STATE,41,41,OR,OREGON,,,,,,,,00000000,,,9000,UNITED STATES,OREGON,2022,MONTHLY,01,03,JAN THRU MAR,,2024-02-02 15:00:00.000,"657,000,000",
SURVEY,ANIMALS & PRODUCTS,DAIRY,MILK,ALL CLASSES,ALL PRODUCTION PRACTICES,ALL UTILIZATION PRACTICES,PRODUCTION,LB,"MILK - PRODUCTION, MEASURED IN LB",TOTAL,NOT SPECIFIED,STATE,41,41,OR,OREGON,,,,,,,,00000000,,,9000,UNITED STATES,OREGON,2022,MONTHLY,02,02,FEB,,2024-02-02 15:00:00.000,"206,000,000",
SURVEY,ANIMALS & PRODUCTS,DAIRY,MILK,ALL CLASSES,ALL PRODUCTION PRACTICES,ALL UTILIZATION PRACTICES,PRODUCTION,LB,"MILK - PRODUCTION, MEASURED IN LB",TOTAL,NOT SPECIFIED,STATE,41,41,OR,OREGON,,,,,,,,00000000,,,9000,UNITED STATES,OREGON,2022,MONTHLY,03,03,MAR,,2024-02-02 15:00:00.000,"232,000,000",
SURVEY,ANIMALS & PRODUCTS,DAIRY,MILK,ALL CLASSES,ALL PRODUCTION PRACTICES,ALL UTILIZATION PRACTICES,PRODUCTION,LB,"MILK - PRODUCTION, MEASURED IN LB",TOTAL,NOT SPECIFIED,STATE,41,41,OR,OREGON,,,,,,,,00000000,,,9000,UNITED STATES,OREGON,2022,MONTHLY,04,04,APR,,2024-02-02 15:00:00.000,"226,000,000",
SURVEY,ANIMALS & PRODUCTS,DAIRY,MILK,ALL CLASSES,ALL PRODUCTION PRACTICES,ALL UTILIZATION PRACTICES,PRODUCTION,LB,"MILK - PRODUCTION, MEASURED IN LB",TOTAL,NOT SPECIFIED,STATE,41,41,OR,OREGON,,,,,,,,00000000,,,9000,UNITED STATES,OREGON,2022,MONTHLY,04,06,APR THRU JUN,,2024-02-02 15:00:00.000,"682,000,000",
SURVEY,ANIMALS & PRODUCTS,DAIRY,MILK,ALL CLASSES,ALL PRODUCTION PRACTICES,ALL UTILIZATION PRACTICES,PRODUCTION,LB,"MILK - PRODUCTION, MEASURED IN LB",TOTAL,NOT SPECIFIED,STATE,41,41,OR,OREGON,,,,,,,,00000000,,,9000,UNITED STATES,OREGON,2022,MONTHLY,05,05,MAY,,2024-02-02 15:00:00.000,"233,000,000",
SURVEY,ANIMALS & PRODUCTS,DAIRY,MILK,ALL CLASSES,ALL PRODUCTION PRACTICES,ALL UTILIZATION PRACTICES,PRODUCTION,LB,"MILK - PRODUCTION, MEASURED IN LB",TOTAL,NOT SPECIFIED,STATE,41,41,OR,OREGON,,,,,,,,00000000,,,9000,UNITED STATES,OREGON,2022,MONTHLY,06,06,JUN,,2024-02-02 15:00:00.000,"223,000,000",
SURVEY,ANIMALS & PRODUCTS,DAIRY,MILK,ALL CLASSES,ALL PRODUCTION PRACTICES,ALL UTILIZATION PRACTICES,PRODUCTION,LB,"MILK - PRODUCTION, MEASURED IN LB",TOTAL,NOT SPECIFIED,STATE,41,41,OR,OREGON,,,,,,,,00000000,,,9000,UNITED STATES,OREGON,2022,MONTHLY,07,07,JUL,,2024-02-02 15:00:00.000,"227,000,000",
SURVEY,ANIMALS & PRODUCTS,DAIRY,MILK,ALL CLASSES,ALL PRODUCTION PRACTICES,ALL UTILIZATION PRACTICES,PRODUCTION,LB,"MILK - PRODUCTION, MEASURED IN LB",TOTAL,NOT SPECIFIED,STATE,41,41,OR,OREGON,,,,,,,,00000000,,,9000,UNITED STATES,OREGON,2022,MONTHLY,07,09,JUL THRU SEP,,2024-02-02 15:00:00.000,"661,000,000",
SURVEY,ANIMALS & PRODUCTS,DAIRY,MILK,ALL CLASSES,ALL PRODUCTION PRACTICES,ALL UTILIZATION PRACTICES,PRODUCTION,LB,"MILK - PRODUCTION, MEASURED IN LB",TOTAL,NOT SPECIFIED,STATE,41,41,OR,OREGON,,,,,,,,00000000,,,9000,UNITED STATES,OREGON,2022,MONTHLY,08,08,AUG,,2024-02-02 15:00:00.000,"220,000,000",
SURVEY,ANIMALS & PRODUCTS,DAIRY,MILK,ALL CLASSES,ALL PRODUCTION PRACTICES,ALL UTILIZATION PRACTICES,PRODUCTION,LB,"MILK - PRODUCTION, MEASURED IN LB",TOTAL,NOT SPECIFIED,STATE,41,41,OR,OREGON,,,,,,,,00000000,,,9000,UNITED STATES,OREGON,2022,MONTHLY,09,09,SEP,,2024-02-02 15:00:00.000,"214,000,000",
SURVEY,ANIMALS & PRODUCTS,DAIRY,MILK,ALL CLASSES,ALL PRODUCTION PRACTICES,ALL UTILIZATION PRACTICES,PRODUCTION,LB,"MILK - PRODUCTION, MEASURED IN LB",TOTAL,NOT SPECIFIED,STATE,41,41,OR,OREGON,,,,,,,,00000000,,,9000,UNITED STATES,OREGON,2022,MONTHLY,10,10,OCT,,2024-02-02 15:00:00.000,"218,000,000",
SURVEY,ANIMALS & PRODUCTS,DAIRY,MILK,ALL CLASSES,ALL PRODUCTION PRACTICES,ALL UTILIZATION PRACTICES,PRODUCTION,LB,"MILK - PRODUCTION, MEASURED IN LB",TOTAL,NOT SPECIFIED,STATE,41,41,OR,OREGON,,,,,,,,00000000,,,9000,UNITED STATES,OREGON,2022,MONTHLY,10,12,OCT THRU DEC,,2024-02-02 15:00:00.000,"635,000,000",
SURVEY,ANIMALS & PRODUCTS,DAIRY,MILK,ALL CLASSES,ALL PRODUCTION PRACTICES,ALL UTILIZATION PRACTICES,PRODUCTION,LB,"MILK - PRODUCTION, MEASURED IN LB",TOTAL,NOT SPECIFIED,STATE,41,41,OR,OREGON,,,,,,,,00000000,,,9000,UNITED STATES,OREGON,2022,MONTHLY,11,11,NOV,,2024-02-02 15:00:00.000,"205,000,000",
SURVEY,ANIMALS & PRODUCTS,DAIRY,MILK,ALL CLASSES,ALL PRODUCTION PRACTICES,ALL UTILIZATION PRACTICES,PRODUCTION,LB,"MILK - PRODUCTION, MEASURED IN LB",TOTAL,NOT SPECIFIED,STATE,41,41,OR,OREGON,,,,,,,,00000000,,,9000,UNITED STATES,OREGON,2022,MONTHLY,12,12,DEC,,2024-02-02 15:00:00.000,"212,000,000",
SURVEY,ANIMALS & PRODUCTS,DAIRY,MILK,ALL CLASSES,ALL PRODUCTION PRACTICES,ALL UTILIZATION PRACTICES,PRODUCTION,LB,"MILK - PRODUCTION, MEASURED IN LB",TOTAL,NOT SPECIFIED,STATE,42,42,PA,PENNSYLVANIA,,,,,,,,00000000,,,9000,UNITED STATES,PENNSYLVANIA,2022,MONTHLY,01,01,JAN,,2024-02-02 15:00:00.000,"847,000,000",
SURVEY,ANIMALS & PRODUCTS,DAIRY,MILK,ALL CLASSES,ALL PRODUCTION PRACTICES,ALL UTILIZATION PRACTICES,PRODUCTION,LB,"MILK - PRODUCTION, MEASURED IN LB",TOTAL,NOT SPECIFIED,STATE,42,42,PA,PENNSYLVANIA,,,,,,,,00000000,,,9000,UNITED STATES,PENNSYLVANIA,2022,MONTHLY,01,03,JAN THRU MAR,,2024-02-02 15:00:00.000,"2,502,000,000",
SURVEY,ANIMALS & PRODUCTS,DAIRY,MILK,ALL CLASSES,ALL PRODUCTION PRACTICES,ALL UTILIZATION PRACTICES,PRODUCTION,LB,"MILK - PRODUCTION, MEASURED IN LB",TOTAL,NOT SPECIFIED,STATE,42,42,PA,PENNSYLVANIA,,,,,,,,00000000,,,9000,UNITED STATES,PENNSYLVANIA,2022,MONTHLY,02,02,FEB,,2024-02-02 15:00:00.000,"782,000,000",
SURVEY,ANIMALS & PRODUCTS,DAIRY,MILK,ALL CLASSES,ALL PRODUCTION PRACTICES,ALL UTILIZATION PRACTICES,PRODUCTION,LB,"MILK - PRODUCTION, MEASURED IN LB",TOTAL,NOT SPECIFIED,STATE,42,42,PA,PENNSYLVANIA,,,,,,,,00000000,,,9000,UNITED STATES,PENNSYLVANIA,2022,MONTHLY,03,03,MAR,,2024-02-02 15:00:00.000,"873,000,000",
SURVEY,ANIMALS & PRODUCTS,DAIRY,MILK,ALL CLASSES,ALL PRODUCTION PRACTICES,ALL UTILIZATION PRACTICES,PRODUCTION,LB,"MILK - PRODUCTION, MEASURED IN LB",TOTAL,NOT SPECIFIED,STATE,42,42,PA,PENNSYLVANIA,,,,,,,,00000000,,,9000,UNITED STATES,PENNSYLVANIA,2022,MONTHLY,04,04,APR,,2024-02-02 15:00:00.000,"855,000,000",
SURVEY,ANIMALS & PRODUCTS,DAIRY,MILK,ALL CLASSES,ALL PRODUCTION PRACTICES,ALL UTILIZATION PRACTICES,PRODUCTION,LB,"MILK - PRODUCTION, MEASURED IN LB",TOTAL,NOT SPECIFIED,STATE,42,42,PA,PENNSYLVANIA,,,,,,,,00000000,,,9000,UNITED STATES,PENNSYLVANIA,2022,MONTHLY,04,06,APR THRU JUN,,2024-02-02 15:00:00.000,"2,572,000,000",
SURVEY,ANIMALS & PRODUCTS,DAIRY,MILK,ALL CLASSES,ALL PRODUCTION PRACTICES,ALL UTILIZATION PRACTICES,PRODUCTION,LB,"MILK - PRODUCTION, MEASURED IN LB",TOTAL,NOT SPECIFIED,STATE,42,42,PA,PENNSYLVANIA,,,,,,,,00000000,,,9000,UNITED STATES,PENNSYLVANIA,2022,MONTHLY,05,05,MAY,,2024-02-02 15:00:00.000,"883,000,000",
SURVEY,ANIMALS & PRODUCTS,DAIRY,MILK,ALL CLASSES,ALL PRODUCTION PRACTICES,ALL UTILIZATION PRACTICES,PRODUCTION,LB,"MILK - PRODUCTION, MEASURED IN LB",TOTAL,NOT SPECIFIED,STATE,42,42,PA,PENNSYLVANIA,,,,,,,,00000000,,,9000,UNITED STATES,PENNSYLVANIA,2022,MONTHLY,06,06,JUN,,2024-02-02 15:00:00.000,"834,000,000",
SURVEY,ANIMALS & PRODUCTS,DAIRY,MILK,ALL CLASSES,ALL PRODUCTION PRACTICES,ALL UTILIZATION PRACTICES,PRODUCTION,LB,"MILK - PRODUCTION, MEASURED IN LB",TOTAL,NOT SPECIFIED,STATE,42,42,PA,PENNSYLVANIA,,,,,,,,00000000,,,9000,UNITED STATES,PENNSYLVANIA,2022,MONTHLY,07,07,JUL,,2024-02-02 15:00:00.000,"836,000,000",
SURVEY,ANIMALS & PRODUCTS,DAIRY,MILK,ALL CLASSES,ALL PRODUCTION PRACTICES,ALL UTILIZATION PRACTICES,PRODUCTION,LB,"MILK - PRODUCTION, MEASURED IN LB",TOTAL,NOT SPECIFIED,STATE,42,42,PA,PENNSYLVANIA,,,,,,,,00000000,,,9000,UNITED STATES,PENNSYLVANIA,2022,MONTHLY,07,09,JUL THRU SEP,,2024-02-02 15:00:00.000,"2,443,000,000",
SURVEY,ANIMALS & PRODUCTS,DAIRY,MILK,ALL CLASSES,ALL PRODUCTION PRACTICES,ALL UTILIZATION PRACTICES,PRODUCTION,LB,"MILK - PRODUCTION, MEASURED IN LB",TOTAL,NOT SPECIFIED,STATE,42,42,PA,PENNSYLVANIA,,,,,,,,00000000,,,9000,UNITED STATES,PENNSYLVANIA,2022,MONTHLY,08,08,AUG,,2024-02-02 15:00:00.000,"821,000,000",
SURVEY,ANIMALS & PRODUCTS,DAIRY,MILK,ALL CLASSES,ALL PRODUCTION PRACTICES,ALL UTILIZATION PRACTICES,PRODUCTION,LB,"MILK - PRODUCTION, MEASURED IN LB",TOTAL,NOT SPECIFIED,STATE,42,42,PA,PENNSYLVANIA,,,,,,,,00000000,,,9000,UNITED STATES,PENNSYLVANIA,2022,MONTHLY,09,09,SEP,,2024-02-02 15:00:00.000,"786,000,000",
SURVEY,ANIMALS & PRODUCTS,DAIRY,MILK,ALL CLASSES,ALL PRODUCTION PRACTICES,ALL UTILIZATION PRACTICES,PRODUCTION,LB,"MILK - PRODUCTION, MEASURED IN LB",TOTAL,NOT SPECIFIED,STATE,42,42,PA,PENNSYLVANIA,,,,,,,,00000000,,,9000,UNITED STATES,PENNSYLVANIA,2022,MONTHLY,10,10,OCT,,2024-02-02 15:00:00.000,"810,000,000",
SURVEY,ANIMALS & PRODUCTS,DAIRY,MILK,ALL CLASSES,ALL PRODUCTION PRACTICES,ALL UTILIZATION PRACTICES,PRODUCTION,LB,"MILK - PRODUCTION, MEASURED IN LB",TOTAL,NOT SPECIFIED,STATE,42,42,PA,PENNSYLVANIA,,,,,,,,00000000,,,9000,UNITED STATES,PENNSYLVANIA,2022,MONTHLY,10,12,OCT THRU DEC,,2024-02-02 15:00:00.000,"2,432,000,000",
SURVEY,ANIMALS & PRODUCTS,DAIRY,MILK,ALL CLASSES,ALL PRODUCTION PRACTICES,ALL UTILIZATION PRACTICES,PRODUCTION,LB,"MILK - PRODUCTION, MEASURED IN LB",TOTAL,NOT SPECIFIED,STATE,42,42,PA,PENNSYLVANIA,,,,,,,,00000000,,,9000,UNITED STATES,PENNSYLVANIA,2022,MONTHLY,11,11,NOV,,2024-02-02 15:00:00.000,"794,000,000",
SURVEY,ANIMALS & PRODUCTS,DAIRY,MILK,ALL CLASSES,ALL PRODUCTION PRACTICES,ALL UTILIZATION PRACTICES,PRODUCTION,LB,"MILK - PRODUCTION, MEASURED IN LB",TOTAL,NOT SPECIFIED,STATE,42,42,PA,PENNSYLVANIA,,,,,,,,00000000,,,9000,UNITED STATES,PENNSYLVANIA,2022,MONTHLY,12,12,DEC,,2024-02-02 15:00:00.000,"828,000,000",
SURVEY,ANIMALS & PRODUCTS,DAIRY,MILK,ALL CLASSES,ALL PRODUCTION PRACTICES,ALL UTILIZATION PRACTICES,PRODUCTION,LB,"MILK - PRODUCTION, MEASURED IN LB",TOTAL,NOT SPECIFIED,STATE,44,44,RI,RHODE ISLAND,,,,,,,,00000000,,,9000,UNITED STATES,RHODE ISLAND,2022,MONTHLY,01,03,JAN THRU MAR,,2024-02-02 15:00:00.000,"2,500,000",
SURVEY,ANIMALS & PRODUCTS,DAIRY,MILK,ALL CLASSES,ALL PRODUCTION PRACTICES,ALL UTILIZATION PRACTICES,PRODUCTION,LB,"MILK - PRODUCTION, MEASURED IN LB",TOTAL,NOT SPECIFIED,STATE,44,44,RI,RHODE ISLAND,,,,,,,,00000000,,,9000,UNITED STATES,RHODE ISLAND,2022,MONTHLY,04,06,APR THRU JUN,,2024-02-02 15:00:00.000,"2,600,000",
SURVEY,ANIMALS & PRODUCTS,DAIRY,MILK,ALL CLASSES,ALL PRODUCTION PRACTICES,ALL UTILIZATION PRACTICES,PRODUCTION,LB,"MILK - PRODUCTION, MEASURED IN LB",TOTAL,NOT SPECIFIED,STATE,44,44,RI,RHODE ISLAND,,,,,,,,00000000,,,9000,UNITED STATES,RHODE ISLAND,2022,MONTHLY,07,09,JUL THRU SEP,,2024-02-02 15:00:00.000,"2,500,000",
SURVEY,ANIMALS & PRODUCTS,DAIRY,MILK,ALL CLASSES,ALL PRODUCTION PRACTICES,ALL UTILIZATION PRACTICES,PRODUCTION,LB,"MILK - PRODUCTION, MEASURED IN LB",TOTAL,NOT SPECIFIED,STATE,44,44,RI,RHODE ISLAND,,,,,,,,00000000,,,9000,UNITED STATES,RHODE ISLAND,2022,MONTHLY,10,12,OCT THRU DEC,,2024-02-02 15:00:00.000,"2,400,000",
SURVEY,ANIMALS & PRODUCTS,DAIRY,MILK,ALL CLASSES,ALL PRODUCTION PRACTICES,ALL UTILIZATION PRACTICES,PRODUCTION,LB,"MILK - PRODUCTION, MEASURED IN LB",TOTAL,NOT SPECIFIED,STATE,45,45,SC,SOUTH CAROLINA,,,,,,,,00000000,,,9000,UNITED STATES,SOUTH CAROLINA,2022,MONTHLY,01,03,JAN THRU MAR,,2024-02-02 15:00:00.000,"44,000,000",
SURVEY,ANIMALS & PRODUCTS,DAIRY,MILK,ALL CLASSES,ALL PRODUCTION PRACTICES,ALL UTILIZATION PRACTICES,PRODUCTION,LB,"MILK - PRODUCTION, MEASURED IN LB",TOTAL,NOT SPECIFIED,STATE,45,45,SC,SOUTH CAROLINA,,,,,,,,00000000,,,9000,UNITED STATES,SOUTH CAROLINA,2022,MONTHLY,04,06,APR THRU JUN,,2024-02-02 15:00:00.000,"44,000,000",
SURVEY,ANIMALS & PRODUCTS,DAIRY,MILK,ALL CLASSES,ALL PRODUCTION PRACTICES,ALL UTILIZATION PRACTICES,PRODUCTION,LB,"MILK - PRODUCTION, MEASURED IN LB",TOTAL,NOT SPECIFIED,STATE,45,45,SC,SOUTH CAROLINA,,,,,,,,00000000,,,9000,UNITED STATES,SOUTH CAROLINA,2022,MONTHLY,07,09,JUL THRU SEP,,2024-02-02 15:00:00.000,"35,000,000",
SURVEY,ANIMALS & PRODUCTS,DAIRY,MILK,ALL CLASSES,ALL PRODUCTION PRACTICES,ALL UTILIZATION PRACTICES,PRODUCTION,LB,"MILK - PRODUCTION, MEASURED IN LB",TOTAL,NOT SPECIFIED,STATE,45,45,SC,SOUTH CAROLINA,,,,,,,,00000000,,,9000,UNITED STATES,SOUTH CAROLINA,2022,MONTHLY,10,12,OCT THRU DEC,,2024-02-02 15:00:00.000,"38,000,000",
SURVEY,ANIMALS & PRODUCTS,DAIRY,MILK,ALL CLASSES,ALL PRODUCTION PRACTICES,ALL UTILIZATION PRACTICES,PRODUCTION,LB,"MILK - PRODUCTION, MEASURED IN LB",TOTAL,NOT SPECIFIED,STATE,46,46,SD,SOUTH DAKOTA,,,,,,,,00000000,,,9000,UNITED STATES,SOUTH DAKOTA,2022,MONTHLY,01,01,JAN,,2024-02-02 15:00:00.000,"330,000,000",
SURVEY,ANIMALS & PRODUCTS,DAIRY,MILK,ALL CLASSES,ALL PRODUCTION PRACTICES,ALL UTILIZATION PRACTICES,PRODUCTION,LB,"MILK - PRODUCTION, MEASURED IN LB",TOTAL,NOT SPECIFIED,STATE,46,46,SD,SOUTH DAKOTA,,,,,,,,00000000,,,9000,UNITED STATES,SOUTH DAKOTA,2022,MONTHLY,01,03,JAN THRU MAR,,2024-02-02 15:00:00.000,"980,000,000",
SURVEY,ANIMALS & PRODUCTS,DAIRY,MILK,ALL CLASSES,ALL PRODUCTION PRACTICES,ALL UTILIZATION PRACTICES,PRODUCTION,LB,"MILK - PRODUCTION, MEASURED IN LB",TOTAL,NOT SPECIFIED,STATE,46,46,SD,SOUTH DAKOTA,,,,,,,,00000000,,,9000,UNITED STATES,SOUTH DAKOTA,2022,MONTHLY,02,02,FEB,,2024-02-02 15:00:00.000,"306,000,000",
SURVEY,ANIMALS & PRODUCTS,DAIRY,MILK,ALL CLASSES,ALL PRODUCTION PRACTICES,ALL UTILIZATION PRACTICES,PRODUCTION,LB,"MILK - PRODUCTION, MEASURED IN LB",TOTAL,NOT SPECIFIED,STATE,46,46,SD,SOUTH DAKOTA,,,,,,,,00000000,,,9000,UNITED STATES,SOUTH DAKOTA,2022,MONTHLY,03,03,MAR,,2024-02-02 15:00:00.000,"344,000,000",
SURVEY,ANIMALS & PRODUCTS,DAIRY,MILK,ALL CLASSES,ALL PRODUCTION PRACTICES,ALL UTILIZATION PRACTICES,PRODUCTION,LB,"MILK - PRODUCTION, MEASURED IN LB",TOTAL,NOT SPECIFIED,STATE,46,46,SD,SOUTH DAKOTA,,,,,,,,00000000,,,9000,UNITED STATES,SOUTH DAKOTA,2022,MONTHLY,04,04,APR,,2024-02-02 15:00:00.000,"336,000,000",
SURVEY,ANIMALS & PRODUCTS,DAIRY,MILK,ALL CLASSES,ALL PRODUCTION PRACTICES,ALL UTILIZATION PRACTICES,PRODUCTION,LB,"MILK - PRODUCTION, MEASURED IN LB",TOTAL,NOT SPECIFIED,STATE,46,46,SD,SOUTH DAKOTA,,,,,,,,00000000,,,9000,UNITED STATES,SOUTH DAKOTA,2022,MONTHLY,04,06,APR THRU JUN,,2024-02-02 15:00:00.000,"1,036,000,000",
SURVEY,ANIMALS & PRODUCTS,DAIRY,MILK,ALL CLASSES,ALL PRODUCTION PRACTICES,ALL UTILIZATION PRACTICES,PRODUCTION,LB,"MILK - PRODUCTION, MEASURED IN LB",TOTAL,NOT SPECIFIED,STATE,46,46,SD,SOUTH DAKOTA,,,,,,,,00000000,,,9000,UNITED STATES,SOUTH DAKOTA,2022,MONTHLY,05,05,MAY,,2024-02-02 15:00:00.000,"353,000,000",
SURVEY,ANIMALS & PRODUCTS,DAIRY,MILK,ALL CLASSES,ALL PRODUCTION PRACTICES,ALL UTILIZATION PRACTICES,PRODUCTION,LB,"MILK - PRODUCTION, MEASURED IN LB",TOTAL,NOT SPECIFIED,STATE,46,46,SD,SOUTH DAKOTA,,,,,,,,00000000,,,9000,UNITED STATES,SOUTH DAKOTA,2022,MONTHLY,06,06,JUN,,2024-02-02 15:00:00.000,"347,000,000",
SURVEY,ANIMALS & PRODUCTS,DAIRY,MILK,ALL CLASSES,ALL PRODUCTION PRACTICES,ALL UTILIZATION PRACTICES,PRODUCTION,LB,"MILK - PRODUCTION, MEASURED IN LB",TOTAL,NOT SPECIFIED,STATE,46,46,SD,SOUTH DAKOTA,,,,,,,,00000000,,,9000,UNITED STATES,SOUTH DAKOTA,2022,MONTHLY,07,07,JUL,,2024-02-02 15:00:00.000,"361,000,000",
SURVEY,ANIMALS & PRODUCTS,DAIRY,MILK,ALL CLASSES,ALL PRODUCTION PRACTICES,ALL UTILIZATION PRACTICES,PRODUCTION,LB,"MILK - PRODUCTION, MEASURED IN LB",TOTAL,NOT SPECIFIED,STATE,46,46,SD,SOUTH DAKOTA,,,,,,,,00000000,,,9000,UNITED STATES,SOUTH DAKOTA,2022,MONTHLY,07,09,JUL THRU SEP,,2024-02-02 15:00:00.000,"1,084,000,000",
SURVEY,ANIMALS & PRODUCTS,DAIRY,MILK,ALL CLASSES,ALL PRODUCTION PRACTICES,ALL UTILIZATION PRACTICES,PRODUCTION,LB,"MILK - PRODUCTION, MEASURED IN LB",TOTAL,NOT SPECIFIED,STATE,46,46,SD,SOUTH DAKOTA,,,,,,,,00000000,,,9000,UNITED STATES,SOUTH DAKOTA,2022,MONTHLY,08,08,AUG,,2024-02-02 15:00:00.000,"368,000,000",
SURVEY,ANIMALS & PRODUCTS,DAIRY,MILK,ALL CLASSES,ALL PRODUCTION PRACTICES,ALL UTILIZATION PRACTICES,PRODUCTION,LB,"MILK - PRODUCTION, MEASURED IN LB",TOTAL,NOT SPECIFIED,STATE,46,46,SD,SOUTH DAKOTA,,,,,,,,00000000,,,9000,UNITED STATES,SOUTH DAKOTA,2022,MONTHLY,09,09,SEP,,2024-02-02 15:00:00.000,"355,000,000",
SURVEY,ANIMALS & PRODUCTS,DAIRY,MILK,ALL CLASSES,ALL PRODUCTION PRACTICES,ALL UTILIZATION PRACTICES,PRODUCTION,LB,"MILK - PRODUCTION, MEASURED IN LB",TOTAL,NOT SPECIFIED,STATE,46,46,SD,SOUTH DAKOTA,,,,,,,,00000000,,,9000,UNITED STATES,SOUTH DAKOTA,2022,MONTHLY,10,10,OCT,,2024-02-02 15:00:00.000,"362,000,000",
SURVEY,ANIMALS & PRODUCTS,DAIRY,MILK,ALL CLASSES,ALL PRODUCTION PRACTICES,ALL UTILIZATION PRACTICES,PRODUCTION,LB,"MILK - PRODUCTION, MEASURED IN LB",TOTAL,NOT SPECIFIED,STATE,46,46,SD,SOUTH DAKOTA,,,,,,,,00000000,,,9000,UNITED STATES,SOUTH DAKOTA,2022,MONTHLY,10,12,OCT THRU DEC,,2024-02-02 15:00:00.000,"1,061,000,000",
SURVEY,ANIMALS & PRODUCTS,DAIRY,MILK,ALL CLASSES,ALL PRODUCTION PRACTICES,ALL UTILIZATION PRACTICES,PRODUCTION,LB,"MILK - PRODUCTION, MEASURED IN LB",TOTAL,NOT SPECIFIED,STATE,46,46,SD,SOUTH DAKOTA,,,,,,,,00000000,,,9000,UNITED STATES,SOUTH DAKOTA,2022,MONTHLY,11,11,NOV,,2024-02-02 15:00:00.000,"344,000,000",
SURVEY,ANIMALS & PRODUCTS,DAIRY,MILK,ALL CLASSES,ALL PRODUCTION PRACTICES,ALL UTILIZATION PRACTICES,PRODUCTION,LB,"MILK - PRODUCTION, MEASURED IN LB",TOTAL,NOT SPECIFIED,STATE,46,46,SD,SOUTH DAKOTA,,,,,,,,00000000,,,9000,UNITED STATES,SOUTH DAKOTA,2022,MONTHLY,12,12,DEC,,2024-02-02 15:00:00.000,"355,000,000",
SURVEY,ANIMALS & PRODUCTS,DAIRY,MILK,ALL CLASSES,ALL PRODUCTION PRACTICES,ALL UTILIZATION PRACTICES,PRODUCTION,LB,"MILK - PRODUCTION, MEASURED IN LB",TOTAL,NOT SPECIFIED,STATE,47,47,TN,TENNESSEE,,,,,,,,00000000,,,9000,UNITED STATES,TENNESSEE,2022,MONTHLY,01,03,JAN THRU MAR,,2024-02-02 15:00:00.000,"126,000,000",
SURVEY,ANIMALS & PRODUCTS,DAIRY,MILK,ALL CLASSES,ALL PRODUCTION PRACTICES,ALL UTILIZATION PRACTICES,PRODUCTION,LB,"MILK - PRODUCTION, MEASURED IN LB",TOTAL,NOT SPECIFIED,STATE,47,47,TN,TENNESSEE,,,,,,,,00000000,,,9000,UNITED STATES,TENNESSEE,2022,MONTHLY,04,06,APR THRU JUN,,2024-02-02 15:00:00.000,"130,000,000",
SURVEY,ANIMALS & PRODUCTS,DAIRY,MILK,ALL CLASSES,ALL PRODUCTION PRACTICES,ALL UTILIZATION PRACTICES,PRODUCTION,LB,"MILK - PRODUCTION, MEASURED IN LB",TOTAL,NOT SPECIFIED,STATE,47,47,TN,TENNESSEE,,,,,,,,00000000,,,9000,UNITED STATES,TENNESSEE,2022,MONTHLY,07,09,JUL THRU SEP,,2024-02-02 15:00:00.000,"120,000,000",
SURVEY,ANIMALS & PRODUCTS,DAIRY,MILK,ALL CLASSES,ALL PRODUCTION PRACTICES,ALL UTILIZATION PRACTICES,PRODUCTION,LB,"MILK - PRODUCTION, MEASURED IN LB",TOTAL,NOT SPECIFIED,STATE,47,47,TN,TENNESSEE,,,,,,,,00000000,,,9000,UNITED STATES,TENNESSEE,2022,MONTHLY,10,12,OCT THRU DEC,,2024-02-02 15:00:00.000,"117,000,000",
SURVEY,ANIMALS & PRODUCTS,DAIRY,MILK,ALL CLASSES,ALL PRODUCTION PRACTICES,ALL UTILIZATION PRACTICES,PRODUCTION,LB,"MILK - PRODUCTION, MEASURED IN LB",TOTAL,NOT SPECIFIED,STATE,48,48,TX,TEXAS,,,,,,,,00000000,,,9000,UNITED STATES,TEXAS,2022,MONTHLY,01,01,JAN,,2024-02-02 15:00:00.000,"1,378,000,000",
SURVEY,ANIMALS & PRODUCTS,DAIRY,MILK,ALL CLASSES,ALL PRODUCTION PRACTICES,ALL UTILIZATION PRACTICES,PRODUCTION,LB,"MILK - PRODUCTION, MEASURED IN LB",TOTAL,NOT SPECIFIED,STATE,48,48,TX,TEXAS,,,,,,,,00000000,,,9000,UNITED STATES,TEXAS,2022,MONTHLY,01,03,JAN THRU MAR,,2024-02-02 15:00:00.000,"4,072,000,000",
SURVEY,ANIMALS & PRODUCTS,DAIRY,MILK,ALL CLASSES,ALL PRODUCTION PRACTICES,ALL UTILIZATION PRACTICES,PRODUCTION,LB,"MILK - PRODUCTION, MEASURED IN LB",TOTAL,NOT SPECIFIED,STATE,48,48,TX,TEXAS,,,,,,,,00000000,,,9000,UNITED STATES,TEXAS,2022,MONTHLY,02,02,FEB,,2024-02-02 15:00:00.000,"1,257,000,000",
SURVEY,ANIMALS & PRODUCTS,DAIRY,MILK,ALL CLASSES,ALL PRODUCTION PRACTICES,ALL UTILIZATION PRACTICES,PRODUCTION,LB,"MILK - PRODUCTION, MEASURED IN LB",TOTAL,NOT SPECIFIED,STATE,48,48,TX,TEXAS,,,,,,,,00000000,,,9000,UNITED STATES,TEXAS,2022,MONTHLY,03,03,MAR,,2024-02-02 15:00:00.000,"1,437,000,000",
SURVEY,ANIMALS & PRODUCTS,DAIRY,MILK,ALL CLASSES,ALL PRODUCTION PRACTICES,ALL UTILIZATION PRACTICES,PRODUCTION,LB,"MILK - PRODUCTION, MEASURED IN LB",TOTAL,NOT SPECIFIED,STATE,48,48,TX,TEXAS,,,,,,,,00000000,,,9000,UNITED STATES,TEXAS,2022,MONTHLY,04,04,APR,,2024-02-02 15:00:00.000,"1,395,000,000",
SURVEY,ANIMALS & PRODUCTS,DAIRY,MILK,ALL CLASSES,ALL PRODUCTION PRACTICES,ALL UTILIZATION PRACTICES,PRODUCTION,LB,"MILK - PRODUCTION, MEASURED IN LB",TOTAL,NOT SPECIFIED,STATE,48,48,TX,TEXAS,,,,,,,,00000000,,,9000,UNITED STATES,TEXAS,2022,MONTHLY,04,06,APR THRU JUN,,2024-02-02 15:00:00.000,"4,199,000,000",
SURVEY,ANIMALS & PRODUCTS,DAIRY,MILK,ALL CLASSES,ALL PRODUCTION PRACTICES,ALL UTILIZATION PRACTICES,PRODUCTION,LB,"MILK - PRODUCTION, MEASURED IN LB",TOTAL,NOT SPECIFIED,STATE,48,48,TX,TEXAS,,,,,,,,00000000,,,9000,UNITED STATES,TEXAS,2022,MONTHLY,05,05,MAY,,2024-02-02 15:00:00.000,"1,433,000,000",
SURVEY,ANIMALS & PRODUCTS,DAIRY,MILK,ALL CLASSES,ALL PRODUCTION PRACTICES,ALL UTILIZATION PRACTICES,PRODUCTION,LB,"MILK - PRODUCTION, MEASURED IN LB",TOTAL,NOT SPECIFIED,STATE,48,48,TX,TEXAS,,,,,,,,00000000,,,9000,UNITED STATES,TEXAS,2022,MONTHLY,06,06,JUN,,2024-02-02 15:00:00.000,"1,371,000,000",
SURVEY,ANIMALS & PRODUCTS,DAIRY,MILK,ALL CLASSES,ALL PRODUCTION PRACTICES,ALL UTILIZATION PRACTICES,PRODUCTION,LB,"MILK - PRODUCTION, MEASURED IN LB",TOTAL,NOT SPECIFIED,STATE,48,48,TX,TEXAS,,,,,,,,00000000,,,9000,UNITED STATES,TEXAS,2022,MONTHLY,07,07,JUL,,2024-02-02 15:00:00.000,"1,381,000,000",
SURVEY,ANIMALS & PRODUCTS,DAIRY,MILK,ALL CLASSES,ALL PRODUCTION PRACTICES,ALL UTILIZATION PRACTICES,PRODUCTION,LB,"MILK - PRODUCTION, MEASURED IN LB",TOTAL,NOT SPECIFIED,STATE,48,48,TX,TEXAS,,,,,,,,00000000,,,9000,UNITED STATES,TEXAS,2022,MONTHLY,07,09,JUL THRU SEP,,2024-02-02 15:00:00.000,"4,109,000,000",
SURVEY,ANIMALS & PRODUCTS,DAIRY,MILK,ALL CLASSES,ALL PRODUCTION PRACTICES,ALL UTILIZATION PRACTICES,PRODUCTION,LB,"MILK - PRODUCTION, MEASURED IN LB",TOTAL,NOT SPECIFIED,STATE,48,48,TX,TEXAS,,,,,,,,00000000,,,9000,UNITED STATES,TEXAS,2022,MONTHLY,08,08,AUG,,2024-02-02 15:00:00.000,"1,385,000,000",
SURVEY,ANIMALS & PRODUCTS,DAIRY,MILK,ALL CLASSES,ALL PRODUCTION PRACTICES,ALL UTILIZATION PRACTICES,PRODUCTION,LB,"MILK - PRODUCTION, MEASURED IN LB",TOTAL,NOT SPECIFIED,STATE,48,48,TX,TEXAS,,,,,,,,00000000,,,9000,UNITED STATES,TEXAS,2022,MONTHLY,09,09,SEP,,2024-02-02 15:00:00.000,"1,343,000,000",
SURVEY,ANIMALS & PRODUCTS,DAIRY,MILK,ALL CLASSES,ALL PRODUCTION PRACTICES,ALL UTILIZATION PRACTICES,PRODUCTION,LB,"MILK - PRODUCTION, MEASURED IN LB",TOTAL,NOT SPECIFIED,STATE,48,48,TX,TEXAS,,,,,,,,00000000,,,9000,UNITED STATES,TEXAS,2022,MONTHLY,10,10,OCT,,2024-02-02 15:00:00.000,"1,415,000,000",
SURVEY,ANIMALS & PRODUCTS,DAIRY,MILK,ALL CLASSES,ALL PRODUCTION PRACTICES,ALL UTILIZATION PRACTICES,PRODUCTION,LB,"MILK - PRODUCTION, MEASURED IN LB",TOTAL,NOT SPECIFIED,STATE,48,48,TX,TEXAS,,,,,,,,00000000,,,9000,UNITED STATES,TEXAS,2022,MONTHLY,10,12,OCT THRU DEC,,2024-02-02 15:00:00.000,"4,151,000,000",
SURVEY,ANIMALS & PRODUCTS,DAIRY,MILK,ALL CLASSES,ALL PRODUCTION PRACTICES,ALL UTILIZATION PRACTICES,PRODUCTION,LB,"MILK - PRODUCTION, MEASURED IN LB",TOTAL,NOT SPECIFIED,STATE,48,48,TX,TEXAS,,,,,,,,00000000,,,9000,UNITED STATES,TEXAS,2022,MONTHLY,11,11,NOV,,2024-02-02 15:00:00.000,"1,348,000,000",
SURVEY,ANIMALS & PRODUCTS,DAIRY,MILK,ALL CLASSES,ALL PRODUCTION PRACTICES,ALL UTILIZATION PRACTICES,PRODUCTION,LB,"MILK - PRODUCTION, MEASURED IN LB",TOTAL,NOT SPECIFIED,STATE,48,48,TX,TEXAS,,,,,,,,00000000,,,9000,UNITED STATES,TEXAS,2022,MONTHLY,12,12,DEC,,2024-02-02 15:00:00.000,"1,388,000,000",
SURVEY,ANIMALS & PRODUCTS,DAIRY,MILK,ALL CLASSES,ALL PRODUCTION PRACTICES,ALL UTILIZATION PRACTICES,PRODUCTION,LB,"MILK - PRODUCTION, MEASURED IN LB",TOTAL,NOT SPECIFIED,STATE,49,49,UT,UTAH,,,,,,,,00000000,,,9000,UNITED STATES,UTAH,2022,MONTHLY,01,01,JAN,,2024-02-02 15:00:00.000,"182,000,000",
SURVEY,ANIMALS & PRODUCTS,DAIRY,MILK,ALL CLASSES,ALL PRODUCTION PRACTICES,ALL UTILIZATION PRACTICES,PRODUCTION,LB,"MILK - PRODUCTION, MEASURED IN LB",TOTAL,NOT SPECIFIED,STATE,49,49,UT,UTAH,,,,,,,,00000000,,,9000,UNITED STATES,UTAH,2022,MONTHLY,01,03,JAN THRU MAR,,2024-02-02 15:00:00.000,"533,000,000",
SURVEY,ANIMALS & PRODUCTS,DAIRY,MILK,ALL CLASSES,ALL PRODUCTION PRACTICES,ALL UTILIZATION PRACTICES,PRODUCTION,LB,"MILK - PRODUCTION, MEASURED IN LB",TOTAL,NOT SPECIFIED,STATE,49,49,UT,UTAH,,,,,,,,00000000,,,9000,UNITED STATES,UTAH,2022,MONTHLY,02,02,FEB,,2024-02-02 15:00:00.000,"166,000,000",
SURVEY,ANIMALS & PRODUCTS,DAIRY,MILK,ALL CLASSES,ALL PRODUCTION PRACTICES,ALL UTILIZATION PRACTICES,PRODUCTION,LB,"MILK - PRODUCTION, MEASURED IN LB",TOTAL,NOT SPECIFIED,STATE,49,49,UT,UTAH,,,,,,,,00000000,,,9000,UNITED STATES,UTAH,2022,MONTHLY,03,03,MAR,,2024-02-02 15:00:00.000,"185,000,000",
SURVEY,ANIMALS & PRODUCTS,DAIRY,MILK,ALL CLASSES,ALL PRODUCTION PRACTICES,ALL UTILIZATION PRACTICES,PRODUCTION,LB,"MILK - PRODUCTION, MEASURED IN LB",TOTAL,NOT SPECIFIED,STATE,49,49,UT,UTAH,,,,,,,,00000000,,,9000,UNITED STATES,UTAH,2022,MONTHLY,04,04,APR,,2024-02-02 15:00:00.000,"183,000,000",
SURVEY,ANIMALS & PRODUCTS,DAIRY,MILK,ALL CLASSES,ALL PRODUCTION PRACTICES,ALL UTILIZATION PRACTICES,PRODUCTION,LB,"MILK - PRODUCTION, MEASURED IN LB",TOTAL,NOT SPECIFIED,STATE,49,49,UT,UTAH,,,,,,,,00000000,,,9000,UNITED STATES,UTAH,2022,MONTHLY,04,06,APR THRU JUN,,2024-02-02 15:00:00.000,"561,000,000",
SURVEY,ANIMALS & PRODUCTS,DAIRY,MILK,ALL CLASSES,ALL PRODUCTION PRACTICES,ALL UTILIZATION PRACTICES,PRODUCTION,LB,"MILK - PRODUCTION, MEASURED IN LB",TOTAL,NOT SPECIFIED,STATE,49,49,UT,UTAH,,,,,,,,00000000,,,9000,UNITED STATES,UTAH,2022,MONTHLY,05,05,MAY,,2024-02-02 15:00:00.000,"191,000,000",
SURVEY,ANIMALS & PRODUCTS,DAIRY,MILK,ALL CLASSES,ALL PRODUCTION PRACTICES,ALL UTILIZATION PRACTICES,PRODUCTION,LB,"MILK - PRODUCTION, MEASURED IN LB",TOTAL,NOT SPECIFIED,STATE,49,49,UT,UTAH,,,,,,,,00000000,,,9000,UNITED STATES,UTAH,2022,MONTHLY,06,06,JUN,,2024-02-02 15:00:00.000,"187,000,000",
SURVEY,ANIMALS & PRODUCTS,DAIRY,MILK,ALL CLASSES,ALL PRODUCTION PRACTICES,ALL UTILIZATION PRACTICES,PRODUCTION,LB,"MILK - PRODUCTION, MEASURED IN LB",TOTAL,NOT SPECIFIED,STATE,49,49,UT,UTAH,,,,,,,,00000000,,,9000,UNITED STATES,UTAH,2022,MONTHLY,07,07,JUL,,2024-02-02 15:00:00.000,"190,000,000",
SURVEY,ANIMALS & PRODUCTS,DAIRY,MILK,ALL CLASSES,ALL PRODUCTION PRACTICES,ALL UTILIZATION PRACTICES,PRODUCTION,LB,"MILK - PRODUCTION, MEASURED IN LB",TOTAL,NOT SPECIFIED,STATE,49,49,UT,UTAH,,,,,,,,00000000,,,9000,UNITED STATES,UTAH,2022,MONTHLY,07,09,JUL THRU SEP,,2024-02-02 15:00:00.000,"551,000,000",
SURVEY,ANIMALS & PRODUCTS,DAIRY,MILK,ALL CLASSES,ALL PRODUCTION PRACTICES,ALL UTILIZATION PRACTICES,PRODUCTION,LB,"MILK - PRODUCTION, MEASURED IN LB",TOTAL,NOT SPECIFIED,STATE,49,49,UT,UTAH,,,,,,,,00000000,,,9000,UNITED STATES,UTAH,2022,MONTHLY,08,08,AUG,,2024-02-02 15:00:00.000,"186,000,000",
SURVEY,ANIMALS & PRODUCTS,DAIRY,MILK,ALL CLASSES,ALL PRODUCTION PRACTICES,ALL UTILIZATION PRACTICES,PRODUCTION,LB,"MILK - PRODUCTION, MEASURED IN LB",TOTAL,NOT SPECIFIED,STATE,49,49,UT,UTAH,,,,,,,,00000000,,,9000,UNITED STATES,UTAH,2022,MONTHLY,09,09,SEP,,2024-02-02 15:00:00.000,"175,000,000",
SURVEY,ANIMALS & PRODUCTS,DAIRY,MILK,ALL CLASSES,ALL PRODUCTION PRACTICES,ALL UTILIZATION PRACTICES,PRODUCTION,LB,"MILK - PRODUCTION, MEASURED IN LB",TOTAL,NOT SPECIFIED,STATE,49,49,UT,UTAH,,,,,,,,00000000,,,9000,UNITED STATES,UTAH,2022,MONTHLY,10,10,OCT,,2024-02-02 15:00:00.000,"178,000,000",
SURVEY,ANIMALS & PRODUCTS,DAIRY,MILK,ALL CLASSES,ALL PRODUCTION PRACTICES,ALL UTILIZATION PRACTICES,PRODUCTION,LB,"MILK - PRODUCTION, MEASURED IN LB",TOTAL,NOT SPECIFIED,STATE,49,49,UT,UTAH,,,,,,,,00000000,,,9000,UNITED STATES,UTAH,2022,MONTHLY,10,12,OCT THRU DEC,,2024-02-02 15:00:00.000,"525,000,000",
SURVEY,ANIMALS & PRODUCTS,DAIRY,MILK,ALL CLASSES,ALL PRODUCTION PRACTICES,ALL UTILIZATION PRACTICES,PRODUCTION,LB,"MILK - PRODUCTION, MEASURED IN LB",TOTAL,NOT SPECIFIED,STATE,49,49,UT,UTAH,,,,,,,,00000000,,,9000,UNITED STATES,UTAH,2022,MONTHLY,11,11,NOV,,2024-02-02 15:00:00.000,"170,000,000",
SURVEY,ANIMALS & PRODUCTS,DAIRY,MILK,ALL CLASSES,ALL PRODUCTION PRACTICES,ALL UTILIZATION PRACTICES,PRODUCTION,LB,"MILK - PRODUCTION, MEASURED IN LB",TOTAL,NOT SPECIFIED,STATE,49,49,UT,UTAH,,,,,,,,00000000,,,9000,UNITED STATES,UTAH,2022,MONTHLY,12,12,DEC,,2024-02-02 15:00:00.000,"177,000,000",
SURVEY,ANIMALS & PRODUCTS,DAIRY,MILK,ALL CLASSES,ALL PRODUCTION PRACTICES,ALL UTILIZATION PRACTICES,PRODUCTION,LB,"MILK - PRODUCTION, MEASURED IN LB",TOTAL,NOT SPECIFIED,STATE,50,50,VT,VERMONT,,,,,,,,00000000,,,9000,UNITED STATES,VERMONT,2022,MONTHLY,01,01,JAN,,2024-02-02 15:00:00.000,"216,000,000",
SURVEY,ANIMALS & PRODUCTS,DAIRY,MILK,ALL CLASSES,ALL PRODUCTION PRACTICES,ALL UTILIZATION PRACTICES,PRODUCTION,LB,"MILK - PRODUCTION, MEASURED IN LB",TOTAL,NOT SPECIFIED,STATE,50,50,VT,VERMONT,,,,,,,,00000000,,,9000,UNITED STATES,VERMONT,2022,MONTHLY,01,03,JAN THRU MAR,,2024-02-02 15:00:00.000,"635,000,000",
SURVEY,ANIMALS & PRODUCTS,DAIRY,MILK,ALL CLASSES,ALL PRODUCTION PRACTICES,ALL UTILIZATION PRACTICES,PRODUCTION,LB,"MILK - PRODUCTION, MEASURED IN LB",TOTAL,NOT SPECIFIED,STATE,50,50,VT,VERMONT,,,,,,,,00000000,,,9000,UNITED STATES,VERMONT,2022,MONTHLY,02,02,FEB,,2024-02-02 15:00:00.000,"198,000,000",
SURVEY,ANIMALS & PRODUCTS,DAIRY,MILK,ALL CLASSES,ALL PRODUCTION PRACTICES,ALL UTILIZATION PRACTICES,PRODUCTION,LB,"MILK - PRODUCTION, MEASURED IN LB",TOTAL,NOT SPECIFIED,STATE,50,50,VT,VERMONT,,,,,,,,00000000,,,9000,UNITED STATES,VERMONT,2022,MONTHLY,03,03,MAR,,2024-02-02 15:00:00.000,"221,000,000",
SURVEY,ANIMALS & PRODUCTS,DAIRY,MILK,ALL CLASSES,ALL PRODUCTION PRACTICES,ALL UTILIZATION PRACTICES,PRODUCTION,LB,"MILK - PRODUCTION, MEASURED IN LB",TOTAL,NOT SPECIFIED,STATE,50,50,VT,VERMONT,,,,,,,,00000000,,,9000,UNITED STATES,VERMONT,2022,MONTHLY,04,04,APR,,2024-02-02 15:00:00.000,"215,000,000",
SURVEY,ANIMALS & PRODUCTS,DAIRY,MILK,ALL CLASSES,ALL PRODUCTION PRACTICES,ALL UTILIZATION PRACTICES,PRODUCTION,LB,"MILK - PRODUCTION, MEASURED IN LB",TOTAL,NOT SPECIFIED,STATE,50,50,VT,VERMONT,,,,,,,,00000000,,,9000,UNITED STATES,VERMONT,2022,MONTHLY,04,06,APR THRU JUN,,2024-02-02 15:00:00.000,"649,000,000",
SURVEY,ANIMALS & PRODUCTS,DAIRY,MILK,ALL CLASSES,ALL PRODUCTION PRACTICES,ALL UTILIZATION PRACTICES,PRODUCTION,LB,"MILK - PRODUCTION, MEASURED IN LB",TOTAL,NOT SPECIFIED,STATE,50,50,VT,VERMONT,,,,,,,,00000000,,,9000,UNITED STATES,VERMONT,2022,MONTHLY,05,05,MAY,,2024-02-02 15:00:00.000,"222,000,000",
SURVEY,ANIMALS & PRODUCTS,DAIRY,MILK,ALL CLASSES,ALL PRODUCTION PRACTICES,ALL UTILIZATION PRACTICES,PRODUCTION,LB,"MILK - PRODUCTION, MEASURED IN LB",TOTAL,NOT SPECIFIED,STATE,50,50,VT,VERMONT,,,,,,,,00000000,,,9000,UNITED STATES,VERMONT,2022,MONTHLY,06,06,JUN,,2024-02-02 15:00:00.000,"212,000,000",
SURVEY,ANIMALS & PRODUCTS,DAIRY,MILK,ALL CLASSES,ALL PRODUCTION PRACTICES,ALL UTILIZATION PRACTICES,PRODUCTION,LB,"MILK - PRODUCTION, MEASURED IN LB",TOTAL,NOT SPECIFIED,STATE,50,50,VT,VERMONT,,,,,,,,00000000,,,9000,UNITED STATES,VERMONT,2022,MONTHLY,07,07,JUL,,2024-02-02 15:00:00.000,"216,000,000",
SURVEY,ANIMALS & PRODUCTS,DAIRY,MILK,ALL CLASSES,ALL PRODUCTION PRACTICES,ALL UTILIZATION PRACTICES,PRODUCTION,LB,"MILK - PRODUCTION, MEASURED IN LB",TOTAL,NOT SPECIFIED,STATE,50,50,VT,VERMONT,,,,,,,,00000000,,,9000,UNITED STATES,VERMONT,2022,MONTHLY,07,09,JUL THRU SEP,,2024-02-02 15:00:00.000,"637,000,000",
SURVEY,ANIMALS & PRODUCTS,DAIRY,MILK,ALL CLASSES,ALL PRODUCTION PRACTICES,ALL UTILIZATION PRACTICES,PRODUCTION,LB,"MILK - PRODUCTION, MEASURED IN LB",TOTAL,NOT SPECIFIED,STATE,50,50,VT,VERMONT,,,,,,,,00000000,,,9000,UNITED STATES,VERMONT,2022,MONTHLY,08,08,AUG,,2024-02-02 15:00:00.000,"214,000,000",
SURVEY,ANIMALS & PRODUCTS,DAIRY,MILK,ALL CLASSES,ALL PRODUCTION PRACTICES,ALL UTILIZATION PRACTICES,PRODUCTION,LB,"MILK - PRODUCTION, MEASURED IN LB",TOTAL,NOT SPECIFIED,STATE,50,50,VT,VERMONT,,,,,,,,00000000,,,9000,UNITED STATES,VERMONT,2022,MONTHLY,09,09,SEP,,2024-02-02 15:00:00.000,"207,000,000",
SURVEY,ANIMALS & PRODUCTS,DAIRY,MILK,ALL CLASSES,ALL PRODUCTION PRACTICES,ALL UTILIZATION PRACTICES,PRODUCTION,LB,"MILK - PRODUCTION, MEASURED IN LB",TOTAL,NOT SPECIFIED,STATE,50,50,VT,VERMONT,,,,,,,,00000000,,,9000,UNITED STATES,VERMONT,2022,MONTHLY,10,10,OCT,,2024-02-02 15:00:00.000,"212,000,000",
SURVEY,ANIMALS & PRODUCTS,DAIRY,MILK,ALL CLASSES,ALL PRODUCTION PRACTICES,ALL UTILIZATION PRACTICES,PRODUCTION,LB,"MILK - PRODUCTION, MEASURED IN LB",TOTAL,NOT SPECIFIED,STATE,50,50,VT,VERMONT,,,,,,,,00000000,,,9000,UNITED STATES,VERMONT,2022,MONTHLY,10,12,OCT THRU DEC,,2024-02-02 15:00:00.000,"633,000,000",
SURVEY,ANIMALS & PRODUCTS,DAIRY,MILK,ALL CLASSES,ALL PRODUCTION PRACTICES,ALL UTILIZATION PRACTICES,PRODUCTION,LB,"MILK - PRODUCTION, MEASURED IN LB",TOTAL,NOT SPECIFIED,STATE,50,50,VT,VERMONT,,,,,,,,00000000,,,9000,UNITED STATES,VERMONT,2022,MONTHLY,11,11,NOV,,2024-02-02 15:00:00.000,"207,000,000",
SURVEY,ANIMALS & PRODUCTS,DAIRY,MILK,ALL CLASSES,ALL PRODUCTION PRACTICES,ALL UTILIZATION PRACTICES,PRODUCTION,LB,"MILK - PRODUCTION, MEASURED IN LB",TOTAL,NOT SPECIFIED,STATE,50,50,VT,VERMONT,,,,,,,,00000000,,,9000,UNITED STATES,VERMONT,2022,MONTHLY,12,12,DEC,,2024-02-02 15:00:00.000,"214,000,000",
SURVEY,ANIMALS & PRODUCTS,DAIRY,MILK,ALL CLASSES,ALL PRODUCTION PRACTICES,ALL UTILIZATION PRACTICES,PRODUCTION,LB,"MILK - PRODUCTION, MEASURED IN LB",TOTAL,NOT SPECIFIED,STATE,51,51,VA,VIRGINIA,,,,,,,,00000000,,,9000,UNITED STATES,VIRGINIA,2022,MONTHLY,01,01,JAN,,2024-02-02 15:00:00.000,"125,000,000",
SURVEY,ANIMALS & PRODUCTS,DAIRY,MILK,ALL CLASSES,ALL PRODUCTION PRACTICES,ALL UTILIZATION PRACTICES,PRODUCTION,LB,"MILK - PRODUCTION, MEASURED IN LB",TOTAL,NOT SPECIFIED,STATE,51,51,VA,VIRGINIA,,,,,,,,00000000,,,9000,UNITED STATES,VIRGINIA,2022,MONTHLY,01,03,JAN THRU MAR,,2024-02-02 15:00:00.000,"368,000,000",
SURVEY,ANIMALS & PRODUCTS,DAIRY,MILK,ALL CLASSES,ALL PRODUCTION PRACTICES,ALL UTILIZATION PRACTICES,PRODUCTION,LB,"MILK - PRODUCTION, MEASURED IN LB",TOTAL,NOT SPECIFIED,STATE,51,51,VA,VIRGINIA,,,,,,,,00000000,,,9000,UNITED STATES,VIRGINIA,2022,MONTHLY,02,02,FEB,,2024-02-02 15:00:00.000,"115,000,000",
SURVEY,ANIMALS & PRODUCTS,DAIRY,MILK,ALL CLASSES,ALL PRODUCTION PRACTICES,ALL UTILIZATION PRACTICES,PRODUCTION,LB,"MILK - PRODUCTION, MEASURED IN LB",TOTAL,NOT SPECIFIED,STATE,51,51,VA,VIRGINIA,,,,,,,,00000000,,,9000,UNITED STATES,VIRGINIA,2022,MONTHLY,03,03,MAR,,2024-02-02 15:00:00.000,"128,000,000",
SURVEY,ANIMALS & PRODUCTS,DAIRY,MILK,ALL CLASSES,ALL PRODUCTION PRACTICES,ALL UTILIZATION PRACTICES,PRODUCTION,LB,"MILK - PRODUCTION, MEASURED IN LB",TOTAL,NOT SPECIFIED,STATE,51,51,VA,VIRGINIA,,,,,,,,00000000,,,9000,UNITED STATES,VIRGINIA,2022,MONTHLY,04,04,APR,,2024-02-02 15:00:00.000,"126,000,000",
SURVEY,ANIMALS & PRODUCTS,DAIRY,MILK,ALL CLASSES,ALL PRODUCTION PRACTICES,ALL UTILIZATION PRACTICES,PRODUCTION,LB,"MILK - PRODUCTION, MEASURED IN LB",TOTAL,NOT SPECIFIED,STATE,51,51,VA,VIRGINIA,,,,,,,,00000000,,,9000,UNITED STATES,VIRGINIA,2022,MONTHLY,04,06,APR THRU JUN,,2024-02-02 15:00:00.000,"369,000,000",
SURVEY,ANIMALS & PRODUCTS,DAIRY,MILK,ALL CLASSES,ALL PRODUCTION PRACTICES,ALL UTILIZATION PRACTICES,PRODUCTION,LB,"MILK - PRODUCTION, MEASURED IN LB",TOTAL,NOT SPECIFIED,STATE,51,51,VA,VIRGINIA,,,,,,,,00000000,,,9000,UNITED STATES,VIRGINIA,2022,MONTHLY,05,05,MAY,,2024-02-02 15:00:00.000,"127,000,000",
SURVEY,ANIMALS & PRODUCTS,DAIRY,MILK,ALL CLASSES,ALL PRODUCTION PRACTICES,ALL UTILIZATION PRACTICES,PRODUCTION,LB,"MILK - PRODUCTION, MEASURED IN LB",TOTAL,NOT SPECIFIED,STATE,51,51,VA,VIRGINIA,,,,,,,,00000000,,,9000,UNITED STATES,VIRGINIA,2022,MONTHLY,06,06,JUN,,2024-02-02 15:00:00.000,"116,000,000",
SURVEY,ANIMALS & PRODUCTS,DAIRY,MILK,ALL CLASSES,ALL PRODUCTION PRACTICES,ALL UTILIZATION PRACTICES,PRODUCTION,LB,"MILK - PRODUCTION, MEASURED IN LB",TOTAL,NOT SPECIFIED,STATE,51,51,VA,VIRGINIA,,,,,,,,00000000,,,9000,UNITED STATES,VIRGINIA,2022,MONTHLY,07,07,JUL,,2024-02-02 15:00:00.000,"117,000,000",
SURVEY,ANIMALS & PRODUCTS,DAIRY,MILK,ALL CLASSES,ALL PRODUCTION PRACTICES,ALL UTILIZATION PRACTICES,PRODUCTION,LB,"MILK - PRODUCTION, MEASURED IN LB",TOTAL,NOT SPECIFIED,STATE,51,51,VA,VIRGINIA,,,,,,,,00000000,,,9000,UNITED STATES,VIRGINIA,2022,MONTHLY,07,09,JUL THRU SEP,,2024-02-02 15:00:00.000,"344,000,000",
SURVEY,ANIMALS & PRODUCTS,DAIRY,MILK,ALL CLASSES,ALL PRODUCTION PRACTICES,ALL UTILIZATION PRACTICES,PRODUCTION,LB,"MILK - PRODUCTION, MEASURED IN LB",TOTAL,NOT SPECIFIED,STATE,51,51,VA,VIRGINIA,,,,,,,,00000000,,,9000,UNITED STATES,VIRGINIA,2022,MONTHLY,08,08,AUG,,2024-02-02 15:00:00.000,"116,000,000",
SURVEY,ANIMALS & PRODUCTS,DAIRY,MILK,ALL CLASSES,ALL PRODUCTION PRACTICES,ALL UTILIZATION PRACTICES,PRODUCTION,LB,"MILK - PRODUCTION, MEASURED IN LB",TOTAL,NOT SPECIFIED,STATE,51,51,VA,VIRGINIA,,,,,,,,00000000,,,9000,UNITED STATES,VIRGINIA,2022,MONTHLY,09,09,SEP,,2024-02-02 15:00:00.000,"111,000,000",
SURVEY,ANIMALS & PRODUCTS,DAIRY,MILK,ALL CLASSES,ALL PRODUCTION PRACTICES,ALL UTILIZATION PRACTICES,PRODUCTION,LB,"MILK - PRODUCTION, MEASURED IN LB",TOTAL,NOT SPECIFIED,STATE,51,51,VA,VIRGINIA,,,,,,,,00000000,,,9000,UNITED STATES,VIRGINIA,2022,MONTHLY,10,10,OCT,,2024-02-02 15:00:00.000,"115,000,000",
SURVEY,ANIMALS & PRODUCTS,DAIRY,MILK,ALL CLASSES,ALL PRODUCTION PRACTICES,ALL UTILIZATION PRACTICES,PRODUCTION,LB,"MILK - PRODUCTION, MEASURED IN LB",TOTAL,NOT SPECIFIED,STATE,51,51,VA,VIRGINIA,,,,,,,,00000000,,,9000,UNITED STATES,VIRGINIA,2022,MONTHLY,10,12,OCT THRU DEC,,2024-02-02 15:00:00.000,"343,000,000",
SURVEY,ANIMALS & PRODUCTS,DAIRY,MILK,ALL CLASSES,ALL PRODUCTION PRACTICES,ALL UTILIZATION PRACTICES,PRODUCTION,LB,"MILK - PRODUCTION, MEASURED IN LB",TOTAL,NOT SPECIFIED,STATE,51,51,VA,VIRGINIA,,,,,,,,00000000,,,9000,UNITED STATES,VIRGINIA,2022,MONTHLY,11,11,NOV,,2024-02-02 15:00:00.000,"113,000,000",
SURVEY,ANIMALS & PRODUCTS,DAIRY,MILK,ALL CLASSES,ALL PRODUCTION PRACTICES,ALL UTILIZATION PRACTICES,PRODUCTION,LB,"MILK - PRODUCTION, MEASURED IN LB",TOTAL,NOT SPECIFIED,STATE,51,51,VA,VIRGINIA,,,,,,,,00000000,,,9000,UNITED STATES,VIRGINIA,2022,MONTHLY,12,12,DEC,,2024-02-02 15:00:00.000,"115,000,000",
SURVEY,ANIMALS & PRODUCTS,DAIRY,MILK,ALL CLASSES,ALL PRODUCTION PRACTICES,ALL UTILIZATION PRACTICES,PRODUCTION,LB,"MILK - PRODUCTION, MEASURED IN LB",TOTAL,NOT SPECIFIED,STATE,53,53,WA,WASHINGTON,,,,,,,,00000000,,,9000,UNITED STATES,WASHINGTON,2022,MONTHLY,01,01,JAN,,2024-02-02 15:00:00.000,"527,000,000",
SURVEY,ANIMALS & PRODUCTS,DAIRY,MILK,ALL CLASSES,ALL PRODUCTION PRACTICES,ALL UTILIZATION PRACTICES,PRODUCTION,LB,"MILK - PRODUCTION, MEASURED IN LB",TOTAL,NOT SPECIFIED,STATE,53,53,WA,WASHINGTON,,,,,,,,00000000,,,9000,UNITED STATES,WASHINGTON,2022,MONTHLY,01,03,JAN THRU MAR,,2024-02-02 15:00:00.000,"1,568,000,000",
SURVEY,ANIMALS & PRODUCTS,DAIRY,MILK,ALL CLASSES,ALL PRODUCTION PRACTICES,ALL UTILIZATION PRACTICES,PRODUCTION,LB,"MILK - PRODUCTION, MEASURED IN LB",TOTAL,NOT SPECIFIED,STATE,53,53,WA,WASHINGTON,,,,,,,,00000000,,,9000,UNITED STATES,WASHINGTON,2022,MONTHLY,02,02,FEB,,2024-02-02 15:00:00.000,"490,000,000",
SURVEY,ANIMALS & PRODUCTS,DAIRY,MILK,ALL CLASSES,ALL PRODUCTION PRACTICES,ALL UTILIZATION PRACTICES,PRODUCTION,LB,"MILK - PRODUCTION, MEASURED IN LB",TOTAL,NOT SPECIFIED,STATE,53,53,WA,WASHINGTON,,,,,,,,00000000,,,9000,UNITED STATES,WASHINGTON,2022,MONTHLY,03,03,MAR,,2024-02-02 15:00:00.000,"551,000,000",
SURVEY,ANIMALS & PRODUCTS,DAIRY,MILK,ALL CLASSES,ALL PRODUCTION PRACTICES,ALL UTILIZATION PRACTICES,PRODUCTION,LB,"MILK - PRODUCTION, MEASURED IN LB",TOTAL,NOT SPECIFIED,STATE,53,53,WA,WASHINGTON,,,,,,,,00000000,,,9000,UNITED STATES,WASHINGTON,2022,MONTHLY,04,04,APR,,2024-02-02 15:00:00.000,"526,000,000",
SURVEY,ANIMALS & PRODUCTS,DAIRY,MILK,ALL CLASSES,ALL PRODUCTION PRACTICES,ALL UTILIZATION PRACTICES,PRODUCTION,LB,"MILK - PRODUCTION, MEASURED IN LB",TOTAL,NOT SPECIFIED,STATE,53,53,WA,WASHINGTON,,,,,,,,00000000,,,9000,UNITED STATES,WASHINGTON,2022,MONTHLY,04,06,APR THRU JUN,,2024-02-02 15:00:00.000,"1,591,000,000",
SURVEY,ANIMALS & PRODUCTS,DAIRY,MILK,ALL CLASSES,ALL PRODUCTION PRACTICES,ALL UTILIZATION PRACTICES,PRODUCTION,LB,"MILK - PRODUCTION, MEASURED IN LB",TOTAL,NOT SPECIFIED,STATE,53,53,WA,WASHINGTON,,,,,,,,00000000,,,9000,UNITED STATES,WASHINGTON,2022,MONTHLY,05,05,MAY,,2024-02-02 15:00:00.000,"540,000,000",
SURVEY,ANIMALS & PRODUCTS,DAIRY,MILK,ALL CLASSES,ALL PRODUCTION PRACTICES,ALL UTILIZATION PRACTICES,PRODUCTION,LB,"MILK - PRODUCTION, MEASURED IN LB",TOTAL,NOT SPECIFIED,STATE,53,53,WA,WASHINGTON,,,,,,,,00000000,,,9000,UNITED STATES,WASHINGTON,2022,MONTHLY,06,06,JUN,,2024-02-02 15:00:00.000,"525,000,000",
SURVEY,ANIMALS & PRODUCTS,DAIRY,MILK,ALL CLASSES,ALL PRODUCTION PRACTICES,ALL UTILIZATION PRACTICES,PRODUCTION,LB,"MILK - PRODUCTION, MEASURED IN LB",TOTAL,NOT SPECIFIED,STATE,53,53,WA,WASHINGTON,,,,,,,,00000000,,,9000,UNITED STATES,WASHINGTON,2022,MONTHLY,07,07,JUL,,2024-02-02 15:00:00.000,"532,000,000",
SURVEY,ANIMALS & PRODUCTS,DAIRY,MILK,ALL CLASSES,ALL PRODUCTION PRACTICES,ALL UTILIZATION PRACTICES,PRODUCTION,LB,"MILK - PRODUCTION, MEASURED IN LB",TOTAL,NOT SPECIFIED,STATE,53,53,WA,WASHINGTON,,,,,,,,00000000,,,9000,UNITED STATES,WASHINGTON,2022,MONTHLY,07,09,JUL THRU SEP,,2024-02-02 15:00:00.000,"1,568,000,000",
SURVEY,ANIMALS & PRODUCTS,DAIRY,MILK,ALL CLASSES,ALL PRODUCTION PRACTICES,ALL UTILIZATION PRACTICES,PRODUCTION,LB,"MILK - PRODUCTION, MEASURED IN LB",TOTAL,NOT SPECIFIED,STATE,53,53,WA,WASHINGTON,,,,,,,,00000000,,,9000,UNITED STATES,WASHINGTON,2022,MONTHLY,08,08,AUG,,2024-02-02 15:00:00.000,"519,000,000",
SURVEY,ANIMALS & PRODUCTS,DAIRY,MILK,ALL CLASSES,ALL PRODUCTION PRACTICES,ALL UTILIZATION PRACTICES,PRODUCTION,LB,"MILK - PRODUCTION, MEASURED IN LB",TOTAL,NOT SPECIFIED,STATE,53,53,WA,WASHINGTON,,,,,,,,00000000,,,9000,UNITED STATES,WASHINGTON,2022,MONTHLY,09,09,SEP,,2024-02-02 15:00:00.000,"517,000,000",
SURVEY,ANIMALS & PRODUCTS,DAIRY,MILK,ALL CLASSES,ALL PRODUCTION PRACTICES,ALL UTILIZATION PRACTICES,PRODUCTION,LB,"MILK - PRODUCTION, MEASURED IN LB",TOTAL,NOT SPECIFIED,STATE,53,53,WA,WASHINGTON,,,,,,,,00000000,,,9000,UNITED STATES,WASHINGTON,2022,MONTHLY,10,10,OCT,,2024-02-02 15:00:00.000,"520,000,000",
SURVEY,ANIMALS & PRODUCTS,DAIRY,MILK,ALL CLASSES,ALL PRODUCTION PRACTICES,ALL UTILIZATION PRACTICES,PRODUCTION,LB,"MILK - PRODUCTION, MEASURED IN LB",TOTAL,NOT SPECIFIED,STATE,53,53,WA,WASHINGTON,,,,,,,,00000000,,,9000,UNITED STATES,WASHINGTON,2022,MONTHLY,10,12,OCT THRU DEC,,2024-02-02 15:00:00.000,"1,512,000,000",
SURVEY,ANIMALS & PRODUCTS,DAIRY,MILK,ALL CLASSES,ALL PRODUCTION PRACTICES,ALL UTILIZATION PRACTICES,PRODUCTION,LB,"MILK - PRODUCTION, MEASURED IN LB",TOTAL,NOT SPECIFIED,STATE,53,53,WA,WASHINGTON,,,,,,,,00000000,,,9000,UNITED STATES,WASHINGTON,2022,MONTHLY,11,11,NOV,,2024-02-02 15:00:00.000,"490,000,000",
SURVEY,ANIMALS & PRODUCTS,DAIRY,MILK,ALL CLASSES,ALL PRODUCTION PRACTICES,ALL UTILIZATION PRACTICES,PRODUCTION,LB,"MILK - PRODUCTION, MEASURED IN LB",TOTAL,NOT SPECIFIED,STATE,53,53,WA,WASHINGTON,,,,,,,,00000000,,,9000,UNITED STATES,WASHINGTON,2022,MONTHLY,12,12,DEC,,2024-02-02 15:00:00.000,"502,000,000",
SURVEY,ANIMALS & PRODUCTS,DAIRY,MILK,ALL CLASSES,ALL PRODUCTION PRACTICES,ALL UTILIZATION PRACTICES,PRODUCTION,LB,"MILK - PRODUCTION, MEASURED IN LB",TOTAL,NOT SPECIFIED,STATE,54,54,WV,WEST VIRGINIA,,,,,,,,00000000,,,9000,UNITED STATES,WEST VIRGINIA,2022,MONTHLY,01,03,JAN THRU MAR,,2024-02-02 15:00:00.000,"19,000,000",
SURVEY,ANIMALS & PRODUCTS,DAIRY,MILK,ALL CLASSES,ALL PRODUCTION PRACTICES,ALL UTILIZATION PRACTICES,PRODUCTION,LB,"MILK - PRODUCTION, MEASURED IN LB",TOTAL,NOT SPECIFIED,STATE,54,54,WV,WEST VIRGINIA,,,,,,,,00000000,,,9000,UNITED STATES,WEST VIRGINIA,2022,MONTHLY,04,06,APR THRU JUN,,2024-02-02 15:00:00.000,"20,000,000",
SURVEY,ANIMALS & PRODUCTS,DAIRY,MILK,ALL CLASSES,ALL PRODUCTION PRACTICES,ALL UTILIZATION PRACTICES,PRODUCTION,LB,"MILK - PRODUCTION, MEASURED IN LB",TOTAL,NOT SPECIFIED,STATE,54,54,WV,WEST VIRGINIA,,,,,,,,00000000,,,9000,UNITED STATES,WEST VIRGINIA,2022,MONTHLY,07,09,JUL THRU SEP,,2024-02-02 15:00:00.000,"18,000,000",
SURVEY,ANIMALS & PRODUCTS,DAIRY,MILK,ALL CLASSES,ALL PRODUCTION PRACTICES,ALL UTILIZATION PRACTICES,PRODUCTION,LB,"MILK - PRODUCTION, MEASURED IN LB",TOTAL,NOT SPECIFIED,STATE,54,54,WV,WEST VIRGINIA,,,,,,,,00000000,,,9000,UNITED STATES,WEST VIRGINIA,2022,MONTHLY,10,12,OCT THRU DEC,,2024-02-02 15:00:00.000,"18,000,000",
SURVEY,ANIMALS & PRODUCTS,DAIRY,MILK,ALL CLASSES,ALL PRODUCTION PRACTICES,ALL UTILIZATION PRACTICES,PRODUCTION,LB,"MILK - PRODUCTION, MEASURED IN LB",TOTAL,NOT SPECIFIED,STATE,55,55,WI,WISCONSIN,,,,,,,,00000000,,,9000,UNITED STATES,WISCONSIN,2022,MONTHLY,01,01,JAN,,2024-02-02 15:00:00.000,"2,667,000,000",
SURVEY,ANIMALS & PRODUCTS,DAIRY,MILK,ALL CLASSES,ALL PRODUCTION PRACTICES,ALL UTILIZATION PRACTICES,PRODUCTION,LB,"MILK - PRODUCTION, MEASURED IN LB",TOTAL,NOT SPECIFIED,STATE,55,55,WI,WISCONSIN,,,,,,,,00000000,,,9000,UNITED STATES,WISCONSIN,2022,MONTHLY,01,03,JAN THRU MAR,,2024-02-02 15:00:00.000,"7,829,000,000",
SURVEY,ANIMALS & PRODUCTS,DAIRY,MILK,ALL CLASSES,ALL PRODUCTION PRACTICES,ALL UTILIZATION PRACTICES,PRODUCTION,LB,"MILK - PRODUCTION, MEASURED IN LB",TOTAL,NOT SPECIFIED,STATE,55,55,WI,WISCONSIN,,,,,,,,00000000,,,9000,UNITED STATES,WISCONSIN,2022,MONTHLY,02,02,FEB,,2024-02-02 15:00:00.000,"2,438,000,000",
SURVEY,ANIMALS & PRODUCTS,DAIRY,MILK,ALL CLASSES,ALL PRODUCTION PRACTICES,ALL UTILIZATION PRACTICES,PRODUCTION,LB,"MILK - PRODUCTION, MEASURED IN LB",TOTAL,NOT SPECIFIED,STATE,55,55,WI,WISCONSIN,,,,,,,,00000000,,,9000,UNITED STATES,WISCONSIN,2022,MONTHLY,03,03,MAR,,2024-02-02 15:00:00.000,"2,724,000,000",
SURVEY,ANIMALS & PRODUCTS,DAIRY,MILK,ALL CLASSES,ALL PRODUCTION PRACTICES,ALL UTILIZATION PRACTICES,PRODUCTION,LB,"MILK - PRODUCTION, MEASURED IN LB",TOTAL,NOT SPECIFIED,STATE,55,55,WI,WISCONSIN,,,,,,,,00000000,,,9000,UNITED STATES,WISCONSIN,2022,MONTHLY,04,04,APR,,2024-02-02 15:00:00.000,"2,641,000,000",
SURVEY,ANIMALS & PRODUCTS,DAIRY,MILK,ALL CLASSES,ALL PRODUCTION PRACTICES,ALL UTILIZATION PRACTICES,PRODUCTION,LB,"MILK - PRODUCTION, MEASURED IN LB",TOTAL,NOT SPECIFIED,STATE,55,55,WI,WISCONSIN,,,,,,,,00000000,,,9000,UNITED STATES,WISCONSIN,2022,MONTHLY,04,06,APR THRU JUN,,2024-02-02 15:00:00.000,"8,062,000,000",
SURVEY,ANIMALS & PRODUCTS,DAIRY,MILK,ALL CLASSES,ALL PRODUCTION PRACTICES,ALL UTILIZATION PRACTICES,PRODUCTION,LB,"MILK - PRODUCTION, MEASURED IN LB",TOTAL,NOT SPECIFIED,STATE,55,55,WI,WISCONSIN,,,,,,,,00000000,,,9000,UNITED STATES,WISCONSIN,2022,MONTHLY,05,05,MAY,,2024-02-02 15:00:00.000,"2,750,000,000",
SURVEY,ANIMALS & PRODUCTS,DAIRY,MILK,ALL CLASSES,ALL PRODUCTION PRACTICES,ALL UTILIZATION PRACTICES,PRODUCTION,LB,"MILK - PRODUCTION, MEASURED IN LB",TOTAL,NOT SPECIFIED,STATE,55,55,WI,WISCONSIN,,,,,,,,00000000,,,9000,UNITED STATES,WISCONSIN,2022,MONTHLY,06,06,JUN,,2024-02-02 15:00:00.000,"2,671,000,000",
SURVEY,ANIMALS & PRODUCTS,DAIRY,MILK,ALL CLASSES,ALL PRODUCTION PRACTICES,ALL UTILIZATION PRACTICES,PRODUCTION,LB,"MILK - PRODUCTION, MEASURED IN LB",TOTAL,NOT SPECIFIED,STATE,55,55,WI,WISCONSIN,,,,,,,,00000000,,,9000,UNITED STATES,WISCONSIN,2022,MONTHLY,07,07,JUL,,2024-02-02 15:00:00.000,"2,735,000,000",
SURVEY,ANIMALS & PRODUCTS,DAIRY,MILK,ALL CLASSES,ALL PRODUCTION PRACTICES,ALL UTILIZATION PRACTICES,PRODUCTION,LB,"MILK - PRODUCTION, MEASURED IN LB",TOTAL,NOT SPECIFIED,STATE,55,55,WI,WISCONSIN,,,,,,,,00000000,,,9000,UNITED STATES,WISCONSIN,2022,MONTHLY,07,09,JUL THRU SEP,,2024-02-02 15:00:00.000,"8,081,000,000",
SURVEY,ANIMALS & PRODUCTS,DAIRY,MILK,ALL CLASSES,ALL PRODUCTION PRACTICES,ALL UTILIZATION PRACTICES,PRODUCTION,LB,"MILK - PRODUCTION, MEASURED IN LB",TOTAL,NOT SPECIFIED,STATE,55,55,WI,WISCONSIN,,,,,,,,00000000,,,9000,UNITED STATES,WISCONSIN,2022,MONTHLY,08,08,AUG,,2024-02-02 15:00:00.000,"2,728,000,000",
SURVEY,ANIMALS & PRODUCTS,DAIRY,MILK,ALL CLASSES,ALL PRODUCTION PRACTICES,ALL UTILIZATION PRACTICES,PRODUCTION,LB,"MILK - PRODUCTION, MEASURED IN LB",TOTAL,NOT SPECIFIED,STATE,55,55,WI,WISCONSIN,,,,,,,,00000000,,,9000,UNITED STATES,WISCONSIN,2022,MONTHLY,09,09,SEP,,2024-02-02 15:00:00.000,"2,618,000,000",
SURVEY,ANIMALS & PRODUCTS,DAIRY,MILK,ALL CLASSES,ALL PRODUCTION PRACTICES,ALL UTILIZATION PRACTICES,PRODUCTION,LB,"MILK - PRODUCTION, MEASURED IN LB",TOTAL,NOT SPECIFIED,STATE,55,55,WI,WISCONSIN,,,,,,,,00000000,,,9000,UNITED STATES,WISCONSIN,2022,MONTHLY,10,10,OCT,,2024-02-02 15:00:00.000,"2,669,000,000",
SURVEY,ANIMALS & PRODUCTS,DAIRY,MILK,ALL CLASSES,ALL PRODUCTION PRACTICES,ALL UTILIZATION PRACTICES,PRODUCTION,LB,"MILK - PRODUCTION, MEASURED IN LB",TOTAL,NOT SPECIFIED,STATE,55,55,WI,WISCONSIN,,,,,,,,00000000,,,9000,UNITED STATES,WISCONSIN,2022,MONTHLY,10,12,OCT THRU DEC,,2024-02-02 15:00:00.000,"7,910,000,000",
SURVEY,ANIMALS & PRODUCTS,DAIRY,MILK,ALL CLASSES,ALL PRODUCTION PRACTICES,ALL UTILIZATION PRACTICES,PRODUCTION,LB,"MILK - PRODUCTION, MEASURED IN LB",TOTAL,NOT SPECIFIED,STATE,55,55,WI,WISCONSIN,,,,,,,,00000000,,,9000,UNITED STATES,WISCONSIN,2022,MONTHLY,11,11,NOV,,2024-02-02 15:00:00.000,"2,580,000,000",
SURVEY,ANIMALS & PRODUCTS,DAIRY,MILK,ALL CLASSES,ALL PRODUCTION PRACTICES,ALL UTILIZATION PRACTICES,PRODUCTION,LB,"MILK - PRODUCTION, MEASURED IN LB",TOTAL,NOT SPECIFIED,STATE,55,55,WI,WISCONSIN,,,,,,,,00000000,,,9000,UNITED STATES,WISCONSIN,2022,MONTHLY,12,12,DEC,,2024-02-02 15:00:00.000,"2,661,000,000",
SURVEY,ANIMALS & PRODUCTS,DAIRY,MILK,ALL CLASSES,ALL PRODUCTION PRACTICES,ALL UTILIZATION PRACTICES,PRODUCTION,LB,"MILK - PRODUCTION, MEASURED IN LB",TOTAL,NOT SPECIFIED,STATE,56,56,WY,WYOMING,,,,,,,,00000000,,,9000,UNITED STATES,WYOMING,2022,MONTHLY,01,03,JAN THRU MAR,,2024-02-02 15:00:00.000,"56,100,000",
SURVEY,ANIMALS & PRODUCTS,DAIRY,MILK,ALL CLASSES,ALL PRODUCTION PRACTICES,ALL UTILIZATION PRACTICES,PRODUCTION,LB,"MILK - PRODUCTION, MEASURED IN LB",TOTAL,NOT SPECIFIED,STATE,56,56,WY,WYOMING,,,,,,,,00000000,,,9000,UNITED STATES,WYOMING,2022,MONTHLY,04,06,APR THRU JUN,,2024-02-02 15:00:00.000,"60,300,000",
SURVEY,ANIMALS & PRODUCTS,DAIRY,MILK,ALL CLASSES,ALL PRODUCTION PRACTICES,ALL UTILIZATION PRACTICES,PRODUCTION,LB,"MILK - PRODUCTION, MEASURED IN LB",TOTAL,NOT SPECIFIED,STATE,56,56,WY,WYOMING,,,,,,,,00000000,,,9000,UNITED STATES,WYOMING,2022,MONTHLY,07,09,JUL THRU SEP,,2024-02-02 15:00:00.000,"62,200,000",
SURVEY,ANIMALS & PRODUCTS,DAIRY,MILK,ALL CLASSES,ALL PRODUCTION PRACTICES,ALL UTILIZATION PRACTICES,PRODUCTION,LB,"MILK - PRODUCTION, MEASURED IN LB",TOTAL,NOT SPECIFIED,STATE,56,56,WY,WYOMING,,,,,,,,00000000,,,9000,UNITED STATES,WYOMING,2022,MONTHLY,10,12,OCT THRU DEC,,2024-02-02 15:00:00.000,"61,000,000",
SURVEY,ANIMALS & PRODUCTS,DAIRY,MILK,ALL CLASSES,ALL PRODUCTION PRACTICES,ALL UTILIZATION PRACTICES,PRODUCTION,LB / HEAD,"MILK - PRODUCTION, MEASURED IN LB / HEAD",TOTAL,NOT SPECIFIED,STATE,04,04,AZ,ARIZONA,,,,,,,,00000000,,,9000,UNITED STATES,ARIZONA,2022,MONTHLY,01,01,JAN,,2024-02-02 15:00:00.000,"2,115",
SURVEY,ANIMALS & PRODUCTS,DAIRY,MILK,ALL CLASSES,ALL PRODUCTION PRACTICES,ALL UTILIZATION PRACTICES,PRODUCTION,LB / HEAD,"MILK - PRODUCTION, MEASURED IN LB / HEAD",TOTAL,NOT SPECIFIED,STATE,04,04,AZ,ARIZONA,,,,,,,,00000000,,,9000,UNITED STATES,ARIZONA,2022,MONTHLY,02,02,FEB,,2024-02-02 15:00:00.000,"2,010",
SURVEY,ANIMALS & PRODUCTS,DAIRY,MILK,ALL CLASSES,ALL PRODUCTION PRACTICES,ALL UTILIZATION PRACTICES,PRODUCTION,LB / HEAD,"MILK - PRODUCTION, MEASURED IN LB / HEAD",TOTAL,NOT SPECIFIED,STATE,04,04,AZ,ARIZONA,,,,,,,,00000000,,,9000,UNITED STATES,ARIZONA,2022,MONTHLY,03,03,MAR,,2024-02-02 15:00:00.000,"2,270",
SURVEY,ANIMALS & PRODUCTS,DAIRY,MILK,ALL CLASSES,ALL PRODUCTION PRACTICES,ALL UTILIZATION PRACTICES,PRODUCTION,LB / HEAD,"MILK - PRODUCTION, MEASURED IN LB / HEAD",TOTAL,NOT SPECIFIED,STATE,04,04,AZ,ARIZONA,,,,,,,,00000000,,,9000,UNITED STATES,ARIZONA,2022,MONTHLY,04,04,APR,,2024-02-02 15:00:00.000,"2,175",
SURVEY,ANIMALS & PRODUCTS,DAIRY,MILK,ALL CLASSES,ALL PRODUCTION PRACTICES,ALL UTILIZATION PRACTICES,PRODUCTION,LB / HEAD,"MILK - PRODUCTION, MEASURED IN LB / HEAD",TOTAL,NOT SPECIFIED,STATE,04,04,AZ,ARIZONA,,,,,,,,00000000,,,9000,UNITED STATES,ARIZONA,2022,MONTHLY,05,05,MAY,,2024-02-02 15:00:00.000,"2,175",
SURVEY,ANIMALS & PRODUCTS,DAIRY,MILK,ALL CLASSES,ALL PRODUCTION PRACTICES,ALL UTILIZATION PRACTICES,PRODUCTION,LB / HEAD,"MILK - PRODUCTION, MEASURED IN LB / HEAD",TOTAL,NOT SPECIFIED,STATE,04,04,AZ,ARIZONA,,,,,,,,00000000,,,9000,UNITED STATES,ARIZONA,2022,MONTHLY,06,06,JUN,,2024-02-02 15:00:00.000,"2,010",
SURVEY,ANIMALS & PRODUCTS,DAIRY,MILK,ALL CLASSES,ALL PRODUCTION PRACTICES,ALL UTILIZATION PRACTICES,PRODUCTION,LB / HEAD,"MILK - PRODUCTION, MEASURED IN LB / HEAD",TOTAL,NOT SPECIFIED,STATE,04,04,AZ,ARIZONA,,,,,,,,00000000,,,9000,UNITED STATES,ARIZONA,2022,MONTHLY,07,07,JUL,,2024-02-02 15:00:00.000,"1,905",
SURVEY,ANIMALS & PRODUCTS,DAIRY,MILK,ALL CLASSES,ALL PRODUCTION PRACTICES,ALL UTILIZATION PRACTICES,PRODUCTION,LB / HEAD,"MILK - PRODUCTION, MEASURED IN LB / HEAD",TOTAL,NOT SPECIFIED,STATE,04,04,AZ,ARIZONA,,,,,,,,00000000,,,9000,UNITED STATES,ARIZONA,2022,MONTHLY,08,08,AUG,,2024-02-02 15:00:00.000,"1,840",
SURVEY,ANIMALS & PRODUCTS,DAIRY,MILK,ALL CLASSES,ALL PRODUCTION PRACTICES,ALL UTILIZATION PRACTICES,PRODUCTION,LB / HEAD,"MILK - PRODUCTION, MEASURED IN LB / HEAD",TOTAL,NOT SPECIFIED,STATE,04,04,AZ,ARIZONA,,,,,,,,00000000,,,9000,UNITED STATES,ARIZONA,2022,MONTHLY,09,09,SEP,,2024-02-02 15:00:00.000,"1,790",
SURVEY,ANIMALS & PRODUCTS,DAIRY,MILK,ALL CLASSES,ALL PRODUCTION PRACTICES,ALL UTILIZATION PRACTICES,PRODUCTION,LB / HEAD,"MILK - PRODUCTION, MEASURED IN LB / HEAD",TOTAL,NOT SPECIFIED,STATE,04,04,AZ,ARIZONA,,,,,,,,00000000,,,9000,UNITED STATES,ARIZONA,2022,MONTHLY,10,10,OCT,,2024-02-02 15:00:00.000,"1,935",
SURVEY,ANIMALS & PRODUCTS,DAIRY,MILK,ALL CLASSES,ALL PRODUCTION PRACTICES,ALL UTILIZATION PRACTICES,PRODUCTION,LB / HEAD,"MILK - PRODUCTION, MEASURED IN LB / HEAD",TOTAL,NOT SPECIFIED,STATE,04,04,AZ,ARIZONA,,,,,,,,00000000,,,9000,UNITED STATES,ARIZONA,2022,MONTHLY,11,11,NOV,,2024-02-02 15:00:00.000,"1,965",
SURVEY,ANIMALS & PRODUCTS,DAIRY,MILK,ALL CLASSES,ALL PRODUCTION PRACTICES,ALL UTILIZATION PRACTICES,PRODUCTION,LB / HEAD,"MILK - PRODUCTION, MEASURED IN LB / HEAD",TOTAL,NOT SPECIFIED,STATE,04,04,AZ,ARIZONA,,,,,,,,00000000,,,9000,UNITED STATES,ARIZONA,2022,MONTHLY,12,12,DEC,,2024-02-02 15:00:00.000,"2,085",
SURVEY,ANIMALS & PRODUCTS,DAIRY,MILK,ALL CLASSES,ALL PRODUCTION PRACTICES,ALL UTILIZATION PRACTICES,PRODUCTION,LB / HEAD,"MILK - PRODUCTION, MEASURED IN LB / HEAD",TOTAL,NOT SPECIFIED,STATE,06,06,CA,CALIFORNIA,,,,,,,,00000000,,,9000,UNITED STATES,CALIFORNIA,2022,MONTHLY,01,01,JAN,,2024-02-02 15:00:00.000,"2,055",
SURVEY,ANIMALS & PRODUCTS,DAIRY,MILK,ALL CLASSES,ALL PRODUCTION PRACTICES,ALL UTILIZATION PRACTICES,PRODUCTION,LB / HEAD,"MILK - PRODUCTION, MEASURED IN LB / HEAD",TOTAL,NOT SPECIFIED,STATE,06,06,CA,CALIFORNIA,,,,,,,,00000000,,,9000,UNITED STATES,CALIFORNIA,2022,MONTHLY,02,02,FEB,,2024-02-02 15:00:00.000,"1,925",
SURVEY,ANIMALS & PRODUCTS,DAIRY,MILK,ALL CLASSES,ALL PRODUCTION PRACTICES,ALL UTILIZATION PRACTICES,PRODUCTION,LB / HEAD,"MILK - PRODUCTION, MEASURED IN LB / HEAD",TOTAL,NOT SPECIFIED,STATE,06,06,CA,CALIFORNIA,,,,,,,,00000000,,,9000,UNITED STATES,CALIFORNIA,2022,MONTHLY,03,03,MAR,,2024-02-02 15:00:00.000,"2,165",
SURVEY,ANIMALS & PRODUCTS,DAIRY,MILK,ALL CLASSES,ALL PRODUCTION PRACTICES,ALL UTILIZATION PRACTICES,PRODUCTION,LB / HEAD,"MILK - PRODUCTION, MEASURED IN LB / HEAD",TOTAL,NOT SPECIFIED,STATE,06,06,CA,CALIFORNIA,,,,,,,,00000000,,,9000,UNITED STATES,CALIFORNIA,2022,MONTHLY,04,04,APR,,2024-02-02 15:00:00.000,"2,100",
SURVEY,ANIMALS & PRODUCTS,DAIRY,MILK,ALL CLASSES,ALL PRODUCTION PRACTICES,ALL UTILIZATION PRACTICES,PRODUCTION,LB / HEAD,"MILK - PRODUCTION, MEASURED IN LB / HEAD",TOTAL,NOT SPECIFIED,STATE,06,06,CA,CALIFORNIA,,,,,,,,00000000,,,9000,UNITED STATES,CALIFORNIA,2022,MONTHLY,05,05,MAY,,2024-02-02 15:00:00.000,"2,135",
SURVEY,ANIMALS & PRODUCTS,DAIRY,MILK,ALL CLASSES,ALL PRODUCTION PRACTICES,ALL UTILIZATION PRACTICES,PRODUCTION,LB / HEAD,"MILK - PRODUCTION, MEASURED IN LB / HEAD",TOTAL,NOT SPECIFIED,STATE,06,06,CA,CALIFORNIA,,,,,,,,00000000,,,9000,UNITED STATES,CALIFORNIA,2022,MONTHLY,06,06,JUN,,2024-02-02 15:00:00.000,"2,020",
SURVEY,ANIMALS & PRODUCTS,DAIRY,MILK,ALL CLASSES,ALL PRODUCTION PRACTICES,ALL UTILIZATION PRACTICES,PRODUCTION,LB / HEAD,"MILK - PRODUCTION, MEASURED IN LB / HEAD",TOTAL,NOT SPECIFIED,STATE,06,06,CA,CALIFORNIA,,,,,,,,00000000,,,9000,UNITED STATES,CALIFORNIA,2022,MONTHLY,07,07,JUL,,2024-02-02 15:00:00.000,"2,050",
SURVEY,ANIMALS & PRODUCTS,DAIRY,MILK,ALL CLASSES,ALL PRODUCTION PRACTICES,ALL UTILIZATION PRACTICES,PRODUCTION,LB / HEAD,"MILK - PRODUCTION, MEASURED IN LB / HEAD",TOTAL,NOT SPECIFIED,STATE,06,06,CA,CALIFORNIA,,,,,,,,00000000,,,9000,UNITED STATES,CALIFORNIA,2022,MONTHLY,08,08,AUG,,2024-02-02 15:00:00.000,"2,015",
SURVEY,ANIMALS & PRODUCTS,DAIRY,MILK,ALL CLASSES,ALL PRODUCTION PRACTICES,ALL UTILIZATION PRACTICES,PRODUCTION,LB / HEAD,"MILK - PRODUCTION, MEASURED IN LB / HEAD",TOTAL,NOT SPECIFIED,STATE,06,06,CA,CALIFORNIA,,,,,,,,00000000,,,9000,UNITED STATES,CALIFORNIA,2022,MONTHLY,09,09,SEP,,2024-02-02 15:00:00.000,"1,905",
SURVEY,ANIMALS & PRODUCTS,DAIRY,MILK,ALL CLASSES,ALL PRODUCTION PRACTICES,ALL UTILIZATION PRACTICES,PRODUCTION,LB / HEAD,"MILK - PRODUCTION, MEASURED IN LB / HEAD",TOTAL,NOT SPECIFIED,STATE,06,06,CA,CALIFORNIA,,,,,,,,00000000,,,9000,UNITED STATES,CALIFORNIA,2022,MONTHLY,10,10,OCT,,2024-02-02 15:00:00.000,"1,980",
SURVEY,ANIMALS & PRODUCTS,DAIRY,MILK,ALL CLASSES,ALL PRODUCTION PRACTICES,ALL UTILIZATION PRACTICES,PRODUCTION,LB / HEAD,"MILK - PRODUCTION, MEASURED IN LB / HEAD",TOTAL,NOT SPECIFIED,STATE,06,06,CA,CALIFORNIA,,,,,,,,00000000,,,9000,UNITED STATES,CALIFORNIA,2022,MONTHLY,11,11,NOV,,2024-02-02 15:00:00.000,"1,935",
SURVEY,ANIMALS & PRODUCTS,DAIRY,MILK,ALL CLASSES,ALL PRODUCTION PRACTICES,ALL UTILIZATION PRACTICES,PRODUCTION,LB / HEAD,"MILK - PRODUCTION, MEASURED IN LB / HEAD",TOTAL,NOT SPECIFIED,STATE,06,06,CA,CALIFORNIA,,,,,,,,00000000,,,9000,UNITED STATES,CALIFORNIA,2022,MONTHLY,12,12,DEC,,2024-02-02 15:00:00.000,"2,025",
SURVEY,ANIMALS & PRODUCTS,DAIRY,MILK,ALL CLASSES,ALL PRODUCTION PRACTICES,ALL UTILIZATION PRACTICES,PRODUCTION,LB / HEAD,"MILK - PRODUCTION, MEASURED IN LB / HEAD",TOTAL,NOT SPECIFIED,STATE,08,08,CO,COLORADO,,,,,,,,00000000,,,9000,UNITED STATES,COLORADO,2022,MONTHLY,01,01,JAN,,2024-02-02 15:00:00.000,"2,205",
SURVEY,ANIMALS & PRODUCTS,DAIRY,MILK,ALL CLASSES,ALL PRODUCTION PRACTICES,ALL UTILIZATION PRACTICES,PRODUCTION,LB / HEAD,"MILK - PRODUCTION, MEASURED IN LB / HEAD",TOTAL,NOT SPECIFIED,STATE,08,08,CO,COLORADO,,,,,,,,00000000,,,9000,UNITED STATES,COLORADO,2022,MONTHLY,02,02,FEB,,2024-02-02 15:00:00.000,"1,990",
SURVEY,ANIMALS & PRODUCTS,DAIRY,MILK,ALL CLASSES,ALL PRODUCTION PRACTICES,ALL UTILIZATION PRACTICES,PRODUCTION,LB / HEAD,"MILK - PRODUCTION, MEASURED IN LB / HEAD",TOTAL,NOT SPECIFIED,STATE,08,08,CO,COLORADO,,,,,,,,00000000,,,9000,UNITED STATES,COLORADO,2022,MONTHLY,03,03,MAR,,2024-02-02 15:00:00.000,"2,230",
SURVEY,ANIMALS & PRODUCTS,DAIRY,MILK,ALL CLASSES,ALL PRODUCTION PRACTICES,ALL UTILIZATION PRACTICES,PRODUCTION,LB / HEAD,"MILK - PRODUCTION, MEASURED IN LB / HEAD",TOTAL,NOT SPECIFIED,STATE,08,08,CO,COLORADO,,,,,,,,00000000,,,9000,UNITED STATES,COLORADO,2022,MONTHLY,04,04,APR,,2024-02-02 15:00:00.000,"2,160",
SURVEY,ANIMALS & PRODUCTS,DAIRY,MILK,ALL CLASSES,ALL PRODUCTION PRACTICES,ALL UTILIZATION PRACTICES,PRODUCTION,LB / HEAD,"MILK - PRODUCTION, MEASURED IN LB / HEAD",TOTAL,NOT SPECIFIED,STATE,08,08,CO,COLORADO,,,,,,,,00000000,,,9000,UNITED STATES,COLORADO,2022,MONTHLY,05,05,MAY,,2024-02-02 15:00:00.000,"2,235",
SURVEY,ANIMALS & PRODUCTS,DAIRY,MILK,ALL CLASSES,ALL PRODUCTION PRACTICES,ALL UTILIZATION PRACTICES,PRODUCTION,LB / HEAD,"MILK - PRODUCTION, MEASURED IN LB / HEAD",TOTAL,NOT SPECIFIED,STATE,08,08,CO,COLORADO,,,,,,,,00000000,,,9000,UNITED STATES,COLORADO,2022,MONTHLY,06,06,JUN,,2024-02-02 15:00:00.000,"2,155",
SURVEY,ANIMALS & PRODUCTS,DAIRY,MILK,ALL CLASSES,ALL PRODUCTION PRACTICES,ALL UTILIZATION PRACTICES,PRODUCTION,LB / HEAD,"MILK - PRODUCTION, MEASURED IN LB / HEAD",TOTAL,NOT SPECIFIED,STATE,08,08,CO,COLORADO,,,,,,,,00000000,,,9000,UNITED STATES,COLORADO,2022,MONTHLY,07,07,JUL,,2024-02-02 15:00:00.000,"2,220",
SURVEY,ANIMALS & PRODUCTS,DAIRY,MILK,ALL CLASSES,ALL PRODUCTION PRACTICES,ALL UTILIZATION PRACTICES,PRODUCTION,LB / HEAD,"MILK - PRODUCTION, MEASURED IN LB / HEAD",TOTAL,NOT SPECIFIED,STATE,08,08,CO,COLORADO,,,,,,,,00000000,,,9000,UNITED STATES,COLORADO,2022,MONTHLY,08,08,AUG,,2024-02-02 15:00:00.000,"2,215",
SURVEY,ANIMALS & PRODUCTS,DAIRY,MILK,ALL CLASSES,ALL PRODUCTION PRACTICES,ALL UTILIZATION PRACTICES,PRODUCTION,LB / HEAD,"MILK - PRODUCTION, MEASURED IN LB / HEAD",TOTAL,NOT SPECIFIED,STATE,08,08,CO,COLORADO,,,,,,,,00000000,,,9000,UNITED STATES,COLORADO,2022,MONTHLY,09,09,SEP,,2024-02-02 15:00:00.000,"2,130",
SURVEY,ANIMALS & PRODUCTS,DAIRY,MILK,ALL CLASSES,ALL PRODUCTION PRACTICES,ALL UTILIZATION PRACTICES,PRODUCTION,LB / HEAD,"MILK - PRODUCTION, MEASURED IN LB / HEAD",TOTAL,NOT SPECIFIED,STATE,08,08,CO,COLORADO,,,,,,,,00000000,,,9000,UNITED STATES,COLORADO,2022,MONTHLY,10,10,OCT,,2024-02-02 15:00:00.000,"2,170",
SURVEY,ANIMALS & PRODUCTS,DAIRY,MILK,ALL CLASSES,ALL PRODUCTION PRACTICES,ALL UTILIZATION PRACTICES,PRODUCTION,LB / HEAD,"MILK - PRODUCTION, MEASURED IN LB / HEAD",TOTAL,NOT SPECIFIED,STATE,08,08,CO,COLORADO,,,,,,,,00000000,,,9000,UNITED STATES,COLORADO,2022,MONTHLY,11,11,NOV,,2024-02-02 15:00:00.000,"2,105",
SURVEY,ANIMALS & PRODUCTS,DAIRY,MILK,ALL CLASSES,ALL PRODUCTION PRACTICES,ALL UTILIZATION PRACTICES,PRODUCTION,LB / HEAD,"MILK - PRODUCTION, MEASURED IN LB / HEAD",TOTAL,NOT SPECIFIED,STATE,08,08,CO,COLORADO,,,,,,,,00000000,,,9000,UNITED STATES,COLORADO,2022,MONTHLY,12,12,DEC,,2024-02-02 15:00:00.000,"2,180",
SURVEY,ANIMALS & PRODUCTS,DAIRY,MILK,ALL CLASSES,ALL PRODUCTION PRACTICES,ALL UTILIZATION PRACTICES,PRODUCTION,LB / HEAD,"MILK - PRODUCTION, MEASURED IN LB / HEAD",TOTAL,NOT SPECIFIED,STATE,12,12,FL,FLORIDA,,,,,,,,00000000,,,9000,UNITED STATES,FLORIDA,2022,MONTHLY,01,01,JAN,,2024-02-02 15:00:00.000,"1,790",
SURVEY,ANIMALS & PRODUCTS,DAIRY,MILK,ALL CLASSES,ALL PRODUCTION PRACTICES,ALL UTILIZATION PRACTICES,PRODUCTION,LB / HEAD,"MILK - PRODUCTION, MEASURED IN LB / HEAD",TOTAL,NOT SPECIFIED,STATE,12,12,FL,FLORIDA,,,,,,,,00000000,,,9000,UNITED STATES,FLORIDA,2022,MONTHLY,02,02,FEB,,2024-02-02 15:00:00.000,"1,660",
SURVEY,ANIMALS & PRODUCTS,DAIRY,MILK,ALL CLASSES,ALL PRODUCTION PRACTICES,ALL UTILIZATION PRACTICES,PRODUCTION,LB / HEAD,"MILK - PRODUCTION, MEASURED IN LB / HEAD",TOTAL,NOT SPECIFIED,STATE,12,12,FL,FLORIDA,,,,,,,,00000000,,,9000,UNITED STATES,FLORIDA,2022,MONTHLY,03,03,MAR,,2024-02-02 15:00:00.000,"1,870",
SURVEY,ANIMALS & PRODUCTS,DAIRY,MILK,ALL CLASSES,ALL PRODUCTION PRACTICES,ALL UTILIZATION PRACTICES,PRODUCTION,LB / HEAD,"MILK - PRODUCTION, MEASURED IN LB / HEAD",TOTAL,NOT SPECIFIED,STATE,12,12,FL,FLORIDA,,,,,,,,00000000,,,9000,UNITED STATES,FLORIDA,2022,MONTHLY,04,04,APR,,2024-02-02 15:00:00.000,"1,780",
SURVEY,ANIMALS & PRODUCTS,DAIRY,MILK,ALL CLASSES,ALL PRODUCTION PRACTICES,ALL UTILIZATION PRACTICES,PRODUCTION,LB / HEAD,"MILK - PRODUCTION, MEASURED IN LB / HEAD",TOTAL,NOT SPECIFIED,STATE,12,12,FL,FLORIDA,,,,,,,,00000000,,,9000,UNITED STATES,FLORIDA,2022,MONTHLY,05,05,MAY,,2024-02-02 15:00:00.000,"1,815",
SURVEY,ANIMALS & PRODUCTS,DAIRY,MILK,ALL CLASSES,ALL PRODUCTION PRACTICES,ALL UTILIZATION PRACTICES,PRODUCTION,LB / HEAD,"MILK - PRODUCTION, MEASURED IN LB / HEAD",TOTAL,NOT SPECIFIED,STATE,12,12,FL,FLORIDA,,,,,,,,00000000,,,9000,UNITED STATES,FLORIDA,2022,MONTHLY,06,06,JUN,,2024-02-02 15:00:00.000,"1,690",
SURVEY,ANIMALS & PRODUCTS,DAIRY,MILK,ALL CLASSES,ALL PRODUCTION PRACTICES,ALL UTILIZATION PRACTICES,PRODUCTION,LB / HEAD,"MILK - PRODUCTION, MEASURED IN LB / HEAD",TOTAL,NOT SPECIFIED,STATE,12,12,FL,FLORIDA,,,,,,,,00000000,,,9000,UNITED STATES,FLORIDA,2022,MONTHLY,07,07,JUL,,2024-02-02 15:00:00.000,"1,605",
SURVEY,ANIMALS & PRODUCTS,DAIRY,MILK,ALL CLASSES,ALL PRODUCTION PRACTICES,ALL UTILIZATION PRACTICES,PRODUCTION,LB / HEAD,"MILK - PRODUCTION, MEASURED IN LB / HEAD",TOTAL,NOT SPECIFIED,STATE,12,12,FL,FLORIDA,,,,,,,,00000000,,,9000,UNITED STATES,FLORIDA,2022,MONTHLY,08,08,AUG,,2024-02-02 15:00:00.000,"1,545",
SURVEY,ANIMALS & PRODUCTS,DAIRY,MILK,ALL CLASSES,ALL PRODUCTION PRACTICES,ALL UTILIZATION PRACTICES,PRODUCTION,LB / HEAD,"MILK - PRODUCTION, MEASURED IN LB / HEAD",TOTAL,NOT SPECIFIED,STATE,12,12,FL,FLORIDA,,,,,,,,00000000,,,9000,UNITED STATES,FLORIDA,2022,MONTHLY,09,09,SEP,,2024-02-02 15:00:00.000,"1,430",
SURVEY,ANIMALS & PRODUCTS,DAIRY,MILK,ALL CLASSES,ALL PRODUCTION PRACTICES,ALL UTILIZATION PRACTICES,PRODUCTION,LB / HEAD,"MILK - PRODUCTION, MEASURED IN LB / HEAD",TOTAL,NOT SPECIFIED,STATE,12,12,FL,FLORIDA,,,,,,,,00000000,,,9000,UNITED STATES,FLORIDA,2022,MONTHLY,10,10,OCT,,2024-02-02 15:00:00.000,"1,570",
SURVEY,ANIMALS & PRODUCTS,DAIRY,MILK,ALL CLASSES,ALL PRODUCTION PRACTICES,ALL UTILIZATION PRACTICES,PRODUCTION,LB / HEAD,"MILK - PRODUCTION, MEASURED IN LB / HEAD",TOTAL,NOT SPECIFIED,STATE,12,12,FL,FLORIDA,,,,,,,,00000000,,,9000,UNITED STATES,FLORIDA,2022,MONTHLY,11,11,NOV,,2024-02-02 15:00:00.000,"1,575",
SURVEY,ANIMALS & PRODUCTS,DAIRY,MILK,ALL CLASSES,ALL PRODUCTION PRACTICES,ALL UTILIZATION PRACTICES,PRODUCTION,LB / HEAD,"MILK - PRODUCTION, MEASURED IN LB / HEAD",TOTAL,NOT SPECIFIED,STATE,12,12,FL,FLORIDA,,,,,,,,00000000,,,9000,UNITED STATES,FLORIDA,2022,MONTHLY,12,12,DEC,,2024-02-02 15:00:00.000,"1,710",
SURVEY,ANIMALS & PRODUCTS,DAIRY,MILK,ALL CLASSES,ALL PRODUCTION PRACTICES,ALL UTILIZATION PRACTICES,PRODUCTION,LB / HEAD,"MILK - PRODUCTION, MEASURED IN LB / HEAD",TOTAL,NOT SPECIFIED,STATE,13,13,GA,GEORGIA,,,,,,,,00000000,,,9000,UNITED STATES,GEORGIA,2022,MONTHLY,01,01,JAN,,2024-02-02 15:00:00.000,"2,000",
SURVEY,ANIMALS & PRODUCTS,DAIRY,MILK,ALL CLASSES,ALL PRODUCTION PRACTICES,ALL UTILIZATION PRACTICES,PRODUCTION,LB / HEAD,"MILK - PRODUCTION, MEASURED IN LB / HEAD",TOTAL,NOT SPECIFIED,STATE,13,13,GA,GEORGIA,,,,,,,,00000000,,,9000,UNITED STATES,GEORGIA,2022,MONTHLY,02,02,FEB,,2024-02-02 15:00:00.000,"1,820",
SURVEY,ANIMALS & PRODUCTS,DAIRY,MILK,ALL CLASSES,ALL PRODUCTION PRACTICES,ALL UTILIZATION PRACTICES,PRODUCTION,LB / HEAD,"MILK - PRODUCTION, MEASURED IN LB / HEAD",TOTAL,NOT SPECIFIED,STATE,13,13,GA,GEORGIA,,,,,,,,00000000,,,9000,UNITED STATES,GEORGIA,2022,MONTHLY,03,03,MAR,,2024-02-02 15:00:00.000,"2,030",
SURVEY,ANIMALS & PRODUCTS,DAIRY,MILK,ALL CLASSES,ALL PRODUCTION PRACTICES,ALL UTILIZATION PRACTICES,PRODUCTION,LB / HEAD,"MILK - PRODUCTION, MEASURED IN LB / HEAD",TOTAL,NOT SPECIFIED,STATE,13,13,GA,GEORGIA,,,,,,,,00000000,,,9000,UNITED STATES,GEORGIA,2022,MONTHLY,04,04,APR,,2024-02-02 15:00:00.000,"1,930",
SURVEY,ANIMALS & PRODUCTS,DAIRY,MILK,ALL CLASSES,ALL PRODUCTION PRACTICES,ALL UTILIZATION PRACTICES,PRODUCTION,LB / HEAD,"MILK - PRODUCTION, MEASURED IN LB / HEAD",TOTAL,NOT SPECIFIED,STATE,13,13,GA,GEORGIA,,,,,,,,00000000,,,9000,UNITED STATES,GEORGIA,2022,MONTHLY,05,05,MAY,,2024-02-02 15:00:00.000,"1,920",
SURVEY,ANIMALS & PRODUCTS,DAIRY,MILK,ALL CLASSES,ALL PRODUCTION PRACTICES,ALL UTILIZATION PRACTICES,PRODUCTION,LB / HEAD,"MILK - PRODUCTION, MEASURED IN LB / HEAD",TOTAL,NOT SPECIFIED,STATE,13,13,GA,GEORGIA,,,,,,,,00000000,,,9000,UNITED STATES,GEORGIA,2022,MONTHLY,06,06,JUN,,2024-02-02 15:00:00.000,"1,805",
SURVEY,ANIMALS & PRODUCTS,DAIRY,MILK,ALL CLASSES,ALL PRODUCTION PRACTICES,ALL UTILIZATION PRACTICES,PRODUCTION,LB / HEAD,"MILK - PRODUCTION, MEASURED IN LB / HEAD",TOTAL,NOT SPECIFIED,STATE,13,13,GA,GEORGIA,,,,,,,,00000000,,,9000,UNITED STATES,GEORGIA,2022,MONTHLY,07,07,JUL,,2024-02-02 15:00:00.000,"1,800",
SURVEY,ANIMALS & PRODUCTS,DAIRY,MILK,ALL CLASSES,ALL PRODUCTION PRACTICES,ALL UTILIZATION PRACTICES,PRODUCTION,LB / HEAD,"MILK - PRODUCTION, MEASURED IN LB / HEAD",TOTAL,NOT SPECIFIED,STATE,13,13,GA,GEORGIA,,,,,,,,00000000,,,9000,UNITED STATES,GEORGIA,2022,MONTHLY,08,08,AUG,,2024-02-02 15:00:00.000,"1,750",
SURVEY,ANIMALS & PRODUCTS,DAIRY,MILK,ALL CLASSES,ALL PRODUCTION PRACTICES,ALL UTILIZATION PRACTICES,PRODUCTION,LB / HEAD,"MILK - PRODUCTION, MEASURED IN LB / HEAD",TOTAL,NOT SPECIFIED,STATE,13,13,GA,GEORGIA,,,,,,,,00000000,,,9000,UNITED STATES,GEORGIA,2022,MONTHLY,09,09,SEP,,2024-02-02 15:00:00.000,"1,695",
SURVEY,ANIMALS & PRODUCTS,DAIRY,MILK,ALL CLASSES,ALL PRODUCTION PRACTICES,ALL UTILIZATION PRACTICES,PRODUCTION,LB / HEAD,"MILK - PRODUCTION, MEASURED IN LB / HEAD",TOTAL,NOT SPECIFIED,STATE,13,13,GA,GEORGIA,,,,,,,,00000000,,,9000,UNITED STATES,GEORGIA,2022,MONTHLY,10,10,OCT,,2024-02-02 15:00:00.000,"1,810",
SURVEY,ANIMALS & PRODUCTS,DAIRY,MILK,ALL CLASSES,ALL PRODUCTION PRACTICES,ALL UTILIZATION PRACTICES,PRODUCTION,LB / HEAD,"MILK - PRODUCTION, MEASURED IN LB / HEAD",TOTAL,NOT SPECIFIED,STATE,13,13,GA,GEORGIA,,,,,,,,00000000,,,9000,UNITED STATES,GEORGIA,2022,MONTHLY,11,11,NOV,,2024-02-02 15:00:00.000,"1,760",
SURVEY,ANIMALS & PRODUCTS,DAIRY,MILK,ALL CLASSES,ALL PRODUCTION PRACTICES,ALL UTILIZATION PRACTICES,PRODUCTION,LB / HEAD,"MILK - PRODUCTION, MEASURED IN LB / HEAD",TOTAL,NOT SPECIFIED,STATE,13,13,GA,GEORGIA,,,,,,,,00000000,,,9000,UNITED STATES,GEORGIA,2022,MONTHLY,12,12,DEC,,2024-02-02 15:00:00.000,"1,900",
SURVEY,ANIMALS & PRODUCTS,DAIRY,MILK,ALL CLASSES,ALL PRODUCTION PRACTICES,ALL UTILIZATION PRACTICES,PRODUCTION,LB / HEAD,"MILK - PRODUCTION, MEASURED IN LB / HEAD",TOTAL,NOT SPECIFIED,STATE,16,16,ID,IDAHO,,,,,,,,00000000,,,9000,UNITED STATES,IDAHO,2022,MONTHLY,01,01,JAN,,2024-02-02 15:00:00.000,"2,095",
SURVEY,ANIMALS & PRODUCTS,DAIRY,MILK,ALL CLASSES,ALL PRODUCTION PRACTICES,ALL UTILIZATION PRACTICES,PRODUCTION,LB / HEAD,"MILK - PRODUCTION, MEASURED IN LB / HEAD",TOTAL,NOT SPECIFIED,STATE,16,16,ID,IDAHO,,,,,,,,00000000,,,9000,UNITED STATES,IDAHO,2022,MONTHLY,02,02,FEB,,2024-02-02 15:00:00.000,"1,905",
SURVEY,ANIMALS & PRODUCTS,DAIRY,MILK,ALL CLASSES,ALL PRODUCTION PRACTICES,ALL UTILIZATION PRACTICES,PRODUCTION,LB / HEAD,"MILK - PRODUCTION, MEASURED IN LB / HEAD",TOTAL,NOT SPECIFIED,STATE,16,16,ID,IDAHO,,,,,,,,00000000,,,9000,UNITED STATES,IDAHO,2022,MONTHLY,03,03,MAR,,2024-02-02 15:00:00.000,"2,140",
SURVEY,ANIMALS & PRODUCTS,DAIRY,MILK,ALL CLASSES,ALL PRODUCTION PRACTICES,ALL UTILIZATION PRACTICES,PRODUCTION,LB / HEAD,"MILK - PRODUCTION, MEASURED IN LB / HEAD",TOTAL,NOT SPECIFIED,STATE,16,16,ID,IDAHO,,,,,,,,00000000,,,9000,UNITED STATES,IDAHO,2022,MONTHLY,04,04,APR,,2024-02-02 15:00:00.000,"2,110",
SURVEY,ANIMALS & PRODUCTS,DAIRY,MILK,ALL CLASSES,ALL PRODUCTION PRACTICES,ALL UTILIZATION PRACTICES,PRODUCTION,LB / HEAD,"MILK - PRODUCTION, MEASURED IN LB / HEAD",TOTAL,NOT SPECIFIED,STATE,16,16,ID,IDAHO,,,,,,,,00000000,,,9000,UNITED STATES,IDAHO,2022,MONTHLY,05,05,MAY,,2024-02-02 15:00:00.000,"2,200",
SURVEY,ANIMALS & PRODUCTS,DAIRY,MILK,ALL CLASSES,ALL PRODUCTION PRACTICES,ALL UTILIZATION PRACTICES,PRODUCTION,LB / HEAD,"MILK - PRODUCTION, MEASURED IN LB / HEAD",TOTAL,NOT SPECIFIED,STATE,16,16,ID,IDAHO,,,,,,,,00000000,,,9000,UNITED STATES,IDAHO,2022,MONTHLY,06,06,JUN,,2024-02-02 15:00:00.000,"2,145",
SURVEY,ANIMALS & PRODUCTS,DAIRY,MILK,ALL CLASSES,ALL PRODUCTION PRACTICES,ALL UTILIZATION PRACTICES,PRODUCTION,LB / HEAD,"MILK - PRODUCTION, MEASURED IN LB / HEAD",TOTAL,NOT SPECIFIED,STATE,16,16,ID,IDAHO,,,,,,,,00000000,,,9000,UNITED STATES,IDAHO,2022,MONTHLY,07,07,JUL,,2024-02-02 15:00:00.000,"2,225",
SURVEY,ANIMALS & PRODUCTS,DAIRY,MILK,ALL CLASSES,ALL PRODUCTION PRACTICES,ALL UTILIZATION PRACTICES,PRODUCTION,LB / HEAD,"MILK - PRODUCTION, MEASURED IN LB / HEAD",TOTAL,NOT SPECIFIED,STATE,16,16,ID,IDAHO,,,,,,,,00000000,,,9000,UNITED STATES,IDAHO,2022,MONTHLY,08,08,AUG,,2024-02-02 15:00:00.000,"2,205",
SURVEY,ANIMALS & PRODUCTS,DAIRY,MILK,ALL CLASSES,ALL PRODUCTION PRACTICES,ALL UTILIZATION PRACTICES,PRODUCTION,LB / HEAD,"MILK - PRODUCTION, MEASURED IN LB / HEAD",TOTAL,NOT SPECIFIED,STATE,16,16,ID,IDAHO,,,,,,,,00000000,,,9000,UNITED STATES,IDAHO,2022,MONTHLY,09,09,SEP,,2024-02-02 15:00:00.000,"2,105",
SURVEY,ANIMALS & PRODUCTS,DAIRY,MILK,ALL CLASSES,ALL PRODUCTION PRACTICES,ALL UTILIZATION PRACTICES,PRODUCTION,LB / HEAD,"MILK - PRODUCTION, MEASURED IN LB / HEAD",TOTAL,NOT SPECIFIED,STATE,16,16,ID,IDAHO,,,,,,,,00000000,,,9000,UNITED STATES,IDAHO,2022,MONTHLY,10,10,OCT,,2024-02-02 15:00:00.000,"2,120",
SURVEY,ANIMALS & PRODUCTS,DAIRY,MILK,ALL CLASSES,ALL PRODUCTION PRACTICES,ALL UTILIZATION PRACTICES,PRODUCTION,LB / HEAD,"MILK - PRODUCTION, MEASURED IN LB / HEAD",TOTAL,NOT SPECIFIED,STATE,16,16,ID,IDAHO,,,,,,,,00000000,,,9000,UNITED STATES,IDAHO,2022,MONTHLY,11,11,NOV,,2024-02-02 15:00:00.000,"2,000",
SURVEY,ANIMALS & PRODUCTS,DAIRY,MILK,ALL CLASSES,ALL PRODUCTION PRACTICES,ALL UTILIZATION PRACTICES,PRODUCTION,LB / HEAD,"MILK - PRODUCTION, MEASURED IN LB / HEAD",TOTAL,NOT SPECIFIED,STATE,16,16,ID,IDAHO,,,,,,,,00000000,,,9000,UNITED STATES,IDAHO,2022,MONTHLY,12,12,DEC,,2024-02-02 15:00:00.000,"2,085",
SURVEY,ANIMALS & PRODUCTS,DAIRY,MILK,ALL CLASSES,ALL PRODUCTION PRACTICES,ALL UTILIZATION PRACTICES,PRODUCTION,LB / HEAD,"MILK - PRODUCTION, MEASURED IN LB / HEAD",TOTAL,NOT SPECIFIED,STATE,17,17,IL,ILLINOIS,,,,,,,,00000000,,,9000,UNITED STATES,ILLINOIS,2022,MONTHLY,01,01,JAN,,2024-02-02 15:00:00.000,"1,865",
SURVEY,ANIMALS & PRODUCTS,DAIRY,MILK,ALL CLASSES,ALL PRODUCTION PRACTICES,ALL UTILIZATION PRACTICES,PRODUCTION,LB / HEAD,"MILK - PRODUCTION, MEASURED IN LB / HEAD",TOTAL,NOT SPECIFIED,STATE,17,17,IL,ILLINOIS,,,,,,,,00000000,,,9000,UNITED STATES,ILLINOIS,2022,MONTHLY,02,02,FEB,,2024-02-02 15:00:00.000,"1,720",
SURVEY,ANIMALS & PRODUCTS,DAIRY,MILK,ALL CLASSES,ALL PRODUCTION PRACTICES,ALL UTILIZATION PRACTICES,PRODUCTION,LB / HEAD,"MILK - PRODUCTION, MEASURED IN LB / HEAD",TOTAL,NOT SPECIFIED,STATE,17,17,IL,ILLINOIS,,,,,,,,00000000,,,9000,UNITED STATES,ILLINOIS,2022,MONTHLY,03,03,MAR,,2024-02-02 15:00:00.000,"1,940",
SURVEY,ANIMALS & PRODUCTS,DAIRY,MILK,ALL CLASSES,ALL PRODUCTION PRACTICES,ALL UTILIZATION PRACTICES,PRODUCTION,LB / HEAD,"MILK - PRODUCTION, MEASURED IN LB / HEAD",TOTAL,NOT SPECIFIED,STATE,17,17,IL,ILLINOIS,,,,,,,,00000000,,,9000,UNITED STATES,ILLINOIS,2022,MONTHLY,04,04,APR,,2024-02-02 15:00:00.000,"1,880",
SURVEY,ANIMALS & PRODUCTS,DAIRY,MILK,ALL CLASSES,ALL PRODUCTION PRACTICES,ALL UTILIZATION PRACTICES,PRODUCTION,LB / HEAD,"MILK - PRODUCTION, MEASURED IN LB / HEAD",TOTAL,NOT SPECIFIED,STATE,17,17,IL,ILLINOIS,,,,,,,,00000000,,,9000,UNITED STATES,ILLINOIS,2022,MONTHLY,05,05,MAY,,2024-02-02 15:00:00.000,"1,915",
SURVEY,ANIMALS & PRODUCTS,DAIRY,MILK,ALL CLASSES,ALL PRODUCTION PRACTICES,ALL UTILIZATION PRACTICES,PRODUCTION,LB / HEAD,"MILK - PRODUCTION, MEASURED IN LB / HEAD",TOTAL,NOT SPECIFIED,STATE,17,17,IL,ILLINOIS,,,,,,,,00000000,,,9000,UNITED STATES,ILLINOIS,2022,MONTHLY,06,06,JUN,,2024-02-02 15:00:00.000,"1,790",
SURVEY,ANIMALS & PRODUCTS,DAIRY,MILK,ALL CLASSES,ALL PRODUCTION PRACTICES,ALL UTILIZATION PRACTICES,PRODUCTION,LB / HEAD,"MILK - PRODUCTION, MEASURED IN LB / HEAD",TOTAL,NOT SPECIFIED,STATE,17,17,IL,ILLINOIS,,,,,,,,00000000,,,9000,UNITED STATES,ILLINOIS,2022,MONTHLY,07,07,JUL,,2024-02-02 15:00:00.000,"1,780",
SURVEY,ANIMALS & PRODUCTS,DAIRY,MILK,ALL CLASSES,ALL PRODUCTION PRACTICES,ALL UTILIZATION PRACTICES,PRODUCTION,LB / HEAD,"MILK - PRODUCTION, MEASURED IN LB / HEAD",TOTAL,NOT SPECIFIED,STATE,17,17,IL,ILLINOIS,,,,,,,,00000000,,,9000,UNITED STATES,ILLINOIS,2022,MONTHLY,08,08,AUG,,2024-02-02 15:00:00.000,"1,730",
SURVEY,ANIMALS & PRODUCTS,DAIRY,MILK,ALL CLASSES,ALL PRODUCTION PRACTICES,ALL UTILIZATION PRACTICES,PRODUCTION,LB / HEAD,"MILK - PRODUCTION, MEASURED IN LB / HEAD",TOTAL,NOT SPECIFIED,STATE,17,17,IL,ILLINOIS,,,,,,,,00000000,,,9000,UNITED STATES,ILLINOIS,2022,MONTHLY,09,09,SEP,,2024-02-02 15:00:00.000,"1,650",
SURVEY,ANIMALS & PRODUCTS,DAIRY,MILK,ALL CLASSES,ALL PRODUCTION PRACTICES,ALL UTILIZATION PRACTICES,PRODUCTION,LB / HEAD,"MILK - PRODUCTION, MEASURED IN LB / HEAD",TOTAL,NOT SPECIFIED,STATE,17,17,IL,ILLINOIS,,,,,,,,00000000,,,9000,UNITED STATES,ILLINOIS,2022,MONTHLY,10,10,OCT,,2024-02-02 15:00:00.000,"1,735",
SURVEY,ANIMALS & PRODUCTS,DAIRY,MILK,ALL CLASSES,ALL PRODUCTION PRACTICES,ALL UTILIZATION PRACTICES,PRODUCTION,LB / HEAD,"MILK - PRODUCTION, MEASURED IN LB / HEAD",TOTAL,NOT SPECIFIED,STATE,17,17,IL,ILLINOIS,,,,,,,,00000000,,,9000,UNITED STATES,ILLINOIS,2022,MONTHLY,11,11,NOV,,2024-02-02 15:00:00.000,"1,710",
SURVEY,ANIMALS & PRODUCTS,DAIRY,MILK,ALL CLASSES,ALL PRODUCTION PRACTICES,ALL UTILIZATION PRACTICES,PRODUCTION,LB / HEAD,"MILK - PRODUCTION, MEASURED IN LB / HEAD",TOTAL,NOT SPECIFIED,STATE,17,17,IL,ILLINOIS,,,,,,,,00000000,,,9000,UNITED STATES,ILLINOIS,2022,MONTHLY,12,12,DEC,,2024-02-02 15:00:00.000,"1,800",
SURVEY,ANIMALS & PRODUCTS,DAIRY,MILK,ALL CLASSES,ALL PRODUCTION PRACTICES,ALL UTILIZATION PRACTICES,PRODUCTION,LB / HEAD,"MILK - PRODUCTION, MEASURED IN LB / HEAD",TOTAL,NOT SPECIFIED,STATE,18,18,IN,INDIANA,,,,,,,,00000000,,,9000,UNITED STATES,INDIANA,2022,MONTHLY,01,01,JAN,,2024-02-02 15:00:00.000,"2,015",
SURVEY,ANIMALS & PRODUCTS,DAIRY,MILK,ALL CLASSES,ALL PRODUCTION PRACTICES,ALL UTILIZATION PRACTICES,PRODUCTION,LB / HEAD,"MILK - PRODUCTION, MEASURED IN LB / HEAD",TOTAL,NOT SPECIFIED,STATE,18,18,IN,INDIANA,,,,,,,,00000000,,,9000,UNITED STATES,INDIANA,2022,MONTHLY,02,02,FEB,,2024-02-02 15:00:00.000,"1,825",
SURVEY,ANIMALS & PRODUCTS,DAIRY,MILK,ALL CLASSES,ALL PRODUCTION PRACTICES,ALL UTILIZATION PRACTICES,PRODUCTION,LB / HEAD,"MILK - PRODUCTION, MEASURED IN LB / HEAD",TOTAL,NOT SPECIFIED,STATE,18,18,IN,INDIANA,,,,,,,,00000000,,,9000,UNITED STATES,INDIANA,2022,MONTHLY,03,03,MAR,,2024-02-02 15:00:00.000,"2,065",
SURVEY,ANIMALS & PRODUCTS,DAIRY,MILK,ALL CLASSES,ALL PRODUCTION PRACTICES,ALL UTILIZATION PRACTICES,PRODUCTION,LB / HEAD,"MILK - PRODUCTION, MEASURED IN LB / HEAD",TOTAL,NOT SPECIFIED,STATE,18,18,IN,INDIANA,,,,,,,,00000000,,,9000,UNITED STATES,INDIANA,2022,MONTHLY,04,04,APR,,2024-02-02 15:00:00.000,"2,010",
SURVEY,ANIMALS & PRODUCTS,DAIRY,MILK,ALL CLASSES,ALL PRODUCTION PRACTICES,ALL UTILIZATION PRACTICES,PRODUCTION,LB / HEAD,"MILK - PRODUCTION, MEASURED IN LB / HEAD",TOTAL,NOT SPECIFIED,STATE,18,18,IN,INDIANA,,,,,,,,00000000,,,9000,UNITED STATES,INDIANA,2022,MONTHLY,05,05,MAY,,2024-02-02 15:00:00.000,"2,055",
SURVEY,ANIMALS & PRODUCTS,DAIRY,MILK,ALL CLASSES,ALL PRODUCTION PRACTICES,ALL UTILIZATION PRACTICES,PRODUCTION,LB / HEAD,"MILK - PRODUCTION, MEASURED IN LB / HEAD",TOTAL,NOT SPECIFIED,STATE,18,18,IN,INDIANA,,,,,,,,00000000,,,9000,UNITED STATES,INDIANA,2022,MONTHLY,06,06,JUN,,2024-02-02 15:00:00.000,"1,975",
SURVEY,ANIMALS & PRODUCTS,DAIRY,MILK,ALL CLASSES,ALL PRODUCTION PRACTICES,ALL UTILIZATION PRACTICES,PRODUCTION,LB / HEAD,"MILK - PRODUCTION, MEASURED IN LB / HEAD",TOTAL,NOT SPECIFIED,STATE,18,18,IN,INDIANA,,,,,,,,00000000,,,9000,UNITED STATES,INDIANA,2022,MONTHLY,07,07,JUL,,2024-02-02 15:00:00.000,"1,970",
SURVEY,ANIMALS & PRODUCTS,DAIRY,MILK,ALL CLASSES,ALL PRODUCTION PRACTICES,ALL UTILIZATION PRACTICES,PRODUCTION,LB / HEAD,"MILK - PRODUCTION, MEASURED IN LB / HEAD",TOTAL,NOT SPECIFIED,STATE,18,18,IN,INDIANA,,,,,,,,00000000,,,9000,UNITED STATES,INDIANA,2022,MONTHLY,08,08,AUG,,2024-02-02 15:00:00.000,"1,945",
SURVEY,ANIMALS & PRODUCTS,DAIRY,MILK,ALL CLASSES,ALL PRODUCTION PRACTICES,ALL UTILIZATION PRACTICES,PRODUCTION,LB / HEAD,"MILK - PRODUCTION, MEASURED IN LB / HEAD",TOTAL,NOT SPECIFIED,STATE,18,18,IN,INDIANA,,,,,,,,00000000,,,9000,UNITED STATES,INDIANA,2022,MONTHLY,09,09,SEP,,2024-02-02 15:00:00.000,"1,900",
SURVEY,ANIMALS & PRODUCTS,DAIRY,MILK,ALL CLASSES,ALL PRODUCTION PRACTICES,ALL UTILIZATION PRACTICES,PRODUCTION,LB / HEAD,"MILK - PRODUCTION, MEASURED IN LB / HEAD",TOTAL,NOT SPECIFIED,STATE,18,18,IN,INDIANA,,,,,,,,00000000,,,9000,UNITED STATES,INDIANA,2022,MONTHLY,10,10,OCT,,2024-02-02 15:00:00.000,"1,965",
SURVEY,ANIMALS & PRODUCTS,DAIRY,MILK,ALL CLASSES,ALL PRODUCTION PRACTICES,ALL UTILIZATION PRACTICES,PRODUCTION,LB / HEAD,"MILK - PRODUCTION, MEASURED IN LB / HEAD",TOTAL,NOT SPECIFIED,STATE,18,18,IN,INDIANA,,,,,,,,00000000,,,9000,UNITED STATES,INDIANA,2022,MONTHLY,11,11,NOV,,2024-02-02 15:00:00.000,"1,920",
SURVEY,ANIMALS & PRODUCTS,DAIRY,MILK,ALL CLASSES,ALL PRODUCTION PRACTICES,ALL UTILIZATION PRACTICES,PRODUCTION,LB / HEAD,"MILK - PRODUCTION, MEASURED IN LB / HEAD",TOTAL,NOT SPECIFIED,STATE,18,18,IN,INDIANA,,,,,,,,00000000,,,9000,UNITED STATES,INDIANA,2022,MONTHLY,12,12,DEC,,2024-02-02 15:00:00.000,"2,000",
SURVEY,ANIMALS & PRODUCTS,DAIRY,MILK,ALL CLASSES,ALL PRODUCTION PRACTICES,ALL UTILIZATION PRACTICES,PRODUCTION,LB / HEAD,"MILK - PRODUCTION, MEASURED IN LB / HEAD",TOTAL,NOT SPECIFIED,STATE,19,19,IA,IOWA,,,,,,,,00000000,,,9000,UNITED STATES,IOWA,2022,MONTHLY,01,01,JAN,,2024-02-02 15:00:00.000,"2,095",
SURVEY,ANIMALS & PRODUCTS,DAIRY,MILK,ALL CLASSES,ALL PRODUCTION PRACTICES,ALL UTILIZATION PRACTICES,PRODUCTION,LB / HEAD,"MILK - PRODUCTION, MEASURED IN LB / HEAD",TOTAL,NOT SPECIFIED,STATE,19,19,IA,IOWA,,,,,,,,00000000,,,9000,UNITED STATES,IOWA,2022,MONTHLY,02,02,FEB,,2024-02-02 15:00:00.000,"1,910",
SURVEY,ANIMALS & PRODUCTS,DAIRY,MILK,ALL CLASSES,ALL PRODUCTION PRACTICES,ALL UTILIZATION PRACTICES,PRODUCTION,LB / HEAD,"MILK - PRODUCTION, MEASURED IN LB / HEAD",TOTAL,NOT SPECIFIED,STATE,19,19,IA,IOWA,,,,,,,,00000000,,,9000,UNITED STATES,IOWA,2022,MONTHLY,03,03,MAR,,2024-02-02 15:00:00.000,"2,125",
SURVEY,ANIMALS & PRODUCTS,DAIRY,MILK,ALL CLASSES,ALL PRODUCTION PRACTICES,ALL UTILIZATION PRACTICES,PRODUCTION,LB / HEAD,"MILK - PRODUCTION, MEASURED IN LB / HEAD",TOTAL,NOT SPECIFIED,STATE,19,19,IA,IOWA,,,,,,,,00000000,,,9000,UNITED STATES,IOWA,2022,MONTHLY,04,04,APR,,2024-02-02 15:00:00.000,"2,065",
SURVEY,ANIMALS & PRODUCTS,DAIRY,MILK,ALL CLASSES,ALL PRODUCTION PRACTICES,ALL UTILIZATION PRACTICES,PRODUCTION,LB / HEAD,"MILK - PRODUCTION, MEASURED IN LB / HEAD",TOTAL,NOT SPECIFIED,STATE,19,19,IA,IOWA,,,,,,,,00000000,,,9000,UNITED STATES,IOWA,2022,MONTHLY,05,05,MAY,,2024-02-02 15:00:00.000,"2,125",
SURVEY,ANIMALS & PRODUCTS,DAIRY,MILK,ALL CLASSES,ALL PRODUCTION PRACTICES,ALL UTILIZATION PRACTICES,PRODUCTION,LB / HEAD,"MILK - PRODUCTION, MEASURED IN LB / HEAD",TOTAL,NOT SPECIFIED,STATE,19,19,IA,IOWA,,,,,,,,00000000,,,9000,UNITED STATES,IOWA,2022,MONTHLY,06,06,JUN,,2024-02-02 15:00:00.000,"2,050",
SURVEY,ANIMALS & PRODUCTS,DAIRY,MILK,ALL CLASSES,ALL PRODUCTION PRACTICES,ALL UTILIZATION PRACTICES,PRODUCTION,LB / HEAD,"MILK - PRODUCTION, MEASURED IN LB / HEAD",TOTAL,NOT SPECIFIED,STATE,19,19,IA,IOWA,,,,,,,,00000000,,,9000,UNITED STATES,IOWA,2022,MONTHLY,07,07,JUL,,2024-02-02 15:00:00.000,"2,080",
SURVEY,ANIMALS & PRODUCTS,DAIRY,MILK,ALL CLASSES,ALL PRODUCTION PRACTICES,ALL UTILIZATION PRACTICES,PRODUCTION,LB / HEAD,"MILK - PRODUCTION, MEASURED IN LB / HEAD",TOTAL,NOT SPECIFIED,STATE,19,19,IA,IOWA,,,,,,,,00000000,,,9000,UNITED STATES,IOWA,2022,MONTHLY,08,08,AUG,,2024-02-02 15:00:00.000,"2,070",
SURVEY,ANIMALS & PRODUCTS,DAIRY,MILK,ALL CLASSES,ALL PRODUCTION PRACTICES,ALL UTILIZATION PRACTICES,PRODUCTION,LB / HEAD,"MILK - PRODUCTION, MEASURED IN LB / HEAD",TOTAL,NOT SPECIFIED,STATE,19,19,IA,IOWA,,,,,,,,00000000,,,9000,UNITED STATES,IOWA,2022,MONTHLY,09,09,SEP,,2024-02-02 15:00:00.000,"2,000",
SURVEY,ANIMALS & PRODUCTS,DAIRY,MILK,ALL CLASSES,ALL PRODUCTION PRACTICES,ALL UTILIZATION PRACTICES,PRODUCTION,LB / HEAD,"MILK - PRODUCTION, MEASURED IN LB / HEAD",TOTAL,NOT SPECIFIED,STATE,19,19,IA,IOWA,,,,,,,,00000000,,,9000,UNITED STATES,IOWA,2022,MONTHLY,10,10,OCT,,2024-02-02 15:00:00.000,"2,065",
SURVEY,ANIMALS & PRODUCTS,DAIRY,MILK,ALL CLASSES,ALL PRODUCTION PRACTICES,ALL UTILIZATION PRACTICES,PRODUCTION,LB / HEAD,"MILK - PRODUCTION, MEASURED IN LB / HEAD",TOTAL,NOT SPECIFIED,STATE,19,19,IA,IOWA,,,,,,,,00000000,,,9000,UNITED STATES,IOWA,2022,MONTHLY,11,11,NOV,,2024-02-02 15:00:00.000,"2,000",
SURVEY,ANIMALS & PRODUCTS,DAIRY,MILK,ALL CLASSES,ALL PRODUCTION PRACTICES,ALL UTILIZATION PRACTICES,PRODUCTION,LB / HEAD,"MILK - PRODUCTION, MEASURED IN LB / HEAD",TOTAL,NOT SPECIFIED,STATE,19,19,IA,IOWA,,,,,,,,00000000,,,9000,UNITED STATES,IOWA,2022,MONTHLY,12,12,DEC,,2024-02-02 15:00:00.000,"2,065",
SURVEY,ANIMALS & PRODUCTS,DAIRY,MILK,ALL CLASSES,ALL PRODUCTION PRACTICES,ALL UTILIZATION PRACTICES,PRODUCTION,LB / HEAD,"MILK - PRODUCTION, MEASURED IN LB / HEAD",TOTAL,NOT SPECIFIED,STATE,20,20,KS,KANSAS,,,,,,,,00000000,,,9000,UNITED STATES,KANSAS,2022,MONTHLY,01,01,JAN,,2024-02-02 15:00:00.000,"2,050",
SURVEY,ANIMALS & PRODUCTS,DAIRY,MILK,ALL CLASSES,ALL PRODUCTION PRACTICES,ALL UTILIZATION PRACTICES,PRODUCTION,LB / HEAD,"MILK - PRODUCTION, MEASURED IN LB / HEAD",TOTAL,NOT SPECIFIED,STATE,20,20,KS,KANSAS,,,,,,,,00000000,,,9000,UNITED STATES,KANSAS,2022,MONTHLY,02,02,FEB,,2024-02-02 15:00:00.000,"1,850",
SURVEY,ANIMALS & PRODUCTS,DAIRY,MILK,ALL CLASSES,ALL PRODUCTION PRACTICES,ALL UTILIZATION PRACTICES,PRODUCTION,LB / HEAD,"MILK - PRODUCTION, MEASURED IN LB / HEAD",TOTAL,NOT SPECIFIED,STATE,20,20,KS,KANSAS,,,,,,,,00000000,,,9000,UNITED STATES,KANSAS,2022,MONTHLY,03,03,MAR,,2024-02-02 15:00:00.000,"2,060",
SURVEY,ANIMALS & PRODUCTS,DAIRY,MILK,ALL CLASSES,ALL PRODUCTION PRACTICES,ALL UTILIZATION PRACTICES,PRODUCTION,LB / HEAD,"MILK - PRODUCTION, MEASURED IN LB / HEAD",TOTAL,NOT SPECIFIED,STATE,20,20,KS,KANSAS,,,,,,,,00000000,,,9000,UNITED STATES,KANSAS,2022,MONTHLY,04,04,APR,,2024-02-02 15:00:00.000,"2,005",
SURVEY,ANIMALS & PRODUCTS,DAIRY,MILK,ALL CLASSES,ALL PRODUCTION PRACTICES,ALL UTILIZATION PRACTICES,PRODUCTION,LB / HEAD,"MILK - PRODUCTION, MEASURED IN LB / HEAD",TOTAL,NOT SPECIFIED,STATE,20,20,KS,KANSAS,,,,,,,,00000000,,,9000,UNITED STATES,KANSAS,2022,MONTHLY,05,05,MAY,,2024-02-02 15:00:00.000,"2,080",
SURVEY,ANIMALS & PRODUCTS,DAIRY,MILK,ALL CLASSES,ALL PRODUCTION PRACTICES,ALL UTILIZATION PRACTICES,PRODUCTION,LB / HEAD,"MILK - PRODUCTION, MEASURED IN LB / HEAD",TOTAL,NOT SPECIFIED,STATE,20,20,KS,KANSAS,,,,,,,,00000000,,,9000,UNITED STATES,KANSAS,2022,MONTHLY,06,06,JUN,,2024-02-02 15:00:00.000,"1,970",
SURVEY,ANIMALS & PRODUCTS,DAIRY,MILK,ALL CLASSES,ALL PRODUCTION PRACTICES,ALL UTILIZATION PRACTICES,PRODUCTION,LB / HEAD,"MILK - PRODUCTION, MEASURED IN LB / HEAD",TOTAL,NOT SPECIFIED,STATE,20,20,KS,KANSAS,,,,,,,,00000000,,,9000,UNITED STATES,KANSAS,2022,MONTHLY,07,07,JUL,,2024-02-02 15:00:00.000,"2,000",
SURVEY,ANIMALS & PRODUCTS,DAIRY,MILK,ALL CLASSES,ALL PRODUCTION PRACTICES,ALL UTILIZATION PRACTICES,PRODUCTION,LB / HEAD,"MILK - PRODUCTION, MEASURED IN LB / HEAD",TOTAL,NOT SPECIFIED,STATE,20,20,KS,KANSAS,,,,,,,,00000000,,,9000,UNITED STATES,KANSAS,2022,MONTHLY,08,08,AUG,,2024-02-02 15:00:00.000,"2,000",
SURVEY,ANIMALS & PRODUCTS,DAIRY,MILK,ALL CLASSES,ALL PRODUCTION PRACTICES,ALL UTILIZATION PRACTICES,PRODUCTION,LB / HEAD,"MILK - PRODUCTION, MEASURED IN LB / HEAD",TOTAL,NOT SPECIFIED,STATE,20,20,KS,KANSAS,,,,,,,,00000000,,,9000,UNITED STATES,KANSAS,2022,MONTHLY,09,09,SEP,,2024-02-02 15:00:00.000,"1,955",
SURVEY,ANIMALS & PRODUCTS,DAIRY,MILK,ALL CLASSES,ALL PRODUCTION PRACTICES,ALL UTILIZATION PRACTICES,PRODUCTION,LB / HEAD,"MILK - PRODUCTION, MEASURED IN LB / HEAD",TOTAL,NOT SPECIFIED,STATE,20,20,KS,KANSAS,,,,,,,,00000000,,,9000,UNITED STATES,KANSAS,2022,MONTHLY,10,10,OCT,,2024-02-02 15:00:00.000,"2,015",
SURVEY,ANIMALS & PRODUCTS,DAIRY,MILK,ALL CLASSES,ALL PRODUCTION PRACTICES,ALL UTILIZATION PRACTICES,PRODUCTION,LB / HEAD,"MILK - PRODUCTION, MEASURED IN LB / HEAD",TOTAL,NOT SPECIFIED,STATE,20,20,KS,KANSAS,,,,,,,,00000000,,,9000,UNITED STATES,KANSAS,2022,MONTHLY,11,11,NOV,,2024-02-02 15:00:00.000,"1,950",
SURVEY,ANIMALS & PRODUCTS,DAIRY,MILK,ALL CLASSES,ALL PRODUCTION PRACTICES,ALL UTILIZATION PRACTICES,PRODUCTION,LB / HEAD,"MILK - PRODUCTION, MEASURED IN LB / HEAD",TOTAL,NOT SPECIFIED,STATE,20,20,KS,KANSAS,,,,,,,,00000000,,,9000,UNITED STATES,KANSAS,2022,MONTHLY,12,12,DEC,,2024-02-02 15:00:00.000,"2,005",
SURVEY,ANIMALS & PRODUCTS,DAIRY,MILK,ALL CLASSES,ALL PRODUCTION PRACTICES,ALL UTILIZATION PRACTICES,PRODUCTION,LB / HEAD,"MILK - PRODUCTION, MEASURED IN LB / HEAD",TOTAL,NOT SPECIFIED,STATE,26,26,MI,MICHIGAN,,,,,,,,00000000,,,9000,UNITED STATES,MICHIGAN,2022,MONTHLY,01,01,JAN,,2024-02-02 15:00:00.000,"2,285",
SURVEY,ANIMALS & PRODUCTS,DAIRY,MILK,ALL CLASSES,ALL PRODUCTION PRACTICES,ALL UTILIZATION PRACTICES,PRODUCTION,LB / HEAD,"MILK - PRODUCTION, MEASURED IN LB / HEAD",TOTAL,NOT SPECIFIED,STATE,26,26,MI,MICHIGAN,,,,,,,,00000000,,,9000,UNITED STATES,MICHIGAN,2022,MONTHLY,02,02,FEB,,2024-02-02 15:00:00.000,"2,100",
SURVEY,ANIMALS & PRODUCTS,DAIRY,MILK,ALL CLASSES,ALL PRODUCTION PRACTICES,ALL UTILIZATION PRACTICES,PRODUCTION,LB / HEAD,"MILK - PRODUCTION, MEASURED IN LB / HEAD",TOTAL,NOT SPECIFIED,STATE,26,26,MI,MICHIGAN,,,,,,,,00000000,,,9000,UNITED STATES,MICHIGAN,2022,MONTHLY,03,03,MAR,,2024-02-02 15:00:00.000,"2,355",
SURVEY,ANIMALS & PRODUCTS,DAIRY,MILK,ALL CLASSES,ALL PRODUCTION PRACTICES,ALL UTILIZATION PRACTICES,PRODUCTION,LB / HEAD,"MILK - PRODUCTION, MEASURED IN LB / HEAD",TOTAL,NOT SPECIFIED,STATE,26,26,MI,MICHIGAN,,,,,,,,00000000,,,9000,UNITED STATES,MICHIGAN,2022,MONTHLY,04,04,APR,,2024-02-02 15:00:00.000,"2,290",
SURVEY,ANIMALS & PRODUCTS,DAIRY,MILK,ALL CLASSES,ALL PRODUCTION PRACTICES,ALL UTILIZATION PRACTICES,PRODUCTION,LB / HEAD,"MILK - PRODUCTION, MEASURED IN LB / HEAD",TOTAL,NOT SPECIFIED,STATE,26,26,MI,MICHIGAN,,,,,,,,00000000,,,9000,UNITED STATES,MICHIGAN,2022,MONTHLY,05,05,MAY,,2024-02-02 15:00:00.000,"2,380",
SURVEY,ANIMALS & PRODUCTS,DAIRY,MILK,ALL CLASSES,ALL PRODUCTION PRACTICES,ALL UTILIZATION PRACTICES,PRODUCTION,LB / HEAD,"MILK - PRODUCTION, MEASURED IN LB / HEAD",TOTAL,NOT SPECIFIED,STATE,26,26,MI,MICHIGAN,,,,,,,,00000000,,,9000,UNITED STATES,MICHIGAN,2022,MONTHLY,06,06,JUN,,2024-02-02 15:00:00.000,"2,280",
SURVEY,ANIMALS & PRODUCTS,DAIRY,MILK,ALL CLASSES,ALL PRODUCTION PRACTICES,ALL UTILIZATION PRACTICES,PRODUCTION,LB / HEAD,"MILK - PRODUCTION, MEASURED IN LB / HEAD",TOTAL,NOT SPECIFIED,STATE,26,26,MI,MICHIGAN,,,,,,,,00000000,,,9000,UNITED STATES,MICHIGAN,2022,MONTHLY,07,07,JUL,,2024-02-02 15:00:00.000,"2,335",
SURVEY,ANIMALS & PRODUCTS,DAIRY,MILK,ALL CLASSES,ALL PRODUCTION PRACTICES,ALL UTILIZATION PRACTICES,PRODUCTION,LB / HEAD,"MILK - PRODUCTION, MEASURED IN LB / HEAD",TOTAL,NOT SPECIFIED,STATE,26,26,MI,MICHIGAN,,,,,,,,00000000,,,9000,UNITED STATES,MICHIGAN,2022,MONTHLY,08,08,AUG,,2024-02-02 15:00:00.000,"2,315",
SURVEY,ANIMALS & PRODUCTS,DAIRY,MILK,ALL CLASSES,ALL PRODUCTION PRACTICES,ALL UTILIZATION PRACTICES,PRODUCTION,LB / HEAD,"MILK - PRODUCTION, MEASURED IN LB / HEAD",TOTAL,NOT SPECIFIED,STATE,26,26,MI,MICHIGAN,,,,,,,,00000000,,,9000,UNITED STATES,MICHIGAN,2022,MONTHLY,09,09,SEP,,2024-02-02 15:00:00.000,"2,230",
SURVEY,ANIMALS & PRODUCTS,DAIRY,MILK,ALL CLASSES,ALL PRODUCTION PRACTICES,ALL UTILIZATION PRACTICES,PRODUCTION,LB / HEAD,"MILK - PRODUCTION, MEASURED IN LB / HEAD",TOTAL,NOT SPECIFIED,STATE,26,26,MI,MICHIGAN,,,,,,,,00000000,,,9000,UNITED STATES,MICHIGAN,2022,MONTHLY,10,10,OCT,,2024-02-02 15:00:00.000,"2,285",
SURVEY,ANIMALS & PRODUCTS,DAIRY,MILK,ALL CLASSES,ALL PRODUCTION PRACTICES,ALL UTILIZATION PRACTICES,PRODUCTION,LB / HEAD,"MILK - PRODUCTION, MEASURED IN LB / HEAD",TOTAL,NOT SPECIFIED,STATE,26,26,MI,MICHIGAN,,,,,,,,00000000,,,9000,UNITED STATES,MICHIGAN,2022,MONTHLY,11,11,NOV,,2024-02-02 15:00:00.000,"2,215",
SURVEY,ANIMALS & PRODUCTS,DAIRY,MILK,ALL CLASSES,ALL PRODUCTION PRACTICES,ALL UTILIZATION PRACTICES,PRODUCTION,LB / HEAD,"MILK - PRODUCTION, MEASURED IN LB / HEAD",TOTAL,NOT SPECIFIED,STATE,26,26,MI,MICHIGAN,,,,,,,,00000000,,,9000,UNITED STATES,MICHIGAN,2022,MONTHLY,12,12,DEC,,2024-02-02 15:00:00.000,"2,295",
SURVEY,ANIMALS & PRODUCTS,DAIRY,MILK,ALL CLASSES,ALL PRODUCTION PRACTICES,ALL UTILIZATION PRACTICES,PRODUCTION,LB / HEAD,"MILK - PRODUCTION, MEASURED IN LB / HEAD",TOTAL,NOT SPECIFIED,STATE,27,27,MN,MINNESOTA,,,,,,,,00000000,,,9000,UNITED STATES,MINNESOTA,2022,MONTHLY,01,01,JAN,,2024-02-02 15:00:00.000,"1,935",
SURVEY,ANIMALS & PRODUCTS,DAIRY,MILK,ALL CLASSES,ALL PRODUCTION PRACTICES,ALL UTILIZATION PRACTICES,PRODUCTION,LB / HEAD,"MILK - PRODUCTION, MEASURED IN LB / HEAD",TOTAL,NOT SPECIFIED,STATE,27,27,MN,MINNESOTA,,,,,,,,00000000,,,9000,UNITED STATES,MINNESOTA,2022,MONTHLY,02,02,FEB,,2024-02-02 15:00:00.000,"1,775",
SURVEY,ANIMALS & PRODUCTS,DAIRY,MILK,ALL CLASSES,ALL PRODUCTION PRACTICES,ALL UTILIZATION PRACTICES,PRODUCTION,LB / HEAD,"MILK - PRODUCTION, MEASURED IN LB / HEAD",TOTAL,NOT SPECIFIED,STATE,27,27,MN,MINNESOTA,,,,,,,,00000000,,,9000,UNITED STATES,MINNESOTA,2022,MONTHLY,03,03,MAR,,2024-02-02 15:00:00.000,"1,975",
SURVEY,ANIMALS & PRODUCTS,DAIRY,MILK,ALL CLASSES,ALL PRODUCTION PRACTICES,ALL UTILIZATION PRACTICES,PRODUCTION,LB / HEAD,"MILK - PRODUCTION, MEASURED IN LB / HEAD",TOTAL,NOT SPECIFIED,STATE,27,27,MN,MINNESOTA,,,,,,,,00000000,,,9000,UNITED STATES,MINNESOTA,2022,MONTHLY,04,04,APR,,2024-02-02 15:00:00.000,"1,900",
SURVEY,ANIMALS & PRODUCTS,DAIRY,MILK,ALL CLASSES,ALL PRODUCTION PRACTICES,ALL UTILIZATION PRACTICES,PRODUCTION,LB / HEAD,"MILK - PRODUCTION, MEASURED IN LB / HEAD",TOTAL,NOT SPECIFIED,STATE,27,27,MN,MINNESOTA,,,,,,,,00000000,,,9000,UNITED STATES,MINNESOTA,2022,MONTHLY,05,05,MAY,,2024-02-02 15:00:00.000,"1,980",
SURVEY,ANIMALS & PRODUCTS,DAIRY,MILK,ALL CLASSES,ALL PRODUCTION PRACTICES,ALL UTILIZATION PRACTICES,PRODUCTION,LB / HEAD,"MILK - PRODUCTION, MEASURED IN LB / HEAD",TOTAL,NOT SPECIFIED,STATE,27,27,MN,MINNESOTA,,,,,,,,00000000,,,9000,UNITED STATES,MINNESOTA,2022,MONTHLY,06,06,JUN,,2024-02-02 15:00:00.000,"1,935",
SURVEY,ANIMALS & PRODUCTS,DAIRY,MILK,ALL CLASSES,ALL PRODUCTION PRACTICES,ALL UTILIZATION PRACTICES,PRODUCTION,LB / HEAD,"MILK - PRODUCTION, MEASURED IN LB / HEAD",TOTAL,NOT SPECIFIED,STATE,27,27,MN,MINNESOTA,,,,,,,,00000000,,,9000,UNITED STATES,MINNESOTA,2022,MONTHLY,07,07,JUL,,2024-02-02 15:00:00.000,"1,990",
SURVEY,ANIMALS & PRODUCTS,DAIRY,MILK,ALL CLASSES,ALL PRODUCTION PRACTICES,ALL UTILIZATION PRACTICES,PRODUCTION,LB / HEAD,"MILK - PRODUCTION, MEASURED IN LB / HEAD",TOTAL,NOT SPECIFIED,STATE,27,27,MN,MINNESOTA,,,,,,,,00000000,,,9000,UNITED STATES,MINNESOTA,2022,MONTHLY,08,08,AUG,,2024-02-02 15:00:00.000,"1,985",
SURVEY,ANIMALS & PRODUCTS,DAIRY,MILK,ALL CLASSES,ALL PRODUCTION PRACTICES,ALL UTILIZATION PRACTICES,PRODUCTION,LB / HEAD,"MILK - PRODUCTION, MEASURED IN LB / HEAD",TOTAL,NOT SPECIFIED,STATE,27,27,MN,MINNESOTA,,,,,,,,00000000,,,9000,UNITED STATES,MINNESOTA,2022,MONTHLY,09,09,SEP,,2024-02-02 15:00:00.000,"1,895",
SURVEY,ANIMALS & PRODUCTS,DAIRY,MILK,ALL CLASSES,ALL PRODUCTION PRACTICES,ALL UTILIZATION PRACTICES,PRODUCTION,LB / HEAD,"MILK - PRODUCTION, MEASURED IN LB / HEAD",TOTAL,NOT SPECIFIED,STATE,27,27,MN,MINNESOTA,,,,,,,,00000000,,,9000,UNITED STATES,MINNESOTA,2022,MONTHLY,10,10,OCT,,2024-02-02 15:00:00.000,"1,940",
SURVEY,ANIMALS & PRODUCTS,DAIRY,MILK,ALL CLASSES,ALL PRODUCTION PRACTICES,ALL UTILIZATION PRACTICES,PRODUCTION,LB / HEAD,"MILK - PRODUCTION, MEASURED IN LB / HEAD",TOTAL,NOT SPECIFIED,STATE,27,27,MN,MINNESOTA,,,,,,,,00000000,,,9000,UNITED STATES,MINNESOTA,2022,MONTHLY,11,11,NOV,,2024-02-02 15:00:00.000,"1,870",
SURVEY,ANIMALS & PRODUCTS,DAIRY,MILK,ALL CLASSES,ALL PRODUCTION PRACTICES,ALL UTILIZATION PRACTICES,PRODUCTION,LB / HEAD,"MILK - PRODUCTION, MEASURED IN LB / HEAD",TOTAL,NOT SPECIFIED,STATE,27,27,MN,MINNESOTA,,,,,,,,00000000,,,9000,UNITED STATES,MINNESOTA,2022,MONTHLY,12,12,DEC,,2024-02-02 15:00:00.000,"1,930",
SURVEY,ANIMALS & PRODUCTS,DAIRY,MILK,ALL CLASSES,ALL PRODUCTION PRACTICES,ALL UTILIZATION PRACTICES,PRODUCTION,LB / HEAD,"MILK - PRODUCTION, MEASURED IN LB / HEAD",TOTAL,NOT SPECIFIED,STATE,35,35,NM,NEW MEXICO,,,,,,,,00000000,,,9000,UNITED STATES,NEW MEXICO,2022,MONTHLY,01,01,JAN,,2024-02-02 15:00:00.000,"2,150",
SURVEY,ANIMALS & PRODUCTS,DAIRY,MILK,ALL CLASSES,ALL PRODUCTION PRACTICES,ALL UTILIZATION PRACTICES,PRODUCTION,LB / HEAD,"MILK - PRODUCTION, MEASURED IN LB / HEAD",TOTAL,NOT SPECIFIED,STATE,35,35,NM,NEW MEXICO,,,,,,,,00000000,,,9000,UNITED STATES,NEW MEXICO,2022,MONTHLY,02,02,FEB,,2024-02-02 15:00:00.000,"1,955",
SURVEY,ANIMALS & PRODUCTS,DAIRY,MILK,ALL CLASSES,ALL PRODUCTION PRACTICES,ALL UTILIZATION PRACTICES,PRODUCTION,LB / HEAD,"MILK - PRODUCTION, MEASURED IN LB / HEAD",TOTAL,NOT SPECIFIED,STATE,35,35,NM,NEW MEXICO,,,,,,,,00000000,,,9000,UNITED STATES,NEW MEXICO,2022,MONTHLY,03,03,MAR,,2024-02-02 15:00:00.000,"2,215",
SURVEY,ANIMALS & PRODUCTS,DAIRY,MILK,ALL CLASSES,ALL PRODUCTION PRACTICES,ALL UTILIZATION PRACTICES,PRODUCTION,LB / HEAD,"MILK - PRODUCTION, MEASURED IN LB / HEAD",TOTAL,NOT SPECIFIED,STATE,35,35,NM,NEW MEXICO,,,,,,,,00000000,,,9000,UNITED STATES,NEW MEXICO,2022,MONTHLY,04,04,APR,,2024-02-02 15:00:00.000,"2,125",
SURVEY,ANIMALS & PRODUCTS,DAIRY,MILK,ALL CLASSES,ALL PRODUCTION PRACTICES,ALL UTILIZATION PRACTICES,PRODUCTION,LB / HEAD,"MILK - PRODUCTION, MEASURED IN LB / HEAD",TOTAL,NOT SPECIFIED,STATE,35,35,NM,NEW MEXICO,,,,,,,,00000000,,,9000,UNITED STATES,NEW MEXICO,2022,MONTHLY,05,05,MAY,,2024-02-02 15:00:00.000,"2,165",
SURVEY,ANIMALS & PRODUCTS,DAIRY,MILK,ALL CLASSES,ALL PRODUCTION PRACTICES,ALL UTILIZATION PRACTICES,PRODUCTION,LB / HEAD,"MILK - PRODUCTION, MEASURED IN LB / HEAD",TOTAL,NOT SPECIFIED,STATE,35,35,NM,NEW MEXICO,,,,,,,,00000000,,,9000,UNITED STATES,NEW MEXICO,2022,MONTHLY,06,06,JUN,,2024-02-02 15:00:00.000,"2,050",
SURVEY,ANIMALS & PRODUCTS,DAIRY,MILK,ALL CLASSES,ALL PRODUCTION PRACTICES,ALL UTILIZATION PRACTICES,PRODUCTION,LB / HEAD,"MILK - PRODUCTION, MEASURED IN LB / HEAD",TOTAL,NOT SPECIFIED,STATE,35,35,NM,NEW MEXICO,,,,,,,,00000000,,,9000,UNITED STATES,NEW MEXICO,2022,MONTHLY,07,07,JUL,,2024-02-02 15:00:00.000,"2,065",
SURVEY,ANIMALS & PRODUCTS,DAIRY,MILK,ALL CLASSES,ALL PRODUCTION PRACTICES,ALL UTILIZATION PRACTICES,PRODUCTION,LB / HEAD,"MILK - PRODUCTION, MEASURED IN LB / HEAD",TOTAL,NOT SPECIFIED,STATE,35,35,NM,NEW MEXICO,,,,,,,,00000000,,,9000,UNITED STATES,NEW MEXICO,2022,MONTHLY,08,08,AUG,,2024-02-02 15:00:00.000,"2,040",
SURVEY,ANIMALS & PRODUCTS,DAIRY,MILK,ALL CLASSES,ALL PRODUCTION PRACTICES,ALL UTILIZATION PRACTICES,PRODUCTION,LB / HEAD,"MILK - PRODUCTION, MEASURED IN LB / HEAD",TOTAL,NOT SPECIFIED,STATE,35,35,NM,NEW MEXICO,,,,,,,,00000000,,,9000,UNITED STATES,NEW MEXICO,2022,MONTHLY,09,09,SEP,,2024-02-02 15:00:00.000,"1,970",
SURVEY,ANIMALS & PRODUCTS,DAIRY,MILK,ALL CLASSES,ALL PRODUCTION PRACTICES,ALL UTILIZATION PRACTICES,PRODUCTION,LB / HEAD,"MILK - PRODUCTION, MEASURED IN LB / HEAD",TOTAL,NOT SPECIFIED,STATE,35,35,NM,NEW MEXICO,,,,,,,,00000000,,,9000,UNITED STATES,NEW MEXICO,2022,MONTHLY,10,10,OCT,,2024-02-02 15:00:00.000,"2,030",
SURVEY,ANIMALS & PRODUCTS,DAIRY,MILK,ALL CLASSES,ALL PRODUCTION PRACTICES,ALL UTILIZATION PRACTICES,PRODUCTION,LB / HEAD,"MILK - PRODUCTION, MEASURED IN LB / HEAD",TOTAL,NOT SPECIFIED,STATE,35,35,NM,NEW MEXICO,,,,,,,,00000000,,,9000,UNITED STATES,NEW MEXICO,2022,MONTHLY,11,11,NOV,,2024-02-02 15:00:00.000,"1,960",
SURVEY,ANIMALS & PRODUCTS,DAIRY,MILK,ALL CLASSES,ALL PRODUCTION PRACTICES,ALL UTILIZATION PRACTICES,PRODUCTION,LB / HEAD,"MILK - PRODUCTION, MEASURED IN LB / HEAD",TOTAL,NOT SPECIFIED,STATE,35,35,NM,NEW MEXICO,,,,,,,,00000000,,,9000,UNITED STATES,NEW MEXICO,2022,MONTHLY,12,12,DEC,,2024-02-02 15:00:00.000,"2,045",
SURVEY,ANIMALS & PRODUCTS,DAIRY,MILK,ALL CLASSES,ALL PRODUCTION PRACTICES,ALL UTILIZATION PRACTICES,PRODUCTION,LB / HEAD,"MILK - PRODUCTION, MEASURED IN LB / HEAD",TOTAL,NOT SPECIFIED,STATE,36,36,NY,NEW YORK,,,,,,,,00000000,,,9000,UNITED STATES,NEW YORK,2022,MONTHLY,01,01,JAN,,2024-02-02 15:00:00.000,"2,090",
SURVEY,ANIMALS & PRODUCTS,DAIRY,MILK,ALL CLASSES,ALL PRODUCTION PRACTICES,ALL UTILIZATION PRACTICES,PRODUCTION,LB / HEAD,"MILK - PRODUCTION, MEASURED IN LB / HEAD",TOTAL,NOT SPECIFIED,STATE,36,36,NY,NEW YORK,,,,,,,,00000000,,,9000,UNITED STATES,NEW YORK,2022,MONTHLY,02,02,FEB,,2024-02-02 15:00:00.000,"1,915",
SURVEY,ANIMALS & PRODUCTS,DAIRY,MILK,ALL CLASSES,ALL PRODUCTION PRACTICES,ALL UTILIZATION PRACTICES,PRODUCTION,LB / HEAD,"MILK - PRODUCTION, MEASURED IN LB / HEAD",TOTAL,NOT SPECIFIED,STATE,36,36,NY,NEW YORK,,,,,,,,00000000,,,9000,UNITED STATES,NEW YORK,2022,MONTHLY,03,03,MAR,,2024-02-02 15:00:00.000,"2,150",
SURVEY,ANIMALS & PRODUCTS,DAIRY,MILK,ALL CLASSES,ALL PRODUCTION PRACTICES,ALL UTILIZATION PRACTICES,PRODUCTION,LB / HEAD,"MILK - PRODUCTION, MEASURED IN LB / HEAD",TOTAL,NOT SPECIFIED,STATE,36,36,NY,NEW YORK,,,,,,,,00000000,,,9000,UNITED STATES,NEW YORK,2022,MONTHLY,04,04,APR,,2024-02-02 15:00:00.000,"2,105",
SURVEY,ANIMALS & PRODUCTS,DAIRY,MILK,ALL CLASSES,ALL PRODUCTION PRACTICES,ALL UTILIZATION PRACTICES,PRODUCTION,LB / HEAD,"MILK - PRODUCTION, MEASURED IN LB / HEAD",TOTAL,NOT SPECIFIED,STATE,36,36,NY,NEW YORK,,,,,,,,00000000,,,9000,UNITED STATES,NEW YORK,2022,MONTHLY,05,05,MAY,,2024-02-02 15:00:00.000,"2,190",
SURVEY,ANIMALS & PRODUCTS,DAIRY,MILK,ALL CLASSES,ALL PRODUCTION PRACTICES,ALL UTILIZATION PRACTICES,PRODUCTION,LB / HEAD,"MILK - PRODUCTION, MEASURED IN LB / HEAD",TOTAL,NOT SPECIFIED,STATE,36,36,NY,NEW YORK,,,,,,,,00000000,,,9000,UNITED STATES,NEW YORK,2022,MONTHLY,06,06,JUN,,2024-02-02 15:00:00.000,"2,105",
SURVEY,ANIMALS & PRODUCTS,DAIRY,MILK,ALL CLASSES,ALL PRODUCTION PRACTICES,ALL UTILIZATION PRACTICES,PRODUCTION,LB / HEAD,"MILK - PRODUCTION, MEASURED IN LB / HEAD",TOTAL,NOT SPECIFIED,STATE,36,36,NY,NEW YORK,,,,,,,,00000000,,,9000,UNITED STATES,NEW YORK,2022,MONTHLY,07,07,JUL,,2024-02-02 15:00:00.000,"2,145",
SURVEY,ANIMALS & PRODUCTS,DAIRY,MILK,ALL CLASSES,ALL PRODUCTION PRACTICES,ALL UTILIZATION PRACTICES,PRODUCTION,LB / HEAD,"MILK - PRODUCTION, MEASURED IN LB / HEAD",TOTAL,NOT SPECIFIED,STATE,36,36,NY,NEW YORK,,,,,,,,00000000,,,9000,UNITED STATES,NEW YORK,2022,MONTHLY,08,08,AUG,,2024-02-02 15:00:00.000,"2,115",
SURVEY,ANIMALS & PRODUCTS,DAIRY,MILK,ALL CLASSES,ALL PRODUCTION PRACTICES,ALL UTILIZATION PRACTICES,PRODUCTION,LB / HEAD,"MILK - PRODUCTION, MEASURED IN LB / HEAD",TOTAL,NOT SPECIFIED,STATE,36,36,NY,NEW YORK,,,,,,,,00000000,,,9000,UNITED STATES,NEW YORK,2022,MONTHLY,09,09,SEP,,2024-02-02 15:00:00.000,"2,040",
SURVEY,ANIMALS & PRODUCTS,DAIRY,MILK,ALL CLASSES,ALL PRODUCTION PRACTICES,ALL UTILIZATION PRACTICES,PRODUCTION,LB / HEAD,"MILK - PRODUCTION, MEASURED IN LB / HEAD",TOTAL,NOT SPECIFIED,STATE,36,36,NY,NEW YORK,,,,,,,,00000000,,,9000,UNITED STATES,NEW YORK,2022,MONTHLY,10,10,OCT,,2024-02-02 15:00:00.000,"2,100",
SURVEY,ANIMALS & PRODUCTS,DAIRY,MILK,ALL CLASSES,ALL PRODUCTION PRACTICES,ALL UTILIZATION PRACTICES,PRODUCTION,LB / HEAD,"MILK - PRODUCTION, MEASURED IN LB / HEAD",TOTAL,NOT SPECIFIED,STATE,36,36,NY,NEW YORK,,,,,,,,00000000,,,9000,UNITED STATES,NEW YORK,2022,MONTHLY,11,11,NOV,,2024-02-02 15:00:00.000,"2,030",
SURVEY,ANIMALS & PRODUCTS,DAIRY,MILK,ALL CLASSES,ALL PRODUCTION PRACTICES,ALL UTILIZATION PRACTICES,PRODUCTION,LB / HEAD,"MILK - PRODUCTION, MEASURED IN LB / HEAD",TOTAL,NOT SPECIFIED,STATE,36,36,NY,NEW YORK,,,,,,,,00000000,,,9000,UNITED STATES,NEW YORK,2022,MONTHLY,12,12,DEC,,2024-02-02 15:00:00.000,"2,090",
SURVEY,ANIMALS & PRODUCTS,DAIRY,MILK,ALL CLASSES,ALL PRODUCTION PRACTICES,ALL UTILIZATION PRACTICES,PRODUCTION,LB / HEAD,"MILK - PRODUCTION, MEASURED IN LB / HEAD",TOTAL,NOT SPECIFIED,STATE,39,39,OH,OHIO,,,,,,,,00000000,,,9000,UNITED STATES,OHIO,2022,MONTHLY,01,01,JAN,,2024-02-02 15:00:00.000,"1,865",
SURVEY,ANIMALS & PRODUCTS,DAIRY,MILK,ALL CLASSES,ALL PRODUCTION PRACTICES,ALL UTILIZATION PRACTICES,PRODUCTION,LB / HEAD,"MILK - PRODUCTION, MEASURED IN LB / HEAD",TOTAL,NOT SPECIFIED,STATE,39,39,OH,OHIO,,,,,,,,00000000,,,9000,UNITED STATES,OHIO,2022,MONTHLY,02,02,FEB,,2024-02-02 15:00:00.000,"1,720",
SURVEY,ANIMALS & PRODUCTS,DAIRY,MILK,ALL CLASSES,ALL PRODUCTION PRACTICES,ALL UTILIZATION PRACTICES,PRODUCTION,LB / HEAD,"MILK - PRODUCTION, MEASURED IN LB / HEAD",TOTAL,NOT SPECIFIED,STATE,39,39,OH,OHIO,,,,,,,,00000000,,,9000,UNITED STATES,OHIO,2022,MONTHLY,03,03,MAR,,2024-02-02 15:00:00.000,"1,920",
SURVEY,ANIMALS & PRODUCTS,DAIRY,MILK,ALL CLASSES,ALL PRODUCTION PRACTICES,ALL UTILIZATION PRACTICES,PRODUCTION,LB / HEAD,"MILK - PRODUCTION, MEASURED IN LB / HEAD",TOTAL,NOT SPECIFIED,STATE,39,39,OH,OHIO,,,,,,,,00000000,,,9000,UNITED STATES,OHIO,2022,MONTHLY,04,04,APR,,2024-02-02 15:00:00.000,"1,860",
SURVEY,ANIMALS & PRODUCTS,DAIRY,MILK,ALL CLASSES,ALL PRODUCTION PRACTICES,ALL UTILIZATION PRACTICES,PRODUCTION,LB / HEAD,"MILK - PRODUCTION, MEASURED IN LB / HEAD",TOTAL,NOT SPECIFIED,STATE,39,39,OH,OHIO,,,,,,,,00000000,,,9000,UNITED STATES,OHIO,2022,MONTHLY,05,05,MAY,,2024-02-02 15:00:00.000,"1,930",
SURVEY,ANIMALS & PRODUCTS,DAIRY,MILK,ALL CLASSES,ALL PRODUCTION PRACTICES,ALL UTILIZATION PRACTICES,PRODUCTION,LB / HEAD,"MILK - PRODUCTION, MEASURED IN LB / HEAD",TOTAL,NOT SPECIFIED,STATE,39,39,OH,OHIO,,,,,,,,00000000,,,9000,UNITED STATES,OHIO,2022,MONTHLY,06,06,JUN,,2024-02-02 15:00:00.000,"1,840",
SURVEY,ANIMALS & PRODUCTS,DAIRY,MILK,ALL CLASSES,ALL PRODUCTION PRACTICES,ALL UTILIZATION PRACTICES,PRODUCTION,LB / HEAD,"MILK - PRODUCTION, MEASURED IN LB / HEAD",TOTAL,NOT SPECIFIED,STATE,39,39,OH,OHIO,,,,,,,,00000000,,,9000,UNITED STATES,OHIO,2022,MONTHLY,07,07,JUL,,2024-02-02 15:00:00.000,"1,875",
SURVEY,ANIMALS & PRODUCTS,DAIRY,MILK,ALL CLASSES,ALL PRODUCTION PRACTICES,ALL UTILIZATION PRACTICES,PRODUCTION,LB / HEAD,"MILK - PRODUCTION, MEASURED IN LB / HEAD",TOTAL,NOT SPECIFIED,STATE,39,39,OH,OHIO,,,,,,,,00000000,,,9000,UNITED STATES,OHIO,2022,MONTHLY,08,08,AUG,,2024-02-02 15:00:00.000,"1,860",
SURVEY,ANIMALS & PRODUCTS,DAIRY,MILK,ALL CLASSES,ALL PRODUCTION PRACTICES,ALL UTILIZATION PRACTICES,PRODUCTION,LB / HEAD,"MILK - PRODUCTION, MEASURED IN LB / HEAD",TOTAL,NOT SPECIFIED,STATE,39,39,OH,OHIO,,,,,,,,00000000,,,9000,UNITED STATES,OHIO,2022,MONTHLY,09,09,SEP,,2024-02-02 15:00:00.000,"1,770",
SURVEY,ANIMALS & PRODUCTS,DAIRY,MILK,ALL CLASSES,ALL PRODUCTION PRACTICES,ALL UTILIZATION PRACTICES,PRODUCTION,LB / HEAD,"MILK - PRODUCTION, MEASURED IN LB / HEAD",TOTAL,NOT SPECIFIED,STATE,39,39,OH,OHIO,,,,,,,,00000000,,,9000,UNITED STATES,OHIO,2022,MONTHLY,10,10,OCT,,2024-02-02 15:00:00.000,"1,830",
SURVEY,ANIMALS & PRODUCTS,DAIRY,MILK,ALL CLASSES,ALL PRODUCTION PRACTICES,ALL UTILIZATION PRACTICES,PRODUCTION,LB / HEAD,"MILK - PRODUCTION, MEASURED IN LB / HEAD",TOTAL,NOT SPECIFIED,STATE,39,39,OH,OHIO,,,,,,,,00000000,,,9000,UNITED STATES,OHIO,2022,MONTHLY,11,11,NOV,,2024-02-02 15:00:00.000,"1,790",
SURVEY,ANIMALS & PRODUCTS,DAIRY,MILK,ALL CLASSES,ALL PRODUCTION PRACTICES,ALL UTILIZATION PRACTICES,PRODUCTION,LB / HEAD,"MILK - PRODUCTION, MEASURED IN LB / HEAD",TOTAL,NOT SPECIFIED,STATE,39,39,OH,OHIO,,,,,,,,00000000,,,9000,UNITED STATES,OHIO,2022,MONTHLY,12,12,DEC,,2024-02-02 15:00:00.000,"1,865",
SURVEY,ANIMALS & PRODUCTS,DAIRY,MILK,ALL CLASSES,ALL PRODUCTION PRACTICES,ALL UTILIZATION PRACTICES,PRODUCTION,LB / HEAD,"MILK - PRODUCTION, MEASURED IN LB / HEAD",TOTAL,NOT SPECIFIED,STATE,41,41,OR,OREGON,,,,,,,,00000000,,,9000,UNITED STATES,OREGON,2022,MONTHLY,01,01,JAN,,2024-02-02 15:00:00.000,"1,750",
SURVEY,ANIMALS & PRODUCTS,DAIRY,MILK,ALL CLASSES,ALL PRODUCTION PRACTICES,ALL UTILIZATION PRACTICES,PRODUCTION,LB / HEAD,"MILK - PRODUCTION, MEASURED IN LB / HEAD",TOTAL,NOT SPECIFIED,STATE,41,41,OR,OREGON,,,,,,,,00000000,,,9000,UNITED STATES,OREGON,2022,MONTHLY,02,02,FEB,,2024-02-02 15:00:00.000,"1,620",
SURVEY,ANIMALS & PRODUCTS,DAIRY,MILK,ALL CLASSES,ALL PRODUCTION PRACTICES,ALL UTILIZATION PRACTICES,PRODUCTION,LB / HEAD,"MILK - PRODUCTION, MEASURED IN LB / HEAD",TOTAL,NOT SPECIFIED,STATE,41,41,OR,OREGON,,,,,,,,00000000,,,9000,UNITED STATES,OREGON,2022,MONTHLY,03,03,MAR,,2024-02-02 15:00:00.000,"1,810",
SURVEY,ANIMALS & PRODUCTS,DAIRY,MILK,ALL CLASSES,ALL PRODUCTION PRACTICES,ALL UTILIZATION PRACTICES,PRODUCTION,LB / HEAD,"MILK - PRODUCTION, MEASURED IN LB / HEAD",TOTAL,NOT SPECIFIED,STATE,41,41,OR,OREGON,,,,,,,,00000000,,,9000,UNITED STATES,OREGON,2022,MONTHLY,04,04,APR,,2024-02-02 15:00:00.000,"1,765",
SURVEY,ANIMALS & PRODUCTS,DAIRY,MILK,ALL CLASSES,ALL PRODUCTION PRACTICES,ALL UTILIZATION PRACTICES,PRODUCTION,LB / HEAD,"MILK - PRODUCTION, MEASURED IN LB / HEAD",TOTAL,NOT SPECIFIED,STATE,41,41,OR,OREGON,,,,,,,,00000000,,,9000,UNITED STATES,OREGON,2022,MONTHLY,05,05,MAY,,2024-02-02 15:00:00.000,"1,835",
SURVEY,ANIMALS & PRODUCTS,DAIRY,MILK,ALL CLASSES,ALL PRODUCTION PRACTICES,ALL UTILIZATION PRACTICES,PRODUCTION,LB / HEAD,"MILK - PRODUCTION, MEASURED IN LB / HEAD",TOTAL,NOT SPECIFIED,STATE,41,41,OR,OREGON,,,,,,,,00000000,,,9000,UNITED STATES,OREGON,2022,MONTHLY,06,06,JUN,,2024-02-02 15:00:00.000,"1,770",
SURVEY,ANIMALS & PRODUCTS,DAIRY,MILK,ALL CLASSES,ALL PRODUCTION PRACTICES,ALL UTILIZATION PRACTICES,PRODUCTION,LB / HEAD,"MILK - PRODUCTION, MEASURED IN LB / HEAD",TOTAL,NOT SPECIFIED,STATE,41,41,OR,OREGON,,,,,,,,00000000,,,9000,UNITED STATES,OREGON,2022,MONTHLY,07,07,JUL,,2024-02-02 15:00:00.000,"1,805",
SURVEY,ANIMALS & PRODUCTS,DAIRY,MILK,ALL CLASSES,ALL PRODUCTION PRACTICES,ALL UTILIZATION PRACTICES,PRODUCTION,LB / HEAD,"MILK - PRODUCTION, MEASURED IN LB / HEAD",TOTAL,NOT SPECIFIED,STATE,41,41,OR,OREGON,,,,,,,,00000000,,,9000,UNITED STATES,OREGON,2022,MONTHLY,08,08,AUG,,2024-02-02 15:00:00.000,"1,775",
SURVEY,ANIMALS & PRODUCTS,DAIRY,MILK,ALL CLASSES,ALL PRODUCTION PRACTICES,ALL UTILIZATION PRACTICES,PRODUCTION,LB / HEAD,"MILK - PRODUCTION, MEASURED IN LB / HEAD",TOTAL,NOT SPECIFIED,STATE,41,41,OR,OREGON,,,,,,,,00000000,,,9000,UNITED STATES,OREGON,2022,MONTHLY,09,09,SEP,,2024-02-02 15:00:00.000,"1,725",
SURVEY,ANIMALS & PRODUCTS,DAIRY,MILK,ALL CLASSES,ALL PRODUCTION PRACTICES,ALL UTILIZATION PRACTICES,PRODUCTION,LB / HEAD,"MILK - PRODUCTION, MEASURED IN LB / HEAD",TOTAL,NOT SPECIFIED,STATE,41,41,OR,OREGON,,,,,,,,00000000,,,9000,UNITED STATES,OREGON,2022,MONTHLY,10,10,OCT,,2024-02-02 15:00:00.000,"1,755",
SURVEY,ANIMALS & PRODUCTS,DAIRY,MILK,ALL CLASSES,ALL PRODUCTION PRACTICES,ALL UTILIZATION PRACTICES,PRODUCTION,LB / HEAD,"MILK - PRODUCTION, MEASURED IN LB / HEAD",TOTAL,NOT SPECIFIED,STATE,41,41,OR,OREGON,,,,,,,,00000000,,,9000,UNITED STATES,OREGON,2022,MONTHLY,11,11,NOV,,2024-02-02 15:00:00.000,"1,670",
SURVEY,ANIMALS & PRODUCTS,DAIRY,MILK,ALL CLASSES,ALL PRODUCTION PRACTICES,ALL UTILIZATION PRACTICES,PRODUCTION,LB / HEAD,"MILK - PRODUCTION, MEASURED IN LB / HEAD",TOTAL,NOT SPECIFIED,STATE,41,41,OR,OREGON,,,,,,,,00000000,,,9000,UNITED STATES,OREGON,2022,MONTHLY,12,12,DEC,,2024-02-02 15:00:00.000,"1,725",
SURVEY,ANIMALS & PRODUCTS,DAIRY,MILK,ALL CLASSES,ALL PRODUCTION PRACTICES,ALL UTILIZATION PRACTICES,PRODUCTION,LB / HEAD,"MILK - PRODUCTION, MEASURED IN LB / HEAD",TOTAL,NOT SPECIFIED,STATE,42,42,PA,PENNSYLVANIA,,,,,,,,00000000,,,9000,UNITED STATES,PENNSYLVANIA,2022,MONTHLY,01,01,JAN,,2024-02-02 15:00:00.000,"1,810",
SURVEY,ANIMALS & PRODUCTS,DAIRY,MILK,ALL CLASSES,ALL PRODUCTION PRACTICES,ALL UTILIZATION PRACTICES,PRODUCTION,LB / HEAD,"MILK - PRODUCTION, MEASURED IN LB / HEAD",TOTAL,NOT SPECIFIED,STATE,42,42,PA,PENNSYLVANIA,,,,,,,,00000000,,,9000,UNITED STATES,PENNSYLVANIA,2022,MONTHLY,02,02,FEB,,2024-02-02 15:00:00.000,"1,670",
SURVEY,ANIMALS & PRODUCTS,DAIRY,MILK,ALL CLASSES,ALL PRODUCTION PRACTICES,ALL UTILIZATION PRACTICES,PRODUCTION,LB / HEAD,"MILK - PRODUCTION, MEASURED IN LB / HEAD",TOTAL,NOT SPECIFIED,STATE,42,42,PA,PENNSYLVANIA,,,,,,,,00000000,,,9000,UNITED STATES,PENNSYLVANIA,2022,MONTHLY,03,03,MAR,,2024-02-02 15:00:00.000,"1,870",
SURVEY,ANIMALS & PRODUCTS,DAIRY,MILK,ALL CLASSES,ALL PRODUCTION PRACTICES,ALL UTILIZATION PRACTICES,PRODUCTION,LB / HEAD,"MILK - PRODUCTION, MEASURED IN LB / HEAD",TOTAL,NOT SPECIFIED,STATE,42,42,PA,PENNSYLVANIA,,,,,,,,00000000,,,9000,UNITED STATES,PENNSYLVANIA,2022,MONTHLY,04,04,APR,,2024-02-02 15:00:00.000,"1,830",
SURVEY,ANIMALS & PRODUCTS,DAIRY,MILK,ALL CLASSES,ALL PRODUCTION PRACTICES,ALL UTILIZATION PRACTICES,PRODUCTION,LB / HEAD,"MILK - PRODUCTION, MEASURED IN LB / HEAD",TOTAL,NOT SPECIFIED,STATE,42,42,PA,PENNSYLVANIA,,,,,,,,00000000,,,9000,UNITED STATES,PENNSYLVANIA,2022,MONTHLY,05,05,MAY,,2024-02-02 15:00:00.000,"1,890",
SURVEY,ANIMALS & PRODUCTS,DAIRY,MILK,ALL CLASSES,ALL PRODUCTION PRACTICES,ALL UTILIZATION PRACTICES,PRODUCTION,LB / HEAD,"MILK - PRODUCTION, MEASURED IN LB / HEAD",TOTAL,NOT SPECIFIED,STATE,42,42,PA,PENNSYLVANIA,,,,,,,,00000000,,,9000,UNITED STATES,PENNSYLVANIA,2022,MONTHLY,06,06,JUN,,2024-02-02 15:00:00.000,"1,785",
SURVEY,ANIMALS & PRODUCTS,DAIRY,MILK,ALL CLASSES,ALL PRODUCTION PRACTICES,ALL UTILIZATION PRACTICES,PRODUCTION,LB / HEAD,"MILK - PRODUCTION, MEASURED IN LB / HEAD",TOTAL,NOT SPECIFIED,STATE,42,42,PA,PENNSYLVANIA,,,,,,,,00000000,,,9000,UNITED STATES,PENNSYLVANIA,2022,MONTHLY,07,07,JUL,,2024-02-02 15:00:00.000,"1,790",
SURVEY,ANIMALS & PRODUCTS,DAIRY,MILK,ALL CLASSES,ALL PRODUCTION PRACTICES,ALL UTILIZATION PRACTICES,PRODUCTION,LB / HEAD,"MILK - PRODUCTION, MEASURED IN LB / HEAD",TOTAL,NOT SPECIFIED,STATE,42,42,PA,PENNSYLVANIA,,,,,,,,00000000,,,9000,UNITED STATES,PENNSYLVANIA,2022,MONTHLY,08,08,AUG,,2024-02-02 15:00:00.000,"1,755",
SURVEY,ANIMALS & PRODUCTS,DAIRY,MILK,ALL CLASSES,ALL PRODUCTION PRACTICES,ALL UTILIZATION PRACTICES,PRODUCTION,LB / HEAD,"MILK - PRODUCTION, MEASURED IN LB / HEAD",TOTAL,NOT SPECIFIED,STATE,42,42,PA,PENNSYLVANIA,,,,,,,,00000000,,,9000,UNITED STATES,PENNSYLVANIA,2022,MONTHLY,09,09,SEP,,2024-02-02 15:00:00.000,"1,680",
SURVEY,ANIMALS & PRODUCTS,DAIRY,MILK,ALL CLASSES,ALL PRODUCTION PRACTICES,ALL UTILIZATION PRACTICES,PRODUCTION,LB / HEAD,"MILK - PRODUCTION, MEASURED IN LB / HEAD",TOTAL,NOT SPECIFIED,STATE,42,42,PA,PENNSYLVANIA,,,,,,,,00000000,,,9000,UNITED STATES,PENNSYLVANIA,2022,MONTHLY,10,10,OCT,,2024-02-02 15:00:00.000,"1,730",
SURVEY,ANIMALS & PRODUCTS,DAIRY,MILK,ALL CLASSES,ALL PRODUCTION PRACTICES,ALL UTILIZATION PRACTICES,PRODUCTION,LB / HEAD,"MILK - PRODUCTION, MEASURED IN LB / HEAD",TOTAL,NOT SPECIFIED,STATE,42,42,PA,PENNSYLVANIA,,,,,,,,00000000,,,9000,UNITED STATES,PENNSYLVANIA,2022,MONTHLY,11,11,NOV,,2024-02-02 15:00:00.000,"1,700",
SURVEY,ANIMALS & PRODUCTS,DAIRY,MILK,ALL CLASSES,ALL PRODUCTION PRACTICES,ALL UTILIZATION PRACTICES,PRODUCTION,LB / HEAD,"MILK - PRODUCTION, MEASURED IN LB / HEAD",TOTAL,NOT SPECIFIED,STATE,42,42,PA,PENNSYLVANIA,,,,,,,,00000000,,,9000,UNITED STATES,PENNSYLVANIA,2022,MONTHLY,12,12,DEC,,2024-02-02 15:00:00.000,"1,780",
SURVEY,ANIMALS & PRODUCTS,DAIRY,MILK,ALL CLASSES,ALL PRODUCTION PRACTICES,ALL UTILIZATION PRACTICES,PRODUCTION,LB / HEAD,"MILK - PRODUCTION, MEASURED IN LB / HEAD",TOTAL,NOT SPECIFIED,STATE,46,46,SD,SOUTH DAKOTA,,,,,,,,00000000,,,9000,UNITED STATES,SOUTH DAKOTA,2022,MONTHLY,01,01,JAN,,2024-02-02 15:00:00.000,"1,940",
SURVEY,ANIMALS & PRODUCTS,DAIRY,MILK,ALL CLASSES,ALL PRODUCTION PRACTICES,ALL UTILIZATION PRACTICES,PRODUCTION,LB / HEAD,"MILK - PRODUCTION, MEASURED IN LB / HEAD",TOTAL,NOT SPECIFIED,STATE,46,46,SD,SOUTH DAKOTA,,,,,,,,00000000,,,9000,UNITED STATES,SOUTH DAKOTA,2022,MONTHLY,02,02,FEB,,2024-02-02 15:00:00.000,"1,750",
SURVEY,ANIMALS & PRODUCTS,DAIRY,MILK,ALL CLASSES,ALL PRODUCTION PRACTICES,ALL UTILIZATION PRACTICES,PRODUCTION,LB / HEAD,"MILK - PRODUCTION, MEASURED IN LB / HEAD",TOTAL,NOT SPECIFIED,STATE,46,46,SD,SOUTH DAKOTA,,,,,,,,00000000,,,9000,UNITED STATES,SOUTH DAKOTA,2022,MONTHLY,03,03,MAR,,2024-02-02 15:00:00.000,"1,945",
SURVEY,ANIMALS & PRODUCTS,DAIRY,MILK,ALL CLASSES,ALL PRODUCTION PRACTICES,ALL UTILIZATION PRACTICES,PRODUCTION,LB / HEAD,"MILK - PRODUCTION, MEASURED IN LB / HEAD",TOTAL,NOT SPECIFIED,STATE,46,46,SD,SOUTH DAKOTA,,,,,,,,00000000,,,9000,UNITED STATES,SOUTH DAKOTA,2022,MONTHLY,04,04,APR,,2024-02-02 15:00:00.000,"1,900",
SURVEY,ANIMALS & PRODUCTS,DAIRY,MILK,ALL CLASSES,ALL PRODUCTION PRACTICES,ALL UTILIZATION PRACTICES,PRODUCTION,LB / HEAD,"MILK - PRODUCTION, MEASURED IN LB / HEAD",TOTAL,NOT SPECIFIED,STATE,46,46,SD,SOUTH DAKOTA,,,,,,,,00000000,,,9000,UNITED STATES,SOUTH DAKOTA,2022,MONTHLY,05,05,MAY,,2024-02-02 15:00:00.000,"1,985",
SURVEY,ANIMALS & PRODUCTS,DAIRY,MILK,ALL CLASSES,ALL PRODUCTION PRACTICES,ALL UTILIZATION PRACTICES,PRODUCTION,LB / HEAD,"MILK - PRODUCTION, MEASURED IN LB / HEAD",TOTAL,NOT SPECIFIED,STATE,46,46,SD,SOUTH DAKOTA,,,,,,,,00000000,,,9000,UNITED STATES,SOUTH DAKOTA,2022,MONTHLY,06,06,JUN,,2024-02-02 15:00:00.000,"1,930",
SURVEY,ANIMALS & PRODUCTS,DAIRY,MILK,ALL CLASSES,ALL PRODUCTION PRACTICES,ALL UTILIZATION PRACTICES,PRODUCTION,LB / HEAD,"MILK - PRODUCTION, MEASURED IN LB / HEAD",TOTAL,NOT SPECIFIED,STATE,46,46,SD,SOUTH DAKOTA,,,,,,,,00000000,,,9000,UNITED STATES,SOUTH DAKOTA,2022,MONTHLY,07,07,JUL,,2024-02-02 15:00:00.000,"1,985",
SURVEY,ANIMALS & PRODUCTS,DAIRY,MILK,ALL CLASSES,ALL PRODUCTION PRACTICES,ALL UTILIZATION PRACTICES,PRODUCTION,LB / HEAD,"MILK - PRODUCTION, MEASURED IN LB / HEAD",TOTAL,NOT SPECIFIED,STATE,46,46,SD,SOUTH DAKOTA,,,,,,,,00000000,,,9000,UNITED STATES,SOUTH DAKOTA,2022,MONTHLY,08,08,AUG,,2024-02-02 15:00:00.000,"1,990",
SURVEY,ANIMALS & PRODUCTS,DAIRY,MILK,ALL CLASSES,ALL PRODUCTION PRACTICES,ALL UTILIZATION PRACTICES,PRODUCTION,LB / HEAD,"MILK - PRODUCTION, MEASURED IN LB / HEAD",TOTAL,NOT SPECIFIED,STATE,46,46,SD,SOUTH DAKOTA,,,,,,,,00000000,,,9000,UNITED STATES,SOUTH DAKOTA,2022,MONTHLY,09,09,SEP,,2024-02-02 15:00:00.000,"1,920",
SURVEY,ANIMALS & PRODUCTS,DAIRY,MILK,ALL CLASSES,ALL PRODUCTION PRACTICES,ALL UTILIZATION PRACTICES,PRODUCTION,LB / HEAD,"MILK - PRODUCTION, MEASURED IN LB / HEAD",TOTAL,NOT SPECIFIED,STATE,46,46,SD,SOUTH DAKOTA,,,,,,,,00000000,,,9000,UNITED STATES,SOUTH DAKOTA,2022,MONTHLY,10,10,OCT,,2024-02-02 15:00:00.000,"1,955",
SURVEY,ANIMALS & PRODUCTS,DAIRY,MILK,ALL CLASSES,ALL PRODUCTION PRACTICES,ALL UTILIZATION PRACTICES,PRODUCTION,LB / HEAD,"MILK - PRODUCTION, MEASURED IN LB / HEAD",TOTAL,NOT SPECIFIED,STATE,46,46,SD,SOUTH DAKOTA,,,,,,,,00000000,,,9000,UNITED STATES,SOUTH DAKOTA,2022,MONTHLY,11,11,NOV,,2024-02-02 15:00:00.000,"1,860",
SURVEY,ANIMALS & PRODUCTS,DAIRY,MILK,ALL CLASSES,ALL PRODUCTION PRACTICES,ALL UTILIZATION PRACTICES,PRODUCTION,LB / HEAD,"MILK - PRODUCTION, MEASURED IN LB / HEAD",TOTAL,NOT SPECIFIED,STATE,46,46,SD,SOUTH DAKOTA,,,,,,,,00000000,,,9000,UNITED STATES,SOUTH DAKOTA,2022,MONTHLY,12,12,DEC,,2024-02-02 15:00:00.000,"1,910",
SURVEY,ANIMALS & PRODUCTS,DAIRY,MILK,ALL CLASSES,ALL PRODUCTION PRACTICES,ALL UTILIZATION PRACTICES,PRODUCTION,LB / HEAD,"MILK - PRODUCTION, MEASURED IN LB / HEAD",TOTAL,NOT SPECIFIED,STATE,48,48,TX,TEXAS,,,,,,,,00000000,,,9000,UNITED STATES,TEXAS,2022,MONTHLY,01,01,JAN,,2024-02-02 15:00:00.000,"2,195",
SURVEY,ANIMALS & PRODUCTS,DAIRY,MILK,ALL CLASSES,ALL PRODUCTION PRACTICES,ALL UTILIZATION PRACTICES,PRODUCTION,LB / HEAD,"MILK - PRODUCTION, MEASURED IN LB / HEAD",TOTAL,NOT SPECIFIED,STATE,48,48,TX,TEXAS,,,,,,,,00000000,,,9000,UNITED STATES,TEXAS,2022,MONTHLY,02,02,FEB,,2024-02-02 15:00:00.000,"1,985",
SURVEY,ANIMALS & PRODUCTS,DAIRY,MILK,ALL CLASSES,ALL PRODUCTION PRACTICES,ALL UTILIZATION PRACTICES,PRODUCTION,LB / HEAD,"MILK - PRODUCTION, MEASURED IN LB / HEAD",TOTAL,NOT SPECIFIED,STATE,48,48,TX,TEXAS,,,,,,,,00000000,,,9000,UNITED STATES,TEXAS,2022,MONTHLY,03,03,MAR,,2024-02-02 15:00:00.000,"2,245",
SURVEY,ANIMALS & PRODUCTS,DAIRY,MILK,ALL CLASSES,ALL PRODUCTION PRACTICES,ALL UTILIZATION PRACTICES,PRODUCTION,LB / HEAD,"MILK - PRODUCTION, MEASURED IN LB / HEAD",TOTAL,NOT SPECIFIED,STATE,48,48,TX,TEXAS,,,,,,,,00000000,,,9000,UNITED STATES,TEXAS,2022,MONTHLY,04,04,APR,,2024-02-02 15:00:00.000,"2,180",
SURVEY,ANIMALS & PRODUCTS,DAIRY,MILK,ALL CLASSES,ALL PRODUCTION PRACTICES,ALL UTILIZATION PRACTICES,PRODUCTION,LB / HEAD,"MILK - PRODUCTION, MEASURED IN LB / HEAD",TOTAL,NOT SPECIFIED,STATE,48,48,TX,TEXAS,,,,,,,,00000000,,,9000,UNITED STATES,TEXAS,2022,MONTHLY,05,05,MAY,,2024-02-02 15:00:00.000,"2,225",
SURVEY,ANIMALS & PRODUCTS,DAIRY,MILK,ALL CLASSES,ALL PRODUCTION PRACTICES,ALL UTILIZATION PRACTICES,PRODUCTION,LB / HEAD,"MILK - PRODUCTION, MEASURED IN LB / HEAD",TOTAL,NOT SPECIFIED,STATE,48,48,TX,TEXAS,,,,,,,,00000000,,,9000,UNITED STATES,TEXAS,2022,MONTHLY,06,06,JUN,,2024-02-02 15:00:00.000,"2,115",
SURVEY,ANIMALS & PRODUCTS,DAIRY,MILK,ALL CLASSES,ALL PRODUCTION PRACTICES,ALL UTILIZATION PRACTICES,PRODUCTION,LB / HEAD,"MILK - PRODUCTION, MEASURED IN LB / HEAD",TOTAL,NOT SPECIFIED,STATE,48,48,TX,TEXAS,,,,,,,,00000000,,,9000,UNITED STATES,TEXAS,2022,MONTHLY,07,07,JUL,,2024-02-02 15:00:00.000,"2,125",
SURVEY,ANIMALS & PRODUCTS,DAIRY,MILK,ALL CLASSES,ALL PRODUCTION PRACTICES,ALL UTILIZATION PRACTICES,PRODUCTION,LB / HEAD,"MILK - PRODUCTION, MEASURED IN LB / HEAD",TOTAL,NOT SPECIFIED,STATE,48,48,TX,TEXAS,,,,,,,,00000000,,,9000,UNITED STATES,TEXAS,2022,MONTHLY,08,08,AUG,,2024-02-02 15:00:00.000,"2,115",
SURVEY,ANIMALS & PRODUCTS,DAIRY,MILK,ALL CLASSES,ALL PRODUCTION PRACTICES,ALL UTILIZATION PRACTICES,PRODUCTION,LB / HEAD,"MILK - PRODUCTION, MEASURED IN LB / HEAD",TOTAL,NOT SPECIFIED,STATE,48,48,TX,TEXAS,,,,,,,,00000000,,,9000,UNITED STATES,TEXAS,2022,MONTHLY,09,09,SEP,,2024-02-02 15:00:00.000,"2,050",
SURVEY,ANIMALS & PRODUCTS,DAIRY,MILK,ALL CLASSES,ALL PRODUCTION PRACTICES,ALL UTILIZATION PRACTICES,PRODUCTION,LB / HEAD,"MILK - PRODUCTION, MEASURED IN LB / HEAD",TOTAL,NOT SPECIFIED,STATE,48,48,TX,TEXAS,,,,,,,,00000000,,,9000,UNITED STATES,TEXAS,2022,MONTHLY,10,10,OCT,,2024-02-02 15:00:00.000,"2,160",
SURVEY,ANIMALS & PRODUCTS,DAIRY,MILK,ALL CLASSES,ALL PRODUCTION PRACTICES,ALL UTILIZATION PRACTICES,PRODUCTION,LB / HEAD,"MILK - PRODUCTION, MEASURED IN LB / HEAD",TOTAL,NOT SPECIFIED,STATE,48,48,TX,TEXAS,,,,,,,,00000000,,,9000,UNITED STATES,TEXAS,2022,MONTHLY,11,11,NOV,,2024-02-02 15:00:00.000,"2,065",
SURVEY,ANIMALS & PRODUCTS,DAIRY,MILK,ALL CLASSES,ALL PRODUCTION PRACTICES,ALL UTILIZATION PRACTICES,PRODUCTION,LB / HEAD,"MILK - PRODUCTION, MEASURED IN LB / HEAD",TOTAL,NOT SPECIFIED,STATE,48,48,TX,TEXAS,,,,,,,,00000000,,,9000,UNITED STATES,TEXAS,2022,MONTHLY,12,12,DEC,,2024-02-02 15:00:00.000,"2,135",
SURVEY,ANIMALS & PRODUCTS,DAIRY,MILK,ALL CLASSES,ALL PRODUCTION PRACTICES,ALL UTILIZATION PRACTICES,PRODUCTION,LB / HEAD,"MILK - PRODUCTION, MEASURED IN LB / HEAD",TOTAL,NOT SPECIFIED,STATE,49,49,UT,UTAH,,,,,,,,00000000,,,9000,UNITED STATES,UTAH,2022,MONTHLY,01,01,JAN,,2024-02-02 15:00:00.000,"1,935",
SURVEY,ANIMALS & PRODUCTS,DAIRY,MILK,ALL CLASSES,ALL PRODUCTION PRACTICES,ALL UTILIZATION PRACTICES,PRODUCTION,LB / HEAD,"MILK - PRODUCTION, MEASURED IN LB / HEAD",TOTAL,NOT SPECIFIED,STATE,49,49,UT,UTAH,,,,,,,,00000000,,,9000,UNITED STATES,UTAH,2022,MONTHLY,02,02,FEB,,2024-02-02 15:00:00.000,"1,770",
SURVEY,ANIMALS & PRODUCTS,DAIRY,MILK,ALL CLASSES,ALL PRODUCTION PRACTICES,ALL UTILIZATION PRACTICES,PRODUCTION,LB / HEAD,"MILK - PRODUCTION, MEASURED IN LB / HEAD",TOTAL,NOT SPECIFIED,STATE,49,49,UT,UTAH,,,,,,,,00000000,,,9000,UNITED STATES,UTAH,2022,MONTHLY,03,03,MAR,,2024-02-02 15:00:00.000,"1,965",
SURVEY,ANIMALS & PRODUCTS,DAIRY,MILK,ALL CLASSES,ALL PRODUCTION PRACTICES,ALL UTILIZATION PRACTICES,PRODUCTION,LB / HEAD,"MILK - PRODUCTION, MEASURED IN LB / HEAD",TOTAL,NOT SPECIFIED,STATE,49,49,UT,UTAH,,,,,,,,00000000,,,9000,UNITED STATES,UTAH,2022,MONTHLY,04,04,APR,,2024-02-02 15:00:00.000,"1,945",
SURVEY,ANIMALS & PRODUCTS,DAIRY,MILK,ALL CLASSES,ALL PRODUCTION PRACTICES,ALL UTILIZATION PRACTICES,PRODUCTION,LB / HEAD,"MILK - PRODUCTION, MEASURED IN LB / HEAD",TOTAL,NOT SPECIFIED,STATE,49,49,UT,UTAH,,,,,,,,00000000,,,9000,UNITED STATES,UTAH,2022,MONTHLY,05,05,MAY,,2024-02-02 15:00:00.000,"2,030",
SURVEY,ANIMALS & PRODUCTS,DAIRY,MILK,ALL CLASSES,ALL PRODUCTION PRACTICES,ALL UTILIZATION PRACTICES,PRODUCTION,LB / HEAD,"MILK - PRODUCTION, MEASURED IN LB / HEAD",TOTAL,NOT SPECIFIED,STATE,49,49,UT,UTAH,,,,,,,,00000000,,,9000,UNITED STATES,UTAH,2022,MONTHLY,06,06,JUN,,2024-02-02 15:00:00.000,"1,970",
SURVEY,ANIMALS & PRODUCTS,DAIRY,MILK,ALL CLASSES,ALL PRODUCTION PRACTICES,ALL UTILIZATION PRACTICES,PRODUCTION,LB / HEAD,"MILK - PRODUCTION, MEASURED IN LB / HEAD",TOTAL,NOT SPECIFIED,STATE,49,49,UT,UTAH,,,,,,,,00000000,,,9000,UNITED STATES,UTAH,2022,MONTHLY,07,07,JUL,,2024-02-02 15:00:00.000,"2,000",
SURVEY,ANIMALS & PRODUCTS,DAIRY,MILK,ALL CLASSES,ALL PRODUCTION PRACTICES,ALL UTILIZATION PRACTICES,PRODUCTION,LB / HEAD,"MILK - PRODUCTION, MEASURED IN LB / HEAD",TOTAL,NOT SPECIFIED,STATE,49,49,UT,UTAH,,,,,,,,00000000,,,9000,UNITED STATES,UTAH,2022,MONTHLY,08,08,AUG,,2024-02-02 15:00:00.000,"1,995",
SURVEY,ANIMALS & PRODUCTS,DAIRY,MILK,ALL CLASSES,ALL PRODUCTION PRACTICES,ALL UTILIZATION PRACTICES,PRODUCTION,LB / HEAD,"MILK - PRODUCTION, MEASURED IN LB / HEAD",TOTAL,NOT SPECIFIED,STATE,49,49,UT,UTAH,,,,,,,,00000000,,,9000,UNITED STATES,UTAH,2022,MONTHLY,09,09,SEP,,2024-02-02 15:00:00.000,"1,905",
SURVEY,ANIMALS & PRODUCTS,DAIRY,MILK,ALL CLASSES,ALL PRODUCTION PRACTICES,ALL UTILIZATION PRACTICES,PRODUCTION,LB / HEAD,"MILK - PRODUCTION, MEASURED IN LB / HEAD",TOTAL,NOT SPECIFIED,STATE,49,49,UT,UTAH,,,,,,,,00000000,,,9000,UNITED STATES,UTAH,2022,MONTHLY,10,10,OCT,,2024-02-02 15:00:00.000,"1,930",
SURVEY,ANIMALS & PRODUCTS,DAIRY,MILK,ALL CLASSES,ALL PRODUCTION PRACTICES,ALL UTILIZATION PRACTICES,PRODUCTION,LB / HEAD,"MILK - PRODUCTION, MEASURED IN LB / HEAD",TOTAL,NOT SPECIFIED,STATE,49,49,UT,UTAH,,,,,,,,00000000,,,9000,UNITED STATES,UTAH,2022,MONTHLY,11,11,NOV,,2024-02-02 15:00:00.000,"1,850",
SURVEY,ANIMALS & PRODUCTS,DAIRY,MILK,ALL CLASSES,ALL PRODUCTION PRACTICES,ALL UTILIZATION PRACTICES,PRODUCTION,LB / HEAD,"MILK - PRODUCTION, MEASURED IN LB / HEAD",TOTAL,NOT SPECIFIED,STATE,49,49,UT,UTAH,,,,,,,,00000000,,,9000,UNITED STATES,UTAH,2022,MONTHLY,12,12,DEC,,2024-02-02 15:00:00.000,"1,925",
SURVEY,ANIMALS & PRODUCTS,DAIRY,MILK,ALL CLASSES,ALL PRODUCTION PRACTICES,ALL UTILIZATION PRACTICES,PRODUCTION,LB / HEAD,"MILK - PRODUCTION, MEASURED IN LB / HEAD",TOTAL,NOT SPECIFIED,STATE,50,50,VT,VERMONT,,,,,,,,00000000,,,9000,UNITED STATES,VERMONT,2022,MONTHLY,01,01,JAN,,2024-02-02 15:00:00.000,"1,815",
SURVEY,ANIMALS & PRODUCTS,DAIRY,MILK,ALL CLASSES,ALL PRODUCTION PRACTICES,ALL UTILIZATION PRACTICES,PRODUCTION,LB / HEAD,"MILK - PRODUCTION, MEASURED IN LB / HEAD",TOTAL,NOT SPECIFIED,STATE,50,50,VT,VERMONT,,,,,,,,00000000,,,9000,UNITED STATES,VERMONT,2022,MONTHLY,02,02,FEB,,2024-02-02 15:00:00.000,"1,660",
SURVEY,ANIMALS & PRODUCTS,DAIRY,MILK,ALL CLASSES,ALL PRODUCTION PRACTICES,ALL UTILIZATION PRACTICES,PRODUCTION,LB / HEAD,"MILK - PRODUCTION, MEASURED IN LB / HEAD",TOTAL,NOT SPECIFIED,STATE,50,50,VT,VERMONT,,,,,,,,00000000,,,9000,UNITED STATES,VERMONT,2022,MONTHLY,03,03,MAR,,2024-02-02 15:00:00.000,"1,870",
SURVEY,ANIMALS & PRODUCTS,DAIRY,MILK,ALL CLASSES,ALL PRODUCTION PRACTICES,ALL UTILIZATION PRACTICES,PRODUCTION,LB / HEAD,"MILK - PRODUCTION, MEASURED IN LB / HEAD",TOTAL,NOT SPECIFIED,STATE,50,50,VT,VERMONT,,,,,,,,00000000,,,9000,UNITED STATES,VERMONT,2022,MONTHLY,04,04,APR,,2024-02-02 15:00:00.000,"1,820",
SURVEY,ANIMALS & PRODUCTS,DAIRY,MILK,ALL CLASSES,ALL PRODUCTION PRACTICES,ALL UTILIZATION PRACTICES,PRODUCTION,LB / HEAD,"MILK - PRODUCTION, MEASURED IN LB / HEAD",TOTAL,NOT SPECIFIED,STATE,50,50,VT,VERMONT,,,,,,,,00000000,,,9000,UNITED STATES,VERMONT,2022,MONTHLY,05,05,MAY,,2024-02-02 15:00:00.000,"1,880",
SURVEY,ANIMALS & PRODUCTS,DAIRY,MILK,ALL CLASSES,ALL PRODUCTION PRACTICES,ALL UTILIZATION PRACTICES,PRODUCTION,LB / HEAD,"MILK - PRODUCTION, MEASURED IN LB / HEAD",TOTAL,NOT SPECIFIED,STATE,50,50,VT,VERMONT,,,,,,,,00000000,,,9000,UNITED STATES,VERMONT,2022,MONTHLY,06,06,JUN,,2024-02-02 15:00:00.000,"1,810",
SURVEY,ANIMALS & PRODUCTS,DAIRY,MILK,ALL CLASSES,ALL PRODUCTION PRACTICES,ALL UTILIZATION PRACTICES,PRODUCTION,LB / HEAD,"MILK - PRODUCTION, MEASURED IN LB / HEAD",TOTAL,NOT SPECIFIED,STATE,50,50,VT,VERMONT,,,,,,,,00000000,,,9000,UNITED STATES,VERMONT,2022,MONTHLY,07,07,JUL,,2024-02-02 15:00:00.000,"1,845",
SURVEY,ANIMALS & PRODUCTS,DAIRY,MILK,ALL CLASSES,ALL PRODUCTION PRACTICES,ALL UTILIZATION PRACTICES,PRODUCTION,LB / HEAD,"MILK - PRODUCTION, MEASURED IN LB / HEAD",TOTAL,NOT SPECIFIED,STATE,50,50,VT,VERMONT,,,,,,,,00000000,,,9000,UNITED STATES,VERMONT,2022,MONTHLY,08,08,AUG,,2024-02-02 15:00:00.000,"1,830",
SURVEY,ANIMALS & PRODUCTS,DAIRY,MILK,ALL CLASSES,ALL PRODUCTION PRACTICES,ALL UTILIZATION PRACTICES,PRODUCTION,LB / HEAD,"MILK - PRODUCTION, MEASURED IN LB / HEAD",TOTAL,NOT SPECIFIED,STATE,50,50,VT,VERMONT,,,,,,,,00000000,,,9000,UNITED STATES,VERMONT,2022,MONTHLY,09,09,SEP,,2024-02-02 15:00:00.000,"1,770",
SURVEY,ANIMALS & PRODUCTS,DAIRY,MILK,ALL CLASSES,ALL PRODUCTION PRACTICES,ALL UTILIZATION PRACTICES,PRODUCTION,LB / HEAD,"MILK - PRODUCTION, MEASURED IN LB / HEAD",TOTAL,NOT SPECIFIED,STATE,50,50,VT,VERMONT,,,,,,,,00000000,,,9000,UNITED STATES,VERMONT,2022,MONTHLY,10,10,OCT,,2024-02-02 15:00:00.000,"1,810",
SURVEY,ANIMALS & PRODUCTS,DAIRY,MILK,ALL CLASSES,ALL PRODUCTION PRACTICES,ALL UTILIZATION PRACTICES,PRODUCTION,LB / HEAD,"MILK - PRODUCTION, MEASURED IN LB / HEAD",TOTAL,NOT SPECIFIED,STATE,50,50,VT,VERMONT,,,,,,,,00000000,,,9000,UNITED STATES,VERMONT,2022,MONTHLY,11,11,NOV,,2024-02-02 15:00:00.000,"1,755",
SURVEY,ANIMALS & PRODUCTS,DAIRY,MILK,ALL CLASSES,ALL PRODUCTION PRACTICES,ALL UTILIZATION PRACTICES,PRODUCTION,LB / HEAD,"MILK - PRODUCTION, MEASURED IN LB / HEAD",TOTAL,NOT SPECIFIED,STATE,50,50,VT,VERMONT,,,,,,,,00000000,,,9000,UNITED STATES,VERMONT,2022,MONTHLY,12,12,DEC,,2024-02-02 15:00:00.000,"1,815",
SURVEY,ANIMALS & PRODUCTS,DAIRY,MILK,ALL CLASSES,ALL PRODUCTION PRACTICES,ALL UTILIZATION PRACTICES,PRODUCTION,LB / HEAD,"MILK - PRODUCTION, MEASURED IN LB / HEAD",TOTAL,NOT SPECIFIED,STATE,51,51,VA,VIRGINIA,,,,,,,,00000000,,,9000,UNITED STATES,VIRGINIA,2022,MONTHLY,01,01,JAN,,2024-02-02 15:00:00.000,"1,760",
SURVEY,ANIMALS & PRODUCTS,DAIRY,MILK,ALL CLASSES,ALL PRODUCTION PRACTICES,ALL UTILIZATION PRACTICES,PRODUCTION,LB / HEAD,"MILK - PRODUCTION, MEASURED IN LB / HEAD",TOTAL,NOT SPECIFIED,STATE,51,51,VA,VIRGINIA,,,,,,,,00000000,,,9000,UNITED STATES,VIRGINIA,2022,MONTHLY,02,02,FEB,,2024-02-02 15:00:00.000,"1,615",
SURVEY,ANIMALS & PRODUCTS,DAIRY,MILK,ALL CLASSES,ALL PRODUCTION PRACTICES,ALL UTILIZATION PRACTICES,PRODUCTION,LB / HEAD,"MILK - PRODUCTION, MEASURED IN LB / HEAD",TOTAL,NOT SPECIFIED,STATE,51,51,VA,VIRGINIA,,,,,,,,00000000,,,9000,UNITED STATES,VIRGINIA,2022,MONTHLY,03,03,MAR,,2024-02-02 15:00:00.000,"1,830",
SURVEY,ANIMALS & PRODUCTS,DAIRY,MILK,ALL CLASSES,ALL PRODUCTION PRACTICES,ALL UTILIZATION PRACTICES,PRODUCTION,LB / HEAD,"MILK - PRODUCTION, MEASURED IN LB / HEAD",TOTAL,NOT SPECIFIED,STATE,51,51,VA,VIRGINIA,,,,,,,,00000000,,,9000,UNITED STATES,VIRGINIA,2022,MONTHLY,04,04,APR,,2024-02-02 15:00:00.000,"1,800",
SURVEY,ANIMALS & PRODUCTS,DAIRY,MILK,ALL CLASSES,ALL PRODUCTION PRACTICES,ALL UTILIZATION PRACTICES,PRODUCTION,LB / HEAD,"MILK - PRODUCTION, MEASURED IN LB / HEAD",TOTAL,NOT SPECIFIED,STATE,51,51,VA,VIRGINIA,,,,,,,,00000000,,,9000,UNITED STATES,VIRGINIA,2022,MONTHLY,05,05,MAY,,2024-02-02 15:00:00.000,"1,820",
SURVEY,ANIMALS & PRODUCTS,DAIRY,MILK,ALL CLASSES,ALL PRODUCTION PRACTICES,ALL UTILIZATION PRACTICES,PRODUCTION,LB / HEAD,"MILK - PRODUCTION, MEASURED IN LB / HEAD",TOTAL,NOT SPECIFIED,STATE,51,51,VA,VIRGINIA,,,,,,,,00000000,,,9000,UNITED STATES,VIRGINIA,2022,MONTHLY,06,06,JUN,,2024-02-02 15:00:00.000,"1,660",
SURVEY,ANIMALS & PRODUCTS,DAIRY,MILK,ALL CLASSES,ALL PRODUCTION PRACTICES,ALL UTILIZATION PRACTICES,PRODUCTION,LB / HEAD,"MILK - PRODUCTION, MEASURED IN LB / HEAD",TOTAL,NOT SPECIFIED,STATE,51,51,VA,VIRGINIA,,,,,,,,00000000,,,9000,UNITED STATES,VIRGINIA,2022,MONTHLY,07,07,JUL,,2024-02-02 15:00:00.000,"1,690",
SURVEY,ANIMALS & PRODUCTS,DAIRY,MILK,ALL CLASSES,ALL PRODUCTION PRACTICES,ALL UTILIZATION PRACTICES,PRODUCTION,LB / HEAD,"MILK - PRODUCTION, MEASURED IN LB / HEAD",TOTAL,NOT SPECIFIED,STATE,51,51,VA,VIRGINIA,,,,,,,,00000000,,,9000,UNITED STATES,VIRGINIA,2022,MONTHLY,08,08,AUG,,2024-02-02 15:00:00.000,"1,675",
SURVEY,ANIMALS & PRODUCTS,DAIRY,MILK,ALL CLASSES,ALL PRODUCTION PRACTICES,ALL UTILIZATION PRACTICES,PRODUCTION,LB / HEAD,"MILK - PRODUCTION, MEASURED IN LB / HEAD",TOTAL,NOT SPECIFIED,STATE,51,51,VA,VIRGINIA,,,,,,,,00000000,,,9000,UNITED STATES,VIRGINIA,2022,MONTHLY,09,09,SEP,,2024-02-02 15:00:00.000,"1,615",
SURVEY,ANIMALS & PRODUCTS,DAIRY,MILK,ALL CLASSES,ALL PRODUCTION PRACTICES,ALL UTILIZATION PRACTICES,PRODUCTION,LB / HEAD,"MILK - PRODUCTION, MEASURED IN LB / HEAD",TOTAL,NOT SPECIFIED,STATE,51,51,VA,VIRGINIA,,,,,,,,00000000,,,9000,UNITED STATES,VIRGINIA,2022,MONTHLY,10,10,OCT,,2024-02-02 15:00:00.000,"1,670",
SURVEY,ANIMALS & PRODUCTS,DAIRY,MILK,ALL CLASSES,ALL PRODUCTION PRACTICES,ALL UTILIZATION PRACTICES,PRODUCTION,LB / HEAD,"MILK - PRODUCTION, MEASURED IN LB / HEAD",TOTAL,NOT SPECIFIED,STATE,51,51,VA,VIRGINIA,,,,,,,,00000000,,,9000,UNITED STATES,VIRGINIA,2022,MONTHLY,11,11,NOV,,2024-02-02 15:00:00.000,"1,635",
SURVEY,ANIMALS & PRODUCTS,DAIRY,MILK,ALL CLASSES,ALL PRODUCTION PRACTICES,ALL UTILIZATION PRACTICES,PRODUCTION,LB / HEAD,"MILK - PRODUCTION, MEASURED IN LB / HEAD",TOTAL,NOT SPECIFIED,STATE,51,51,VA,VIRGINIA,,,,,,,,00000000,,,9000,UNITED STATES,VIRGINIA,2022,MONTHLY,12,12,DEC,,2024-02-02 15:00:00.000,"1,710",
SURVEY,ANIMALS & PRODUCTS,DAIRY,MILK,ALL CLASSES,ALL PRODUCTION PRACTICES,ALL UTILIZATION PRACTICES,PRODUCTION,LB / HEAD,"MILK - PRODUCTION, MEASURED IN LB / HEAD",TOTAL,NOT SPECIFIED,STATE,53,53,WA,WASHINGTON,,,,,,,,00000000,,,9000,UNITED STATES,WASHINGTON,2022,MONTHLY,01,01,JAN,,2024-02-02 15:00:00.000,"2,020",
SURVEY,ANIMALS & PRODUCTS,DAIRY,MILK,ALL CLASSES,ALL PRODUCTION PRACTICES,ALL UTILIZATION PRACTICES,PRODUCTION,LB / HEAD,"MILK - PRODUCTION, MEASURED IN LB / HEAD",TOTAL,NOT SPECIFIED,STATE,53,53,WA,WASHINGTON,,,,,,,,00000000,,,9000,UNITED STATES,WASHINGTON,2022,MONTHLY,02,02,FEB,,2024-02-02 15:00:00.000,"1,865",
SURVEY,ANIMALS & PRODUCTS,DAIRY,MILK,ALL CLASSES,ALL PRODUCTION PRACTICES,ALL UTILIZATION PRACTICES,PRODUCTION,LB / HEAD,"MILK - PRODUCTION, MEASURED IN LB / HEAD",TOTAL,NOT SPECIFIED,STATE,53,53,WA,WASHINGTON,,,,,,,,00000000,,,9000,UNITED STATES,WASHINGTON,2022,MONTHLY,03,03,MAR,,2024-02-02 15:00:00.000,"2,080",
SURVEY,ANIMALS & PRODUCTS,DAIRY,MILK,ALL CLASSES,ALL PRODUCTION PRACTICES,ALL UTILIZATION PRACTICES,PRODUCTION,LB / HEAD,"MILK - PRODUCTION, MEASURED IN LB / HEAD",TOTAL,NOT SPECIFIED,STATE,53,53,WA,WASHINGTON,,,,,,,,00000000,,,9000,UNITED STATES,WASHINGTON,2022,MONTHLY,04,04,APR,,2024-02-02 15:00:00.000,"2,000",
SURVEY,ANIMALS & PRODUCTS,DAIRY,MILK,ALL CLASSES,ALL PRODUCTION PRACTICES,ALL UTILIZATION PRACTICES,PRODUCTION,LB / HEAD,"MILK - PRODUCTION, MEASURED IN LB / HEAD",TOTAL,NOT SPECIFIED,STATE,53,53,WA,WASHINGTON,,,,,,,,00000000,,,9000,UNITED STATES,WASHINGTON,2022,MONTHLY,05,05,MAY,,2024-02-02 15:00:00.000,"2,075",
SURVEY,ANIMALS & PRODUCTS,DAIRY,MILK,ALL CLASSES,ALL PRODUCTION PRACTICES,ALL UTILIZATION PRACTICES,PRODUCTION,LB / HEAD,"MILK - PRODUCTION, MEASURED IN LB / HEAD",TOTAL,NOT SPECIFIED,STATE,53,53,WA,WASHINGTON,,,,,,,,00000000,,,9000,UNITED STATES,WASHINGTON,2022,MONTHLY,06,06,JUN,,2024-02-02 15:00:00.000,"2,020",
SURVEY,ANIMALS & PRODUCTS,DAIRY,MILK,ALL CLASSES,ALL PRODUCTION PRACTICES,ALL UTILIZATION PRACTICES,PRODUCTION,LB / HEAD,"MILK - PRODUCTION, MEASURED IN LB / HEAD",TOTAL,NOT SPECIFIED,STATE,53,53,WA,WASHINGTON,,,,,,,,00000000,,,9000,UNITED STATES,WASHINGTON,2022,MONTHLY,07,07,JUL,,2024-02-02 15:00:00.000,"2,070",
SURVEY,ANIMALS & PRODUCTS,DAIRY,MILK,ALL CLASSES,ALL PRODUCTION PRACTICES,ALL UTILIZATION PRACTICES,PRODUCTION,LB / HEAD,"MILK - PRODUCTION, MEASURED IN LB / HEAD",TOTAL,NOT SPECIFIED,STATE,53,53,WA,WASHINGTON,,,,,,,,00000000,,,9000,UNITED STATES,WASHINGTON,2022,MONTHLY,08,08,AUG,,2024-02-02 15:00:00.000,"2,035",
SURVEY,ANIMALS & PRODUCTS,DAIRY,MILK,ALL CLASSES,ALL PRODUCTION PRACTICES,ALL UTILIZATION PRACTICES,PRODUCTION,LB / HEAD,"MILK - PRODUCTION, MEASURED IN LB / HEAD",TOTAL,NOT SPECIFIED,STATE,53,53,WA,WASHINGTON,,,,,,,,00000000,,,9000,UNITED STATES,WASHINGTON,2022,MONTHLY,09,09,SEP,,2024-02-02 15:00:00.000,"2,010",
SURVEY,ANIMALS & PRODUCTS,DAIRY,MILK,ALL CLASSES,ALL PRODUCTION PRACTICES,ALL UTILIZATION PRACTICES,PRODUCTION,LB / HEAD,"MILK - PRODUCTION, MEASURED IN LB / HEAD",TOTAL,NOT SPECIFIED,STATE,53,53,WA,WASHINGTON,,,,,,,,00000000,,,9000,UNITED STATES,WASHINGTON,2022,MONTHLY,10,10,OCT,,2024-02-02 15:00:00.000,"2,025",
SURVEY,ANIMALS & PRODUCTS,DAIRY,MILK,ALL CLASSES,ALL PRODUCTION PRACTICES,ALL UTILIZATION PRACTICES,PRODUCTION,LB / HEAD,"MILK - PRODUCTION, MEASURED IN LB / HEAD",TOTAL,NOT SPECIFIED,STATE,53,53,WA,WASHINGTON,,,,,,,,00000000,,,9000,UNITED STATES,WASHINGTON,2022,MONTHLY,11,11,NOV,,2024-02-02 15:00:00.000,"1,915",
SURVEY,ANIMALS & PRODUCTS,DAIRY,MILK,ALL CLASSES,ALL PRODUCTION PRACTICES,ALL UTILIZATION PRACTICES,PRODUCTION,LB / HEAD,"MILK - PRODUCTION, MEASURED IN LB / HEAD",TOTAL,NOT SPECIFIED,STATE,53,53,WA,WASHINGTON,,,,,,,,00000000,,,9000,UNITED STATES,WASHINGTON,2022,MONTHLY,12,12,DEC,,2024-02-02 15:00:00.000,"1,970",
SURVEY,ANIMALS & PRODUCTS,DAIRY,MILK,ALL CLASSES,ALL PRODUCTION PRACTICES,ALL UTILIZATION PRACTICES,PRODUCTION,LB / HEAD,"MILK - PRODUCTION, MEASURED IN LB / HEAD",TOTAL,NOT SPECIFIED,STATE,55,55,WI,WISCONSIN,,,,,,,,00000000,,,9000,UNITED STATES,WISCONSIN,2022,MONTHLY,01,01,JAN,,2024-02-02 15:00:00.000,"2,095",
SURVEY,ANIMALS & PRODUCTS,DAIRY,MILK,ALL CLASSES,ALL PRODUCTION PRACTICES,ALL UTILIZATION PRACTICES,PRODUCTION,LB / HEAD,"MILK - PRODUCTION, MEASURED IN LB / HEAD",TOTAL,NOT SPECIFIED,STATE,55,55,WI,WISCONSIN,,,,,,,,00000000,,,9000,UNITED STATES,WISCONSIN,2022,MONTHLY,02,02,FEB,,2024-02-02 15:00:00.000,"1,915",
SURVEY,ANIMALS & PRODUCTS,DAIRY,MILK,ALL CLASSES,ALL PRODUCTION PRACTICES,ALL UTILIZATION PRACTICES,PRODUCTION,LB / HEAD,"MILK - PRODUCTION, MEASURED IN LB / HEAD",TOTAL,NOT SPECIFIED,STATE,55,55,WI,WISCONSIN,,,,,,,,00000000,,,9000,UNITED STATES,WISCONSIN,2022,MONTHLY,03,03,MAR,,2024-02-02 15:00:00.000,"2,140",
SURVEY,ANIMALS & PRODUCTS,DAIRY,MILK,ALL CLASSES,ALL PRODUCTION PRACTICES,ALL UTILIZATION PRACTICES,PRODUCTION,LB / HEAD,"MILK - PRODUCTION, MEASURED IN LB / HEAD",TOTAL,NOT SPECIFIED,STATE,55,55,WI,WISCONSIN,,,,,,,,00000000,,,9000,UNITED STATES,WISCONSIN,2022,MONTHLY,04,04,APR,,2024-02-02 15:00:00.000,"2,075",
SURVEY,ANIMALS & PRODUCTS,DAIRY,MILK,ALL CLASSES,ALL PRODUCTION PRACTICES,ALL UTILIZATION PRACTICES,PRODUCTION,LB / HEAD,"MILK - PRODUCTION, MEASURED IN LB / HEAD",TOTAL,NOT SPECIFIED,STATE,55,55,WI,WISCONSIN,,,,,,,,00000000,,,9000,UNITED STATES,WISCONSIN,2022,MONTHLY,05,05,MAY,,2024-02-02 15:00:00.000,"2,160",
SURVEY,ANIMALS & PRODUCTS,DAIRY,MILK,ALL CLASSES,ALL PRODUCTION PRACTICES,ALL UTILIZATION PRACTICES,PRODUCTION,LB / HEAD,"MILK - PRODUCTION, MEASURED IN LB / HEAD",TOTAL,NOT SPECIFIED,STATE,55,55,WI,WISCONSIN,,,,,,,,00000000,,,9000,UNITED STATES,WISCONSIN,2022,MONTHLY,06,06,JUN,,2024-02-02 15:00:00.000,"2,100",
SURVEY,ANIMALS & PRODUCTS,DAIRY,MILK,ALL CLASSES,ALL PRODUCTION PRACTICES,ALL UTILIZATION PRACTICES,PRODUCTION,LB / HEAD,"MILK - PRODUCTION, MEASURED IN LB / HEAD",TOTAL,NOT SPECIFIED,STATE,55,55,WI,WISCONSIN,,,,,,,,00000000,,,9000,UNITED STATES,WISCONSIN,2022,MONTHLY,07,07,JUL,,2024-02-02 15:00:00.000,"2,150",
SURVEY,ANIMALS & PRODUCTS,DAIRY,MILK,ALL CLASSES,ALL PRODUCTION PRACTICES,ALL UTILIZATION PRACTICES,PRODUCTION,LB / HEAD,"MILK - PRODUCTION, MEASURED IN LB / HEAD",TOTAL,NOT SPECIFIED,STATE,55,55,WI,WISCONSIN,,,,,,,,00000000,,,9000,UNITED STATES,WISCONSIN,2022,MONTHLY,08,08,AUG,,2024-02-02 15:00:00.000,"2,145",
SURVEY,ANIMALS & PRODUCTS,DAIRY,MILK,ALL CLASSES,ALL PRODUCTION PRACTICES,ALL UTILIZATION PRACTICES,PRODUCTION,LB / HEAD,"MILK - PRODUCTION, MEASURED IN LB / HEAD",TOTAL,NOT SPECIFIED,STATE,55,55,WI,WISCONSIN,,,,,,,,00000000,,,9000,UNITED STATES,WISCONSIN,2022,MONTHLY,09,09,SEP,,2024-02-02 15:00:00.000,"2,060",
SURVEY,ANIMALS & PRODUCTS,DAIRY,MILK,ALL CLASSES,ALL PRODUCTION PRACTICES,ALL UTILIZATION PRACTICES,PRODUCTION,LB / HEAD,"MILK - PRODUCTION, MEASURED IN LB / HEAD",TOTAL,NOT SPECIFIED,STATE,55,55,WI,WISCONSIN,,,,,,,,00000000,,,9000,UNITED STATES,WISCONSIN,2022,MONTHLY,10,10,OCT,,2024-02-02 15:00:00.000,"2,100",
SURVEY,ANIMALS & PRODUCTS,DAIRY,MILK,ALL CLASSES,ALL PRODUCTION PRACTICES,ALL UTILIZATION PRACTICES,PRODUCTION,LB / HEAD,"MILK - PRODUCTION, MEASURED IN LB / HEAD",TOTAL,NOT SPECIFIED,STATE,55,55,WI,WISCONSIN,,,,,,,,00000000,,,9000,UNITED STATES,WISCONSIN,2022,MONTHLY,11,11,NOV,,2024-02-02 15:00:00.000,"2,030",
SURVEY,ANIMALS & PRODUCTS,DAIRY,MILK,ALL CLASSES,ALL PRODUCTION PRACTICES,ALL UTILIZATION PRACTICES,PRODUCTION,LB / HEAD,"MILK - PRODUCTION, MEASURED IN LB / HEAD",TOTAL,NOT SPECIFIED,STATE,55,55,WI,WISCONSIN,,,,,,,,00000000,,,9000,UNITED STATES,WISCONSIN,2022,MONTHLY,12,12,DEC,,2024-02-02 15:00:00.000,"2,095",
SURVEY,ANIMALS & PRODUCTS,DAIRY,MILK,"DRY, NONFAT, HUMAN",ALL PRODUCTION PRACTICES,ALL UTILIZATION PRACTICES,PRODUCTION,LB,"MILK, DRY, NONFAT, HUMAN - PRODUCTION, MEASURED IN LB",TOTAL,NOT SPECIFIED,STATE,,98,OT,OTHER STATES,,,,,,,,00000000,,,9000,UNITED STATES,OTHER STATES,2022,MONTHLY,01,01,JAN,,2024-04-26 15:00:00.000,"75,608,000",
SURVEY,ANIMALS & PRODUCTS,DAIRY,MILK,"DRY, NONFAT, HUMAN",ALL PRODUCTION PRACTICES,ALL UTILIZATION PRACTICES,PRODUCTION,LB,"MILK, DRY, NONFAT, HUMAN - PRODUCTION, MEASURED IN LB",TOTAL,NOT SPECIFIED,STATE,,98,OT,OTHER STATES,,,,,,,,00000000,,,9000,UNITED STATES,OTHER STATES,2022,MONTHLY,02,02,FEB,,2024-04-26 15:00:00.000,"72,879,000",
SURVEY,ANIMALS & PRODUCTS,DAIRY,MILK,"DRY, NONFAT, HUMAN",ALL PRODUCTION PRACTICES,ALL UTILIZATION PRACTICES,PRODUCTION,LB,"MILK, DRY, NONFAT, HUMAN - PRODUCTION, MEASURED IN LB",TOTAL,NOT SPECIFIED,STATE,,98,OT,OTHER STATES,,,,,,,,00000000,,,9000,UNITED STATES,OTHER STATES,2022,MONTHLY,03,03,MAR,,2024-04-26 15:00:00.000,"83,626,000",
SURVEY,ANIMALS & PRODUCTS,DAIRY,MILK,"DRY, NONFAT, HUMAN",ALL PRODUCTION PRACTICES,ALL UTILIZATION PRACTICES,PRODUCTION,LB,"MILK, DRY, NONFAT, HUMAN - PRODUCTION, MEASURED IN LB",TOTAL,NOT SPECIFIED,STATE,,98,OT,OTHER STATES,,,,,,,,00000000,,,9000,UNITED STATES,OTHER STATES,2022,MONTHLY,04,04,APR,,2024-04-26 15:00:00.000,"88,551,000",
SURVEY,ANIMALS & PRODUCTS,DAIRY,MILK,"DRY, NONFAT, HUMAN",ALL PRODUCTION PRACTICES,ALL UTILIZATION PRACTICES,PRODUCTION,LB,"MILK, DRY, NONFAT, HUMAN - PRODUCTION, MEASURED IN LB",TOTAL,NOT SPECIFIED,STATE,,98,OT,OTHER STATES,,,,,,,,00000000,,,9000,UNITED STATES,OTHER STATES,2022,MONTHLY,05,05,MAY,,2024-04-26 15:00:00.000,"90,671,000",
SURVEY,ANIMALS & PRODUCTS,DAIRY,MILK,"DRY, NONFAT, HUMAN",ALL PRODUCTION PRACTICES,ALL UTILIZATION PRACTICES,PRODUCTION,LB,"MILK, DRY, NONFAT, HUMAN - PRODUCTION, MEASURED IN LB",TOTAL,NOT SPECIFIED,STATE,,98,OT,OTHER STATES,,,,,,,,00000000,,,9000,UNITED STATES,OTHER STATES,2022,MONTHLY,06,06,JUN,,2024-04-26 15:00:00.000,"85,824,000",
SURVEY,ANIMALS & PRODUCTS,DAIRY,MILK,"DRY, NONFAT, HUMAN",ALL PRODUCTION PRACTICES,ALL UTILIZATION PRACTICES,PRODUCTION,LB,"MILK, DRY, NONFAT, HUMAN - PRODUCTION, MEASURED IN LB",TOTAL,NOT SPECIFIED,STATE,,98,OT,OTHER STATES,,,,,,,,00000000,,,9000,UNITED STATES,OTHER STATES,2022,MONTHLY,07,07,JUL,,2024-04-26 15:00:00.000,"81,037,000",
SURVEY,ANIMALS & PRODUCTS,DAIRY,MILK,"DRY, NONFAT, HUMAN",ALL PRODUCTION PRACTICES,ALL UTILIZATION PRACTICES,PRODUCTION,LB,"MILK, DRY, NONFAT, HUMAN - PRODUCTION, MEASURED IN LB",TOTAL,NOT SPECIFIED,STATE,,98,OT,OTHER STATES,,,,,,,,00000000,,,9000,UNITED STATES,OTHER STATES,2022,MONTHLY,08,08,AUG,,2024-04-26 15:00:00.000,"70,963,000",
SURVEY,ANIMALS & PRODUCTS,DAIRY,MILK,"DRY, NONFAT, HUMAN",ALL PRODUCTION PRACTICES,ALL UTILIZATION PRACTICES,PRODUCTION,LB,"MILK, DRY, NONFAT, HUMAN - PRODUCTION, MEASURED IN LB",TOTAL,NOT SPECIFIED,STATE,,98,OT,OTHER STATES,,,,,,,,00000000,,,9000,UNITED STATES,OTHER STATES,2022,MONTHLY,09,09,SEP,,2024-04-26 15:00:00.000,"71,001,000",
SURVEY,ANIMALS & PRODUCTS,DAIRY,MILK,"DRY, NONFAT, HUMAN",ALL PRODUCTION PRACTICES,ALL UTILIZATION PRACTICES,PRODUCTION,LB,"MILK, DRY, NONFAT, HUMAN - PRODUCTION, MEASURED IN LB",TOTAL,NOT SPECIFIED,STATE,,98,OT,OTHER STATES,,,,,,,,00000000,,,9000,UNITED STATES,OTHER STATES,2022,MONTHLY,10,10,OCT,,2024-04-26 15:00:00.000,"64,222,000",
SURVEY,ANIMALS & PRODUCTS,DAIRY,MILK,"DRY, NONFAT, HUMAN",ALL PRODUCTION PRACTICES,ALL UTILIZATION PRACTICES,PRODUCTION,LB,"MILK, DRY, NONFAT, HUMAN - PRODUCTION, MEASURED IN LB",TOTAL,NOT SPECIFIED,STATE,,98,OT,OTHER STATES,,,,,,,,00000000,,,9000,UNITED STATES,OTHER STATES,2022,MONTHLY,11,11,NOV,,2024-04-26 15:00:00.000,"73,541,000",
SURVEY,ANIMALS & PRODUCTS,DAIRY,MILK,"DRY, NONFAT, HUMAN",ALL PRODUCTION PRACTICES,ALL UTILIZATION PRACTICES,PRODUCTION,LB,"MILK, DRY, NONFAT, HUMAN - PRODUCTION, MEASURED IN LB",TOTAL,NOT SPECIFIED,STATE,,98,OT,OTHER STATES,,,,,,,,00000000,,,9000,UNITED STATES,OTHER STATES,2022,MONTHLY,12,12,DEC,,2024-04-26 15:00:00.000,"75,963,000",
SURVEY,ANIMALS & PRODUCTS,DAIRY,MILK,"DRY, NONFAT, HUMAN",ALL PRODUCTION PRACTICES,ALL UTILIZATION PRACTICES,PRODUCTION,LB,"MILK, DRY, NONFAT, HUMAN - PRODUCTION, MEASURED IN LB",TOTAL,NOT SPECIFIED,STATE,06,06,CA,CALIFORNIA,,,,,,,,00000000,,,9000,UNITED STATES,CALIFORNIA,2022,MONTHLY,01,01,JAN,,2024-04-26 15:00:00.000,"79,452,000",
SURVEY,ANIMALS & PRODUCTS,DAIRY,MILK,"DRY, NONFAT, HUMAN",ALL PRODUCTION PRACTICES,ALL UTILIZATION PRACTICES,PRODUCTION,LB,"MILK, DRY, NONFAT, HUMAN - PRODUCTION, MEASURED IN LB",TOTAL,NOT SPECIFIED,STATE,06,06,CA,CALIFORNIA,,,,,,,,00000000,,,9000,UNITED STATES,CALIFORNIA,2022,MONTHLY,02,02,FEB,,2024-04-26 15:00:00.000,"82,107,000",
SURVEY,ANIMALS & PRODUCTS,DAIRY,MILK,"DRY, NONFAT, HUMAN",ALL PRODUCTION PRACTICES,ALL UTILIZATION PRACTICES,PRODUCTION,LB,"MILK, DRY, NONFAT, HUMAN - PRODUCTION, MEASURED IN LB",TOTAL,NOT SPECIFIED,STATE,06,06,CA,CALIFORNIA,,,,,,,,00000000,,,9000,UNITED STATES,CALIFORNIA,2022,MONTHLY,03,03,MAR,,2024-04-26 15:00:00.000,"92,289,000",
SURVEY,ANIMALS & PRODUCTS,DAIRY,MILK,"DRY, NONFAT, HUMAN",ALL PRODUCTION PRACTICES,ALL UTILIZATION PRACTICES,PRODUCTION,LB,"MILK, DRY, NONFAT, HUMAN - PRODUCTION, MEASURED IN LB",TOTAL,NOT SPECIFIED,STATE,06,06,CA,CALIFORNIA,,,,,,,,00000000,,,9000,UNITED STATES,CALIFORNIA,2022,MONTHLY,04,04,APR,,2024-04-26 15:00:00.000,"91,368,000",
SURVEY,ANIMALS & PRODUCTS,DAIRY,MILK,"DRY, NONFAT, HUMAN",ALL PRODUCTION PRACTICES,ALL UTILIZATION PRACTICES,PRODUCTION,LB,"MILK, DRY, NONFAT, HUMAN - PRODUCTION, MEASURED IN LB",TOTAL,NOT SPECIFIED,STATE,06,06,CA,CALIFORNIA,,,,,,,,00000000,,,9000,UNITED STATES,CALIFORNIA,2022,MONTHLY,05,05,MAY,,2024-04-26 15:00:00.000,"85,300,000",
SURVEY,ANIMALS & PRODUCTS,DAIRY,MILK,"DRY, NONFAT, HUMAN",ALL PRODUCTION PRACTICES,ALL UTILIZATION PRACTICES,PRODUCTION,LB,"MILK, DRY, NONFAT, HUMAN - PRODUCTION, MEASURED IN LB",TOTAL,NOT SPECIFIED,STATE,06,06,CA,CALIFORNIA,,,,,,,,00000000,,,9000,UNITED STATES,CALIFORNIA,2022,MONTHLY,06,06,JUN,,2024-04-26 15:00:00.000,"67,847,000",
SURVEY,ANIMALS & PRODUCTS,DAIRY,MILK,"DRY, NONFAT, HUMAN",ALL PRODUCTION PRACTICES,ALL UTILIZATION PRACTICES,PRODUCTION,LB,"MILK, DRY, NONFAT, HUMAN - PRODUCTION, MEASURED IN LB",TOTAL,NOT SPECIFIED,STATE,06,06,CA,CALIFORNIA,,,,,,,,00000000,,,9000,UNITED STATES,CALIFORNIA,2022,MONTHLY,07,07,JUL,,2024-04-26 15:00:00.000,"69,991,000",
SURVEY,ANIMALS & PRODUCTS,DAIRY,MILK,"DRY, NONFAT, HUMAN",ALL PRODUCTION PRACTICES,ALL UTILIZATION PRACTICES,PRODUCTION,LB,"MILK, DRY, NONFAT, HUMAN - PRODUCTION, MEASURED IN LB",TOTAL,NOT SPECIFIED,STATE,06,06,CA,CALIFORNIA,,,,,,,,00000000,,,9000,UNITED STATES,CALIFORNIA,2022,MONTHLY,08,08,AUG,,2024-04-26 15:00:00.000,"50,105,000",
SURVEY,ANIMALS & PRODUCTS,DAIRY,MILK,"DRY, NONFAT, HUMAN",ALL PRODUCTION PRACTICES,ALL UTILIZATION PRACTICES,PRODUCTION,LB,"MILK, DRY, NONFAT, HUMAN - PRODUCTION, MEASURED IN LB",TOTAL,NOT SPECIFIED,STATE,06,06,CA,CALIFORNIA,,,,,,,,00000000,,,9000,UNITED STATES,CALIFORNIA,2022,MONTHLY,09,09,SEP,,2024-04-26 15:00:00.000,"39,355,000",
SURVEY,ANIMALS & PRODUCTS,DAIRY,MILK,"DRY, NONFAT, HUMAN",ALL PRODUCTION PRACTICES,ALL UTILIZATION PRACTICES,PRODUCTION,LB,"MILK, DRY, NONFAT, HUMAN - PRODUCTION, MEASURED IN LB",TOTAL,NOT SPECIFIED,STATE,06,06,CA,CALIFORNIA,,,,,,,,00000000,,,9000,UNITED STATES,CALIFORNIA,2022,MONTHLY,10,10,OCT,,2024-04-26 15:00:00.000,"48,010,000",
SURVEY,ANIMALS & PRODUCTS,DAIRY,MILK,"DRY, NONFAT, HUMAN",ALL PRODUCTION PRACTICES,ALL UTILIZATION PRACTICES,PRODUCTION,LB,"MILK, DRY, NONFAT, HUMAN - PRODUCTION, MEASURED IN LB",TOTAL,NOT SPECIFIED,STATE,06,06,CA,CALIFORNIA,,,,,,,,00000000,,,9000,UNITED STATES,CALIFORNIA,2022,MONTHLY,11,11,NOV,,2024-04-26 15:00:00.000,"68,518,000",
SURVEY,ANIMALS & PRODUCTS,DAIRY,MILK,"DRY, NONFAT, HUMAN",ALL PRODUCTION PRACTICES,ALL UTILIZATION PRACTICES,PRODUCTION,LB,"MILK, DRY, NONFAT, HUMAN - PRODUCTION, MEASURED IN LB",TOTAL,NOT SPECIFIED,STATE,06,06,CA,CALIFORNIA,,,,,,,,00000000,,,9000,UNITED STATES,CALIFORNIA,2022,MONTHLY,12,12,DEC,,2024-04-26 15:00:00.000,"72,904,000",
SURVEY,ANIMALS & PRODUCTS,DAIRY,MILK,"DRY, NONFAT, HUMAN",ALL PRODUCTION PRACTICES,ALL UTILIZATION PRACTICES,PRODUCTION,LB,"MILK, DRY, NONFAT, HUMAN - PRODUCTION, MEASURED IN LB",TOTAL,NOT SPECIFIED,STATE,42,42,PA,PENNSYLVANIA,,,,,,,,00000000,,,9000,UNITED STATES,PENNSYLVANIA,2022,MONTHLY,01,01,JAN,,2024-04-26 15:00:00.000,"15,377,000",
SURVEY,ANIMALS & PRODUCTS,DAIRY,MILK,"DRY, NONFAT, HUMAN",ALL PRODUCTION PRACTICES,ALL UTILIZATION PRACTICES,PRODUCTION,LB,"MILK, DRY, NONFAT, HUMAN - PRODUCTION, MEASURED IN LB",TOTAL,NOT SPECIFIED,STATE,42,42,PA,PENNSYLVANIA,,,,,,,,00000000,,,9000,UNITED STATES,PENNSYLVANIA,2022,MONTHLY,02,02,FEB,,2024-04-26 15:00:00.000,"14,011,000",
SURVEY,ANIMALS & PRODUCTS,DAIRY,MILK,"DRY, NONFAT, HUMAN",ALL PRODUCTION PRACTICES,ALL UTILIZATION PRACTICES,PRODUCTION,LB,"MILK, DRY, NONFAT, HUMAN - PRODUCTION, MEASURED IN LB",TOTAL,NOT SPECIFIED,STATE,42,42,PA,PENNSYLVANIA,,,,,,,,00000000,,,9000,UNITED STATES,PENNSYLVANIA,2022,MONTHLY,03,03,MAR,,2024-04-26 15:00:00.000,"15,900,000",
SURVEY,ANIMALS & PRODUCTS,DAIRY,MILK,"DRY, NONFAT, HUMAN",ALL PRODUCTION PRACTICES,ALL UTILIZATION PRACTICES,PRODUCTION,LB,"MILK, DRY, NONFAT, HUMAN - PRODUCTION, MEASURED IN LB",TOTAL,NOT SPECIFIED,STATE,42,42,PA,PENNSYLVANIA,,,,,,,,00000000,,,9000,UNITED STATES,PENNSYLVANIA,2022,MONTHLY,04,04,APR,,2024-04-26 15:00:00.000,"15,902,000",
SURVEY,ANIMALS & PRODUCTS,DAIRY,MILK,"DRY, NONFAT, HUMAN",ALL PRODUCTION PRACTICES,ALL UTILIZATION PRACTICES,PRODUCTION,LB,"MILK, DRY, NONFAT, HUMAN - PRODUCTION, MEASURED IN LB",TOTAL,NOT SPECIFIED,STATE,42,42,PA,PENNSYLVANIA,,,,,,,,00000000,,,9000,UNITED STATES,PENNSYLVANIA,2022,MONTHLY,05,05,MAY,,2024-04-26 15:00:00.000,"16,706,000",
SURVEY,ANIMALS & PRODUCTS,DAIRY,MILK,"DRY, NONFAT, HUMAN",ALL PRODUCTION PRACTICES,ALL UTILIZATION PRACTICES,PRODUCTION,LB,"MILK, DRY, NONFAT, HUMAN - PRODUCTION, MEASURED IN LB",TOTAL,NOT SPECIFIED,STATE,42,42,PA,PENNSYLVANIA,,,,,,,,00000000,,,9000,UNITED STATES,PENNSYLVANIA,2022,MONTHLY,06,06,JUN,,2024-04-26 15:00:00.000,"15,300,000",
SURVEY,ANIMALS & PRODUCTS,DAIRY,MILK,"DRY, NONFAT, HUMAN",ALL PRODUCTION PRACTICES,ALL UTILIZATION PRACTICES,PRODUCTION,LB,"MILK, DRY, NONFAT, HUMAN - PRODUCTION, MEASURED IN LB",TOTAL,NOT SPECIFIED,STATE,42,42,PA,PENNSYLVANIA,,,,,,,,00000000,,,9000,UNITED STATES,PENNSYLVANIA,2022,MONTHLY,07,07,JUL,,2024-04-26 15:00:00.000,"14,698,000",
SURVEY,ANIMALS & PRODUCTS,DAIRY,MILK,"DRY, NONFAT, HUMAN",ALL PRODUCTION PRACTICES,ALL UTILIZATION PRACTICES,PRODUCTION,LB,"MILK, DRY, NONFAT, HUMAN - PRODUCTION, MEASURED IN LB",TOTAL,NOT SPECIFIED,STATE,42,42,PA,PENNSYLVANIA,,,,,,,,00000000,,,9000,UNITED STATES,PENNSYLVANIA,2022,MONTHLY,08,08,AUG,,2024-04-26 15:00:00.000,"12,557,000",
SURVEY,ANIMALS & PRODUCTS,DAIRY,MILK,"DRY, NONFAT, HUMAN",ALL PRODUCTION PRACTICES,ALL UTILIZATION PRACTICES,PRODUCTION,LB,"MILK, DRY, NONFAT, HUMAN - PRODUCTION, MEASURED IN LB",TOTAL,NOT SPECIFIED,STATE,42,42,PA,PENNSYLVANIA,,,,,,,,00000000,,,9000,UNITED STATES,PENNSYLVANIA,2022,MONTHLY,09,09,SEP,,2024-04-26 15:00:00.000,"12,448,000",
SURVEY,ANIMALS & PRODUCTS,DAIRY,MILK,"DRY, NONFAT, HUMAN",ALL PRODUCTION PRACTICES,ALL UTILIZATION PRACTICES,PRODUCTION,LB,"MILK, DRY, NONFAT, HUMAN - PRODUCTION, MEASURED IN LB",TOTAL,NOT SPECIFIED,STATE,42,42,PA,PENNSYLVANIA,,,,,,,,00000000,,,9000,UNITED STATES,PENNSYLVANIA,2022,MONTHLY,10,10,OCT,,2024-04-26 15:00:00.000,"11,805,000",
SURVEY,ANIMALS & PRODUCTS,DAIRY,MILK,"DRY, NONFAT, HUMAN",ALL PRODUCTION PRACTICES,ALL UTILIZATION PRACTICES,PRODUCTION,LB,"MILK, DRY, NONFAT, HUMAN - PRODUCTION, MEASURED IN LB",TOTAL,NOT SPECIFIED,STATE,42,42,PA,PENNSYLVANIA,,,,,,,,00000000,,,9000,UNITED STATES,PENNSYLVANIA,2022,MONTHLY,11,11,NOV,,2024-04-26 15:00:00.000,"13,684,000",
SURVEY,ANIMALS & PRODUCTS,DAIRY,MILK,"DRY, NONFAT, HUMAN",ALL PRODUCTION PRACTICES,ALL UTILIZATION PRACTICES,PRODUCTION,LB,"MILK, DRY, NONFAT, HUMAN - PRODUCTION, MEASURED IN LB",TOTAL,NOT SPECIFIED,STATE,42,42,PA,PENNSYLVANIA,,,,,,,,00000000,,,9000,UNITED STATES,PENNSYLVANIA,2022,MONTHLY,12,12,DEC,,2024-04-26 15:00:00.000,"15,844,000",
SURVEY,ANIMALS & PRODUCTS,DAIRY,MILK,"SKIM, UNSWEETENED, CONDENSED",ALL PRODUCTION PRACTICES,BULK,PRODUCTION,LB,"MILK, SKIM, UNSWEETENED, CONDENSED, BULK - PRODUCTION, MEASURED IN LB",TOTAL,NOT SPECIFIED,STATE,,98,OT,OTHER STATES,,,,,,,,00000000,,,9000,UNITED STATES,OTHER STATES,2022,MONTHLY,01,01,JAN,,2024-04-26 15:00:00.000,"90,089,000",
SURVEY,ANIMALS & PRODUCTS,DAIRY,MILK,"SKIM, UNSWEETENED, CONDENSED",ALL PRODUCTION PRACTICES,BULK,PRODUCTION,LB,"MILK, SKIM, UNSWEETENED, CONDENSED, BULK - PRODUCTION, MEASURED IN LB",TOTAL,NOT SPECIFIED,STATE,,98,OT,OTHER STATES,,,,,,,,00000000,,,9000,UNITED STATES,OTHER STATES,2022,MONTHLY,02,02,FEB,,2024-04-26 15:00:00.000,"81,095,000",
SURVEY,ANIMALS & PRODUCTS,DAIRY,MILK,"SKIM, UNSWEETENED, CONDENSED",ALL PRODUCTION PRACTICES,BULK,PRODUCTION,LB,"MILK, SKIM, UNSWEETENED, CONDENSED, BULK - PRODUCTION, MEASURED IN LB",TOTAL,NOT SPECIFIED,STATE,,98,OT,OTHER STATES,,,,,,,,00000000,,,9000,UNITED STATES,OTHER STATES,2022,MONTHLY,03,03,MAR,,2024-04-26 15:00:00.000,"99,454,000",
SURVEY,ANIMALS & PRODUCTS,DAIRY,MILK,"SKIM, UNSWEETENED, CONDENSED",ALL PRODUCTION PRACTICES,BULK,PRODUCTION,LB,"MILK, SKIM, UNSWEETENED, CONDENSED, BULK - PRODUCTION, MEASURED IN LB",TOTAL,NOT SPECIFIED,STATE,,98,OT,OTHER STATES,,,,,,,,00000000,,,9000,UNITED STATES,OTHER STATES,2022,MONTHLY,04,04,APR,,2024-04-26 15:00:00.000,"97,717,000",
SURVEY,ANIMALS & PRODUCTS,DAIRY,MILK,"SKIM, UNSWEETENED, CONDENSED",ALL PRODUCTION PRACTICES,BULK,PRODUCTION,LB,"MILK, SKIM, UNSWEETENED, CONDENSED, BULK - PRODUCTION, MEASURED IN LB",TOTAL,NOT SPECIFIED,STATE,,98,OT,OTHER STATES,,,,,,,,00000000,,,9000,UNITED STATES,OTHER STATES,2022,MONTHLY,05,05,MAY,,2024-04-26 15:00:00.000,"102,112,000",
SURVEY,ANIMALS & PRODUCTS,DAIRY,MILK,"SKIM, UNSWEETENED, CONDENSED",ALL PRODUCTION PRACTICES,BULK,PRODUCTION,LB,"MILK, SKIM, UNSWEETENED, CONDENSED, BULK - PRODUCTION, MEASURED IN LB",TOTAL,NOT SPECIFIED,STATE,,98,OT,OTHER STATES,,,,,,,,00000000,,,9000,UNITED STATES,OTHER STATES,2022,MONTHLY,06,06,JUN,,2024-04-26 15:00:00.000,"100,037,000",
SURVEY,ANIMALS & PRODUCTS,DAIRY,MILK,"SKIM, UNSWEETENED, CONDENSED",ALL PRODUCTION PRACTICES,BULK,PRODUCTION,LB,"MILK, SKIM, UNSWEETENED, CONDENSED, BULK - PRODUCTION, MEASURED IN LB",TOTAL,NOT SPECIFIED,STATE,,98,OT,OTHER STATES,,,,,,,,00000000,,,9000,UNITED STATES,OTHER STATES,2022,MONTHLY,07,07,JUL,,2024-04-26 15:00:00.000,"101,281,000",
SURVEY,ANIMALS & PRODUCTS,DAIRY,MILK,"SKIM, UNSWEETENED, CONDENSED",ALL PRODUCTION PRACTICES,BULK,PRODUCTION,LB,"MILK, SKIM, UNSWEETENED, CONDENSED, BULK - PRODUCTION, MEASURED IN LB",TOTAL,NOT SPECIFIED,STATE,,98,OT,OTHER STATES,,,,,,,,00000000,,,9000,UNITED STATES,OTHER STATES,2022,MONTHLY,08,08,AUG,,2024-04-26 15:00:00.000,"99,930,000",
SURVEY,ANIMALS & PRODUCTS,DAIRY,MILK,"SKIM, UNSWEETENED, CONDENSED",ALL PRODUCTION PRACTICES,BULK,PRODUCTION,LB,"MILK, SKIM, UNSWEETENED, CONDENSED, BULK - PRODUCTION, MEASURED IN LB",TOTAL,NOT SPECIFIED,STATE,,98,OT,OTHER STATES,,,,,,,,00000000,,,9000,UNITED STATES,OTHER STATES,2022,MONTHLY,09,09,SEP,,2024-04-26 15:00:00.000,"93,666,000",
SURVEY,ANIMALS & PRODUCTS,DAIRY,MILK,"SKIM, UNSWEETENED, CONDENSED",ALL PRODUCTION PRACTICES,BULK,PRODUCTION,LB,"MILK, SKIM, UNSWEETENED, CONDENSED, BULK - PRODUCTION, MEASURED IN LB",TOTAL,NOT SPECIFIED,STATE,,98,OT,OTHER STATES,,,,,,,,00000000,,,9000,UNITED STATES,OTHER STATES,2022,MONTHLY,10,10,OCT,,2024-04-26 15:00:00.000,"98,378,000",
SURVEY,ANIMALS & PRODUCTS,DAIRY,MILK,"SKIM, UNSWEETENED, CONDENSED",ALL PRODUCTION PRACTICES,BULK,PRODUCTION,LB,"MILK, SKIM, UNSWEETENED, CONDENSED, BULK - PRODUCTION, MEASURED IN LB",TOTAL,NOT SPECIFIED,STATE,,98,OT,OTHER STATES,,,,,,,,00000000,,,9000,UNITED STATES,OTHER STATES,2022,MONTHLY,11,11,NOV,,2024-04-26 15:00:00.000,"84,196,000",
SURVEY,ANIMALS & PRODUCTS,DAIRY,MILK,"SKIM, UNSWEETENED, CONDENSED",ALL PRODUCTION PRACTICES,BULK,PRODUCTION,LB,"MILK, SKIM, UNSWEETENED, CONDENSED, BULK - PRODUCTION, MEASURED IN LB",TOTAL,NOT SPECIFIED,STATE,,98,OT,OTHER STATES,,,,,,,,00000000,,,9000,UNITED STATES,OTHER STATES,2022,MONTHLY,12,12,DEC,,2024-04-26 15:00:00.000,"88,671,000",
SURVEY,ANIMALS & PRODUCTS,DAIRY,MILK,"SKIM, UNSWEETENED, CONDENSED",ALL PRODUCTION PRACTICES,BULK,PRODUCTION,LB,"MILK, SKIM, UNSWEETENED, CONDENSED, BULK - PRODUCTION, MEASURED IN LB",TOTAL,NOT SPECIFIED,STATE,06,06,CA,CALIFORNIA,,,,,,,,00000000,,,9000,UNITED STATES,CALIFORNIA,2022,MONTHLY,01,01,JAN,,2024-04-26 15:00:00.000,"8,225,000",
SURVEY,ANIMALS & PRODUCTS,DAIRY,MILK,"SKIM, UNSWEETENED, CONDENSED",ALL PRODUCTION PRACTICES,BULK,PRODUCTION,LB,"MILK, SKIM, UNSWEETENED, CONDENSED, BULK - PRODUCTION, MEASURED IN LB",TOTAL,NOT SPECIFIED,STATE,06,06,CA,CALIFORNIA,,,,,,,,00000000,,,9000,UNITED STATES,CALIFORNIA,2022,MONTHLY,02,02,FEB,,2024-04-26 15:00:00.000,"7,973,000",
SURVEY,ANIMALS & PRODUCTS,DAIRY,MILK,"SKIM, UNSWEETENED, CONDENSED",ALL PRODUCTION PRACTICES,BULK,PRODUCTION,LB,"MILK, SKIM, UNSWEETENED, CONDENSED, BULK - PRODUCTION, MEASURED IN LB",TOTAL,NOT SPECIFIED,STATE,06,06,CA,CALIFORNIA,,,,,,,,00000000,,,9000,UNITED STATES,CALIFORNIA,2022,MONTHLY,03,03,MAR,,2024-04-26 15:00:00.000,"9,143,000",
SURVEY,ANIMALS & PRODUCTS,DAIRY,MILK,"SKIM, UNSWEETENED, CONDENSED",ALL PRODUCTION PRACTICES,BULK,PRODUCTION,LB,"MILK, SKIM, UNSWEETENED, CONDENSED, BULK - PRODUCTION, MEASURED IN LB",TOTAL,NOT SPECIFIED,STATE,06,06,CA,CALIFORNIA,,,,,,,,00000000,,,9000,UNITED STATES,CALIFORNIA,2022,MONTHLY,04,04,APR,,2024-04-26 15:00:00.000,"9,388,000",
SURVEY,ANIMALS & PRODUCTS,DAIRY,MILK,"SKIM, UNSWEETENED, CONDENSED",ALL PRODUCTION PRACTICES,BULK,PRODUCTION,LB,"MILK, SKIM, UNSWEETENED, CONDENSED, BULK - PRODUCTION, MEASURED IN LB",TOTAL,NOT SPECIFIED,STATE,06,06,CA,CALIFORNIA,,,,,,,,00000000,,,9000,UNITED STATES,CALIFORNIA,2022,MONTHLY,05,05,MAY,,2024-04-26 15:00:00.000,"9,190,000",
SURVEY,ANIMALS & PRODUCTS,DAIRY,MILK,"SKIM, UNSWEETENED, CONDENSED",ALL PRODUCTION PRACTICES,BULK,PRODUCTION,LB,"MILK, SKIM, UNSWEETENED, CONDENSED, BULK - PRODUCTION, MEASURED IN LB",TOTAL,NOT SPECIFIED,STATE,06,06,CA,CALIFORNIA,,,,,,,,00000000,,,9000,UNITED STATES,CALIFORNIA,2022,MONTHLY,06,06,JUN,,2024-04-26 15:00:00.000,"8,659,000",
SURVEY,ANIMALS & PRODUCTS,DAIRY,MILK,"SKIM, UNSWEETENED, CONDENSED",ALL PRODUCTION PRACTICES,BULK,PRODUCTION,LB,"MILK, SKIM, UNSWEETENED, CONDENSED, BULK - PRODUCTION, MEASURED IN LB",TOTAL,NOT SPECIFIED,STATE,06,06,CA,CALIFORNIA,,,,,,,,00000000,,,9000,UNITED STATES,CALIFORNIA,2022,MONTHLY,07,07,JUL,,2024-04-26 15:00:00.000,"9,917,000",
SURVEY,ANIMALS & PRODUCTS,DAIRY,MILK,"SKIM, UNSWEETENED, CONDENSED",ALL PRODUCTION PRACTICES,BULK,PRODUCTION,LB,"MILK, SKIM, UNSWEETENED, CONDENSED, BULK - PRODUCTION, MEASURED IN LB",TOTAL,NOT SPECIFIED,STATE,06,06,CA,CALIFORNIA,,,,,,,,00000000,,,9000,UNITED STATES,CALIFORNIA,2022,MONTHLY,08,08,AUG,,2024-04-26 15:00:00.000,"10,176,000",
SURVEY,ANIMALS & PRODUCTS,DAIRY,MILK,"SKIM, UNSWEETENED, CONDENSED",ALL PRODUCTION PRACTICES,BULK,PRODUCTION,LB,"MILK, SKIM, UNSWEETENED, CONDENSED, BULK - PRODUCTION, MEASURED IN LB",TOTAL,NOT SPECIFIED,STATE,06,06,CA,CALIFORNIA,,,,,,,,00000000,,,9000,UNITED STATES,CALIFORNIA,2022,MONTHLY,09,09,SEP,,2024-04-26 15:00:00.000,"9,171,000",
SURVEY,ANIMALS & PRODUCTS,DAIRY,MILK,"SKIM, UNSWEETENED, CONDENSED",ALL PRODUCTION PRACTICES,BULK,PRODUCTION,LB,"MILK, SKIM, UNSWEETENED, CONDENSED, BULK - PRODUCTION, MEASURED IN LB",TOTAL,NOT SPECIFIED,STATE,06,06,CA,CALIFORNIA,,,,,,,,00000000,,,9000,UNITED STATES,CALIFORNIA,2022,MONTHLY,10,10,OCT,,2024-04-26 15:00:00.000,"10,200,000",
SURVEY,ANIMALS & PRODUCTS,DAIRY,MILK,"SKIM, UNSWEETENED, CONDENSED",ALL PRODUCTION PRACTICES,BULK,PRODUCTION,LB,"MILK, SKIM, UNSWEETENED, CONDENSED, BULK - PRODUCTION, MEASURED IN LB",TOTAL,NOT SPECIFIED,STATE,06,06,CA,CALIFORNIA,,,,,,,,00000000,,,9000,UNITED STATES,CALIFORNIA,2022,MONTHLY,11,11,NOV,,2024-04-26 15:00:00.000,"8,390,000",
SURVEY,ANIMALS & PRODUCTS,DAIRY,MILK,"SKIM, UNSWEETENED, CONDENSED",ALL PRODUCTION PRACTICES,BULK,PRODUCTION,LB,"MILK, SKIM, UNSWEETENED, CONDENSED, BULK - PRODUCTION, MEASURED IN LB",TOTAL,NOT SPECIFIED,STATE,06,06,CA,CALIFORNIA,,,,,,,,00000000,,,9000,UNITED STATES,CALIFORNIA,2022,MONTHLY,12,12,DEC,,2024-04-26 15:00:00.000,"7,805,000",
SURVEY,ANIMALS & PRODUCTS,DAIRY,MILK,"SKIM, UNSWEETENED, CONDENSED",ALL PRODUCTION PRACTICES,BULK,PRODUCTION,LB,"MILK, SKIM, UNSWEETENED, CONDENSED, BULK - PRODUCTION, MEASURED IN LB",TOTAL,NOT SPECIFIED,STATE,36,36,NY,NEW YORK,,,,,,,,00000000,,,9000,UNITED STATES,NEW YORK,2022,MONTHLY,01,01,JAN,,2024-04-26 15:00:00.000,"4,408,000",
SURVEY,ANIMALS & PRODUCTS,DAIRY,MILK,"SKIM, UNSWEETENED, CONDENSED",ALL PRODUCTION PRACTICES,BULK,PRODUCTION,LB,"MILK, SKIM, UNSWEETENED, CONDENSED, BULK - PRODUCTION, MEASURED IN LB",TOTAL,NOT SPECIFIED,STATE,36,36,NY,NEW YORK,,,,,,,,00000000,,,9000,UNITED STATES,NEW YORK,2022,MONTHLY,02,02,FEB,,2024-04-26 15:00:00.000,"6,482,000",
SURVEY,ANIMALS & PRODUCTS,DAIRY,MILK,"SKIM, UNSWEETENED, CONDENSED",ALL PRODUCTION PRACTICES,BULK,PRODUCTION,LB,"MILK, SKIM, UNSWEETENED, CONDENSED, BULK - PRODUCTION, MEASURED IN LB",TOTAL,NOT SPECIFIED,STATE,36,36,NY,NEW YORK,,,,,,,,00000000,,,9000,UNITED STATES,NEW YORK,2022,MONTHLY,03,03,MAR,,2024-04-26 15:00:00.000,"5,416,000",
SURVEY,ANIMALS & PRODUCTS,DAIRY,MILK,"SKIM, UNSWEETENED, CONDENSED",ALL PRODUCTION PRACTICES,BULK,PRODUCTION,LB,"MILK, SKIM, UNSWEETENED, CONDENSED, BULK - PRODUCTION, MEASURED IN LB",TOTAL,NOT SPECIFIED,STATE,36,36,NY,NEW YORK,,,,,,,,00000000,,,9000,UNITED STATES,NEW YORK,2022,MONTHLY,04,04,APR,,2024-04-26 15:00:00.000,"5,837,000",
SURVEY,ANIMALS & PRODUCTS,DAIRY,MILK,"SKIM, UNSWEETENED, CONDENSED",ALL PRODUCTION PRACTICES,BULK,PRODUCTION,LB,"MILK, SKIM, UNSWEETENED, CONDENSED, BULK - PRODUCTION, MEASURED IN LB",TOTAL,NOT SPECIFIED,STATE,36,36,NY,NEW YORK,,,,,,,,00000000,,,9000,UNITED STATES,NEW YORK,2022,MONTHLY,05,05,MAY,,2024-04-26 15:00:00.000,"8,789,000",
SURVEY,ANIMALS & PRODUCTS,DAIRY,MILK,"SKIM, UNSWEETENED, CONDENSED",ALL PRODUCTION PRACTICES,BULK,PRODUCTION,LB,"MILK, SKIM, UNSWEETENED, CONDENSED, BULK - PRODUCTION, MEASURED IN LB",TOTAL,NOT SPECIFIED,STATE,36,36,NY,NEW YORK,,,,,,,,00000000,,,9000,UNITED STATES,NEW YORK,2022,MONTHLY,06,06,JUN,,2024-04-26 15:00:00.000,"9,366,000",
SURVEY,ANIMALS & PRODUCTS,DAIRY,MILK,"SKIM, UNSWEETENED, CONDENSED",ALL PRODUCTION PRACTICES,BULK,PRODUCTION,LB,"MILK, SKIM, UNSWEETENED, CONDENSED, BULK - PRODUCTION, MEASURED IN LB",TOTAL,NOT SPECIFIED,STATE,36,36,NY,NEW YORK,,,,,,,,00000000,,,9000,UNITED STATES,NEW YORK,2022,MONTHLY,07,07,JUL,,2024-04-26 15:00:00.000,"7,265,000",
SURVEY,ANIMALS & PRODUCTS,DAIRY,MILK,"SKIM, UNSWEETENED, CONDENSED",ALL PRODUCTION PRACTICES,BULK,PRODUCTION,LB,"MILK, SKIM, UNSWEETENED, CONDENSED, BULK - PRODUCTION, MEASURED IN LB",TOTAL,NOT SPECIFIED,STATE,36,36,NY,NEW YORK,,,,,,,,00000000,,,9000,UNITED STATES,NEW YORK,2022,MONTHLY,08,08,AUG,,2024-04-26 15:00:00.000,"8,587,000",
SURVEY,ANIMALS & PRODUCTS,DAIRY,MILK,"SKIM, UNSWEETENED, CONDENSED",ALL PRODUCTION PRACTICES,BULK,PRODUCTION,LB,"MILK, SKIM, UNSWEETENED, CONDENSED, BULK - PRODUCTION, MEASURED IN LB",TOTAL,NOT SPECIFIED,STATE,36,36,NY,NEW YORK,,,,,,,,00000000,,,9000,UNITED STATES,NEW YORK,2022,MONTHLY,09,09,SEP,,2024-04-26 15:00:00.000,"5,126,000",
SURVEY,ANIMALS & PRODUCTS,DAIRY,MILK,"SKIM, UNSWEETENED, CONDENSED",ALL PRODUCTION PRACTICES,BULK,PRODUCTION,LB,"MILK, SKIM, UNSWEETENED, CONDENSED, BULK - PRODUCTION, MEASURED IN LB",TOTAL,NOT SPECIFIED,STATE,36,36,NY,NEW YORK,,,,,,,,00000000,,,9000,UNITED STATES,NEW YORK,2022,MONTHLY,10,10,OCT,,2024-04-26 15:00:00.000,"6,565,000",
SURVEY,ANIMALS & PRODUCTS,DAIRY,MILK,"SKIM, UNSWEETENED, CONDENSED",ALL PRODUCTION PRACTICES,BULK,PRODUCTION,LB,"MILK, SKIM, UNSWEETENED, CONDENSED, BULK - PRODUCTION, MEASURED IN LB",TOTAL,NOT SPECIFIED,STATE,36,36,NY,NEW YORK,,,,,,,,00000000,,,9000,UNITED STATES,NEW YORK,2022,MONTHLY,11,11,NOV,,2024-04-26 15:00:00.000,"6,355,000",
SURVEY,ANIMALS & PRODUCTS,DAIRY,MILK,"SKIM, UNSWEETENED, CONDENSED",ALL PRODUCTION PRACTICES,BULK,PRODUCTION,LB,"MILK, SKIM, UNSWEETENED, CONDENSED, BULK - PRODUCTION, MEASURED IN LB",TOTAL,NOT SPECIFIED,STATE,36,36,NY,NEW YORK,,,,,,,,00000000,,,9000,UNITED STATES,NEW YORK,2022,MONTHLY,12,12,DEC,,2024-04-26 15:00:00.000,"6,441,000",
