State,Year,commodity,total_production
ALABAMA,1930,Milk,1134000000.0
ARIZONA,1930,Milk,194000000.0
ARKANSAS,1930,Milk,1092000000.0
CALIFORNIA,1930,Milk,4002000000.0
COLORADO,1930,Milk,1086000000.0
CONNECTICUT,1930,Milk,594000000.0
DELAWARE,1930,Milk,124000000.0
FLORIDA,1930,Milk,241000000.0
GEORGIA,1930,Milk,1066000000.0
IDAHO,1930,Milk,1000000000.0
ILLINOIS,1930,Milk,4650000000.0
INDIANA,1930,Milk,2931000000.0
IOWA,1930,Milk,5927000000.0
KANSAS,1930,Milk,3058000000.0
KENTUCKY,1930,Milk,1748000000.0
LOUISIANA,1930,Milk,533000000.0
MAINE,1930,Milk,661000000.0
MARYLAND,1930,Milk,752000000.0
MASSACHUSETTS,1930,Milk,767000000.0
MICHIGAN,1930,Milk,4014000000.0
MINNESOTA,1930,Milk,7590000000.0
MISSISSIPPI,1930,Milk,1212000000.0
MISSOURI,1930,Milk,3471000000.0
MONTANA,1930,Milk,793000000.0
NEBRASKA,1930,Milk,2806000000.0
NEVADA,1930,Milk,116000000.0
NEW HAMPSHIRE,1930,Milk,382000000.0
NEW JERSEY,1930,Milk,730000000.0
NEW MEXICO,1930,Milk,221000000.0
NEW YORK,1930,Milk,7068000000.0
NORTH CAROLINA,1930,Milk,1082000000.0
NORTH DAKOTA,1930,Milk,2136000000.0
OHIO,1930,Milk,4117000000.0
OKLAHOMA,1930,Milk,2217000000.0
OREGON,1930,Milk,1265000000.0
PENNSYLVANIA,1930,Milk,4322000000.0
RHODE ISLAND,1930,Milk,133000000.0
SOUTH CAROLINA,1930,Milk,496000000.0
SOUTH DAKOTA,1930,Milk,2197000000.0
TENNESSEE,1930,Milk,1592000000.0
TEXAS,1930,Milk,3655000000.0
UTAH,1930,Milk,575000000.0
VERMONT,1930,Milk,1291000000.0
VIRGINIA,1930,Milk,1234000000.0
WASHINGTON,1930,Milk,1663000000.0
WEST VIRGINIA,1930,Milk,731000000.0
WISCONSIN,1930,Milk,11207000000.0
WYOMING,1930,Milk,282000000.0
ALABAMA,1931,Milk,1167000000.0
ARIZONA,1931,Milk,200000000.0
ARKANSAS,1931,Milk,1167000000.0
CALIFORNIA,1931,Milk,4052000000.0
COLORADO,1931,Milk,1062000000.0
CONNECTICUT,1931,Milk,619000000.0
DELAWARE,1931,Milk,126000000.0
FLORIDA,1931,Milk,251000000.0
GEORGIA,1931,Milk,1068000000.0
IDAHO,1931,Milk,1027000000.0
ILLINOIS,1931,Milk,4727000000.0
INDIANA,1931,Milk,3085000000.0
IOWA,1931,Milk,5948000000.0
KANSAS,1931,Milk,3215000000.0
KENTUCKY,1931,Milk,1809000000.0
LOUISIANA,1931,Milk,552000000.0
MAINE,1931,Milk,663000000.0
MARYLAND,1931,Milk,770000000.0
MASSACHUSETTS,1931,Milk,755000000.0
MICHIGAN,1931,Milk,4217000000.0
MINNESOTA,1931,Milk,7727000000.0
MISSISSIPPI,1931,Milk,1287000000.0
MISSOURI,1931,Milk,3627000000.0
MONTANA,1931,Milk,743000000.0
NEBRASKA,1931,Milk,2864000000.0
NEVADA,1931,Milk,108000000.0
NEW HAMPSHIRE,1931,Milk,379000000.0
NEW JERSEY,1931,Milk,736000000.0
NEW MEXICO,1931,Milk,228000000.0
NEW YORK,1931,Milk,7367000000.0
NORTH CAROLINA,1931,Milk,1162000000.0
NORTH DAKOTA,1931,Milk,2268000000.0
OHIO,1931,Milk,4278000000.0
OKLAHOMA,1931,Milk,2366000000.0
OREGON,1931,Milk,1307000000.0
PENNSYLVANIA,1931,Milk,4427000000.0
RHODE ISLAND,1931,Milk,132000000.0
SOUTH CAROLINA,1931,Milk,526000000.0
SOUTH DAKOTA,1931,Milk,2180000000.0
TENNESSEE,1931,Milk,1648000000.0
TEXAS,1931,Milk,3858000000.0
UTAH,1931,Milk,578000000.0
VERMONT,1931,Milk,1336000000.0
VIRGINIA,1931,Milk,1324000000.0
WASHINGTON,1931,Milk,1711000000.0
WEST VIRGINIA,1931,Milk,793000000.0
WISCONSIN,1931,Milk,11305000000.0
WYOMING,1931,Milk,284000000.0
ALABAMA,1932,Milk,1224000000.0
ARIZONA,1932,Milk,200000000.0
ARKANSAS,1932,Milk,1251000000.0
CALIFORNIA,1932,Milk,4118000000.0
COLORADO,1932,Milk,1016000000.0
CONNECTICUT,1932,Milk,645000000.0
DELAWARE,1932,Milk,126000000.0
FLORIDA,1932,Milk,255000000.0
GEORGIA,1932,Milk,1095000000.0
IDAHO,1932,Milk,1034000000.0
ILLINOIS,1932,Milk,4880000000.0
INDIANA,1932,Milk,3112000000.0
IOWA,1932,Milk,6046000000.0
KANSAS,1932,Milk,3328000000.0
KENTUCKY,1932,Milk,1868000000.0
LOUISIANA,1932,Milk,571000000.0
MAINE,1932,Milk,665000000.0
MARYLAND,1932,Milk,765000000.0
MASSACHUSETTS,1932,Milk,742000000.0
MICHIGAN,1932,Milk,4294000000.0
MINNESOTA,1932,Milk,7867000000.0
MISSISSIPPI,1932,Milk,1337000000.0
MISSOURI,1932,Milk,3650000000.0
MONTANA,1932,Milk,746000000.0
NEBRASKA,1932,Milk,2890000000.0
NEVADA,1932,Milk,106000000.0
NEW HAMPSHIRE,1932,Milk,387000000.0
NEW JERSEY,1932,Milk,733000000.0
NEW MEXICO,1932,Milk,231000000.0
NEW YORK,1932,Milk,7340000000.0
NORTH CAROLINA,1932,Milk,1226000000.0
NORTH DAKOTA,1932,Milk,2258000000.0
OHIO,1932,Milk,4272000000.0
OKLAHOMA,1932,Milk,2498000000.0
OREGON,1932,Milk,1300000000.0
PENNSYLVANIA,1932,Milk,4293000000.0
RHODE ISLAND,1932,Milk,132000000.0
SOUTH CAROLINA,1932,Milk,547000000.0
SOUTH DAKOTA,1932,Milk,2051000000.0
TENNESSEE,1932,Milk,1691000000.0
TEXAS,1932,Milk,4010000000.0
UTAH,1932,Milk,562000000.0
VERMONT,1932,Milk,1339000000.0
VIRGINIA,1932,Milk,1309000000.0
WASHINGTON,1932,Milk,1721000000.0
WEST VIRGINIA,1932,Milk,814000000.0
WISCONSIN,1932,Milk,10992000000.0
WYOMING,1932,Milk,273000000.0
ALABAMA,1933,Milk,1217000000.0
ARIZONA,1933,Milk,216000000.0
ARKANSAS,1933,Milk,1254000000.0
CALIFORNIA,1933,Milk,4076000000.0
COLORADO,1933,Milk,1076000000.0
CONNECTICUT,1933,Milk,632000000.0
DELAWARE,1933,Milk,129000000.0
FLORIDA,1933,Milk,263000000.0
GEORGIA,1933,Milk,1116000000.0
IDAHO,1933,Milk,1056000000.0
ILLINOIS,1933,Milk,5051000000.0
INDIANA,1933,Milk,3128000000.0
IOWA,1933,Milk,6287000000.0
KANSAS,1933,Milk,3456000000.0
KENTUCKY,1933,Milk,1928000000.0
LOUISIANA,1933,Milk,582000000.0
MAINE,1933,Milk,639000000.0
MARYLAND,1933,Milk,770000000.0
MASSACHUSETTS,1933,Milk,742000000.0
MICHIGAN,1933,Milk,4297000000.0
MINNESOTA,1933,Milk,8166000000.0
MISSISSIPPI,1933,Milk,1321000000.0
MISSOURI,1933,Milk,3578000000.0
MONTANA,1933,Milk,755000000.0
NEBRASKA,1933,Milk,3163000000.0
NEVADA,1933,Milk,105000000.0
NEW HAMPSHIRE,1933,Milk,383000000.0
NEW JERSEY,1933,Milk,765000000.0
NEW MEXICO,1933,Milk,230000000.0
NEW YORK,1933,Milk,7297000000.0
NORTH CAROLINA,1933,Milk,1232000000.0
NORTH DAKOTA,1933,Milk,2278000000.0
OHIO,1933,Milk,4281000000.0
OKLAHOMA,1933,Milk,2506000000.0
OREGON,1933,Milk,1256000000.0
PENNSYLVANIA,1933,Milk,4299000000.0
RHODE ISLAND,1933,Milk,132000000.0
SOUTH CAROLINA,1933,Milk,558000000.0
SOUTH DAKOTA,1933,Milk,2118000000.0
TENNESSEE,1933,Milk,1722000000.0
TEXAS,1933,Milk,3909000000.0
UTAH,1933,Milk,560000000.0
VERMONT,1933,Milk,1305000000.0
VIRGINIA,1933,Milk,1304000000.0
WASHINGTON,1933,Milk,1685000000.0
WEST VIRGINIA,1933,Milk,804000000.0
WISCONSIN,1933,Milk,10851000000.0
WYOMING,1933,Milk,284000000.0
ALABAMA,1934,Milk,1226000000.0
ARIZONA,1934,Milk,225000000.0
ARKANSAS,1934,Milk,1236000000.0
CALIFORNIA,1934,Milk,4118000000.0
COLORADO,1934,Milk,1037000000.0
CONNECTICUT,1934,Milk,616000000.0
DELAWARE,1934,Milk,125000000.0
FLORIDA,1934,Milk,274000000.0
GEORGIA,1934,Milk,1109000000.0
IDAHO,1934,Milk,1004000000.0
ILLINOIS,1934,Milk,5081000000.0
INDIANA,1934,Milk,3048000000.0
IOWA,1934,Milk,6150000000.0
KANSAS,1934,Milk,3238000000.0
KENTUCKY,1934,Milk,1904000000.0
LOUISIANA,1934,Milk,594000000.0
MAINE,1934,Milk,635000000.0
MARYLAND,1934,Milk,769000000.0
MASSACHUSETTS,1934,Milk,747000000.0
MICHIGAN,1934,Milk,4224000000.0
MINNESOTA,1934,Milk,7482000000.0
MISSISSIPPI,1934,Milk,1308000000.0
MISSOURI,1934,Milk,3371000000.0
MONTANA,1934,Milk,731000000.0
NEBRASKA,1934,Milk,2929000000.0
NEVADA,1934,Milk,103000000.0
NEW HAMPSHIRE,1934,Milk,380000000.0
NEW JERSEY,1934,Milk,819000000.0
NEW MEXICO,1934,Milk,219000000.0
NEW YORK,1934,Milk,6983000000.0
NORTH CAROLINA,1934,Milk,1252000000.0
NORTH DAKOTA,1934,Milk,1968000000.0
OHIO,1934,Milk,4301000000.0
OKLAHOMA,1934,Milk,2286000000.0
OREGON,1934,Milk,1323000000.0
PENNSYLVANIA,1934,Milk,4356000000.0
RHODE ISLAND,1934,Milk,128000000.0
SOUTH CAROLINA,1934,Milk,542000000.0
SOUTH DAKOTA,1934,Milk,1668000000.0
TENNESSEE,1934,Milk,1712000000.0
TEXAS,1934,Milk,3738000000.0
UTAH,1934,Milk,518000000.0
VERMONT,1934,Milk,1284000000.0
VIRGINIA,1934,Milk,1332000000.0
WASHINGTON,1934,Milk,1798000000.0
WEST VIRGINIA,1934,Milk,806000000.0
WISCONSIN,1934,Milk,10659000000.0
WYOMING,1934,Milk,265000000.0
ALABAMA,1935,Milk,1232000000.0
ARIZONA,1935,Milk,224000000.0
ARKANSAS,1935,Milk,1224000000.0
CALIFORNIA,1935,Milk,4151000000.0
COLORADO,1935,Milk,912000000.0
CONNECTICUT,1935,Milk,618000000.0
DELAWARE,1935,Milk,126000000.0
FLORIDA,1935,Milk,290000000.0
GEORGIA,1935,Milk,1071000000.0
IDAHO,1935,Milk,1043000000.0
ILLINOIS,1935,Milk,4873000000.0
INDIANA,1935,Milk,3049000000.0
IOWA,1935,Milk,6009000000.0
KANSAS,1935,Milk,3075000000.0
KENTUCKY,1935,Milk,1946000000.0
LOUISIANA,1935,Milk,578000000.0
MAINE,1935,Milk,632000000.0
MARYLAND,1935,Milk,772000000.0
MASSACHUSETTS,1935,Milk,767000000.0
MICHIGAN,1935,Milk,4257000000.0
MINNESOTA,1935,Milk,7384000000.0
MISSISSIPPI,1935,Milk,1299000000.0
MISSOURI,1935,Milk,3363000000.0
MONTANA,1935,Milk,693000000.0
NEBRASKA,1935,Milk,2689000000.0
NEVADA,1935,Milk,106000000.0
NEW HAMPSHIRE,1935,Milk,378000000.0
NEW JERSEY,1935,Milk,858000000.0
NEW MEXICO,1935,Milk,231000000.0
NEW YORK,1935,Milk,6874000000.0
NORTH CAROLINA,1935,Milk,1245000000.0
NORTH DAKOTA,1935,Milk,1951000000.0
OHIO,1935,Milk,4356000000.0
OKLAHOMA,1935,Milk,2275000000.0
OREGON,1935,Milk,1329000000.0
PENNSYLVANIA,1935,Milk,4472000000.0
RHODE ISLAND,1935,Milk,132000000.0
SOUTH CAROLINA,1935,Milk,538000000.0
SOUTH DAKOTA,1935,Milk,1603000000.0
TENNESSEE,1935,Milk,1754000000.0
TEXAS,1935,Milk,3741000000.0
UTAH,1935,Milk,494000000.0
VERMONT,1935,Milk,1341000000.0
VIRGINIA,1935,Milk,1362000000.0
WASHINGTON,1935,Milk,1866000000.0
WEST VIRGINIA,1935,Milk,838000000.0
WISCONSIN,1935,Milk,10921000000.0
WYOMING,1935,Milk,263000000.0
ALABAMA,1936,Milk,1203000000.0
ARIZONA,1936,Milk,228000000.0
ARKANSAS,1936,Milk,1235000000.0
CALIFORNIA,1936,Milk,4218000000.0
COLORADO,1936,Milk,974000000.0
CONNECTICUT,1936,Milk,625000000.0
DELAWARE,1936,Milk,130000000.0
FLORIDA,1936,Milk,321000000.0
GEORGIA,1936,Milk,1054000000.0
IDAHO,1936,Milk,1071000000.0
ILLINOIS,1936,Milk,4814000000.0
INDIANA,1936,Milk,3013000000.0
IOWA,1936,Milk,6052000000.0
KANSAS,1936,Milk,2861000000.0
KENTUCKY,1936,Milk,1845000000.0
LOUISIANA,1936,Milk,588000000.0
MAINE,1936,Milk,626000000.0
MARYLAND,1936,Milk,784000000.0
MASSACHUSETTS,1936,Milk,770000000.0
MICHIGAN,1936,Milk,4465000000.0
MINNESOTA,1936,Milk,7745000000.0
MISSISSIPPI,1936,Milk,1303000000.0
MISSOURI,1936,Milk,3014000000.0
MONTANA,1936,Milk,649000000.0
NEBRASKA,1936,Milk,2623000000.0
NEVADA,1936,Milk,108000000.0
NEW HAMPSHIRE,1936,Milk,372000000.0
NEW JERSEY,1936,Milk,874000000.0
NEW MEXICO,1936,Milk,244000000.0
NEW YORK,1936,Milk,7128000000.0
NORTH CAROLINA,1936,Milk,1274000000.0
NORTH DAKOTA,1936,Milk,1919000000.0
OHIO,1936,Milk,4389000000.0
OKLAHOMA,1936,Milk,2186000000.0
OREGON,1936,Milk,1333000000.0
PENNSYLVANIA,1936,Milk,4532000000.0
RHODE ISLAND,1936,Milk,129000000.0
SOUTH CAROLINA,1936,Milk,551000000.0
SOUTH DAKOTA,1936,Milk,1640000000.0
TENNESSEE,1936,Milk,1717000000.0
TEXAS,1936,Milk,4011000000.0
UTAH,1936,Milk,509000000.0
VERMONT,1936,Milk,1362000000.0
VIRGINIA,1936,Milk,1334000000.0
WASHINGTON,1936,Milk,1903000000.0
WEST VIRGINIA,1936,Milk,814000000.0
WISCONSIN,1936,Milk,11598000000.0
WYOMING,1936,Milk,272000000.0
ALABAMA,1937,Milk,1178000000.0
ARIZONA,1937,Milk,214000000.0
ARKANSAS,1937,Milk,1321000000.0
CALIFORNIA,1937,Milk,4297000000.0
COLORADO,1937,Milk,930000000.0
CONNECTICUT,1937,Milk,650000000.0
DELAWARE,1937,Milk,127000000.0
FLORIDA,1937,Milk,323000000.0
GEORGIA,1937,Milk,1080000000.0
IDAHO,1937,Milk,1075000000.0
ILLINOIS,1937,Milk,4873000000.0
INDIANA,1937,Milk,2944000000.0
IOWA,1937,Milk,5919000000.0
KANSAS,1937,Milk,2708000000.0
KENTUCKY,1937,Milk,1883000000.0
LOUISIANA,1937,Milk,598000000.0
MAINE,1937,Milk,630000000.0
MARYLAND,1937,Milk,790000000.0
MASSACHUSETTS,1937,Milk,783000000.0
MICHIGAN,1937,Milk,4470000000.0
MINNESOTA,1937,Milk,7646000000.0
MISSISSIPPI,1937,Milk,1312000000.0
MISSOURI,1937,Milk,3053000000.0
MONTANA,1937,Milk,623000000.0
NEBRASKA,1937,Milk,2356000000.0
NEVADA,1937,Milk,104000000.0
NEW HAMPSHIRE,1937,Milk,357000000.0
NEW JERSEY,1937,Milk,903000000.0
NEW MEXICO,1937,Milk,245000000.0
NEW YORK,1937,Milk,7213000000.0
NORTH CAROLINA,1937,Milk,1279000000.0
NORTH DAKOTA,1937,Milk,1796000000.0
OHIO,1937,Milk,4434000000.0
OKLAHOMA,1937,Milk,2329000000.0
OREGON,1937,Milk,1336000000.0
PENNSYLVANIA,1937,Milk,4496000000.0
RHODE ISLAND,1937,Milk,131000000.0
SOUTH CAROLINA,1937,Milk,560000000.0
SOUTH DAKOTA,1937,Milk,1472000000.0
TENNESSEE,1937,Milk,1758000000.0
TEXAS,1937,Milk,4139000000.0
UTAH,1937,Milk,504000000.0
VERMONT,1937,Milk,1354000000.0
VIRGINIA,1937,Milk,1397000000.0
WASHINGTON,1937,Milk,1887000000.0
WEST VIRGINIA,1937,Milk,794000000.0
WISCONSIN,1937,Milk,11378000000.0
WYOMING,1937,Milk,259000000.0
ALABAMA,1938,Milk,1188000000.0
ARIZONA,1938,Milk,219000000.0
ARKANSAS,1938,Milk,1363000000.0
CALIFORNIA,1938,Milk,4454000000.0
COLORADO,1938,Milk,972000000.0
CONNECTICUT,1938,Milk,667000000.0
DELAWARE,1938,Milk,132000000.0
FLORIDA,1938,Milk,322000000.0
GEORGIA,1938,Milk,1079000000.0
IDAHO,1938,Milk,1110000000.0
ILLINOIS,1938,Milk,5056000000.0
INDIANA,1938,Milk,3168000000.0
IOWA,1938,Milk,6365000000.0
KANSAS,1938,Milk,2869000000.0
KENTUCKY,1938,Milk,1955000000.0
LOUISIANA,1938,Milk,647000000.0
MAINE,1938,Milk,638000000.0
MARYLAND,1938,Milk,831000000.0
MASSACHUSETTS,1938,Milk,784000000.0
MICHIGAN,1938,Milk,4560000000.0
MINNESOTA,1938,Milk,8175000000.0
MISSISSIPPI,1938,Milk,1338000000.0
MISSOURI,1938,Milk,3270000000.0
MONTANA,1938,Milk,637000000.0
NEBRASKA,1938,Milk,2479000000.0
NEVADA,1938,Milk,107000000.0
NEW HAMPSHIRE,1938,Milk,353000000.0
NEW JERSEY,1938,Milk,932000000.0
NEW MEXICO,1938,Milk,257000000.0
NEW YORK,1938,Milk,7258000000.0
NORTH CAROLINA,1938,Milk,1286000000.0
NORTH DAKOTA,1938,Milk,1821000000.0
OHIO,1938,Milk,4551000000.0
OKLAHOMA,1938,Milk,2491000000.0
OREGON,1938,Milk,1350000000.0
PENNSYLVANIA,1938,Milk,4523000000.0
RHODE ISLAND,1938,Milk,131000000.0
SOUTH CAROLINA,1938,Milk,545000000.0
SOUTH DAKOTA,1938,Milk,1570000000.0
TENNESSEE,1938,Milk,1850000000.0
TEXAS,1938,Milk,4349000000.0
UTAH,1938,Milk,522000000.0
VERMONT,1938,Milk,1343000000.0
VIRGINIA,1938,Milk,1436000000.0
WASHINGTON,1938,Milk,1912000000.0
WEST VIRGINIA,1938,Milk,807000000.0
WISCONSIN,1938,Milk,11862000000.0
WYOMING,1938,Milk,273000000.0
ALABAMA,1939,Milk,1199000000.0
ARIZONA,1939,Milk,235000000.0
ARKANSAS,1939,Milk,1354000000.0
CALIFORNIA,1939,Milk,4617000000.0
COLORADO,1939,Milk,1002000000.0
CONNECTICUT,1939,Milk,673000000.0
DELAWARE,1939,Milk,139000000.0
FLORIDA,1939,Milk,330000000.0
GEORGIA,1939,Milk,1122000000.0
IDAHO,1939,Milk,1164000000.0
ILLINOIS,1939,Milk,5053000000.0
INDIANA,1939,Milk,3180000000.0
IOWA,1939,Milk,6379000000.0
KANSAS,1939,Milk,2881000000.0
KENTUCKY,1939,Milk,1886000000.0
LOUISIANA,1939,Milk,664000000.0
MAINE,1939,Milk,619000000.0
MARYLAND,1939,Milk,898000000.0
MASSACHUSETTS,1939,Milk,791000000.0
MICHIGAN,1939,Milk,4762000000.0
MINNESOTA,1939,Milk,8160000000.0
MISSISSIPPI,1939,Milk,1310000000.0
MISSOURI,1939,Milk,3271000000.0
MONTANA,1939,Milk,682000000.0
NEBRASKA,1939,Milk,2618000000.0
NEVADA,1939,Milk,109000000.0
NEW HAMPSHIRE,1939,Milk,354000000.0
NEW JERSEY,1939,Milk,943000000.0
NEW MEXICO,1939,Milk,269000000.0
NEW YORK,1939,Milk,7308000000.0
NORTH CAROLINA,1939,Milk,1310000000.0
NORTH DAKOTA,1939,Milk,1906000000.0
OHIO,1939,Milk,4570000000.0
OKLAHOMA,1939,Milk,2487000000.0
OREGON,1939,Milk,1364000000.0
PENNSYLVANIA,1939,Milk,4511000000.0
RHODE ISLAND,1939,Milk,134000000.0
SOUTH CAROLINA,1939,Milk,543000000.0
SOUTH DAKOTA,1939,Milk,1642000000.0
TENNESSEE,1939,Milk,1855000000.0
TEXAS,1939,Milk,4192000000.0
UTAH,1939,Milk,543000000.0
VERMONT,1939,Milk,1348000000.0
VIRGINIA,1939,Milk,1431000000.0
WASHINGTON,1939,Milk,1942000000.0
WEST VIRGINIA,1939,Milk,787000000.0
WISCONSIN,1939,Milk,11973000000.0
WYOMING,1939,Milk,282000000.0
ALABAMA,1940,Milk,1143000000.0
ARIZONA,1940,Milk,232000000.0
ARKANSAS,1940,Milk,1335000000.0
CALIFORNIA,1940,Milk,4893000000.0
COLORADO,1940,Milk,1016000000.0
CONNECTICUT,1940,Milk,670000000.0
DELAWARE,1940,Milk,144000000.0
FLORIDA,1940,Milk,343000000.0
GEORGIA,1940,Milk,1053000000.0
IDAHO,1940,Milk,1228000000.0
ILLINOIS,1940,Milk,5188000000.0
INDIANA,1940,Milk,3225000000.0
IOWA,1940,Milk,6611000000.0
KANSAS,1940,Milk,2860000000.0
KENTUCKY,1940,Milk,1841000000.0
LOUISIANA,1940,Milk,628000000.0
MAINE,1940,Milk,628000000.0
MARYLAND,1940,Milk,922000000.0
MASSACHUSETTS,1940,Milk,810000000.0
MICHIGAN,1940,Milk,4949000000.0
MINNESOTA,1940,Milk,8405000000.0
MISSISSIPPI,1940,Milk,1176000000.0
MISSOURI,1940,Milk,3386000000.0
MONTANA,1940,Milk,688000000.0
NEBRASKA,1940,Milk,2589000000.0
NEVADA,1940,Milk,106000000.0
NEW HAMPSHIRE,1940,Milk,361000000.0
NEW JERSEY,1940,Milk,969000000.0
NEW MEXICO,1940,Milk,287000000.0
NEW YORK,1940,Milk,7658000000.0
NORTH CAROLINA,1940,Milk,1309000000.0
NORTH DAKOTA,1940,Milk,2081000000.0
OHIO,1940,Milk,4594000000.0
OKLAHOMA,1940,Milk,2380000000.0
OREGON,1940,Milk,1394000000.0
PENNSYLVANIA,1940,Milk,4696000000.0
RHODE ISLAND,1940,Milk,136000000.0
SOUTH CAROLINA,1940,Milk,539000000.0
SOUTH DAKOTA,1940,Milk,1746000000.0
TENNESSEE,1940,Milk,1820000000.0
TEXAS,1940,Milk,4192000000.0
UTAH,1940,Milk,550000000.0
VERMONT,1940,Milk,1423000000.0
VIRGINIA,1940,Milk,1512000000.0
WASHINGTON,1940,Milk,1964000000.0
WEST VIRGINIA,1940,Milk,775000000.0
WISCONSIN,1940,Milk,12665000000.0
WYOMING,1940,Milk,292000000.0
ALABAMA,1941,Milk,1219000000.0
ARIZONA,1941,Milk,241000000.0
ARKANSAS,1941,Milk,1453000000.0
CALIFORNIA,1941,Milk,5091000000.0
COLORADO,1941,Milk,1067000000.0
CONNECTICUT,1941,Milk,684000000.0
DELAWARE,1941,Milk,154000000.0
FLORIDA,1941,Milk,374000000.0
GEORGIA,1941,Milk,1076000000.0
IDAHO,1941,Milk,1324000000.0
ILLINOIS,1941,Milk,5453000000.0
INDIANA,1941,Milk,3435000000.0
IOWA,1941,Milk,6891000000.0
KANSAS,1941,Milk,3172000000.0
KENTUCKY,1941,Milk,1995000000.0
LOUISIANA,1941,Milk,644000000.0
MAINE,1941,Milk,626000000.0
MARYLAND,1941,Milk,960000000.0
MASSACHUSETTS,1941,Milk,818000000.0
MICHIGAN,1941,Milk,5124000000.0
MINNESOTA,1941,Milk,8824000000.0
MISSISSIPPI,1941,Milk,1237000000.0
MISSOURI,1941,Milk,3562000000.0
MONTANA,1941,Milk,733000000.0
NEBRASKA,1941,Milk,2752000000.0
NEVADA,1941,Milk,115000000.0
NEW HAMPSHIRE,1941,Milk,351000000.0
NEW JERSEY,1941,Milk,1018000000.0
NEW MEXICO,1941,Milk,299000000.0
NEW YORK,1941,Milk,7879000000.0
NORTH CAROLINA,1941,Milk,1381000000.0
NORTH DAKOTA,1941,Milk,2238000000.0
OHIO,1941,Milk,4767000000.0
OKLAHOMA,1941,Milk,2582000000.0
OREGON,1941,Milk,1428000000.0
PENNSYLVANIA,1941,Milk,4869000000.0
RHODE ISLAND,1941,Milk,136000000.0
SOUTH CAROLINA,1941,Milk,569000000.0
SOUTH DAKOTA,1941,Milk,1827000000.0
TENNESSEE,1941,Milk,1941000000.0
TEXAS,1941,Milk,4409000000.0
UTAH,1941,Milk,592000000.0
VERMONT,1941,Milk,1451000000.0
VIRGINIA,1941,Milk,1590000000.0
WASHINGTON,1941,Milk,2018000000.0
WEST VIRGINIA,1941,Milk,796000000.0
WISCONSIN,1941,Milk,13625000000.0
WYOMING,1941,Milk,298000000.0
ALABAMA,1942,Milk,1297000000.0
ARIZONA,1942,Milk,253000000.0
ARKANSAS,1942,Milk,1452000000.0
CALIFORNIA,1942,Milk,5188000000.0
COLORADO,1942,Milk,1092000000.0
CONNECTICUT,1942,Milk,711000000.0
DELAWARE,1942,Milk,157000000.0
FLORIDA,1942,Milk,385000000.0
GEORGIA,1942,Milk,1120000000.0
IDAHO,1942,Milk,1368000000.0
ILLINOIS,1942,Milk,5617000000.0
INDIANA,1942,Milk,3557000000.0
IOWA,1942,Milk,6864000000.0
KANSAS,1942,Milk,3332000000.0
KENTUCKY,1942,Milk,2163000000.0
LOUISIANA,1942,Milk,667000000.0
MAINE,1942,Milk,616000000.0
MARYLAND,1942,Milk,984000000.0
MASSACHUSETTS,1942,Milk,811000000.0
MICHIGAN,1942,Milk,5296000000.0
MINNESOTA,1942,Milk,8995000000.0
MISSISSIPPI,1942,Milk,1311000000.0
MISSOURI,1942,Milk,3715000000.0
MONTANA,1942,Milk,754000000.0
NEBRASKA,1942,Milk,2928000000.0
NEVADA,1942,Milk,115000000.0
NEW HAMPSHIRE,1942,Milk,348000000.0
NEW JERSEY,1942,Milk,1028000000.0
NEW MEXICO,1942,Milk,306000000.0
NEW YORK,1942,Milk,8107000000.0
NORTH CAROLINA,1942,Milk,1402000000.0
NORTH DAKOTA,1942,Milk,2277000000.0
OHIO,1942,Milk,5034000000.0
OKLAHOMA,1942,Milk,2713000000.0
OREGON,1942,Milk,1446000000.0
PENNSYLVANIA,1942,Milk,5022000000.0
RHODE ISLAND,1942,Milk,135000000.0
SOUTH CAROLINA,1942,Milk,587000000.0
SOUTH DAKOTA,1942,Milk,1867000000.0
TENNESSEE,1942,Milk,2106000000.0
TEXAS,1942,Milk,4327000000.0
UTAH,1942,Milk,621000000.0
VERMONT,1942,Milk,1466000000.0
VIRGINIA,1942,Milk,1622000000.0
WASHINGTON,1942,Milk,2007000000.0
WEST VIRGINIA,1942,Milk,823000000.0
WISCONSIN,1942,Milk,14239000000.0
WYOMING,1942,Milk,302000000.0
ALABAMA,1943,Milk,1309000000.0
ARIZONA,1943,Milk,257000000.0
ARKANSAS,1943,Milk,1388000000.0
CALIFORNIA,1943,Milk,5223000000.0
COLORADO,1943,Milk,1099000000.0
CONNECTICUT,1943,Milk,688000000.0
DELAWARE,1943,Milk,160000000.0
FLORIDA,1943,Milk,420000000.0
GEORGIA,1943,Milk,1149000000.0
IDAHO,1943,Milk,1369000000.0
ILLINOIS,1943,Milk,5352000000.0
INDIANA,1943,Milk,3476000000.0
IOWA,1943,Milk,6979000000.0
KANSAS,1943,Milk,3260000000.0
KENTUCKY,1943,Milk,2093000000.0
LOUISIANA,1943,Milk,686000000.0
MAINE,1943,Milk,608000000.0
MARYLAND,1943,Milk,955000000.0
MASSACHUSETTS,1943,Milk,780000000.0
MICHIGAN,1943,Milk,5182000000.0
MINNESOTA,1943,Milk,8810000000.0
MISSISSIPPI,1943,Milk,1335000000.0
MISSOURI,1943,Milk,3751000000.0
MONTANA,1943,Milk,760000000.0
NEBRASKA,1943,Milk,2974000000.0
NEVADA,1943,Milk,107000000.0
NEW HAMPSHIRE,1943,Milk,338000000.0
NEW JERSEY,1943,Milk,1010000000.0
NEW MEXICO,1943,Milk,300000000.0
NEW YORK,1943,Milk,7741000000.0
NORTH CAROLINA,1943,Milk,1465000000.0
NORTH DAKOTA,1943,Milk,2198000000.0
OHIO,1943,Milk,4874000000.0
OKLAHOMA,1943,Milk,2692000000.0
OREGON,1943,Milk,1411000000.0
PENNSYLVANIA,1943,Milk,4922000000.0
RHODE ISLAND,1943,Milk,128000000.0
SOUTH CAROLINA,1943,Milk,589000000.0
SOUTH DAKOTA,1943,Milk,1804000000.0
TENNESSEE,1943,Milk,2196000000.0
TEXAS,1943,Milk,4269000000.0
UTAH,1943,Milk,645000000.0
VERMONT,1943,Milk,1463000000.0
VIRGINIA,1943,Milk,1626000000.0
WASHINGTON,1943,Milk,1976000000.0
WEST VIRGINIA,1943,Milk,798000000.0
WISCONSIN,1943,Milk,14100000000.0
WYOMING,1943,Milk,302000000.0
ALABAMA,1944,Milk,1360000000.0
ARIZONA,1944,Milk,254000000.0
ARKANSAS,1944,Milk,1430000000.0
CALIFORNIA,1944,Milk,5479000000.0
COLORADO,1944,Milk,1056000000.0
CONNECTICUT,1944,Milk,694000000.0
DELAWARE,1944,Milk,163000000.0
FLORIDA,1944,Milk,441000000.0
GEORGIA,1944,Milk,1127000000.0
IDAHO,1944,Milk,1405000000.0
ILLINOIS,1944,Milk,5503000000.0
INDIANA,1944,Milk,3556000000.0
IOWA,1944,Milk,6655000000.0
KANSAS,1944,Milk,3100000000.0
KENTUCKY,1944,Milk,2121000000.0
LOUISIANA,1944,Milk,696000000.0
MAINE,1944,Milk,654000000.0
MARYLAND,1944,Milk,986000000.0
MASSACHUSETTS,1944,Milk,807000000.0
MICHIGAN,1944,Milk,5240000000.0
MINNESOTA,1944,Milk,8390000000.0
MISSISSIPPI,1944,Milk,1419000000.0
MISSOURI,1944,Milk,3994000000.0
MONTANA,1944,Milk,721000000.0
NEBRASKA,1944,Milk,2625000000.0
NEVADA,1944,Milk,103000000.0
NEW HAMPSHIRE,1944,Milk,343000000.0
NEW JERSEY,1944,Milk,1015000000.0
NEW MEXICO,1944,Milk,266000000.0
NEW YORK,1944,Milk,7791000000.0
NORTH CAROLINA,1944,Milk,1509000000.0
NORTH DAKOTA,1944,Milk,2099000000.0
OHIO,1944,Milk,4968000000.0
OKLAHOMA,1944,Milk,2657000000.0
OREGON,1944,Milk,1408000000.0
PENNSYLVANIA,1944,Milk,5072000000.0
RHODE ISLAND,1944,Milk,132000000.0
SOUTH CAROLINA,1944,Milk,604000000.0
SOUTH DAKOTA,1944,Milk,1710000000.0
TENNESSEE,1944,Milk,2221000000.0
TEXAS,1944,Milk,4218000000.0
UTAH,1944,Milk,690000000.0
VERMONT,1944,Milk,1505000000.0
VIRGINIA,1944,Milk,1672000000.0
WASHINGTON,1944,Milk,2006000000.0
WEST VIRGINIA,1944,Milk,816000000.0
WISCONSIN,1944,Milk,14042000000.0
WYOMING,1944,Milk,300000000.0
ALABAMA,1945,Milk,1357000000.0
ARIZONA,1945,Milk,258000000.0
ARKANSAS,1945,Milk,1478000000.0
CALIFORNIA,1945,Milk,5720000000.0
COLORADO,1945,Milk,1045000000.0
CONNECTICUT,1945,Milk,679000000.0
DELAWARE,1945,Milk,179000000.0
FLORIDA,1945,Milk,468000000.0
GEORGIA,1945,Milk,1152000000.0
IDAHO,1945,Milk,1349000000.0
ILLINOIS,1945,Milk,5777000000.0
INDIANA,1945,Milk,3814000000.0
IOWA,1945,Milk,6702000000.0
KANSAS,1945,Milk,2943000000.0
KENTUCKY,1945,Milk,2226000000.0
LOUISIANA,1945,Milk,693000000.0
MAINE,1945,Milk,645000000.0
MARYLAND,1945,Milk,1081000000.0
MASSACHUSETTS,1945,Milk,799000000.0
MICHIGAN,1945,Milk,5506000000.0
MINNESOTA,1945,Milk,8599000000.0
MISSISSIPPI,1945,Milk,1455000000.0
MISSOURI,1945,Milk,4100000000.0
MONTANA,1945,Milk,689000000.0
NEBRASKA,1945,Milk,2501000000.0
NEVADA,1945,Milk,97000000.0
NEW HAMPSHIRE,1945,Milk,352000000.0
NEW JERSEY,1945,Milk,1031000000.0
NEW MEXICO,1945,Milk,251000000.0
NEW YORK,1945,Milk,8168000000.0
NORTH CAROLINA,1945,Milk,1495000000.0
NORTH DAKOTA,1945,Milk,1970000000.0
OHIO,1945,Milk,5292000000.0
OKLAHOMA,1945,Milk,2562000000.0
OREGON,1945,Milk,1354000000.0
PENNSYLVANIA,1945,Milk,5375000000.0
RHODE ISLAND,1945,Milk,133000000.0
SOUTH CAROLINA,1945,Milk,600000000.0
SOUTH DAKOTA,1945,Milk,1650000000.0
TENNESSEE,1945,Milk,2220000000.0
TEXAS,1945,Milk,4068000000.0
UTAH,1945,Milk,710000000.0
VERMONT,1945,Milk,1534000000.0
VIRGINIA,1945,Milk,1720000000.0
WASHINGTON,1945,Milk,1947000000.0
WEST VIRGINIA,1945,Milk,857000000.0
WISCONSIN,1945,Milk,14939000000.0
WYOMING,1945,Milk,288000000.0
ALABAMA,1946,Milk,1341000000.0
ARIZONA,1946,Milk,244000000.0
ARKANSAS,1946,Milk,1361000000.0
CALIFORNIA,1946,Milk,5866000000.0
COLORADO,1946,Milk,995000000.0
CONNECTICUT,1946,Milk,652000000.0
DELAWARE,1946,Milk,176000000.0
FLORIDA,1946,Milk,485000000.0
GEORGIA,1946,Milk,1167000000.0
IDAHO,1946,Milk,1262000000.0
ILLINOIS,1946,Milk,5580000000.0
INDIANA,1946,Milk,3782000000.0
IOWA,1946,Milk,6687000000.0
KANSAS,1946,Milk,2824000000.0
KENTUCKY,1946,Milk,2272000000.0
LOUISIANA,1946,Milk,667000000.0
MAINE,1946,Milk,620000000.0
MARYLAND,1946,Milk,1115000000.0
MASSACHUSETTS,1946,Milk,769000000.0
MICHIGAN,1946,Milk,5445000000.0
MINNESOTA,1946,Milk,8747000000.0
MISSISSIPPI,1946,Milk,1402000000.0
MISSOURI,1946,Milk,4026000000.0
MONTANA,1946,Milk,663000000.0
NEBRASKA,1946,Milk,2484000000.0
NEVADA,1946,Milk,97000000.0
NEW HAMPSHIRE,1946,Milk,333000000.0
NEW JERSEY,1946,Milk,1043000000.0
NEW MEXICO,1946,Milk,248000000.0
NEW YORK,1946,Milk,7783000000.0
NORTH CAROLINA,1946,Milk,1468000000.0
NORTH DAKOTA,1946,Milk,1949000000.0
OHIO,1946,Milk,5139000000.0
OKLAHOMA,1946,Milk,2352000000.0
OREGON,1946,Milk,1284000000.0
PENNSYLVANIA,1946,Milk,5233000000.0
RHODE ISLAND,1946,Milk,128000000.0
SOUTH CAROLINA,1946,Milk,580000000.0
SOUTH DAKOTA,1946,Milk,1600000000.0
TENNESSEE,1946,Milk,2220000000.0
TEXAS,1946,Milk,3745000000.0
UTAH,1946,Milk,672000000.0
VERMONT,1946,Milk,1451000000.0
VIRGINIA,1946,Milk,1735000000.0
WASHINGTON,1946,Milk,1891000000.0
WEST VIRGINIA,1946,Milk,827000000.0
WISCONSIN,1946,Milk,14993000000.0
WYOMING,1946,Milk,294000000.0
ALABAMA,1947,Milk,1287000000.0
ARIZONA,1947,Milk,260000000.0
ARKANSAS,1947,Milk,1294000000.0
CALIFORNIA,1947,Milk,5974000000.0
COLORADO,1947,Milk,975000000.0
CONNECTICUT,1947,Milk,666000000.0
DELAWARE,1947,Milk,178000000.0
FLORIDA,1947,Milk,502000000.0
GEORGIA,1947,Milk,1159000000.0
IDAHO,1947,Milk,1271000000.0
ILLINOIS,1947,Milk,5366000000.0
INDIANA,1947,Milk,3695000000.0
IOWA,1947,Milk,6520000000.0
KANSAS,1947,Milk,2775000000.0
KENTUCKY,1947,Milk,2281000000.0
LOUISIANA,1947,Milk,679000000.0
MAINE,1947,Milk,628000000.0
MARYLAND,1947,Milk,1172000000.0
MASSACHUSETTS,1947,Milk,777000000.0
MICHIGAN,1947,Milk,5441000000.0
MINNESOTA,1947,Milk,8398000000.0
MISSISSIPPI,1947,Milk,1392000000.0
MISSOURI,1947,Milk,3952000000.0
MONTANA,1947,Milk,634000000.0
NEBRASKA,1947,Milk,2404000000.0
NEVADA,1947,Milk,100000000.0
NEW HAMPSHIRE,1947,Milk,341000000.0
NEW JERSEY,1947,Milk,1072000000.0
NEW MEXICO,1947,Milk,235000000.0
NEW YORK,1947,Milk,8157000000.0
NORTH CAROLINA,1947,Milk,1486000000.0
NORTH DAKOTA,1947,Milk,1905000000.0
OHIO,1947,Milk,5156000000.0
OKLAHOMA,1947,Milk,2247000000.0
OREGON,1947,Milk,1295000000.0
PENNSYLVANIA,1947,Milk,5302000000.0
RHODE ISLAND,1947,Milk,130000000.0
SOUTH CAROLINA,1947,Milk,565000000.0
SOUTH DAKOTA,1947,Milk,1489000000.0
TENNESSEE,1947,Milk,2246000000.0
TEXAS,1947,Milk,3552000000.0
UTAH,1947,Milk,651000000.0
VERMONT,1947,Milk,1490000000.0
VIRGINIA,1947,Milk,1785000000.0
WASHINGTON,1947,Milk,1795000000.0
WEST VIRGINIA,1947,Milk,820000000.0
WISCONSIN,1947,Milk,15034000000.0
WYOMING,1947,Milk,281000000.0
ALABAMA,1948,Milk,1239000000.0
ARIZONA,1948,Milk,252000000.0
ARKANSAS,1948,Milk,1298000000.0
CALIFORNIA,1948,Milk,5785000000.0
COLORADO,1948,Milk,916000000.0
CONNECTICUT,1948,Milk,639000000.0
DELAWARE,1948,Milk,176000000.0
FLORIDA,1948,Milk,523000000.0
GEORGIA,1948,Milk,1118000000.0
IDAHO,1948,Milk,1242000000.0
ILLINOIS,1948,Milk,5168000000.0
INDIANA,1948,Milk,3655000000.0
IOWA,1948,Milk,6076000000.0
KANSAS,1948,Milk,2614000000.0
KENTUCKY,1948,Milk,2243000000.0
LOUISIANA,1948,Milk,695000000.0
MAINE,1948,Milk,576000000.0
MARYLAND,1948,Milk,1161000000.0
MASSACHUSETTS,1948,Milk,754000000.0
MICHIGAN,1948,Milk,5078000000.0
MINNESOTA,1948,Milk,7960000000.0
MISSISSIPPI,1948,Milk,1396000000.0
MISSOURI,1948,Milk,3939000000.0
MONTANA,1948,Milk,609000000.0
NEBRASKA,1948,Milk,2275000000.0
NEVADA,1948,Milk,95000000.0
NEW HAMPSHIRE,1948,Milk,330000000.0
NEW JERSEY,1948,Milk,1056000000.0
NEW MEXICO,1948,Milk,219000000.0
NEW YORK,1948,Milk,7959000000.0
NORTH CAROLINA,1948,Milk,1478000000.0
NORTH DAKOTA,1948,Milk,1725000000.0
OHIO,1948,Milk,5116000000.0
OKLAHOMA,1948,Milk,2030000000.0
OREGON,1948,Milk,1233000000.0
PENNSYLVANIA,1948,Milk,5247000000.0
RHODE ISLAND,1948,Milk,129000000.0
SOUTH CAROLINA,1948,Milk,557000000.0
SOUTH DAKOTA,1948,Milk,1417000000.0
TENNESSEE,1948,Milk,2196000000.0
TEXAS,1948,Milk,3319000000.0
UTAH,1948,Milk,649000000.0
VERMONT,1948,Milk,1442000000.0
VIRGINIA,1948,Milk,1874000000.0
WASHINGTON,1948,Milk,1760000000.0
WEST VIRGINIA,1948,Milk,811000000.0
WISCONSIN,1948,Milk,14384000000.0
WYOMING,1948,Milk,258000000.0
ALABAMA,1949,Milk,1274000000.0
ARIZONA,1949,Milk,266000000.0
ARKANSAS,1949,Milk,1292000000.0
CALIFORNIA,1949,Milk,5866000000.0
COLORADO,1949,Milk,906000000.0
CONNECTICUT,1949,Milk,691000000.0
DELAWARE,1949,Milk,181000000.0
FLORIDA,1949,Milk,580000000.0
GEORGIA,1949,Milk,1146000000.0
IDAHO,1949,Milk,1160000000.0
ILLINOIS,1949,Milk,5343000000.0
INDIANA,1949,Milk,3744000000.0
IOWA,1949,Milk,6097000000.0
KANSAS,1949,Milk,2499000000.0
KENTUCKY,1949,Milk,2416000000.0
LOUISIANA,1949,Milk,720000000.0
MAINE,1949,Milk,610000000.0
MARYLAND,1949,Milk,1221000000.0
MASSACHUSETTS,1949,Milk,762000000.0
MICHIGAN,1949,Milk,5351000000.0
MINNESOTA,1949,Milk,8304000000.0
MISSISSIPPI,1949,Milk,1425000000.0
MISSOURI,1949,Milk,4048000000.0
MONTANA,1949,Milk,571000000.0
NEBRASKA,1949,Milk,2223000000.0
NEVADA,1949,Milk,90000000.0
NEW HAMPSHIRE,1949,Milk,339000000.0
NEW JERSEY,1949,Milk,1132000000.0
NEW MEXICO,1949,Milk,221000000.0
NEW YORK,1949,Milk,8698000000.0
NORTH CAROLINA,1949,Milk,1529000000.0
NORTH DAKOTA,1949,Milk,1678000000.0
OHIO,1949,Milk,5303000000.0
OKLAHOMA,1949,Milk,1978000000.0
OREGON,1949,Milk,1247000000.0
PENNSYLVANIA,1949,Milk,5595000000.0
RHODE ISLAND,1949,Milk,139000000.0
SOUTH CAROLINA,1949,Milk,553000000.0
SOUTH DAKOTA,1949,Milk,1369000000.0
TENNESSEE,1949,Milk,2288000000.0
TEXAS,1949,Milk,3303000000.0
UTAH,1949,Milk,637000000.0
VERMONT,1949,Milk,1537000000.0
VIRGINIA,1949,Milk,1940000000.0
WASHINGTON,1949,Milk,1752000000.0
WEST VIRGINIA,1949,Milk,836000000.0
WISCONSIN,1949,Milk,14998000000.0
WYOMING,1949,Milk,245000000.0
ALABAMA,1950,Milk,1292000000.0
ARIZONA,1950,Milk,271000000.0
ARKANSAS,1950,Milk,1292000000.0
CALIFORNIA,1950,Milk,5991000000.0
COLORADO,1950,Milk,922000000.0
CONNECTICUT,1950,Milk,697000000.0
DELAWARE,1950,Milk,186000000.0
FLORIDA,1950,Milk,598000000.0
GEORGIA,1950,Milk,1174000000.0
IDAHO,1950,Milk,1197000000.0
ILLINOIS,1950,Milk,5208000000.0
INDIANA,1950,Milk,3708000000.0
IOWA,1950,Milk,6171000000.0
KANSAS,1950,Milk,2548000000.0
KENTUCKY,1950,Milk,2428000000.0
LOUISIANA,1950,Milk,719000000.0
MAINE,1950,Milk,620000000.0
MARYLAND,1950,Milk,1254000000.0
MASSACHUSETTS,1950,Milk,780000000.0
MICHIGAN,1950,Milk,5420000000.0
MINNESOTA,1950,Milk,8067000000.0
MISSISSIPPI,1950,Milk,1423000000.0
MISSOURI,1950,Milk,4132000000.0
MONTANA,1950,Milk,565000000.0
NEBRASKA,1950,Milk,2250000000.0
NEVADA,1950,Milk,91000000.0
NEW HAMPSHIRE,1950,Milk,344000000.0
NEW JERSEY,1950,Milk,1140000000.0
NEW MEXICO,1950,Milk,215000000.0
NEW YORK,1950,Milk,8853000000.0
NORTH CAROLINA,1950,Milk,1561000000.0
NORTH DAKOTA,1950,Milk,1699000000.0
OHIO,1950,Milk,5273000000.0
OKLAHOMA,1950,Milk,1991000000.0
OREGON,1950,Milk,1253000000.0
PENNSYLVANIA,1950,Milk,5631000000.0
RHODE ISLAND,1950,Milk,137000000.0
SOUTH CAROLINA,1950,Milk,556000000.0
SOUTH DAKOTA,1950,Milk,1402000000.0
TENNESSEE,1950,Milk,2329000000.0
TEXAS,1950,Milk,3451000000.0
UTAH,1950,Milk,655000000.0
VERMONT,1950,Milk,1516000000.0
VIRGINIA,1950,Milk,1976000000.0
WASHINGTON,1950,Milk,1746000000.0
WEST VIRGINIA,1950,Milk,834000000.0
WISCONSIN,1950,Milk,14796000000.0
WYOMING,1950,Milk,239000000.0
ALABAMA,1951,Milk,1249000000.0
ARIZONA,1951,Milk,276000000.0
ARKANSAS,1951,Milk,1210000000.0
CALIFORNIA,1951,Milk,6014000000.0
COLORADO,1951,Milk,886000000.0
CONNECTICUT,1951,Milk,693000000.0
DELAWARE,1951,Milk,189000000.0
FLORIDA,1951,Milk,631000000.0
GEORGIA,1951,Milk,1154000000.0
IDAHO,1951,Milk,1214000000.0
ILLINOIS,1951,Milk,4998000000.0
INDIANA,1951,Milk,3597000000.0
IOWA,1951,Milk,5930000000.0
KANSAS,1951,Milk,2460000000.0
KENTUCKY,1951,Milk,2392000000.0
LOUISIANA,1951,Milk,731000000.0
MAINE,1951,Milk,616000000.0
MARYLAND,1951,Milk,1265000000.0
MASSACHUSETTS,1951,Milk,779000000.0
MICHIGAN,1951,Milk,5300000000.0
MINNESOTA,1951,Milk,7942000000.0
MISSISSIPPI,1951,Milk,1395000000.0
MISSOURI,1951,Milk,4040000000.0
MONTANA,1951,Milk,530000000.0
NEBRASKA,1951,Milk,2149000000.0
NEVADA,1951,Milk,85000000.0
NEW HAMPSHIRE,1951,Milk,336000000.0
NEW JERSEY,1951,Milk,1134000000.0
NEW MEXICO,1951,Milk,210000000.0
NEW YORK,1951,Milk,8811000000.0
NORTH CAROLINA,1951,Milk,1589000000.0
NORTH DAKOTA,1951,Milk,1700000000.0
OHIO,1951,Milk,5141000000.0
OKLAHOMA,1951,Milk,1814000000.0
OREGON,1951,Milk,1196000000.0
PENNSYLVANIA,1951,Milk,5582000000.0
RHODE ISLAND,1951,Milk,138000000.0
SOUTH CAROLINA,1951,Milk,562000000.0
SOUTH DAKOTA,1951,Milk,1389000000.0
TENNESSEE,1951,Milk,2311000000.0
TEXAS,1951,Milk,3220000000.0
UTAH,1951,Milk,657000000.0
VERMONT,1951,Milk,1495000000.0
VIRGINIA,1951,Milk,1917000000.0
WASHINGTON,1951,Milk,1660000000.0
WEST VIRGINIA,1951,Milk,816000000.0
WISCONSIN,1951,Milk,15047000000.0
WYOMING,1951,Milk,231000000.0
ALABAMA,1952,Milk,1258000000.0
ARIZONA,1952,Milk,291000000.0
ARKANSAS,1952,Milk,1168000000.0
CALIFORNIA,1952,Milk,6074000000.0
COLORADO,1952,Milk,864000000.0
CONNECTICUT,1952,Milk,697000000.0
DELAWARE,1952,Milk,198000000.0
FLORIDA,1952,Milk,681000000.0
GEORGIA,1952,Milk,1147000000.0
IDAHO,1952,Milk,1226000000.0
ILLINOIS,1952,Milk,4961000000.0
INDIANA,1952,Milk,3606000000.0
IOWA,1952,Milk,5676000000.0
KANSAS,1952,Milk,2328000000.0
KENTUCKY,1952,Milk,2313000000.0
LOUISIANA,1952,Milk,760000000.0
MAINE,1952,Milk,622000000.0
MARYLAND,1952,Milk,1305000000.0
MASSACHUSETTS,1952,Milk,783000000.0
MICHIGAN,1952,Milk,5396000000.0
MINNESOTA,1952,Milk,8088000000.0
MISSISSIPPI,1952,Milk,1356000000.0
MISSOURI,1952,Milk,3817000000.0
MONTANA,1952,Milk,513000000.0
NEBRASKA,1952,Milk,2103000000.0
NEVADA,1952,Milk,81000000.0
NEW HAMPSHIRE,1952,Milk,345000000.0
NEW JERSEY,1952,Milk,1136000000.0
NEW MEXICO,1952,Milk,210000000.0
NEW YORK,1952,Milk,8960000000.0
NORTH CAROLINA,1952,Milk,1615000000.0
NORTH DAKOTA,1952,Milk,1723000000.0
OHIO,1952,Milk,5343000000.0
OKLAHOMA,1952,Milk,1695000000.0
OREGON,1952,Milk,1176000000.0
PENNSYLVANIA,1952,Milk,5719000000.0
RHODE ISLAND,1952,Milk,135000000.0
SOUTH CAROLINA,1952,Milk,564000000.0
SOUTH DAKOTA,1952,Milk,1297000000.0
TENNESSEE,1952,Milk,2294000000.0
TEXAS,1952,Milk,3119000000.0
UTAH,1952,Milk,662000000.0
VERMONT,1952,Milk,1522000000.0
VIRGINIA,1952,Milk,1890000000.0
WASHINGTON,1952,Milk,1674000000.0
WEST VIRGINIA,1952,Milk,786000000.0
WISCONSIN,1952,Milk,15272000000.0
WYOMING,1952,Milk,222000000.0
ALABAMA,1953,Milk,1308000000.0
ARIZONA,1953,Milk,310000000.0
ARKANSAS,1953,Milk,1261000000.0
CALIFORNIA,1953,Milk,6610000000.0
COLORADO,1953,Milk,891000000.0
CONNECTICUT,1953,Milk,721000000.0
DELAWARE,1953,Milk,202000000.0
FLORIDA,1953,Milk,768000000.0
GEORGIA,1953,Milk,1156000000.0
IDAHO,1953,Milk,1390000000.0
ILLINOIS,1953,Milk,5162000000.0
INDIANA,1953,Milk,3750000000.0
IOWA,1953,Milk,5993000000.0
KANSAS,1953,Milk,2406000000.0
KENTUCKY,1953,Milk,2414000000.0
LOUISIANA,1953,Milk,782000000.0
MAINE,1953,Milk,675000000.0
MARYLAND,1953,Milk,1385000000.0
MASSACHUSETTS,1953,Milk,817000000.0
MICHIGAN,1953,Milk,5506000000.0
MINNESOTA,1953,Milk,8590000000.0
MISSISSIPPI,1953,Milk,1481000000.0
MISSOURI,1953,Milk,3969000000.0
MONTANA,1953,Milk,535000000.0
NEBRASKA,1953,Milk,2256000000.0
NEVADA,1953,Milk,86000000.0
NEW HAMPSHIRE,1953,Milk,372000000.0
NEW JERSEY,1953,Milk,1152000000.0
NEW MEXICO,1953,Milk,218000000.0
NEW YORK,1953,Milk,9340000000.0
NORTH CAROLINA,1953,Milk,1677000000.0
NORTH DAKOTA,1953,Milk,1759000000.0
OHIO,1953,Milk,5639000000.0
OKLAHOMA,1953,Milk,1774000000.0
OREGON,1953,Milk,1214000000.0
PENNSYLVANIA,1953,Milk,5933000000.0
RHODE ISLAND,1953,Milk,142000000.0
SOUTH CAROLINA,1953,Milk,577000000.0
SOUTH DAKOTA,1953,Milk,1369000000.0
TENNESSEE,1953,Milk,2421000000.0
TEXAS,1953,Milk,3110000000.0
UTAH,1953,Milk,705000000.0
VERMONT,1953,Milk,1646000000.0
VIRGINIA,1953,Milk,2019000000.0
WASHINGTON,1953,Milk,1772000000.0
WEST VIRGINIA,1953,Milk,796000000.0
WISCONSIN,1953,Milk,15947000000.0
WYOMING,1953,Milk,215000000.0
ALABAMA,1954,Milk,1213000000.0
ARIZONA,1954,Milk,348000000.0
ARKANSAS,1954,Milk,1270000000.0
CALIFORNIA,1954,Milk,7006000000.0
COLORADO,1954,Milk,920000000.0
CONNECTICUT,1954,Milk,736000000.0
DELAWARE,1954,Milk,202000000.0
FLORIDA,1954,Milk,800000000.0
GEORGIA,1954,Milk,1166000000.0
IDAHO,1954,Milk,1529000000.0
ILLINOIS,1954,Milk,5191000000.0
INDIANA,1954,Milk,3993000000.0
IOWA,1954,Milk,6003000000.0
KANSAS,1954,Milk,2465000000.0
KENTUCKY,1954,Milk,2444000000.0
LOUISIANA,1954,Milk,806000000.0
MAINE,1954,Milk,684000000.0
MARYLAND,1954,Milk,1440000000.0
MASSACHUSETTS,1954,Milk,813000000.0
MICHIGAN,1954,Milk,5423000000.0
MINNESOTA,1954,Milk,8615000000.0
MISSISSIPPI,1954,Milk,1462000000.0
MISSOURI,1954,Milk,4122000000.0
MONTANA,1954,Milk,540000000.0
NEBRASKA,1954,Milk,2313000000.0
NEVADA,1954,Milk,87000000.0
NEW HAMPSHIRE,1954,Milk,379000000.0
NEW JERSEY,1954,Milk,1175000000.0
NEW MEXICO,1954,Milk,218000000.0
NEW YORK,1954,Milk,9466000000.0
NORTH CAROLINA,1954,Milk,1672000000.0
NORTH DAKOTA,1954,Milk,1786000000.0
OHIO,1954,Milk,5676000000.0
OKLAHOMA,1954,Milk,1764000000.0
OREGON,1954,Milk,1238000000.0
PENNSYLVANIA,1954,Milk,6064000000.0
RHODE ISLAND,1954,Milk,145000000.0
SOUTH CAROLINA,1954,Milk,592000000.0
SOUTH DAKOTA,1954,Milk,1360000000.0
TENNESSEE,1954,Milk,2416000000.0
TEXAS,1954,Milk,3045000000.0
UTAH,1954,Milk,705000000.0
VERMONT,1954,Milk,1674000000.0
VIRGINIA,1954,Milk,2002000000.0
WASHINGTON,1954,Milk,1814000000.0
WEST VIRGINIA,1954,Milk,815000000.0
WISCONSIN,1954,Milk,16273000000.0
WYOMING,1954,Milk,224000000.0
ALABAMA,1955,Milk,1204000000.0
ARIZONA,1955,Milk,352000000.0
ARKANSAS,1955,Milk,1257000000.0
CALIFORNIA,1955,Milk,7241000000.0
COLORADO,1955,Milk,909000000.0
CONNECTICUT,1955,Milk,748000000.0
DELAWARE,1955,Milk,200000000.0
FLORIDA,1955,Milk,884000000.0
GEORGIA,1955,Milk,1149000000.0
IDAHO,1955,Milk,1518000000.0
ILLINOIS,1955,Milk,5027000000.0
INDIANA,1955,Milk,3845000000.0
IOWA,1955,Milk,5958000000.0
KANSAS,1955,Milk,2354000000.0
KENTUCKY,1955,Milk,2486000000.0
LOUISIANA,1955,Milk,803000000.0
MAINE,1955,Milk,682000000.0
MARYLAND,1955,Milk,1484000000.0
MASSACHUSETTS,1955,Milk,817000000.0
MICHIGAN,1955,Milk,5396000000.0
MINNESOTA,1955,Milk,8833000000.0
MISSISSIPPI,1955,Milk,1447000000.0
MISSOURI,1955,Milk,4120000000.0
MONTANA,1955,Milk,514000000.0
NEBRASKA,1955,Milk,2298000000.0
NEVADA,1955,Milk,87000000.0
NEW HAMPSHIRE,1955,Milk,391000000.0
NEW JERSEY,1955,Milk,1178000000.0
NEW MEXICO,1955,Milk,216000000.0
NEW YORK,1955,Milk,9824000000.0
NORTH CAROLINA,1955,Milk,1661000000.0
NORTH DAKOTA,1955,Milk,1785000000.0
OHIO,1955,Milk,5738000000.0
OKLAHOMA,1955,Milk,1710000000.0
OREGON,1955,Milk,1208000000.0
PENNSYLVANIA,1955,Milk,6411000000.0
RHODE ISLAND,1955,Milk,138000000.0
SOUTH CAROLINA,1955,Milk,591000000.0
SOUTH DAKOTA,1955,Milk,1368000000.0
TENNESSEE,1955,Milk,2372000000.0
TEXAS,1955,Milk,2988000000.0
UTAH,1955,Milk,697000000.0
VERMONT,1955,Milk,1726000000.0
VIRGINIA,1955,Milk,2002000000.0
WASHINGTON,1955,Milk,1819000000.0
WEST VIRGINIA,1955,Milk,815000000.0
WISCONSIN,1955,Milk,16482000000.0
WYOMING,1955,Milk,212000000.0
ALABAMA,1956,Milk,1178000000.0
ARIZONA,1956,Milk,370000000.0
ARKANSAS,1956,Milk,1216000000.0
CALIFORNIA,1956,Milk,7343000000.0
COLORADO,1956,Milk,888000000.0
CONNECTICUT,1956,Milk,751000000.0
DELAWARE,1956,Milk,198000000.0
FLORIDA,1956,Milk,1002000000.0
GEORGIA,1956,Milk,1156000000.0
IDAHO,1956,Milk,1510000000.0
ILLINOIS,1956,Milk,5138000000.0
INDIANA,1956,Milk,3683000000.0
IOWA,1956,Milk,6305000000.0
KANSAS,1956,Milk,2312000000.0
KENTUCKY,1956,Milk,2613000000.0
LOUISIANA,1956,Milk,829000000.0
MAINE,1956,Milk,713000000.0
MARYLAND,1956,Milk,1502000000.0
MASSACHUSETTS,1956,Milk,798000000.0
MICHIGAN,1956,Milk,5365000000.0
MINNESOTA,1956,Milk,9369000000.0
MISSISSIPPI,1956,Milk,1485000000.0
MISSOURI,1956,Milk,4127000000.0
MONTANA,1956,Milk,500000000.0
NEBRASKA,1956,Milk,2291000000.0
NEVADA,1956,Milk,90000000.0
NEW HAMPSHIRE,1956,Milk,387000000.0
NEW JERSEY,1956,Milk,1155000000.0
NEW MEXICO,1956,Milk,225000000.0
NEW YORK,1956,Milk,10020000000.0
NORTH CAROLINA,1956,Milk,1672000000.0
NORTH DAKOTA,1956,Milk,1791000000.0
OHIO,1956,Milk,5620000000.0
OKLAHOMA,1956,Milk,1675000000.0
OREGON,1956,Milk,1166000000.0
PENNSYLVANIA,1956,Milk,6482000000.0
RHODE ISLAND,1956,Milk,132000000.0
SOUTH CAROLINA,1956,Milk,626000000.0
SOUTH DAKOTA,1956,Milk,1411000000.0
TENNESSEE,1956,Milk,2445000000.0
TEXAS,1956,Milk,3070000000.0
UTAH,1956,Milk,717000000.0
VERMONT,1956,Milk,1762000000.0
VIRGINIA,1956,Milk,2027000000.0
WASHINGTON,1956,Milk,1818000000.0
WEST VIRGINIA,1956,Milk,797000000.0
WISCONSIN,1956,Milk,16922000000.0
WYOMING,1956,Milk,208000000.0
ALABAMA,1957,Milk,1135000000.0
ARIZONA,1957,Milk,394000000.0
ARKANSAS,1957,Milk,1146000000.0
CALIFORNIA,1957,Milk,7701000000.0
COLORADO,1957,Milk,884000000.0
CONNECTICUT,1957,Milk,736000000.0
DELAWARE,1957,Milk,195000000.0
FLORIDA,1957,Milk,1088000000.0
GEORGIA,1957,Milk,1137000000.0
IDAHO,1957,Milk,1527000000.0
ILLINOIS,1957,Milk,5025000000.0
INDIANA,1957,Milk,3598000000.0
IOWA,1957,Milk,6370000000.0
KANSAS,1957,Milk,2182000000.0
KENTUCKY,1957,Milk,2617000000.0
LOUISIANA,1957,Milk,846000000.0
MAINE,1957,Milk,724000000.0
MARYLAND,1957,Milk,1528000000.0
MASSACHUSETTS,1957,Milk,779000000.0
MICHIGAN,1957,Milk,5291000000.0
MINNESOTA,1957,Milk,9598000000.0
MISSISSIPPI,1957,Milk,1477000000.0
MISSOURI,1957,Milk,3961000000.0
MONTANA,1957,Milk,489000000.0
NEBRASKA,1957,Milk,2237000000.0
NEVADA,1957,Milk,92000000.0
NEW HAMPSHIRE,1957,Milk,388000000.0
NEW JERSEY,1957,Milk,1127000000.0
NEW MEXICO,1957,Milk,227000000.0
NEW YORK,1957,Milk,9716000000.0
NORTH CAROLINA,1957,Milk,1685000000.0
NORTH DAKOTA,1957,Milk,1762000000.0
OHIO,1957,Milk,5372000000.0
OKLAHOMA,1957,Milk,1587000000.0
OREGON,1957,Milk,1135000000.0
PENNSYLVANIA,1957,Milk,6387000000.0
RHODE ISLAND,1957,Milk,129000000.0
SOUTH CAROLINA,1957,Milk,622000000.0
SOUTH DAKOTA,1957,Milk,1436000000.0
TENNESSEE,1957,Milk,2422000000.0
TEXAS,1957,Milk,3059000000.0
UTAH,1957,Milk,741000000.0
VERMONT,1957,Milk,1802000000.0
VIRGINIA,1957,Milk,2055000000.0
WASHINGTON,1957,Milk,1835000000.0
WEST VIRGINIA,1957,Milk,748000000.0
WISCONSIN,1957,Milk,17433000000.0
WYOMING,1957,Milk,203000000.0
ALABAMA,1958,Milk,1034000000.0
ARIZONA,1958,Milk,421000000.0
ARKANSAS,1958,Milk,1035000000.0
CALIFORNIA,1958,Milk,7616000000.0
COLORADO,1958,Milk,853000000.0
CONNECTICUT,1958,Milk,745000000.0
DELAWARE,1958,Milk,195000000.0
FLORIDA,1958,Milk,1117000000.0
GEORGIA,1958,Milk,1081000000.0
IDAHO,1958,Milk,1550000000.0
ILLINOIS,1958,Milk,4665000000.0
INDIANA,1958,Milk,3374000000.0
IOWA,1958,Milk,6270000000.0
KANSAS,1958,Milk,2012000000.0
KENTUCKY,1958,Milk,2521000000.0
LOUISIANA,1958,Milk,822000000.0
MAINE,1958,Milk,713000000.0
MARYLAND,1958,Milk,1518000000.0
MASSACHUSETTS,1958,Milk,766000000.0
MICHIGAN,1958,Milk,5216000000.0
MINNESOTA,1958,Milk,9753000000.0
MISSISSIPPI,1958,Milk,1338000000.0
MISSOURI,1958,Milk,3790000000.0
MONTANA,1958,Milk,485000000.0
NEBRASKA,1958,Milk,2091000000.0
NEVADA,1958,Milk,96000000.0
NEW HAMPSHIRE,1958,Milk,384000000.0
NEW JERSEY,1958,Milk,1122000000.0
NEW MEXICO,1958,Milk,236000000.0
NEW YORK,1958,Milk,9825000000.0
NORTH CAROLINA,1958,Milk,1594000000.0
NORTH DAKOTA,1958,Milk,1773000000.0
OHIO,1958,Milk,5242000000.0
OKLAHOMA,1958,Milk,1537000000.0
OREGON,1958,Milk,1126000000.0
PENNSYLVANIA,1958,Milk,6509000000.0
RHODE ISLAND,1958,Milk,130000000.0
SOUTH CAROLINA,1958,Milk,576000000.0
SOUTH DAKOTA,1958,Milk,1427000000.0
TENNESSEE,1958,Milk,2279000000.0
TEXAS,1958,Milk,3014000000.0
UTAH,1958,Milk,742000000.0
VERMONT,1958,Milk,1894000000.0
VIRGINIA,1958,Milk,1984000000.0
WASHINGTON,1958,Milk,1874000000.0
WEST VIRGINIA,1958,Milk,722000000.0
WISCONSIN,1958,Milk,17956000000.0
WYOMING,1958,Milk,197000000.0
ALABAMA,1959,Milk,998000000.0
ARIZONA,1959,Milk,461000000.0
ARKANSAS,1959,Milk,963000000.0
CALIFORNIA,1959,Milk,7943000000.0
COLORADO,1959,Milk,851000000.0
CONNECTICUT,1959,Milk,740000000.0
DELAWARE,1959,Milk,195000000.0
FLORIDA,1959,Milk,1240000000.0
GEORGIA,1959,Milk,1051000000.0
IDAHO,1959,Milk,1591000000.0
ILLINOIS,1959,Milk,4330000000.0
INDIANA,1959,Milk,3225000000.0
IOWA,1959,Milk,5940000000.0
KANSAS,1959,Milk,1940000000.0
KENTUCKY,1959,Milk,2504000000.0
LOUISIANA,1959,Milk,818000000.0
MAINE,1959,Milk,701000000.0
MARYLAND,1959,Milk,1517000000.0
MASSACHUSETTS,1959,Milk,750000000.0
MICHIGAN,1959,Milk,5090000000.0
MINNESOTA,1959,Milk,9970000000.0
MISSISSIPPI,1959,Milk,1288000000.0
MISSOURI,1959,Milk,3698000000.0
MONTANA,1959,Milk,470000000.0
NEBRASKA,1959,Milk,2023000000.0
NEVADA,1959,Milk,110000000.0
NEW HAMPSHIRE,1959,Milk,377000000.0
NEW JERSEY,1959,Milk,1150000000.0
NEW MEXICO,1959,Milk,242000000.0
NEW YORK,1959,Milk,9761000000.0
NORTH CAROLINA,1959,Milk,1574000000.0
NORTH DAKOTA,1959,Milk,1757000000.0
OHIO,1959,Milk,5114000000.0
OKLAHOMA,1959,Milk,1452000000.0
OREGON,1959,Milk,1110000000.0
PENNSYLVANIA,1959,Milk,6587000000.0
RHODE ISLAND,1959,Milk,127000000.0
SOUTH CAROLINA,1959,Milk,546000000.0
SOUTH DAKOTA,1959,Milk,1453000000.0
TENNESSEE,1959,Milk,2200000000.0
TEXAS,1959,Milk,2968000000.0
UTAH,1959,Milk,761000000.0
VERMONT,1959,Milk,1858000000.0
VIRGINIA,1959,Milk,1982000000.0
WASHINGTON,1959,Milk,1865000000.0
WEST VIRGINIA,1959,Milk,687000000.0
WISCONSIN,1959,Milk,17815000000.0
WYOMING,1959,Milk,196000000.0
ALABAMA,1960,Milk,949000000.0
ALASKA,1960,Milk,20400000.0
ARIZONA,1960,Milk,461000000.0
ARKANSAS,1960,Milk,922000000.0
CALIFORNIA,1960,Milk,8059000000.0
COLORADO,1960,Milk,866000000.0
CONNECTICUT,1960,Milk,734000000.0
DELAWARE,1960,Milk,191000000.0
FLORIDA,1960,Milk,1306000000.0
GEORGIA,1960,Milk,1020000000.0
HAWAII,1960,Milk,122000000.0
IDAHO,1960,Milk,1634000000.0
ILLINOIS,1960,Milk,4229000000.0
INDIANA,1960,Milk,3178000000.0
IOWA,1960,Milk,5940000000.0
KANSAS,1960,Milk,1922000000.0
KENTUCKY,1960,Milk,2495000000.0
LOUISIANA,1960,Milk,859000000.0
MAINE,1960,Milk,700000000.0
MARYLAND,1960,Milk,1531000000.0
MASSACHUSETTS,1960,Milk,784000000.0
MICHIGAN,1960,Milk,5173000000.0
MINNESOTA,1960,Milk,10272000000.0
MISSISSIPPI,1960,Milk,1241000000.0
MISSOURI,1960,Milk,3685000000.0
MONTANA,1960,Milk,461000000.0
NEBRASKA,1960,Milk,2008000000.0
NEVADA,1960,Milk,119000000.0
NEW HAMPSHIRE,1960,Milk,391000000.0
NEW JERSEY,1960,Milk,1189000000.0
NEW MEXICO,1960,Milk,253000000.0
NEW YORK,1960,Milk,10171000000.0
NORTH CAROLINA,1960,Milk,1539000000.0
NORTH DAKOTA,1960,Milk,1731000000.0
OHIO,1960,Milk,5125000000.0
OKLAHOMA,1960,Milk,1421000000.0
OREGON,1960,Milk,1131000000.0
PENNSYLVANIA,1960,Milk,6878000000.0
RHODE ISLAND,1960,Milk,121000000.0
SOUTH CAROLINA,1960,Milk,531000000.0
SOUTH DAKOTA,1960,Milk,1463000000.0
TENNESSEE,1960,Milk,2194000000.0
TEXAS,1960,Milk,2932000000.0
UTAH,1960,Milk,764000000.0
VERMONT,1960,Milk,1876000000.0
VIRGINIA,1960,Milk,1976000000.0
WASHINGTON,1960,Milk,1911000000.0
WEST VIRGINIA,1960,Milk,659000000.0
WISCONSIN,1960,Milk,17780000000.0
WYOMING,1960,Milk,192000000.0
ALABAMA,1961,Milk,921000000.0
ALASKA,1961,Milk,22800000.0
ARIZONA,1961,Milk,468000000.0
ARKANSAS,1961,Milk,931000000.0
CALIFORNIA,1961,Milk,8211000000.0
COLORADO,1961,Milk,848000000.0
CONNECTICUT,1961,Milk,728000000.0
DELAWARE,1961,Milk,183000000.0
FLORIDA,1961,Milk,1306000000.0
GEORGIA,1961,Milk,1034000000.0
HAWAII,1961,Milk,123000000.0
IDAHO,1961,Milk,1646000000.0
ILLINOIS,1961,Milk,4312000000.0
INDIANA,1961,Milk,3260000000.0
IOWA,1961,Milk,6117000000.0
KANSAS,1961,Milk,1955000000.0
KENTUCKY,1961,Milk,2605000000.0
LOUISIANA,1961,Milk,910000000.0
MAINE,1961,Milk,707000000.0
MARYLAND,1961,Milk,1543000000.0
MASSACHUSETTS,1961,Milk,810000000.0
MICHIGAN,1961,Milk,5297000000.0
MINNESOTA,1961,Milk,10569000000.0
MISSISSIPPI,1961,Milk,1292000000.0
MISSOURI,1961,Milk,3746000000.0
MONTANA,1961,Milk,447000000.0
NEBRASKA,1961,Milk,2045000000.0
NEVADA,1961,Milk,113000000.0
NEW HAMPSHIRE,1961,Milk,409000000.0
NEW JERSEY,1961,Milk,1166000000.0
NEW MEXICO,1961,Milk,247000000.0
NEW YORK,1961,Milk,10588000000.0
NORTH CAROLINA,1961,Milk,1549000000.0
NORTH DAKOTA,1961,Milk,1721000000.0
OHIO,1961,Milk,5387000000.0
OKLAHOMA,1961,Milk,1488000000.0
OREGON,1961,Milk,1101000000.0
PENNSYLVANIA,1961,Milk,7061000000.0
RHODE ISLAND,1961,Milk,116000000.0
SOUTH CAROLINA,1961,Milk,540000000.0
SOUTH DAKOTA,1961,Milk,1525000000.0
TENNESSEE,1961,Milk,2277000000.0
TEXAS,1961,Milk,3030000000.0
UTAH,1961,Milk,769000000.0
VERMONT,1961,Milk,1963000000.0
VIRGINIA,1961,Milk,1945000000.0
WASHINGTON,1961,Milk,1920000000.0
WEST VIRGINIA,1961,Milk,640000000.0
WISCONSIN,1961,Milk,17931000000.0
WYOMING,1961,Milk,184000000.0
ALABAMA,1962,Milk,888000000.0
ALASKA,1962,Milk,23000000.0
ARIZONA,1962,Milk,478000000.0
ARKANSAS,1962,Milk,876000000.0
CALIFORNIA,1962,Milk,8308000000.0
COLORADO,1962,Milk,847000000.0
CONNECTICUT,1962,Milk,721000000.0
DELAWARE,1962,Milk,175000000.0
FLORIDA,1962,Milk,1309000000.0
GEORGIA,1962,Milk,1000000000.0
HAWAII,1962,Milk,127000000.0
IDAHO,1962,Milk,1608000000.0
ILLINOIS,1962,Milk,4245000000.0
INDIANA,1962,Milk,3183000000.0
IOWA,1962,Milk,6196000000.0
KANSAS,1962,Milk,1872000000.0
KENTUCKY,1962,Milk,2623000000.0
LOUISIANA,1962,Milk,924000000.0
MAINE,1962,Milk,698000000.0
MARYLAND,1962,Milk,1548000000.0
MASSACHUSETTS,1962,Milk,816000000.0
MICHIGAN,1962,Milk,5606000000.0
MINNESOTA,1962,Milk,10480000000.0
MISSISSIPPI,1962,Milk,1224000000.0
MISSOURI,1962,Milk,3624000000.0
MONTANA,1962,Milk,424000000.0
NEBRASKA,1962,Milk,2005000000.0
NEVADA,1962,Milk,117000000.0
NEW HAMPSHIRE,1962,Milk,422000000.0
NEW JERSEY,1962,Milk,1155000000.0
NEW MEXICO,1962,Milk,256000000.0
NEW YORK,1962,Milk,10688000000.0
NORTH CAROLINA,1962,Milk,1524000000.0
NORTH DAKOTA,1962,Milk,1711000000.0
OHIO,1962,Milk,5441000000.0
OKLAHOMA,1962,Milk,1431000000.0
OREGON,1962,Milk,1117000000.0
PENNSYLVANIA,1962,Milk,7192000000.0
RHODE ISLAND,1962,Milk,113000000.0
SOUTH CAROLINA,1962,Milk,533000000.0
SOUTH DAKOTA,1962,Milk,1490000000.0
TENNESSEE,1962,Milk,2262000000.0
TEXAS,1962,Milk,3041000000.0
UTAH,1962,Milk,758000000.0
VERMONT,1962,Milk,1976000000.0
VIRGINIA,1962,Milk,1903000000.0
WASHINGTON,1962,Milk,1932000000.0
WEST VIRGINIA,1962,Milk,583000000.0
WISCONSIN,1962,Milk,18598000000.0
WYOMING,1962,Milk,180000000.0
ALABAMA,1963,Milk,840000000.0
ALASKA,1963,Milk,22800000.0
ARIZONA,1963,Milk,505000000.0
ARKANSAS,1963,Milk,786000000.0
CALIFORNIA,1963,Milk,8299000000.0
COLORADO,1963,Milk,850000000.0
CONNECTICUT,1963,Milk,710000000.0
DELAWARE,1963,Milk,176000000.0
FLORIDA,1963,Milk,1328000000.0
GEORGIA,1963,Milk,966000000.0
HAWAII,1963,Milk,125000000.0
IDAHO,1963,Milk,1575000000.0
ILLINOIS,1963,Milk,4156000000.0
INDIANA,1963,Milk,3169000000.0
IOWA,1963,Milk,6296000000.0
KANSAS,1963,Milk,1810000000.0
KENTUCKY,1963,Milk,2632000000.0
LOUISIANA,1963,Milk,935000000.0
MAINE,1963,Milk,685000000.0
MARYLAND,1963,Milk,1554000000.0
MASSACHUSETTS,1963,Milk,803000000.0
MICHIGAN,1963,Milk,5589000000.0
MINNESOTA,1963,Milk,10465000000.0
MISSISSIPPI,1963,Milk,1135000000.0
MISSOURI,1963,Milk,3471000000.0
MONTANA,1963,Milk,406000000.0
NEBRASKA,1963,Milk,1924000000.0
NEVADA,1963,Milk,122000000.0
NEW HAMPSHIRE,1963,Milk,413000000.0
NEW JERSEY,1963,Milk,1123000000.0
NEW MEXICO,1963,Milk,274000000.0
NEW YORK,1963,Milk,10807000000.0
NORTH CAROLINA,1963,Milk,1492000000.0
NORTH DAKOTA,1963,Milk,1655000000.0
OHIO,1963,Milk,5405000000.0
OKLAHOMA,1963,Milk,1336000000.0
OREGON,1963,Milk,1041000000.0
PENNSYLVANIA,1963,Milk,7276000000.0
RHODE ISLAND,1963,Milk,110000000.0
SOUTH CAROLINA,1963,Milk,524000000.0
SOUTH DAKOTA,1963,Milk,1473000000.0
TENNESSEE,1963,Milk,2173000000.0
TEXAS,1963,Milk,2934000000.0
UTAH,1963,Milk,753000000.0
VERMONT,1963,Milk,1998000000.0
VIRGINIA,1963,Milk,1839000000.0
WASHINGTON,1963,Milk,1921000000.0
WEST VIRGINIA,1963,Milk,545000000.0
WISCONSIN,1963,Milk,18597000000.0
WYOMING,1963,Milk,178000000.0
ALABAMA,1964,Milk,828000000.0
ALASKA,1964,Milk,22700000.0
ARIZONA,1964,Milk,520000000.0
ARKANSAS,1964,Milk,740000000.0
CALIFORNIA,1964,Milk,8540000000.0
COLORADO,1964,Milk,862000000.0
CONNECTICUT,1964,Milk,706000000.0
DELAWARE,1964,Milk,165000000.0
FLORIDA,1964,Milk,1353000000.0
GEORGIA,1964,Milk,952000000.0
HAWAII,1964,Milk,133000000.0
IDAHO,1964,Milk,1500000000.0
ILLINOIS,1964,Milk,3999000000.0
INDIANA,1964,Milk,3176000000.0
IOWA,1964,Milk,6607000000.0
KANSAS,1964,Milk,1816000000.0
KENTUCKY,1964,Milk,2570000000.0
LOUISIANA,1964,Milk,961000000.0
MAINE,1964,Milk,676000000.0
MARYLAND,1964,Milk,1566000000.0
MASSACHUSETTS,1964,Milk,800000000.0
MICHIGAN,1964,Milk,5758000000.0
MINNESOTA,1964,Milk,11155000000.0
MISSISSIPPI,1964,Milk,1109000000.0
MISSOURI,1964,Milk,3388000000.0
MONTANA,1964,Milk,396000000.0
NEBRASKA,1964,Milk,1941000000.0
NEVADA,1964,Milk,129000000.0
NEW HAMPSHIRE,1964,Milk,400000000.0
NEW JERSEY,1964,Milk,1074000000.0
NEW MEXICO,1964,Milk,284000000.0
NEW YORK,1964,Milk,10955000000.0
NORTH CAROLINA,1964,Milk,1483000000.0
NORTH DAKOTA,1964,Milk,1623000000.0
OHIO,1964,Milk,5396000000.0
OKLAHOMA,1964,Milk,1287000000.0
OREGON,1964,Milk,1010000000.0
PENNSYLVANIA,1964,Milk,7282000000.0
RHODE ISLAND,1964,Milk,106000000.0
SOUTH CAROLINA,1964,Milk,515000000.0
SOUTH DAKOTA,1964,Milk,1559000000.0
TENNESSEE,1964,Milk,2106000000.0
TEXAS,1964,Milk,2951000000.0
UTAH,1964,Milk,730000000.0
VERMONT,1964,Milk,2017000000.0
VIRGINIA,1964,Milk,1825000000.0
WASHINGTON,1964,Milk,1941000000.0
WEST VIRGINIA,1964,Milk,516000000.0
WISCONSIN,1964,Milk,19358000000.0
WYOMING,1964,Milk,180000000.0
ALABAMA,1965,Milk,838000000.0
ALASKA,1965,Milk,20700000.0
ARIZONA,1965,Milk,529000000.0
ARKANSAS,1965,Milk,722000000.0
CALIFORNIA,1965,Milk,8480000000.0
COLORADO,1965,Milk,832000000.0
CONNECTICUT,1965,Milk,713000000.0
DELAWARE,1965,Milk,156000000.0
FLORIDA,1965,Milk,1390000000.0
GEORGIA,1965,Milk,991000000.0
HAWAII,1965,Milk,149000000.0
IDAHO,1965,Milk,1475000000.0
ILLINOIS,1965,Milk,3844000000.0
INDIANA,1965,Milk,2954000000.0
IOWA,1965,Milk,5945000000.0
KANSAS,1965,Milk,1749000000.0
KENTUCKY,1965,Milk,2568000000.0
LOUISIANA,1965,Milk,1002000000.0
MAINE,1965,Milk,660000000.0
MARYLAND,1965,Milk,1559000000.0
MASSACHUSETTS,1965,Milk,790000000.0
MICHIGAN,1965,Milk,5528000000.0
MINNESOTA,1965,Milk,10731000000.0
MISSISSIPPI,1965,Milk,1136000000.0
MISSOURI,1965,Milk,3243000000.0
MONTANA,1965,Milk,378000000.0
NEBRASKA,1965,Milk,1821000000.0
NEVADA,1965,Milk,134000000.0
NEW HAMPSHIRE,1965,Milk,394000000.0
NEW JERSEY,1965,Milk,1034000000.0
NEW MEXICO,1965,Milk,292000000.0
NEW YORK,1965,Milk,11040000000.0
NORTH CAROLINA,1965,Milk,1502000000.0
NORTH DAKOTA,1965,Milk,1467000000.0
OHIO,1965,Milk,5200000000.0
OKLAHOMA,1965,Milk,1314000000.0
OREGON,1965,Milk,980000000.0
PENNSYLVANIA,1965,Milk,7206000000.0
RHODE ISLAND,1965,Milk,103000000.0
SOUTH CAROLINA,1965,Milk,518000000.0
SOUTH DAKOTA,1965,Milk,1580000000.0
TENNESSEE,1965,Milk,2171000000.0
TEXAS,1965,Milk,2973000000.0
UTAH,1965,Milk,736000000.0
VERMONT,1965,Milk,2055000000.0
VIRGINIA,1965,Milk,1829000000.0
WASHINGTON,1965,Milk,1932000000.0
WEST VIRGINIA,1965,Milk,500000000.0
WISCONSIN,1965,Milk,18841000000.0
WYOMING,1965,Milk,175000000.0
ALABAMA,1966,Milk,814000000.0
ALASKA,1966,Milk,19000000.0
ARIZONA,1966,Milk,534000000.0
ARKANSAS,1966,Milk,704000000.0
CALIFORNIA,1966,Milk,8601000000.0
COLORADO,1966,Milk,821000000.0
CONNECTICUT,1966,Milk,702000000.0
DELAWARE,1966,Milk,146000000.0
FLORIDA,1966,Milk,1476000000.0
GEORGIA,1966,Milk,1000000000.0
HAWAII,1966,Milk,151000000.0
IDAHO,1966,Milk,1458000000.0
ILLINOIS,1966,Milk,3524000000.0
INDIANA,1966,Milk,2721000000.0
IOWA,1966,Milk,5659000000.0
KANSAS,1966,Milk,1738000000.0
KENTUCKY,1966,Milk,2550000000.0
LOUISIANA,1966,Milk,1011000000.0
MAINE,1966,Milk,638000000.0
MARYLAND,1966,Milk,1535000000.0
MASSACHUSETTS,1966,Milk,760000000.0
MICHIGAN,1966,Milk,5061000000.0
MINNESOTA,1966,Milk,10099000000.0
MISSISSIPPI,1966,Milk,1120000000.0
MISSOURI,1966,Milk,3169000000.0
MONTANA,1966,Milk,376000000.0
NEBRASKA,1966,Milk,1713000000.0
NEVADA,1966,Milk,134000000.0
NEW HAMPSHIRE,1966,Milk,382000000.0
NEW JERSEY,1966,Milk,947000000.0
NEW MEXICO,1966,Milk,294000000.0
NEW YORK,1966,Milk,10601000000.0
NORTH CAROLINA,1966,Milk,1475000000.0
NORTH DAKOTA,1966,Milk,1335000000.0
OHIO,1966,Milk,4937000000.0
OKLAHOMA,1966,Milk,1300000000.0
OREGON,1966,Milk,978000000.0
PENNSYLVANIA,1966,Milk,7087000000.0
RHODE ISLAND,1966,Milk,95000000.0
SOUTH CAROLINA,1966,Milk,513000000.0
SOUTH DAKOTA,1966,Milk,1598000000.0
TENNESSEE,1966,Milk,2122000000.0
TEXAS,1966,Milk,2947000000.0
UTAH,1966,Milk,736000000.0
VERMONT,1966,Milk,1899000000.0
VIRGINIA,1966,Milk,1795000000.0
WASHINGTON,1966,Milk,1956000000.0
WEST VIRGINIA,1966,Milk,466000000.0
WISCONSIN,1966,Milk,18052000000.0
WYOMING,1966,Milk,163000000.0
ALABAMA,1967,Milk,812000000.0
ALASKA,1967,Milk,18200000.0
ARIZONA,1967,Milk,539000000.0
ARKANSAS,1967,Milk,693000000.0
CALIFORNIA,1967,Milk,8702000000.0
COLORADO,1967,Milk,824000000.0
CONNECTICUT,1967,Milk,693000000.0
DELAWARE,1967,Milk,140000000.0
FLORIDA,1967,Milk,1576000000.0
GEORGIA,1967,Milk,1030000000.0
HAWAII,1967,Milk,147000000.0
IDAHO,1967,Milk,1457000000.0
ILLINOIS,1967,Milk,3277000000.0
INDIANA,1967,Milk,2530000000.0
IOWA,1967,Milk,5399000000.0
KANSAS,1967,Milk,1724000000.0
KENTUCKY,1967,Milk,2550000000.0
LOUISIANA,1967,Milk,1032000000.0
MAINE,1967,Milk,607000000.0
MARYLAND,1967,Milk,1516000000.0
MASSACHUSETTS,1967,Milk,737000000.0
MICHIGAN,1967,Milk,4706000000.0
MINNESOTA,1967,Milk,10240000000.0
MISSISSIPPI,1967,Milk,1114000000.0
MISSOURI,1967,Milk,3148000000.0
MONTANA,1967,Milk,370000000.0
NEBRASKA,1967,Milk,1707000000.0
NEVADA,1967,Milk,134000000.0
NEW HAMPSHIRE,1967,Milk,368000000.0
NEW JERSEY,1967,Milk,877000000.0
NEW MEXICO,1967,Milk,307000000.0
NEW YORK,1967,Milk,10460000000.0
NORTH CAROLINA,1967,Milk,1488000000.0
NORTH DAKOTA,1967,Milk,1237000000.0
OHIO,1967,Milk,4702000000.0
OKLAHOMA,1967,Milk,1315000000.0
OREGON,1967,Milk,935000000.0
PENNSYLVANIA,1967,Milk,7111000000.0
RHODE ISLAND,1967,Milk,87000000.0
SOUTH CAROLINA,1967,Milk,521000000.0
SOUTH DAKOTA,1967,Milk,1600000000.0
TENNESSEE,1967,Milk,2144000000.0
TEXAS,1967,Milk,3030000000.0
UTAH,1967,Milk,745000000.0
VERMONT,1967,Milk,1830000000.0
VIRGINIA,1967,Milk,1780000000.0
WASHINGTON,1967,Milk,1958000000.0
WEST VIRGINIA,1967,Milk,439000000.0
WISCONSIN,1967,Milk,18219000000.0
WYOMING,1967,Milk,157000000.0
ALABAMA,1968,Milk,808000000.0
ALASKA,1968,Milk,17700000.0
ARIZONA,1968,Milk,553000000.0
ARKANSAS,1968,Milk,688000000.0
CALIFORNIA,1968,Milk,8949000000.0
COLORADO,1968,Milk,843000000.0
CONNECTICUT,1968,Milk,677000000.0
DELAWARE,1968,Milk,134000000.0
FLORIDA,1968,Milk,1554000000.0
GEORGIA,1968,Milk,1095000000.0
HAWAII,1968,Milk,134000000.0
IDAHO,1968,Milk,1462000000.0
ILLINOIS,1968,Milk,3109000000.0
INDIANA,1968,Milk,2398000000.0
IOWA,1968,Milk,5097000000.0
KANSAS,1968,Milk,1717000000.0
KENTUCKY,1968,Milk,2485000000.0
LOUISIANA,1968,Milk,1030000000.0
MAINE,1968,Milk,599000000.0
MARYLAND,1968,Milk,1530000000.0
MASSACHUSETTS,1968,Milk,700000000.0
MICHIGAN,1968,Milk,4594000000.0
MINNESOTA,1968,Milk,10221000000.0
MISSISSIPPI,1968,Milk,1072000000.0
MISSOURI,1968,Milk,3059000000.0
MONTANA,1968,Milk,358000000.0
NEBRASKA,1968,Milk,1704000000.0
NEVADA,1968,Milk,137000000.0
NEW HAMPSHIRE,1968,Milk,360000000.0
NEW JERSEY,1968,Milk,810000000.0
NEW MEXICO,1968,Milk,315000000.0
NEW YORK,1968,Milk,10240000000.0
NORTH CAROLINA,1968,Milk,1475000000.0
NORTH DAKOTA,1968,Milk,1194000000.0
OHIO,1968,Milk,4489000000.0
OKLAHOMA,1968,Milk,1283000000.0
OREGON,1968,Milk,965000000.0
PENNSYLVANIA,1968,Milk,6870000000.0
RHODE ISLAND,1968,Milk,80000000.0
SOUTH CAROLINA,1968,Milk,505000000.0
SOUTH DAKOTA,1968,Milk,1660000000.0
TENNESSEE,1968,Milk,2115000000.0
TEXAS,1968,Milk,2982000000.0
UTAH,1968,Milk,759000000.0
VERMONT,1968,Milk,1869000000.0
VIRGINIA,1968,Milk,1796000000.0
WASHINGTON,1968,Milk,1953000000.0
WEST VIRGINIA,1968,Milk,415000000.0
WISCONSIN,1968,Milk,18210000000.0
WYOMING,1968,Milk,155000000.0
ALABAMA,1969,Milk,808000000.0
ALASKA,1969,Milk,17800000.0
ARIZONA,1969,Milk,573000000.0
ARKANSAS,1969,Milk,692000000.0
CALIFORNIA,1969,Milk,8898000000.0
COLORADO,1969,Milk,848000000.0
CONNECTICUT,1969,Milk,679000000.0
DELAWARE,1969,Milk,138000000.0
FLORIDA,1969,Milk,1559000000.0
GEORGIA,1969,Milk,1124000000.0
HAWAII,1969,Milk,133000000.0
IDAHO,1969,Milk,1420000000.0
ILLINOIS,1969,Milk,2999000000.0
INDIANA,1969,Milk,2381000000.0
IOWA,1969,Milk,4885000000.0
KANSAS,1969,Milk,1687000000.0
KENTUCKY,1969,Milk,2447000000.0
LOUISIANA,1969,Milk,1078000000.0
MAINE,1969,Milk,618000000.0
MARYLAND,1969,Milk,1563000000.0
MASSACHUSETTS,1969,Milk,681000000.0
MICHIGAN,1969,Milk,4592000000.0
MINNESOTA,1969,Milk,9727000000.0
MISSISSIPPI,1969,Milk,1061000000.0
MISSOURI,1969,Milk,3077000000.0
MONTANA,1969,Milk,336000000.0
NEBRASKA,1969,Milk,1612000000.0
NEVADA,1969,Milk,139000000.0
NEW HAMPSHIRE,1969,Milk,359000000.0
NEW JERSEY,1969,Milk,782000000.0
NEW MEXICO,1969,Milk,308000000.0
NEW YORK,1969,Milk,10351000000.0
NORTH CAROLINA,1969,Milk,1485000000.0
NORTH DAKOTA,1969,Milk,1103000000.0
OHIO,1969,Milk,4463000000.0
OKLAHOMA,1969,Milk,1257000000.0
OREGON,1969,Milk,937000000.0
PENNSYLVANIA,1969,Milk,6998000000.0
RHODE ISLAND,1969,Milk,80000000.0
SOUTH CAROLINA,1969,Milk,506000000.0
SOUTH DAKOTA,1969,Milk,1567000000.0
TENNESSEE,1969,Milk,2104000000.0
TEXAS,1969,Milk,2987000000.0
UTAH,1969,Milk,783000000.0
VERMONT,1969,Milk,1920000000.0
VIRGINIA,1969,Milk,1775000000.0
WASHINGTON,1969,Milk,1982000000.0
WEST VIRGINIA,1969,Milk,391000000.0
WISCONSIN,1969,Milk,18051000000.0
WYOMING,1969,Milk,146000000.0
ALABAMA,1970,Cheese,4019000.0
ARKANSAS,1970,Cheese,14777000.0
CALIFORNIA,1970,Cheese,17460000.0
CONNECTICUT,1970,Cheese,2036000.0
IDAHO,1970,Cheese,58141000.0
ILLINOIS,1970,Cheese,86186000.0
INDIANA,1970,Cheese,23326000.0
IOWA,1970,Cheese,103516000.0
KANSAS,1970,Cheese,27856000.0
KENTUCKY,1970,Cheese,64963000.0
LOUISIANA,1970,Cheese,4381000.0
MASSACHUSETTS,1970,Cheese,6430000.0
MICHIGAN,1970,Cheese,28818000.0
MINNESOTA,1970,Cheese,161539000.0
MISSISSIPPI,1970,Cheese,8435000.0
MISSOURI,1970,Cheese,98562000.0
MONTANA,1970,Cheese,4214000.0
NEBRASKA,1970,Cheese,35575000.0
NEW JERSEY,1970,Cheese,6609000.0
NEW YORK,1970,Cheese,158317000.0
NORTH DAKOTA,1970,Cheese,34197000.0
OHIO,1970,Cheese,43525000.0
OREGON,1970,Cheese,16428000.0
PENNSYLVANIA,1970,Cheese,24684000.0
RHODE ISLAND,1970,Cheese,789000.0
SOUTH DAKOTA,1970,Cheese,50343000.0
TENNESSEE,1970,Cheese,48918000.0
TEXAS,1970,Cheese,11124000.0
UTAH,1970,Cheese,32966000.0
VERMONT,1970,Cheese,32730000.0
WASHINGTON,1970,Cheese,20126000.0
WISCONSIN,1970,Cheese,947591000.0
ALABAMA,1970,Milk,816000000.0
ALASKA,1970,Milk,18600000.0
ARIZONA,1970,Milk,585000000.0
ARKANSAS,1970,Milk,685000000.0
CALIFORNIA,1970,Milk,9457000000.0
COLORADO,1970,Milk,856000000.0
CONNECTICUT,1970,Milk,661000000.0
DELAWARE,1970,Milk,130000000.0
FLORIDA,1970,Milk,1641000000.0
GEORGIA,1970,Milk,1182000000.0
HAWAII,1970,Milk,137000000.0
IDAHO,1970,Milk,1490000000.0
ILLINOIS,1970,Milk,2850000000.0
INDIANA,1970,Milk,2382000000.0
IOWA,1970,Milk,4670000000.0
KANSAS,1970,Milk,1740000000.0
KENTUCKY,1970,Milk,2471000000.0
LOUISIANA,1970,Milk,1089000000.0
MAINE,1970,Milk,619000000.0
MARYLAND,1970,Milk,1560000000.0
MASSACHUSETTS,1970,Milk,658000000.0
MICHIGAN,1970,Milk,4602000000.0
MINNESOTA,1970,Milk,9636000000.0
MISSISSIPPI,1970,Milk,1049000000.0
MISSOURI,1970,Milk,3012000000.0
MONTANA,1970,Milk,326000000.0
NEBRASKA,1970,Milk,1566000000.0
NEVADA,1970,Milk,142000000.0
NEW HAMPSHIRE,1970,Milk,356000000.0
NEW JERSEY,1970,Milk,730000000.0
NEW MEXICO,1970,Milk,304000000.0
NEW YORK,1970,Milk,10341000000.0
NORTH CAROLINA,1970,Milk,1485000000.0
NORTH DAKOTA,1970,Milk,1065000000.0
OHIO,1970,Milk,4420000000.0
OKLAHOMA,1970,Milk,1250000000.0
OREGON,1970,Milk,970000000.0
PENNSYLVANIA,1970,Milk,7124000000.0
RHODE ISLAND,1970,Milk,75000000.0
SOUTH CAROLINA,1970,Milk,512000000.0
SOUTH DAKOTA,1970,Milk,1578000000.0
TENNESSEE,1970,Milk,2123000000.0
TEXAS,1970,Milk,3065000000.0
UTAH,1970,Milk,819000000.0
VERMONT,1970,Milk,1970000000.0
VIRGINIA,1970,Milk,1749000000.0
WASHINGTON,1970,Milk,2091000000.0
WEST VIRGINIA,1970,Milk,374000000.0
WISCONSIN,1970,Milk,18435000000.0
WYOMING,1970,Milk,140000000.0
ALABAMA,1971,Cheese,3177000.0
ARKANSAS,1971,Cheese,14902000.0
CALIFORNIA,1971,Cheese,21788000.0
CONNECTICUT,1971,Cheese,2287000.0
IDAHO,1971,Cheese,59792000.0
ILLINOIS,1971,Cheese,92597000.0
INDIANA,1971,Cheese,24237000.0
IOWA,1971,Cheese,118205000.0
KANSAS,1971,Cheese,30628000.0
KENTUCKY,1971,Cheese,63375000.0
LOUISIANA,1971,Cheese,3594000.0
MASSACHUSETTS,1971,Cheese,7268000.0
MICHIGAN,1971,Cheese,30476000.0
MINNESOTA,1971,Cheese,202348000.0
MISSOURI,1971,Cheese,104754000.0
MONTANA,1971,Cheese,4938000.0
NEBRASKA,1971,Cheese,49113000.0
NEW JERSEY,1971,Cheese,8744000.0
NEW YORK,1971,Cheese,176483000.0
NORTH DAKOTA,1971,Cheese,37334000.0
OHIO,1971,Cheese,48718000.0
OREGON,1971,Cheese,18820000.0
PENNSYLVANIA,1971,Cheese,29962000.0
RHODE ISLAND,1971,Cheese,872000.0
SOUTH DAKOTA,1971,Cheese,51748000.0
TENNESSEE,1971,Cheese,48913000.0
TEXAS,1971,Cheese,13522000.0
UTAH,1971,Cheese,38982000.0
VERMONT,1971,Cheese,35143000.0
WASHINGTON,1971,Cheese,14566000.0
WISCONSIN,1971,Cheese,986369000.0
ALABAMA,1971,Milk,819000000.0
ALASKA,1971,Milk,17100000.0
ARIZONA,1971,Milk,620000000.0
ARKANSAS,1971,Milk,698000000.0
CALIFORNIA,1971,Milk,9710000000.0
COLORADO,1971,Milk,885000000.0
CONNECTICUT,1971,Milk,660000000.0
DELAWARE,1971,Milk,133000000.0
FLORIDA,1971,Milk,1785000000.0
GEORGIA,1971,Milk,1188000000.0
HAWAII,1971,Milk,133000000.0
IDAHO,1971,Milk,1550000000.0
ILLINOIS,1971,Milk,2814000000.0
INDIANA,1971,Milk,2430000000.0
IOWA,1971,Milk,4577000000.0
KANSAS,1971,Milk,1688000000.0
KENTUCKY,1971,Milk,2480000000.0
LOUISIANA,1971,Milk,1129000000.0
MAINE,1971,Milk,629000000.0
MARYLAND,1971,Milk,1564000000.0
MASSACHUSETTS,1971,Milk,658000000.0
MICHIGAN,1971,Milk,4796000000.0
MINNESOTA,1971,Milk,9618000000.0
MISSISSIPPI,1971,Milk,1011000000.0
MISSOURI,1971,Milk,2999000000.0
MONTANA,1971,Milk,334000000.0
NEBRASKA,1971,Milk,1569000000.0
NEVADA,1971,Milk,141000000.0
NEW HAMPSHIRE,1971,Milk,359000000.0
NEW JERSEY,1971,Milk,684000000.0
NEW MEXICO,1971,Milk,312000000.0
NEW YORK,1971,Milk,10431000000.0
NORTH CAROLINA,1971,Milk,1500000000.0
NORTH DAKOTA,1971,Milk,1023000000.0
OHIO,1971,Milk,4488000000.0
OKLAHOMA,1971,Milk,1260000000.0
OREGON,1971,Milk,1008000000.0
PENNSYLVANIA,1971,Milk,7155000000.0
RHODE ISLAND,1971,Milk,70000000.0
SOUTH CAROLINA,1971,Milk,516000000.0
SOUTH DAKOTA,1971,Milk,1572000000.0
TENNESSEE,1971,Milk,2122000000.0
TEXAS,1971,Milk,3239000000.0
UTAH,1971,Milk,840000000.0
VERMONT,1971,Milk,2025000000.0
VIRGINIA,1971,Milk,1751000000.0
WASHINGTON,1971,Milk,2230000000.0
WEST VIRGINIA,1971,Milk,363000000.0
WISCONSIN,1971,Milk,18848000000.0
WYOMING,1971,Milk,135000000.0
ALABAMA,1972,Cheese,3802000.0
ARKANSAS,1972,Cheese,15013000.0
CALIFORNIA,1972,Cheese,26604000.0
CONNECTICUT,1972,Cheese,3674000.0
IDAHO,1972,Cheese,67230000.0
ILLINOIS,1972,Cheese,92448000.0
INDIANA,1972,Cheese,25372000.0
IOWA,1972,Cheese,147321000.0
KANSAS,1972,Cheese,39883000.0
KENTUCKY,1972,Cheese,60883000.0
LOUISIANA,1972,Cheese,7893000.0
MASSACHUSETTS,1972,Cheese,6416000.0
MICHIGAN,1972,Cheese,31846000.0
MINNESOTA,1972,Cheese,234620000.0
MISSOURI,1972,Cheese,108363000.0
MONTANA,1972,Cheese,4789000.0
NEBRASKA,1972,Cheese,66548000.0
NEW JERSEY,1972,Cheese,10948000.0
NEW YORK,1972,Cheese,198365000.0
NORTH DAKOTA,1972,Cheese,38965000.0
OHIO,1972,Cheese,54602000.0
OREGON,1972,Cheese,19652000.0
PENNSYLVANIA,1972,Cheese,34827000.0
RHODE ISLAND,1972,Cheese,956000.0
SOUTH DAKOTA,1972,Cheese,55581000.0
TENNESSEE,1972,Cheese,45447000.0
UTAH,1972,Cheese,47770000.0
VERMONT,1972,Cheese,33496000.0
WASHINGTON,1972,Cheese,16756000.0
WISCONSIN,1972,Cheese,1063712000.0
ALABAMA,1972,Milk,820000000.0
ALASKA,1972,Milk,17600000.0
ARIZONA,1972,Milk,640000000.0
ARKANSAS,1972,Milk,728000000.0
CALIFORNIA,1972,Milk,10400000000.0
COLORADO,1972,Milk,880000000.0
CONNECTICUT,1972,Milk,643000000.0
DELAWARE,1972,Milk,132000000.0
FLORIDA,1972,Milk,1867000000.0
GEORGIA,1972,Milk,1235000000.0
HAWAII,1972,Milk,136200000.0
IDAHO,1972,Milk,1663000000.0
ILLINOIS,1972,Milk,2838000000.0
INDIANA,1972,Milk,2454000000.0
IOWA,1972,Milk,4400000000.0
KANSAS,1972,Milk,1629000000.0
KENTUCKY,1972,Milk,2530000000.0
LOUISIANA,1972,Milk,1132000000.0
MAINE,1972,Milk,638000000.0
MARYLAND,1972,Milk,1536000000.0
MASSACHUSETTS,1972,Milk,629000000.0
MICHIGAN,1972,Milk,4966000000.0
MINNESOTA,1972,Milk,9580000000.0
MISSISSIPPI,1972,Milk,993000000.0
MISSOURI,1972,Milk,3025000000.0
MONTANA,1972,Milk,334000000.0
NEBRASKA,1972,Milk,1610000000.0
NEVADA,1972,Milk,143000000.0
NEW HAMPSHIRE,1972,Milk,353000000.0
NEW JERSEY,1972,Milk,645000000.0
NEW MEXICO,1972,Milk,326000000.0
NEW YORK,1972,Milk,10306000000.0
NORTH CAROLINA,1972,Milk,1537000000.0
NORTH DAKOTA,1972,Milk,994000000.0
OHIO,1972,Milk,4573000000.0
OKLAHOMA,1972,Milk,1235000000.0
OREGON,1972,Milk,1005000000.0
PENNSYLVANIA,1972,Milk,7031000000.0
RHODE ISLAND,1972,Milk,69000000.0
SOUTH CAROLINA,1972,Milk,518000000.0
SOUTH DAKOTA,1972,Milk,1591000000.0
TENNESSEE,1972,Milk,2217000000.0
TEXAS,1972,Milk,3340000000.0
UTAH,1972,Milk,874000000.0
VERMONT,1972,Milk,2039000000.0
VIRGINIA,1972,Milk,1760000000.0
WASHINGTON,1972,Milk,2307000000.0
WEST VIRGINIA,1972,Milk,345000000.0
WISCONSIN,1972,Milk,19226000000.0
WYOMING,1972,Milk,135000000.0
ALABAMA,1973,Cheese,2118000.0
ARKANSAS,1973,Cheese,13121000.0
CALIFORNIA,1973,Cheese,45588000.0
CONNECTICUT,1973,Cheese,3597000.0
IDAHO,1973,Cheese,72949000.0
ILLINOIS,1973,Cheese,90915000.0
INDIANA,1973,Cheese,22701000.0
IOWA,1973,Cheese,162644000.0
KANSAS,1973,Cheese,34603000.0
KENTUCKY,1973,Cheese,53663000.0
LOUISIANA,1973,Cheese,7070000.0
MASSACHUSETTS,1973,Cheese,5976000.0
MICHIGAN,1973,Cheese,24708000.0
MINNESOTA,1973,Cheese,287160000.0
MISSOURI,1973,Cheese,93494000.0
MONTANA,1973,Cheese,4191000.0
NEBRASKA,1973,Cheese,66062000.0
NEW JERSEY,1973,Cheese,12361000.0
NEW YORK,1973,Cheese,203939000.0
NORTH DAKOTA,1973,Cheese,50115000.0
OHIO,1973,Cheese,53257000.0
OREGON,1973,Cheese,21009000.0
PENNSYLVANIA,1973,Cheese,35624000.0
RHODE ISLAND,1973,Cheese,1085000.0
SOUTH DAKOTA,1973,Cheese,64056000.0
TENNESSEE,1973,Cheese,37585000.0
TEXAS,1973,Cheese,7408000.0
UTAH,1973,Cheese,53252000.0
VERMONT,1973,Cheese,33259000.0
WASHINGTON,1973,Cheese,22941000.0
WISCONSIN,1973,Cheese,1071041000.0
ALABAMA,1973,Milk,785000000.0
ALASKA,1973,Milk,18100000.0
ARIZONA,1973,Milk,737000000.0
ARKANSAS,1973,Milk,706000000.0
CALIFORNIA,1973,Milk,10332000000.0
COLORADO,1973,Milk,854000000.0
CONNECTICUT,1973,Milk,614000000.0
DELAWARE,1973,Milk,128000000.0
FLORIDA,1973,Milk,1843000000.0
GEORGIA,1973,Milk,1168000000.0
HAWAII,1973,Milk,138000000.0
IDAHO,1973,Milk,1657000000.0
ILLINOIS,1973,Milk,2673000000.0
INDIANA,1973,Milk,2329000000.0
IOWA,1973,Milk,4180000000.0
KANSAS,1973,Milk,1505000000.0
KENTUCKY,1973,Milk,2330000000.0
LOUISIANA,1973,Milk,1062000000.0
MAINE,1973,Milk,614000000.0
MARYLAND,1973,Milk,1464000000.0
MASSACHUSETTS,1973,Milk,595000000.0
MICHIGAN,1973,Milk,4636000000.0
MINNESOTA,1973,Milk,9271000000.0
MISSISSIPPI,1973,Milk,950000000.0
MISSOURI,1973,Milk,2992000000.0
MONTANA,1973,Milk,312000000.0
NEBRASKA,1973,Milk,1542000000.0
NEVADA,1973,Milk,144000000.0
NEW HAMPSHIRE,1973,Milk,337000000.0
NEW JERSEY,1973,Milk,575000000.0
NEW MEXICO,1973,Milk,318000000.0
NEW YORK,1973,Milk,9728000000.0
NORTH CAROLINA,1973,Milk,1490000000.0
NORTH DAKOTA,1973,Milk,1044000000.0
OHIO,1973,Milk,4267000000.0
OKLAHOMA,1973,Milk,1140000000.0
OREGON,1973,Milk,1008000000.0
PENNSYLVANIA,1973,Milk,6718000000.0
RHODE ISLAND,1973,Milk,64000000.0
SOUTH CAROLINA,1973,Milk,497000000.0
SOUTH DAKOTA,1973,Milk,1642000000.0
TENNESSEE,1973,Milk,2057000000.0
TEXAS,1973,Milk,3280000000.0
UTAH,1973,Milk,866000000.0
VERMONT,1973,Milk,1948000000.0
VIRGINIA,1973,Milk,1690000000.0
WASHINGTON,1973,Milk,2338000000.0
WEST VIRGINIA,1973,Milk,333000000.0
WISCONSIN,1973,Milk,18442000000.0
WYOMING,1973,Milk,130000000.0
ARKANSAS,1974,Cheese,14500000.0
CALIFORNIA,1974,Cheese,69051000.0
CONNECTICUT,1974,Cheese,3746000.0
IDAHO,1974,Cheese,82385000.0
ILLINOIS,1974,Cheese,89988000.0
INDIANA,1974,Cheese,28760000.0
IOWA,1974,Cheese,177460000.0
KANSAS,1974,Cheese,39221000.0
KENTUCKY,1974,Cheese,58356000.0
LOUISIANA,1974,Cheese,7181000.0
MASSACHUSETTS,1974,Cheese,5412000.0
MICHIGAN,1974,Cheese,28025000.0
MINNESOTA,1974,Cheese,315924000.0
MISSOURI,1974,Cheese,101335000.0
MONTANA,1974,Cheese,3509000.0
NEBRASKA,1974,Cheese,66765000.0
NEW JERSEY,1974,Cheese,13266000.0
NEW YORK,1974,Cheese,218404000.0
NORTH DAKOTA,1974,Cheese,51843000.0
OHIO,1974,Cheese,62774000.0
OKLAHOMA,1974,Cheese,6547000.0
OREGON,1974,Cheese,24911000.0
PENNSYLVANIA,1974,Cheese,68955000.0
RHODE ISLAND,1974,Cheese,989000.0
SOUTH DAKOTA,1974,Cheese,69623000.0
TENNESSEE,1974,Cheese,40111000.0
TEXAS,1974,Cheese,10061000.0
UTAH,1974,Cheese,62886000.0
VERMONT,1974,Cheese,30999000.0
WASHINGTON,1974,Cheese,21736000.0
WISCONSIN,1974,Cheese,1129037000.0
ALABAMA,1974,Milk,708000000.0
ALASKA,1974,Milk,18100000.0
ARIZONA,1974,Milk,810000000.0
ARKANSAS,1974,Milk,706000000.0
CALIFORNIA,1974,Milk,10596000000.0
COLORADO,1974,Milk,866000000.0
CONNECTICUT,1974,Milk,613000000.0
DELAWARE,1974,Milk,128000000.0
FLORIDA,1974,Milk,1875000000.0
GEORGIA,1974,Milk,1190000000.0
HAWAII,1974,Milk,139000000.0
IDAHO,1974,Milk,1555000000.0
ILLINOIS,1974,Milk,2522000000.0
INDIANA,1974,Milk,2260000000.0
IOWA,1974,Milk,4025000000.0
KANSAS,1974,Milk,1403000000.0
KENTUCKY,1974,Milk,2370000000.0
LOUISIANA,1974,Milk,1059000000.0
MAINE,1974,Milk,611000000.0
MARYLAND,1974,Milk,1505000000.0
MASSACHUSETTS,1974,Milk,593000000.0
MICHIGAN,1974,Milk,4350000000.0
MINNESOTA,1974,Milk,9382000000.0
MISSISSIPPI,1974,Milk,907000000.0
MISSOURI,1974,Milk,2989000000.0
MONTANA,1974,Milk,294000000.0
NEBRASKA,1974,Milk,1477000000.0
NEVADA,1974,Milk,167000000.0
NEW HAMPSHIRE,1974,Milk,329000000.0
NEW JERSEY,1974,Milk,551000000.0
NEW MEXICO,1974,Milk,338000000.0
NEW YORK,1974,Milk,9822000000.0
NORTH CAROLINA,1974,Milk,1462000000.0
NORTH DAKOTA,1974,Milk,980000000.0
OHIO,1974,Milk,4221000000.0
OKLAHOMA,1974,Milk,1137000000.0
OREGON,1974,Milk,1004000000.0
PENNSYLVANIA,1974,Milk,6980000000.0
RHODE ISLAND,1974,Milk,63000000.0
SOUTH CAROLINA,1974,Milk,515000000.0
SOUTH DAKOTA,1974,Milk,1642000000.0
TENNESSEE,1974,Milk,1971000000.0
TEXAS,1974,Milk,3380000000.0
UTAH,1974,Milk,925000000.0
VERMONT,1974,Milk,1945000000.0
VIRGINIA,1974,Milk,1705000000.0
WASHINGTON,1974,Milk,2312000000.0
WEST VIRGINIA,1974,Milk,350000000.0
WISCONSIN,1974,Milk,18713000000.0
WYOMING,1974,Milk,123000000.0
ARKANSAS,1975,Cheese,12233000.0
CALIFORNIA,1975,Cheese,92877000.0
CONNECTICUT,1975,Cheese,4222000.0
IDAHO,1975,Cheese,74770000.0
ILLINOIS,1975,Cheese,86113000.0
INDIANA,1975,Cheese,27108000.0
IOWA,1975,Cheese,146916000.0
KANSAS,1975,Cheese,29214000.0
KENTUCKY,1975,Cheese,53164000.0
LOUISIANA,1975,Cheese,6325000.0
MASSACHUSETTS,1975,Cheese,5288000.0
MICHIGAN,1975,Cheese,27064000.0
MINNESOTA,1975,Cheese,316189000.0
MISSOURI,1975,Cheese,68196000.0
MONTANA,1975,Cheese,1933000.0
NEBRASKA,1975,Cheese,59311000.0
NEW JERSEY,1975,Cheese,17013000.0
NEW YORK,1975,Cheese,217560000.0
NORTH DAKOTA,1975,Cheese,47188000.0
OHIO,1975,Cheese,66107000.0
OKLAHOMA,1975,Cheese,4301000.0
OREGON,1975,Cheese,22971000.0
PENNSYLVANIA,1975,Cheese,67985000.0
RHODE ISLAND,1975,Cheese,1465000.0
SOUTH DAKOTA,1975,Cheese,63537000.0
TENNESSEE,1975,Cheese,32353000.0
TEXAS,1975,Cheese,5552000.0
UTAH,1975,Cheese,57824000.0
VERMONT,1975,Cheese,39589000.0
WASHINGTON,1975,Cheese,23547000.0
WISCONSIN,1975,Cheese,1089978000.0
ALABAMA,1975,Milk,686000000.0
ALASKA,1975,Milk,16800000.0
ARIZONA,1975,Milk,840000000.0
ARKANSAS,1975,Milk,707000000.0
CALIFORNIA,1975,Milk,10853000000.0
COLORADO,1975,Milk,845000000.0
CONNECTICUT,1975,Milk,608000000.0
DELAWARE,1975,Milk,127000000.0
FLORIDA,1975,Milk,1956000000.0
GEORGIA,1975,Milk,1221000000.0
HAWAII,1975,Milk,146000000.0
IDAHO,1975,Milk,1555000000.0
ILLINOIS,1975,Milk,2446000000.0
INDIANA,1975,Milk,2210000000.0
IOWA,1975,Milk,3893000000.0
KANSAS,1975,Milk,1392000000.0
KENTUCKY,1975,Milk,2319000000.0
LOUISIANA,1975,Milk,1054000000.0
MAINE,1975,Milk,629000000.0
MARYLAND,1975,Milk,1550000000.0
MASSACHUSETTS,1975,Milk,601000000.0
MICHIGAN,1975,Milk,4411000000.0
MINNESOTA,1975,Milk,8946000000.0
MISSISSIPPI,1975,Milk,876000000.0
MISSOURI,1975,Milk,2840000000.0
MONTANA,1975,Milk,278000000.0
NEBRASKA,1975,Milk,1431000000.0
NEVADA,1975,Milk,168000000.0
NEW HAMPSHIRE,1975,Milk,336000000.0
NEW JERSEY,1975,Milk,528000000.0
NEW MEXICO,1975,Milk,366000000.0
NEW YORK,1975,Milk,9964000000.0
NORTH CAROLINA,1975,Milk,1498000000.0
NORTH DAKOTA,1975,Milk,917000000.0
OHIO,1975,Milk,4259000000.0
OKLAHOMA,1975,Milk,1060000000.0
OREGON,1975,Milk,990000000.0
PENNSYLVANIA,1975,Milk,7140000000.0
RHODE ISLAND,1975,Milk,63000000.0
SOUTH CAROLINA,1975,Milk,512000000.0
SOUTH DAKOTA,1975,Milk,1556000000.0
TENNESSEE,1975,Milk,2031000000.0
TEXAS,1975,Milk,3208000000.0
UTAH,1975,Milk,919000000.0
VERMONT,1975,Milk,2009000000.0
VIRGINIA,1975,Milk,1755000000.0
WASHINGTON,1975,Milk,2322000000.0
WEST VIRGINIA,1975,Milk,350000000.0
WISCONSIN,1975,Milk,18900000000.0
WYOMING,1975,Milk,110000000.0
ARKANSAS,1976,Cheese,12834000.0
CALIFORNIA,1976,Cheese,112112000.0
CONNECTICUT,1976,Cheese,4499000.0
IDAHO,1976,Cheese,88637000.0
ILLINOIS,1976,Cheese,94724000.0
INDIANA,1976,Cheese,33433000.0
IOWA,1976,Cheese,179125000.0
KANSAS,1976,Cheese,31536000.0
KENTUCKY,1976,Cheese,64904000.0
MASSACHUSETTS,1976,Cheese,6123000.0
MICHIGAN,1976,Cheese,34140000.0
MINNESOTA,1976,Cheese,430491000.0
MISSOURI,1976,Cheese,69916000.0
MONTANA,1976,Cheese,1844000.0
NEBRASKA,1976,Cheese,62859000.0
NEW JERSEY,1976,Cheese,16843000.0
NEW YORK,1976,Cheese,255639000.0
NORTH DAKOTA,1976,Cheese,51962000.0
OHIO,1976,Cheese,80748000.0
OKLAHOMA,1976,Cheese,7326000.0
OREGON,1976,Cheese,26660000.0
PENNSYLVANIA,1976,Cheese,87743000.0
RHODE ISLAND,1976,Cheese,1572000.0
SOUTH DAKOTA,1976,Cheese,65144000.0
TENNESSEE,1976,Cheese,34838000.0
TEXAS,1976,Cheese,11661000.0
UTAH,1976,Cheese,63766000.0
VERMONT,1976,Cheese,54740000.0
WASHINGTON,1976,Cheese,30501000.0
WISCONSIN,1976,Cheese,1241180000.0
ALABAMA,1976,Milk,682000000.0
ALASKA,1976,Milk,16000000.0
ARIZONA,1976,Milk,882000000.0
ARKANSAS,1976,Milk,710000000.0
CALIFORNIA,1976,Milk,11583000000.0
COLORADO,1976,Milk,835000000.0
CONNECTICUT,1976,Milk,616000000.0
DELAWARE,1976,Milk,135000000.0
FLORIDA,1976,Milk,2023000000.0
GEORGIA,1976,Milk,1303000000.0
HAWAII,1976,Milk,148000000.0
IDAHO,1976,Milk,1554000000.0
ILLINOIS,1976,Milk,2485000000.0
INDIANA,1976,Milk,2240000000.0
IOWA,1976,Milk,3954000000.0
KANSAS,1976,Milk,1447000000.0
KENTUCKY,1976,Milk,2383000000.0
LOUISIANA,1976,Milk,1088000000.0
MAINE,1976,Milk,628000000.0
MARYLAND,1976,Milk,1549000000.0
MASSACHUSETTS,1976,Milk,598000000.0
MICHIGAN,1976,Milk,4620000000.0
MINNESOTA,1976,Milk,9239000000.0
MISSISSIPPI,1976,Milk,862000000.0
MISSOURI,1976,Milk,2919000000.0
MONTANA,1976,Milk,275000000.0
NEBRASKA,1976,Milk,1409000000.0
NEVADA,1976,Milk,191000000.0
NEW HAMPSHIRE,1976,Milk,335000000.0
NEW JERSEY,1976,Milk,545000000.0
NEW MEXICO,1976,Milk,405000000.0
NEW YORK,1976,Milk,10198000000.0
NORTH CAROLINA,1976,Milk,1580000000.0
NORTH DAKOTA,1976,Milk,948000000.0
OHIO,1976,Milk,4435000000.0
OKLAHOMA,1976,Milk,1102000000.0
OREGON,1976,Milk,1024000000.0
PENNSYLVANIA,1976,Milk,7507000000.0
RHODE ISLAND,1976,Milk,60000000.0
SOUTH CAROLINA,1976,Milk,525000000.0
SOUTH DAKOTA,1976,Milk,1650000000.0
TENNESSEE,1976,Milk,2096000000.0
TEXAS,1976,Milk,3309000000.0
UTAH,1976,Milk,924000000.0
VERMONT,1976,Milk,2093000000.0
VIRGINIA,1976,Milk,1877000000.0
WASHINGTON,1976,Milk,2428000000.0
WEST VIRGINIA,1976,Milk,356000000.0
WISCONSIN,1976,Milk,20296000000.0
WYOMING,1976,Milk,113000000.0
ARKANSAS,1977,Cheese,13053000.0
CALIFORNIA,1977,Cheese,125777000.0
CONNECTICUT,1977,Cheese,4607000.0
IDAHO,1977,Cheese,87789000.0
ILLINOIS,1977,Cheese,91201000.0
INDIANA,1977,Cheese,31790000.0
IOWA,1977,Cheese,174854000.0
KANSAS,1977,Cheese,28150000.0
KENTUCKY,1977,Cheese,69600000.0
MASSACHUSETTS,1977,Cheese,5786000.0
MICHIGAN,1977,Cheese,32831000.0
MINNESOTA,1977,Cheese,410628000.0
MISSISSIPPI,1977,Cheese,10425000.0
MISSOURI,1977,Cheese,72671000.0
NEBRASKA,1977,Cheese,57445000.0
NEW JERSEY,1977,Cheese,15492000.0
NEW YORK,1977,Cheese,260327000.0
NORTH DAKOTA,1977,Cheese,53443000.0
OHIO,1977,Cheese,77948000.0
OREGON,1977,Cheese,26762000.0
PENNSYLVANIA,1977,Cheese,93706000.0
SOUTH DAKOTA,1977,Cheese,65861000.0
TENNESSEE,1977,Cheese,38756000.0
TEXAS,1977,Cheese,17751000.0
UTAH,1977,Cheese,62330000.0
VERMONT,1977,Cheese,57290000.0
WASHINGTON,1977,Cheese,33562000.0
WISCONSIN,1977,Cheese,1278890000.0
ALABAMA,1977,Milk,684000000.0
ALASKA,1977,Milk,16400000.0
ARIZONA,1977,Milk,914000000.0
ARKANSAS,1977,Milk,725000000.0
CALIFORNIA,1977,Milk,11968000000.0
COLORADO,1977,Milk,848000000.0
CONNECTICUT,1977,Milk,624000000.0
DELAWARE,1977,Milk,139000000.0
FLORIDA,1977,Milk,1993000000.0
GEORGIA,1977,Milk,1301000000.0
HAWAII,1977,Milk,150000000.0
IDAHO,1977,Milk,1600000000.0
ILLINOIS,1977,Milk,2515000000.0
INDIANA,1977,Milk,2248000000.0
IOWA,1977,Milk,4030000000.0
KANSAS,1977,Milk,1442000000.0
KENTUCKY,1977,Milk,2426000000.0
LOUISIANA,1977,Milk,1089000000.0
MAINE,1977,Milk,638000000.0
MARYLAND,1977,Milk,1575000000.0
MASSACHUSETTS,1977,Milk,597000000.0
MICHIGAN,1977,Milk,4761000000.0
MINNESOTA,1977,Milk,9483000000.0
MISSISSIPPI,1977,Milk,858000000.0
MISSOURI,1977,Milk,2918000000.0
MONTANA,1977,Milk,296000000.0
NEBRASKA,1977,Milk,1344000000.0
NEVADA,1977,Milk,198000000.0
NEW HAMPSHIRE,1977,Milk,339000000.0
NEW JERSEY,1977,Milk,549000000.0
NEW MEXICO,1977,Milk,426000000.0
NEW YORK,1977,Milk,10224000000.0
NORTH CAROLINA,1977,Milk,1583000000.0
NORTH DAKOTA,1977,Milk,954000000.0
OHIO,1977,Milk,4455000000.0
OKLAHOMA,1977,Milk,1120000000.0
OREGON,1977,Milk,1052000000.0
PENNSYLVANIA,1977,Milk,7791000000.0
RHODE ISLAND,1977,Milk,57000000.0
SOUTH CAROLINA,1977,Milk,525000000.0
SOUTH DAKOTA,1977,Milk,1652000000.0
TENNESSEE,1977,Milk,2181000000.0
TEXAS,1977,Milk,3372000000.0
UTAH,1977,Milk,936000000.0
VERMONT,1977,Milk,2100000000.0
VIRGINIA,1977,Milk,1894000000.0
WASHINGTON,1977,Milk,2549000000.0
WEST VIRGINIA,1977,Milk,350000000.0
WISCONSIN,1977,Milk,21041000000.0
WYOMING,1977,Milk,124000000.0
ARKANSAS,1978,Cheese,15543000.0
CALIFORNIA,1978,Cheese,136956000.0
CONNECTICUT,1978,Cheese,6502000.0
IDAHO,1978,Cheese,92811000.0
ILLINOIS,1978,Cheese,90213000.0
INDIANA,1978,Cheese,31245000.0
IOWA,1978,Cheese,178951000.0
KANSAS,1978,Cheese,25616000.0
KENTUCKY,1978,Cheese,67218000.0
MASSACHUSETTS,1978,Cheese,7780000.0
MICHIGAN,1978,Cheese,32347000.0
MINNESOTA,1978,Cheese,451569000.0
MISSISSIPPI,1978,Cheese,9789000.0
MISSOURI,1978,Cheese,85297000.0
NEBRASKA,1978,Cheese,59245000.0
NEW JERSEY,1978,Cheese,21788000.0
NEW YORK,1978,Cheese,282927000.0
NORTH DAKOTA,1978,Cheese,49776000.0
OHIO,1978,Cheese,87848000.0
OREGON,1978,Cheese,27439000.0
PENNSYLVANIA,1978,Cheese,95617000.0
SOUTH DAKOTA,1978,Cheese,63604000.0
TENNESSEE,1978,Cheese,30390000.0
TEXAS,1978,Cheese,12177000.0
UTAH,1978,Cheese,60464000.0
VERMONT,1978,Cheese,67388000.0
VIRGINIA,1978,Cheese,5234000.0
WASHINGTON,1978,Cheese,40836000.0
WISCONSIN,1978,Cheese,1332005000.0
ALABAMA,1978,Milk,631000000.0
ALASKA,1978,Milk,14800000.0
ARIZONA,1978,Milk,906000000.0
ARKANSAS,1978,Milk,729000000.0
CALIFORNIA,1978,Milk,11859000000.0
COLORADO,1978,Milk,872000000.0
CONNECTICUT,1978,Milk,614000000.0
DELAWARE,1978,Milk,129000000.0
FLORIDA,1978,Milk,1972000000.0
GEORGIA,1978,Milk,1308000000.0
HAWAII,1978,Milk,150000000.0
IDAHO,1978,Milk,1633000000.0
ILLINOIS,1978,Milk,2399000000.0
INDIANA,1978,Milk,2178000000.0
IOWA,1978,Milk,3960000000.0
KANSAS,1978,Milk,1372000000.0
KENTUCKY,1978,Milk,2274000000.0
LOUISIANA,1978,Milk,1063000000.0
MAINE,1978,Milk,641000000.0
MARYLAND,1978,Milk,1540000000.0
MASSACHUSETTS,1978,Milk,572000000.0
MICHIGAN,1978,Milk,4793000000.0
MINNESOTA,1978,Milk,9089000000.0
MISSISSIPPI,1978,Milk,836000000.0
MISSOURI,1978,Milk,2719000000.0
MONTANA,1978,Milk,306000000.0
NEBRASKA,1978,Milk,1269000000.0
NEVADA,1978,Milk,187000000.0
NEW HAMPSHIRE,1978,Milk,341000000.0
NEW JERSEY,1978,Milk,525000000.0
NEW MEXICO,1978,Milk,458000000.0
NEW YORK,1978,Milk,10408000000.0
NORTH CAROLINA,1978,Milk,1544000000.0
NORTH DAKOTA,1978,Milk,903000000.0
OHIO,1978,Milk,4275000000.0
OKLAHOMA,1978,Milk,1090000000.0
OREGON,1978,Milk,1065000000.0
PENNSYLVANIA,1978,Milk,7881000000.0
RHODE ISLAND,1978,Milk,55000000.0
SOUTH CAROLINA,1978,Milk,513000000.0
SOUTH DAKOTA,1978,Milk,1540000000.0
TENNESSEE,1978,Milk,2073000000.0
TEXAS,1978,Milk,3433000000.0
UTAH,1978,Milk,940000000.0
VERMONT,1978,Milk,2136000000.0
VIRGINIA,1978,Milk,1873000000.0
WASHINGTON,1978,Milk,2675000000.0
WEST VIRGINIA,1978,Milk,345000000.0
WISCONSIN,1978,Milk,21252000000.0
WYOMING,1978,Milk,120000000.0
ARKANSAS,1979,Cheese,16720000.0
CALIFORNIA,1979,Cheese,151802000.0
CONNECTICUT,1979,Cheese,6224000.0
IDAHO,1979,Cheese,97999000.0
ILLINOIS,1979,Cheese,96968000.0
INDIANA,1979,Cheese,37539000.0
IOWA,1979,Cheese,191794000.0
KANSAS,1979,Cheese,23391000.0
KENTUCKY,1979,Cheese,64920000.0
MASSACHUSETTS,1979,Cheese,6255000.0
MICHIGAN,1979,Cheese,31590000.0
MINNESOTA,1979,Cheese,479952000.0
MISSISSIPPI,1979,Cheese,8636000.0
MISSOURI,1979,Cheese,92250000.0
NEBRASKA,1979,Cheese,69744000.0
NEW JERSEY,1979,Cheese,25569000.0
NEW YORK,1979,Cheese,304400000.0
NORTH DAKOTA,1979,Cheese,44952000.0
OHIO,1979,Cheese,95147000.0
OREGON,1979,Cheese,31887000.0
PENNSYLVANIA,1979,Cheese,93908000.0
SOUTH DAKOTA,1979,Cheese,70110000.0
TENNESSEE,1979,Cheese,30492000.0
UTAH,1979,Cheese,62828000.0
VERMONT,1979,Cheese,71226000.0
VIRGINIA,1979,Cheese,5497000.0
WASHINGTON,1979,Cheese,46274000.0
WISCONSIN,1979,Cheese,1400829000.0
ALABAMA,1979,Milk,606000000.0
ALASKA,1979,Milk,13000000.0
ARIZONA,1979,Milk,941000000.0
ARKANSAS,1979,Milk,727000000.0
CALIFORNIA,1979,Milk,12563000000.0
COLORADO,1979,Milk,857000000.0
CONNECTICUT,1979,Milk,606000000.0
DELAWARE,1979,Milk,127000000.0
FLORIDA,1979,Milk,1996000000.0
GEORGIA,1979,Milk,1338000000.0
HAWAII,1979,Milk,150000000.0
IDAHO,1979,Milk,1721000000.0
ILLINOIS,1979,Milk,2391000000.0
INDIANA,1979,Milk,2175000000.0
IOWA,1979,Milk,3858000000.0
KANSAS,1979,Milk,1330000000.0
KENTUCKY,1979,Milk,2220000000.0
LOUISIANA,1979,Milk,1022000000.0
MAINE,1979,Milk,641000000.0
MARYLAND,1979,Milk,1520000000.0
MASSACHUSETTS,1979,Milk,566000000.0
MICHIGAN,1979,Milk,4830000000.0
MINNESOTA,1979,Milk,9145000000.0
MISSISSIPPI,1979,Milk,814000000.0
MISSOURI,1979,Milk,2714000000.0
MONTANA,1979,Milk,297000000.0
NEBRASKA,1979,Milk,1260000000.0
NEVADA,1979,Milk,199000000.0
NEW HAMPSHIRE,1979,Milk,341000000.0
NEW JERSEY,1979,Milk,494000000.0
NEW MEXICO,1979,Milk,507000000.0
NEW YORK,1979,Milk,10630000000.0
NORTH CAROLINA,1979,Milk,1565000000.0
NORTH DAKOTA,1979,Milk,874000000.0
OHIO,1979,Milk,4265000000.0
OKLAHOMA,1979,Milk,1070000000.0
OREGON,1979,Milk,1103000000.0
PENNSYLVANIA,1979,Milk,8084000000.0
RHODE ISLAND,1979,Milk,50000000.0
SOUTH CAROLINA,1979,Milk,524000000.0
SOUTH DAKOTA,1979,Milk,1549000000.0
TENNESSEE,1979,Milk,2091000000.0
TEXAS,1979,Milk,3377000000.0
UTAH,1979,Milk,948000000.0
VERMONT,1979,Milk,2179000000.0
VIRGINIA,1979,Milk,1937000000.0
WASHINGTON,1979,Milk,2817000000.0
WEST VIRGINIA,1979,Milk,350000000.0
WISCONSIN,1979,Milk,21850000000.0
WYOMING,1979,Milk,119000000.0
ARKANSAS,1980,Cheese,19960000.0
CALIFORNIA,1980,Cheese,181463000.0
CONNECTICUT,1980,Cheese,4323000.0
IDAHO,1980,Cheese,109351000.0
ILLINOIS,1980,Cheese,98500000.0
INDIANA,1980,Cheese,46373000.0
IOWA,1980,Cheese,204577000.0
KANSAS,1980,Cheese,30605000.0
KENTUCKY,1980,Cheese,59499000.0
MASSACHUSETTS,1980,Cheese,5099000.0
MICHIGAN,1980,Cheese,35343000.0
MINNESOTA,1980,Cheese,512361000.0
MISSISSIPPI,1980,Cheese,8788000.0
MISSOURI,1980,Cheese,100796000.0
NEBRASKA,1980,Cheese,70412000.0
NEW JERSEY,1980,Cheese,28326000.0
NEW YORK,1980,Cheese,319579000.0
NORTH DAKOTA,1980,Cheese,48186000.0
OHIO,1980,Cheese,95166000.0
OREGON,1980,Cheese,34683000.0
PENNSYLVANIA,1980,Cheese,101262000.0
SOUTH DAKOTA,1980,Cheese,78836000.0
TENNESSEE,1980,Cheese,32148000.0
UTAH,1980,Cheese,71659000.0
VERMONT,1980,Cheese,79836000.0
VIRGINIA,1980,Cheese,6930000.0
WASHINGTON,1980,Cheese,45147000.0
WISCONSIN,1980,Cheese,1484251000.0
ALABAMA,1980,Milk,610000000.0
ALASKA,1980,Milk,12500000.0
ARIZONA,1980,Milk,1031000000.0
ARKANSAS,1980,Milk,740000000.0
CALIFORNIA,1980,Milk,13577000000.0
COLORADO,1980,Milk,858000000.0
CONNECTICUT,1980,Milk,612000000.0
DELAWARE,1980,Milk,125000000.0
FLORIDA,1980,Milk,2028000000.0
GEORGIA,1980,Milk,1367000000.0
HAWAII,1980,Milk,152000000.0
IDAHO,1980,Milk,1947000000.0
ILLINOIS,1980,Milk,2540000000.0
INDIANA,1980,Milk,2210000000.0
IOWA,1980,Milk,3994000000.0
KANSAS,1980,Milk,1330000000.0
KENTUCKY,1980,Milk,2219000000.0
LOUISIANA,1980,Milk,1012000000.0
MAINE,1980,Milk,665000000.0
MARYLAND,1980,Milk,1520000000.0
MASSACHUSETTS,1980,Milk,570000000.0
MICHIGAN,1980,Milk,4970000000.0
MINNESOTA,1980,Milk,9535000000.0
MISSISSIPPI,1980,Milk,817000000.0
MISSOURI,1980,Milk,2826000000.0
MONTANA,1980,Milk,314000000.0
NEBRASKA,1980,Milk,1315000000.0
NEVADA,1980,Milk,219000000.0
NEW HAMPSHIRE,1980,Milk,347000000.0
NEW JERSEY,1980,Milk,494000000.0
NEW MEXICO,1980,Milk,602000000.0
NEW YORK,1980,Milk,10974000000.0
NORTH CAROLINA,1980,Milk,1631000000.0
NORTH DAKOTA,1980,Milk,939000000.0
OHIO,1980,Milk,4310000000.0
OKLAHOMA,1980,Milk,1110000000.0
OREGON,1980,Milk,1169000000.0
PENNSYLVANIA,1980,Milk,8496000000.0
RHODE ISLAND,1980,Milk,47000000.0
SOUTH CAROLINA,1980,Milk,541000000.0
SOUTH DAKOTA,1980,Milk,1669000000.0
TENNESSEE,1980,Milk,2241000000.0
TEXAS,1980,Milk,3625000000.0
UTAH,1980,Milk,1028000000.0
VERMONT,1980,Milk,2289000000.0
VIRGINIA,1980,Milk,1974000000.0
WASHINGTON,1980,Milk,2942000000.0
WEST VIRGINIA,1980,Milk,350000000.0
WISCONSIN,1980,Milk,22380000000.0
WYOMING,1980,Milk,132000000.0
ARKANSAS,1981,Cheese,23189000.0
CALIFORNIA,1981,Cheese,210595000.0
CONNECTICUT,1981,Cheese,5523000.0
IDAHO,1981,Cheese,122525000.0
ILLINOIS,1981,Cheese,98788000.0
INDIANA,1981,Cheese,53900000.0
IOWA,1981,Cheese,213860000.0
KANSAS,1981,Cheese,30431000.0
KENTUCKY,1981,Cheese,50338000.0
MASSACHUSETTS,1981,Cheese,8559000.0
MICHIGAN,1981,Cheese,36395000.0
MINNESOTA,1981,Cheese,558004000.0
MISSISSIPPI,1981,Cheese,10342000.0
MISSOURI,1981,Cheese,115939000.0
NEBRASKA,1981,Cheese,69490000.0
NEW JERSEY,1981,Cheese,61166000.0
NEW YORK,1981,Cheese,330140000.0
NORTH DAKOTA,1981,Cheese,51706000.0
OHIO,1981,Cheese,96500000.0
OREGON,1981,Cheese,38069000.0
PENNSYLVANIA,1981,Cheese,113160000.0
SOUTH DAKOTA,1981,Cheese,85470000.0
TENNESSEE,1981,Cheese,32988000.0
UTAH,1981,Cheese,85877000.0
VIRGINIA,1981,Cheese,7456000.0
WASHINGTON,1981,Cheese,46456000.0
WISCONSIN,1981,Cheese,1560171000.0
ALABAMA,1981,Milk,620000000.0
ALASKA,1981,Milk,13400000.0
ARIZONA,1981,Milk,1133000000.0
ARKANSAS,1981,Milk,792000000.0
CALIFORNIA,1981,Milk,14248000000.0
COLORADO,1981,Milk,928000000.0
CONNECTICUT,1981,Milk,624000000.0
DELAWARE,1981,Milk,124000000.0
FLORIDA,1981,Milk,2082000000.0
GEORGIA,1981,Milk,1396000000.0
HAWAII,1981,Milk,150000000.0
IDAHO,1981,Milk,2162000000.0
ILLINOIS,1981,Milk,2604000000.0
INDIANA,1981,Milk,2282000000.0
IOWA,1981,Milk,4056000000.0
KANSAS,1981,Milk,1397000000.0
KENTUCKY,1981,Milk,2281000000.0
LOUISIANA,1981,Milk,996000000.0
MAINE,1981,Milk,698000000.0
MARYLAND,1981,Milk,1556000000.0
MASSACHUSETTS,1981,Milk,578000000.0
MICHIGAN,1981,Milk,5103000000.0
MINNESOTA,1981,Milk,10061000000.0
MISSISSIPPI,1981,Milk,860000000.0
MISSOURI,1981,Milk,2877000000.0
MONTANA,1981,Milk,331000000.0
NEBRASKA,1981,Milk,1400000000.0
NEVADA,1981,Milk,223000000.0
NEW HAMPSHIRE,1981,Milk,346000000.0
NEW JERSEY,1981,Milk,494000000.0
NEW MEXICO,1981,Milk,671000000.0
NEW YORK,1981,Milk,11069000000.0
NORTH CAROLINA,1981,Milk,1654000000.0
NORTH DAKOTA,1981,Milk,995000000.0
OHIO,1981,Milk,4385000000.0
OKLAHOMA,1981,Milk,1150000000.0
OREGON,1981,Milk,1220000000.0
PENNSYLVANIA,1981,Milk,8965000000.0
RHODE ISLAND,1981,Milk,46000000.0
SOUTH CAROLINA,1981,Milk,552000000.0
SOUTH DAKOTA,1981,Milk,1757000000.0
TENNESSEE,1981,Milk,2300000000.0
TEXAS,1981,Milk,3665000000.0
UTAH,1981,Milk,1110000000.0
VERMONT,1981,Milk,2298000000.0
VIRGINIA,1981,Milk,2015000000.0
WASHINGTON,1981,Milk,3017000000.0
WEST VIRGINIA,1981,Milk,350000000.0
WISCONSIN,1981,Milk,23000000000.0
WYOMING,1981,Milk,136000000.0
ARKANSAS,1982,Cheese,25834000.0
CALIFORNIA,1982,Cheese,250261000.0
IDAHO,1982,Cheese,135766000.0
ILLINOIS,1982,Cheese,97295000.0
INDIANA,1982,Cheese,63962000.0
IOWA,1982,Cheese,206449000.0
KANSAS,1982,Cheese,33829000.0
KENTUCKY,1982,Cheese,56888000.0
MASSACHUSETTS,1982,Cheese,9110000.0
MICHIGAN,1982,Cheese,35774000.0
MINNESOTA,1982,Cheese,567430000.0
MISSISSIPPI,1982,Cheese,11098000.0
MISSOURI,1982,Cheese,131452000.0
NEBRASKA,1982,Cheese,76351000.0
NEW JERSEY,1982,Cheese,66326000.0
NEW YORK,1982,Cheese,357909000.0
NORTH DAKOTA,1982,Cheese,49859000.0
OHIO,1982,Cheese,94063000.0
OREGON,1982,Cheese,34771000.0
PENNSYLVANIA,1982,Cheese,127155000.0
SOUTH DAKOTA,1982,Cheese,92083000.0
TENNESSEE,1982,Cheese,34475000.0
UTAH,1982,Cheese,93389000.0
VERMONT,1982,Cheese,96913000.0
VIRGINIA,1982,Cheese,5957000.0
WASHINGTON,1982,Cheese,49706000.0
WISCONSIN,1982,Cheese,1644529000.0
ALABAMA,1982,Milk,580000000.0
ALASKA,1982,Milk,13800000.0
ARIZONA,1982,Milk,1202000000.0
ARKANSAS,1982,Milk,828000000.0
CALIFORNIA,1982,Milk,14528000000.0
COLORADO,1982,Milk,972000000.0
CONNECTICUT,1982,Milk,644000000.0
DELAWARE,1982,Milk,137000000.0
FLORIDA,1982,Milk,2109000000.0
GEORGIA,1982,Milk,1412000000.0
HAWAII,1982,Milk,144000000.0
IDAHO,1982,Milk,2253000000.0
ILLINOIS,1982,Milk,2657000000.0
INDIANA,1982,Milk,2334000000.0
IOWA,1982,Milk,4004000000.0
KANSAS,1982,Milk,1356000000.0
KENTUCKY,1982,Milk,2364000000.0
LOUISIANA,1982,Milk,975000000.0
MAINE,1982,Milk,727000000.0
MARYLAND,1982,Milk,1581000000.0
MASSACHUSETTS,1982,Milk,602000000.0
MICHIGAN,1982,Milk,5253000000.0
MINNESOTA,1982,Milk,10341000000.0
MISSISSIPPI,1982,Milk,900000000.0
MISSOURI,1982,Milk,2905000000.0
MONTANA,1982,Milk,341000000.0
NEBRASKA,1982,Milk,1340000000.0
NEVADA,1982,Milk,225000000.0
NEW HAMPSHIRE,1982,Milk,365000000.0
NEW JERSEY,1982,Milk,492000000.0
NEW MEXICO,1982,Milk,812000000.0
NEW YORK,1982,Milk,11097000000.0
NORTH CAROLINA,1982,Milk,1686000000.0
NORTH DAKOTA,1982,Milk,1020000000.0
OHIO,1982,Milk,4550000000.0
OKLAHOMA,1982,Milk,1165000000.0
OREGON,1982,Milk,1301000000.0
PENNSYLVANIA,1982,Milk,9264000000.0
RHODE ISLAND,1982,Milk,46000000.0
SOUTH CAROLINA,1982,Milk,567000000.0
SOUTH DAKOTA,1982,Milk,1762000000.0
TENNESSEE,1982,Milk,2326000000.0
TEXAS,1982,Milk,3780000000.0
UTAH,1982,Milk,1162000000.0
VERMONT,1982,Milk,2385000000.0
VIRGINIA,1982,Milk,2059000000.0
WASHINGTON,1982,Milk,3222000000.0
WEST VIRGINIA,1982,Milk,349000000.0
WISCONSIN,1982,Milk,23230000000.0
WYOMING,1982,Milk,137000000.0
ARKANSAS,1983,Cheese,29706000.0
CALIFORNIA,1983,Cheese,282256000.0
IDAHO,1983,Cheese,136402000.0
ILLINOIS,1983,Cheese,103987000.0
INDIANA,1983,Cheese,64630000.0
IOWA,1983,Cheese,220497000.0
KANSAS,1983,Cheese,37626000.0
KENTUCKY,1983,Cheese,54977000.0
MASSACHUSETTS,1983,Cheese,12643000.0
MICHIGAN,1983,Cheese,37836000.0
MINNESOTA,1983,Cheese,587544000.0
MISSISSIPPI,1983,Cheese,13047000.0
MISSOURI,1983,Cheese,138322000.0
NEBRASKA,1983,Cheese,78908000.0
NEW JERSEY,1983,Cheese,47803000.0
NEW YORK,1983,Cheese,398271000.0
NORTH DAKOTA,1983,Cheese,55553000.0
OHIO,1983,Cheese,98230000.0
OREGON,1983,Cheese,31195000.0
PENNSYLVANIA,1983,Cheese,147463000.0
SOUTH DAKOTA,1983,Cheese,116795000.0
TENNESSEE,1983,Cheese,34163000.0
UTAH,1983,Cheese,88359000.0
VERMONT,1983,Cheese,94363000.0
VIRGINIA,1983,Cheese,7224000.0
WASHINGTON,1983,Cheese,60011000.0
WISCONSIN,1983,Cheese,1728332000.0
ALABAMA,1983,Milk,573000000.0
ALASKA,1983,Milk,13500000.0
ARIZONA,1983,Milk,1237000000.0
ARKANSAS,1983,Milk,845000000.0
CALIFORNIA,1983,Milk,14733000000.0
COLORADO,1983,Milk,987000000.0
CONNECTICUT,1983,Milk,655000000.0
DELAWARE,1983,Milk,137000000.0
FLORIDA,1983,Milk,2113000000.0
GEORGIA,1983,Milk,1395000000.0
HAWAII,1983,Milk,149000000.0
IDAHO,1983,Milk,2303000000.0
ILLINOIS,1983,Milk,2706000000.0
INDIANA,1983,Milk,2364000000.0
IOWA,1983,Milk,4036000000.0
KANSAS,1983,Milk,1382000000.0
KENTUCKY,1983,Milk,2414000000.0
LOUISIANA,1983,Milk,954000000.0
MAINE,1983,Milk,736000000.0
MARYLAND,1983,Milk,1606000000.0
MASSACHUSETTS,1983,Milk,613000000.0
MICHIGAN,1983,Milk,5528000000.0
MINNESOTA,1983,Milk,10913000000.0
MISSISSIPPI,1983,Milk,883000000.0
MISSOURI,1983,Milk,3100000000.0
MONTANA,1983,Milk,355000000.0
NEBRASKA,1983,Milk,1415000000.0
NEVADA,1983,Milk,227000000.0
NEW HAMPSHIRE,1983,Milk,379000000.0
NEW JERSEY,1983,Milk,500000000.0
NEW MEXICO,1983,Milk,938000000.0
NEW YORK,1983,Milk,11648000000.0
NORTH CAROLINA,1983,Milk,1711000000.0
NORTH DAKOTA,1983,Milk,1090000000.0
OHIO,1983,Milk,4755000000.0
OKLAHOMA,1983,Milk,1183000000.0
OREGON,1983,Milk,1363000000.0
PENNSYLVANIA,1983,Milk,9510000000.0
RHODE ISLAND,1983,Milk,45000000.0
SOUTH CAROLINA,1983,Milk,573000000.0
SOUTH DAKOTA,1983,Milk,1771000000.0
TENNESSEE,1983,Milk,2250000000.0
TEXAS,1983,Milk,3985000000.0
UTAH,1983,Milk,1171000000.0
VERMONT,1983,Milk,2490000000.0
VIRGINIA,1983,Milk,2070000000.0
WASHINGTON,1983,Milk,3482000000.0
WEST VIRGINIA,1983,Milk,365000000.0
WISCONSIN,1983,Milk,23800000000.0
WYOMING,1983,Milk,136000000.0
ARKANSAS,1984,Cheese,20403000.0
CALIFORNIA,1984,Cheese,304835000.0
CONNECTICUT,1984,Cheese,4964000.0
IDAHO,1984,Cheese,131861000.0
ILLINOIS,1984,Cheese,100701000.0
INDIANA,1984,Cheese,46102000.0
IOWA,1984,Cheese,218501000.0
KANSAS,1984,Cheese,30669000.0
KENTUCKY,1984,Cheese,41464000.0
MICHIGAN,1984,Cheese,40531000.0
MINNESOTA,1984,Cheese,560858000.0
MISSISSIPPI,1984,Cheese,10579000.0
MISSOURI,1984,Cheese,133648000.0
NEBRASKA,1984,Cheese,71462000.0
NEW JERSEY,1984,Cheese,42063000.0
NEW YORK,1984,Cheese,423486000.0
NORTH DAKOTA,1984,Cheese,52418000.0
OHIO,1984,Cheese,97432000.0
OREGON,1984,Cheese,30241000.0
PENNSYLVANIA,1984,Cheese,147441000.0
SOUTH DAKOTA,1984,Cheese,125926000.0
TENNESSEE,1984,Cheese,23825000.0
UTAH,1984,Cheese,76666000.0
VERMONT,1984,Cheese,92708000.0
VIRGINIA,1984,Cheese,5302000.0
WASHINGTON,1984,Cheese,47205000.0
WISCONSIN,1984,Cheese,1698150000.0
ALABAMA,1984,Milk,536000000.0
ALASKA,1984,Milk,13900000.0
ARIZONA,1984,Milk,1222000000.0
ARKANSAS,1984,Milk,808000000.0
CALIFORNIA,1984,Milk,15292000000.0
COLORADO,1984,Milk,956000000.0
CONNECTICUT,1984,Milk,611000000.0
DELAWARE,1984,Milk,131500000.0
FLORIDA,1984,Milk,1898000000.0
GEORGIA,1984,Milk,1274000000.0
HAWAII,1984,Milk,148000000.0
IDAHO,1984,Milk,2190000000.0
ILLINOIS,1984,Milk,2560000000.0
INDIANA,1984,Milk,2279000000.0
IOWA,1984,Milk,3805000000.0
KANSAS,1984,Milk,1225000000.0
KENTUCKY,1984,Milk,2106000000.0
LOUISIANA,1984,Milk,893000000.0
MAINE,1984,Milk,694000000.0
MARYLAND,1984,Milk,1530000000.0
MASSACHUSETTS,1984,Milk,573000000.0
MICHIGAN,1984,Milk,5350000000.0
MINNESOTA,1984,Milk,10331000000.0
MISSISSIPPI,1984,Milk,847000000.0
MISSOURI,1984,Milk,2754000000.0
MONTANA,1984,Milk,341000000.0
NEBRASKA,1984,Milk,1225000000.0
NEVADA,1984,Milk,235000000.0
NEW HAMPSHIRE,1984,Milk,361000000.0
NEW JERSEY,1984,Milk,474000000.0
NEW MEXICO,1984,Milk,1006000000.0
NEW YORK,1984,Milk,11443000000.0
NORTH CAROLINA,1984,Milk,1649000000.0
NORTH DAKOTA,1984,Milk,1055000000.0
OHIO,1984,Milk,4650000000.0
OKLAHOMA,1984,Milk,1130000000.0
OREGON,1984,Milk,1338000000.0
PENNSYLVANIA,1984,Milk,9423000000.0
RHODE ISLAND,1984,Milk,44000000.0
SOUTH CAROLINA,1984,Milk,541000000.0
SOUTH DAKOTA,1984,Milk,1622000000.0
TENNESSEE,1984,Milk,2152000000.0
TEXAS,1984,Milk,3848000000.0
UTAH,1984,Milk,1039000000.0
VERMONT,1984,Milk,2311000000.0
VIRGINIA,1984,Milk,1967000000.0
WASHINGTON,1984,Milk,3468000000.0
WEST VIRGINIA,1984,Milk,369000000.0
WISCONSIN,1984,Milk,23501000000.0
WYOMING,1984,Milk,132000000.0
ARKANSAS,1985,Cheese,23166000.0
CALIFORNIA,1985,Cheese,374228000.0
CONNECTICUT,1985,Cheese,5213000.0
IDAHO,1985,Cheese,140421000.0
ILLINOIS,1985,Cheese,104877000.0
INDIANA,1985,Cheese,45081000.0
IOWA,1985,Cheese,233626000.0
KANSAS,1985,Cheese,36446000.0
KENTUCKY,1985,Cheese,52399000.0
MICHIGAN,1985,Cheese,51387000.0
MINNESOTA,1985,Cheese,595144000.0
MISSISSIPPI,1985,Cheese,12570000.0
MISSOURI,1985,Cheese,141386000.0
NEBRASKA,1985,Cheese,81998000.0
NEW JERSEY,1985,Cheese,43394000.0
NEW YORK,1985,Cheese,449026000.0
NORTH DAKOTA,1985,Cheese,53991000.0
OHIO,1985,Cheese,106608000.0
OREGON,1985,Cheese,31233000.0
PENNSYLVANIA,1985,Cheese,221595000.0
SOUTH DAKOTA,1985,Cheese,131777000.0
TENNESSEE,1985,Cheese,20470000.0
UTAH,1985,Cheese,71088000.0
VERMONT,1985,Cheese,105175000.0
VIRGINIA,1985,Cheese,6445000.0
WASHINGTON,1985,Cheese,51851000.0
WISCONSIN,1985,Cheese,1778265000.0
ALABAMA,1985,Milk,547000000.0
ALASKA,1985,Milk,22200000.0
ARIZONA,1985,Milk,1348000000.0
ARKANSAS,1985,Milk,848000000.0
CALIFORNIA,1985,Milk,16762000000.0
COLORADO,1985,Milk,1105000000.0
CONNECTICUT,1985,Milk,620000000.0
DELAWARE,1985,Milk,147100000.0
FLORIDA,1985,Milk,2038000000.0
GEORGIA,1985,Milk,1300000000.0
HAWAII,1985,Milk,142000000.0
IDAHO,1985,Milk,2421000000.0
ILLINOIS,1985,Milk,2721000000.0
INDIANA,1985,Milk,2358000000.0
IOWA,1985,Milk,4058000000.0
KANSAS,1985,Milk,1285000000.0
KENTUCKY,1985,Milk,2222000000.0
LOUISIANA,1985,Milk,911000000.0
MAINE,1985,Milk,673000000.0
MARYLAND,1985,Milk,1625000000.0
MASSACHUSETTS,1985,Milk,596000000.0
MICHIGAN,1985,Milk,5568000000.0
MINNESOTA,1985,Milk,10835000000.0
MISSISSIPPI,1985,Milk,876000000.0
MISSOURI,1985,Milk,2870000000.0
MONTANA,1985,Milk,349000000.0
NEBRASKA,1985,Milk,1340000000.0
NEVADA,1985,Milk,242000000.0
NEW HAMPSHIRE,1985,Milk,364000000.0
NEW JERSEY,1985,Milk,487000000.0
NEW MEXICO,1985,Milk,1078000000.0
NEW YORK,1985,Milk,11732000000.0
NORTH CAROLINA,1985,Milk,1748000000.0
NORTH DAKOTA,1985,Milk,1120000000.0
OHIO,1985,Milk,4870000000.0
OKLAHOMA,1985,Milk,1183000000.0
OREGON,1985,Milk,1438000000.0
PENNSYLVANIA,1985,Milk,9983000000.0
RHODE ISLAND,1985,Milk,44000000.0
SOUTH CAROLINA,1985,Milk,576000000.0
SOUTH DAKOTA,1985,Milk,1744000000.0
TENNESSEE,1985,Milk,2235000000.0
TEXAS,1985,Milk,3968000000.0
UTAH,1985,Milk,1135000000.0
VERMONT,1985,Milk,2410000000.0
VIRGINIA,1985,Milk,2102000000.0
WASHINGTON,1985,Milk,3750000000.0
WEST VIRGINIA,1985,Milk,382000000.0
WISCONSIN,1985,Milk,24700000000.0
WYOMING,1985,Milk,134000000.0
CALIFORNIA,1986,Cheese,443370000.0
IDAHO,1986,Cheese,132885000.0
ILLINOIS,1986,Cheese,96485000.0
INDIANA,1986,Cheese,41959000.0
IOWA,1986,Cheese,231726000.0
KANSAS,1986,Cheese,38917000.0
KENTUCKY,1986,Cheese,52711000.0
MICHIGAN,1986,Cheese,53566000.0
MINNESOTA,1986,Cheese,566872000.0
MISSISSIPPI,1986,Cheese,11522000.0
MISSOURI,1986,Cheese,152581000.0
NEBRASKA,1986,Cheese,92248000.0
NEW JERSEY,1986,Cheese,43375000.0
NEW YORK,1986,Cheese,484300000.0
NORTH DAKOTA,1986,Cheese,48493000.0
OHIO,1986,Cheese,107487000.0
OREGON,1986,Cheese,26812000.0
PENNSYLVANIA,1986,Cheese,227898000.0
SOUTH DAKOTA,1986,Cheese,127259000.0
TENNESSEE,1986,Cheese,17513000.0
UTAH,1986,Cheese,68450000.0
VERMONT,1986,Cheese,106587000.0
VIRGINIA,1986,Cheese,5826000.0
WASHINGTON,1986,Cheese,57175000.0
WISCONSIN,1986,Cheese,1813542000.0
ALABAMA,1986,Milk,529000000.0
ALASKA,1986,Milk,31500000.0
ARIZONA,1986,Milk,1368000000.0
ARKANSAS,1986,Milk,755000000.0
CALIFORNIA,1986,Milk,17222000000.0
COLORADO,1986,Milk,1188000000.0
CONNECTICUT,1986,Milk,600000000.0
DELAWARE,1986,Milk,146000000.0
FLORIDA,1986,Milk,2157000000.0
GEORGIA,1986,Milk,1265000000.0
HAWAII,1986,Milk,156000000.0
IDAHO,1986,Milk,2389000000.0
ILLINOIS,1986,Milk,2741000000.0
INDIANA,1986,Milk,2348000000.0
IOWA,1986,Milk,3879000000.0
KANSAS,1986,Milk,1301000000.0
KENTUCKY,1986,Milk,2327000000.0
LOUISIANA,1986,Milk,887000000.0
MAINE,1986,Milk,694000000.0
MARYLAND,1986,Milk,1620000000.0
MASSACHUSETTS,1986,Milk,559000000.0
MICHIGAN,1986,Milk,5404000000.0
MINNESOTA,1986,Milk,10614000000.0
MISSISSIPPI,1986,Milk,841000000.0
MISSOURI,1986,Milk,2930000000.0
MONTANA,1986,Milk,338000000.0
NEBRASKA,1986,Milk,1350000000.0
NEVADA,1986,Milk,250000000.0
NEW HAMPSHIRE,1986,Milk,373000000.0
NEW JERSEY,1986,Milk,479000000.0
NEW MEXICO,1986,Milk,1092000000.0
NEW YORK,1986,Milk,11718000000.0
NORTH CAROLINA,1986,Milk,1695000000.0
NORTH DAKOTA,1986,Milk,1074000000.0
OHIO,1986,Milk,4940000000.0
OKLAHOMA,1986,Milk,1190000000.0
OREGON,1986,Milk,1471000000.0
PENNSYLVANIA,1986,Milk,10152000000.0
RHODE ISLAND,1986,Milk,41000000.0
SOUTH CAROLINA,1986,Milk,535000000.0
SOUTH DAKOTA,1986,Milk,1685000000.0
TENNESSEE,1986,Milk,2221000000.0
TEXAS,1986,Milk,4045000000.0
UTAH,1986,Milk,1157000000.0
VERMONT,1986,Milk,2448000000.0
VIRGINIA,1986,Milk,2151000000.0
WASHINGTON,1986,Milk,3762000000.0
WEST VIRGINIA,1986,Milk,375000000.0
WISCONSIN,1986,Milk,24500000000.0
WYOMING,1986,Milk,131000000.0
CALIFORNIA,1987,Cheese,492852000.0
IDAHO,1987,Cheese,140839000.0
ILLINOIS,1987,Cheese,97779000.0
INDIANA,1987,Cheese,35331000.0
IOWA,1987,Cheese,245701000.0
KANSAS,1987,Cheese,39881000.0
KENTUCKY,1987,Cheese,44923000.0
MICHIGAN,1987,Cheese,55075000.0
MINNESOTA,1987,Cheese,580944000.0
MISSISSIPPI,1987,Cheese,6500000.0
MISSOURI,1987,Cheese,148261000.0
NEBRASKA,1987,Cheese,94072000.0
NEW JERSEY,1987,Cheese,44455000.0
NEW YORK,1987,Cheese,500996000.0
NORTH DAKOTA,1987,Cheese,44948000.0
OHIO,1987,Cheese,97953000.0
OREGON,1987,Cheese,30997000.0
PENNSYLVANIA,1987,Cheese,223444000.0
SOUTH DAKOTA,1987,Cheese,134082000.0
TENNESSEE,1987,Cheese,16012000.0
UTAH,1987,Cheese,58017000.0
VERMONT,1987,Cheese,106444000.0
VIRGINIA,1987,Cheese,3093000.0
WASHINGTON,1987,Cheese,57879000.0
WISCONSIN,1987,Cheese,1874492000.0
ALABAMA,1987,Honey,1610000.0
ARIZONA,1987,Honey,3760000.0
ARKANSAS,1987,Honey,2001000.0
CALIFORNIA,1987,Honey,17820000.0
COLORADO,1987,Honey,3212000.0
CONNECTICUT,1987,Honey,68000.0
DELAWARE,1987,Honey,29000.0
FLORIDA,1987,Honey,18960000.0
GEORGIA,1987,Honey,4560000.0
HAWAII,1987,Honey,1710000.0
IDAHO,1987,Honey,7200000.0
ILLINOIS,1987,Honey,2100000.0
INDIANA,1987,Honey,1450000.0
IOWA,1987,Honey,4532000.0
KANSAS,1987,Honey,2346000.0
KENTUCKY,1987,Honey,350000.0
LOUISIANA,1987,Honey,2625000.0
MAINE,1987,Honey,414000.0
MARYLAND,1987,Honey,245000.0
MASSACHUSETTS,1987,Honey,165000.0
MICHIGAN,1987,Honey,6324000.0
MINNESOTA,1987,Honey,17280000.0
MISSISSIPPI,1987,Honey,1140000.0
MISSOURI,1987,Honey,1950000.0
MONTANA,1987,Honey,9690000.0
NEBRASKA,1987,Honey,9900000.0
NEVADA,1987,Honey,330000.0
NEW HAMPSHIRE,1987,Honey,32000.0
NEW JERSEY,1987,Honey,850000.0
NEW MEXICO,1987,Honey,950000.0
NEW YORK,1987,Honey,3960000.0
NORTH CAROLINA,1987,Honey,960000.0
NORTH DAKOTA,1987,Honey,33000000.0
OHIO,1987,Honey,2750000.0
OKLAHOMA,1987,Honey,700000.0
OREGON,1987,Honey,2310000.0
PENNSYLVANIA,1987,Honey,1872000.0
RHODE ISLAND,1987,Honey,32000.0
SOUTH CAROLINA,1987,Honey,510000.0
SOUTH DAKOTA,1987,Honey,34840000.0
TENNESSEE,1987,Honey,1925000.0
TEXAS,1987,Honey,8880000.0
UTAH,1987,Honey,1680000.0
VERMONT,1987,Honey,322000.0
VIRGINIA,1987,Honey,1200000.0
WASHINGTON,1987,Honey,4125000.0
WEST VIRGINIA,1987,Honey,861000.0
WISCONSIN,1987,Honey,8924000.0
WYOMING,1987,Honey,2886000.0
ALABAMA,1987,Milk,502000000.0
ALASKA,1987,Milk,34800000.0
ARIZONA,1987,Milk,1432000000.0
ARKANSAS,1987,Milk,748000000.0
CALIFORNIA,1987,Milk,17928000000.0
COLORADO,1987,Milk,1192000000.0
CONNECTICUT,1987,Milk,567000000.0
DELAWARE,1987,Milk,139000000.0
FLORIDA,1987,Milk,2209000000.0
GEORGIA,1987,Milk,1160000000.0
HAWAII,1987,Milk,156000000.0
IDAHO,1987,Milk,2375000000.0
ILLINOIS,1987,Milk,2775000000.0
INDIANA,1987,Milk,2287000000.0
IOWA,1987,Milk,3910000000.0
KANSAS,1987,Milk,1261000000.0
KENTUCKY,1987,Milk,2338000000.0
LOUISIANA,1987,Milk,881000000.0
MAINE,1987,Milk,670000000.0
MARYLAND,1987,Milk,1508000000.0
MASSACHUSETTS,1987,Milk,506000000.0
MICHIGAN,1987,Milk,5248000000.0
MINNESOTA,1987,Milk,10420000000.0
MISSISSIPPI,1987,Milk,786000000.0
MISSOURI,1987,Milk,2940000000.0
MONTANA,1987,Milk,339000000.0
NEBRASKA,1987,Milk,1340000000.0
NEVADA,1987,Milk,263000000.0
NEW HAMPSHIRE,1987,Milk,323000000.0
NEW JERSEY,1987,Milk,436000000.0
NEW MEXICO,1987,Milk,979000000.0
NEW YORK,1987,Milk,11439000000.0
NORTH CAROLINA,1987,Milk,1555000000.0
NORTH DAKOTA,1987,Milk,1087000000.0
OHIO,1987,Milk,4840000000.0
OKLAHOMA,1987,Milk,1170000000.0
OREGON,1987,Milk,1471000000.0
PENNSYLVANIA,1987,Milk,10183000000.0
RHODE ISLAND,1987,Milk,40000000.0
SOUTH CAROLINA,1987,Milk,487000000.0
SOUTH DAKOTA,1987,Milk,1718000000.0
TENNESSEE,1987,Milk,2207000000.0
TEXAS,1987,Milk,4277000000.0
UTAH,1987,Milk,1121000000.0
VERMONT,1987,Milk,2410000000.0
VIRGINIA,1987,Milk,2019000000.0
WASHINGTON,1987,Milk,3763000000.0
WEST VIRGINIA,1987,Milk,349000000.0
WISCONSIN,1987,Milk,24800000000.0
WYOMING,1987,Milk,120000000.0
CALIFORNIA,1988,Cheese,540676000.0
IDAHO,1988,Cheese,153053000.0
ILLINOIS,1988,Cheese,108963000.0
INDIANA,1988,Cheese,32188000.0
IOWA,1988,Cheese,258943000.0
KANSAS,1988,Cheese,47268000.0
KENTUCKY,1988,Cheese,33336000.0
MICHIGAN,1988,Cheese,69043000.0
MINNESOTA,1988,Cheese,635025000.0
MISSISSIPPI,1988,Cheese,9610000.0
MISSOURI,1988,Cheese,181850000.0
NEBRASKA,1988,Cheese,91524000.0
NEW JERSEY,1988,Cheese,42821000.0
NEW YORK,1988,Cheese,509372000.0
NORTH DAKOTA,1988,Cheese,41754000.0
OHIO,1988,Cheese,97426000.0
OREGON,1988,Cheese,31324000.0
PENNSYLVANIA,1988,Cheese,223161000.0
SOUTH DAKOTA,1988,Cheese,134859000.0
TENNESSEE,1988,Cheese,16474000.0
UTAH,1988,Cheese,63563000.0
VERMONT,1988,Cheese,113071000.0
WASHINGTON,1988,Cheese,53732000.0
WISCONSIN,1988,Cheese,1901379000.0
ALABAMA,1988,Honey,1764000.0
ARIZONA,1988,Honey,3920000.0
ARKANSAS,1988,Honey,2278000.0
CALIFORNIA,1988,Honey,24000000.0
COLORADO,1988,Honey,3984000.0
CONNECTICUT,1988,Honey,92000.0
DELAWARE,1988,Honey,26000.0
FLORIDA,1988,Honey,25200000.0
GEORGIA,1988,Honey,4715000.0
HAWAII,1988,Honey,1611000.0
IDAHO,1988,Honey,6731000.0
ILLINOIS,1988,Honey,1932000.0
INDIANA,1988,Honey,1885000.0
IOWA,1988,Honey,6321000.0
KANSAS,1988,Honey,2898000.0
KENTUCKY,1988,Honey,480000.0
LOUISIANA,1988,Honey,3420000.0
MAINE,1988,Honey,364000.0
MARYLAND,1988,Honey,175000.0
MASSACHUSETTS,1988,Honey,270000.0
MICHIGAN,1988,Honey,6935000.0
MINNESOTA,1988,Honey,20640000.0
MISSISSIPPI,1988,Honey,1386000.0
MISSOURI,1988,Honey,2400000.0
MONTANA,1988,Honey,5040000.0
NEBRASKA,1988,Honey,10848000.0
NEVADA,1988,Honey,270000.0
NEW HAMPSHIRE,1988,Honey,34000.0
NEW JERSEY,1988,Honey,930000.0
NEW MEXICO,1988,Honey,1197000.0
NEW YORK,1988,Honey,5546000.0
NORTH CAROLINA,1988,Honey,966000.0
NORTH DAKOTA,1988,Honey,16500000.0
OHIO,1988,Honey,2400000.0
OKLAHOMA,1988,Honey,550000.0
OREGON,1988,Honey,3120000.0
PENNSYLVANIA,1988,Honey,2070000.0
RHODE ISLAND,1988,Honey,39000.0
SOUTH CAROLINA,1988,Honey,560000.0
SOUTH DAKOTA,1988,Honey,18130000.0
TENNESSEE,1988,Honey,1400000.0
TEXAS,1988,Honey,9424000.0
UTAH,1988,Honey,1476000.0
VERMONT,1988,Honey,357000.0
VIRGINIA,1988,Honey,1400000.0
WASHINGTON,1988,Honey,3055000.0
WEST VIRGINIA,1988,Honey,1050000.0
WISCONSIN,1988,Honey,10098000.0
WYOMING,1988,Honey,2769000.0
ALABAMA,1988,Milk,524000000.0
ALASKA,1988,Milk,30700000.0
ARIZONA,1988,Milk,1500000000.0
ARKANSAS,1988,Milk,789000000.0
CALIFORNIA,1988,Milk,18607000000.0
COLORADO,1988,Milk,1227000000.0
CONNECTICUT,1988,Milk,541000000.0
DELAWARE,1988,Milk,135000000.0
FLORIDA,1988,Milk,2350000000.0
GEORGIA,1988,Milk,1235000000.0
HAWAII,1988,Milk,160000000.0
IDAHO,1988,Milk,2628000000.0
ILLINOIS,1988,Milk,2763000000.0
INDIANA,1988,Milk,2234000000.0
IOWA,1988,Milk,4040000000.0
KANSAS,1988,Milk,1269000000.0
KENTUCKY,1988,Milk,2327000000.0
LOUISIANA,1988,Milk,930000000.0
MAINE,1988,Milk,644000000.0
MARYLAND,1988,Milk,1443000000.0
MASSACHUSETTS,1988,Milk,461000000.0
MICHIGAN,1988,Milk,5228000000.0
MINNESOTA,1988,Milk,10413000000.0
MISSISSIPPI,1988,Milk,794000000.0
MISSOURI,1988,Milk,3000000000.0
MONTANA,1988,Milk,352000000.0
NEBRASKA,1988,Milk,1364000000.0
NEVADA,1988,Milk,278000000.0
NEW HAMPSHIRE,1988,Milk,304000000.0
NEW JERSEY,1988,Milk,396000000.0
NEW MEXICO,1988,Milk,1099000000.0
NEW YORK,1988,Milk,11444000000.0
NORTH CAROLINA,1988,Milk,1555000000.0
NORTH DAKOTA,1988,Milk,1062000000.0
OHIO,1988,Milk,4785000000.0
OKLAHOMA,1988,Milk,1180000000.0
OREGON,1988,Milk,1503000000.0
PENNSYLVANIA,1988,Milk,10204000000.0
RHODE ISLAND,1988,Milk,39000000.0
SOUTH CAROLINA,1988,Milk,477000000.0
SOUTH DAKOTA,1988,Milk,1747000000.0
TENNESSEE,1988,Milk,2137000000.0
TEXAS,1988,Milk,4874000000.0
UTAH,1988,Milk,1167000000.0
VERMONT,1988,Milk,2389000000.0
VIRGINIA,1988,Milk,2013000000.0
WASHINGTON,1988,Milk,3966000000.0
WEST VIRGINIA,1988,Milk,301000000.0
WISCONSIN,1988,Milk,25000000000.0
WYOMING,1988,Milk,125000000.0
CALIFORNIA,1989,Cheese,608088000.0
IDAHO,1989,Cheese,160648000.0
ILLINOIS,1989,Cheese,115090000.0
INDIANA,1989,Cheese,27183000.0
IOWA,1989,Cheese,256091000.0
KANSAS,1989,Cheese,46988000.0
KENTUCKY,1989,Cheese,31373000.0
MICHIGAN,1989,Cheese,73673000.0
MINNESOTA,1989,Cheese,610843000.0
MISSISSIPPI,1989,Cheese,8808000.0
MISSOURI,1989,Cheese,191757000.0
NEBRASKA,1989,Cheese,112959000.0
NEW JERSEY,1989,Cheese,44404000.0
NEW YORK,1989,Cheese,500172000.0
NORTH DAKOTA,1989,Cheese,40017000.0
OHIO,1989,Cheese,92137000.0
OREGON,1989,Cheese,34810000.0
PENNSYLVANIA,1989,Cheese,220564000.0
SOUTH DAKOTA,1989,Cheese,148849000.0
TENNESSEE,1989,Cheese,13202000.0
UTAH,1989,Cheese,65042000.0
VERMONT,1989,Cheese,108371000.0
WASHINGTON,1989,Cheese,67630000.0
WISCONSIN,1989,Cheese,1847455000.0
ALABAMA,1989,Honey,820000.0
ARIZONA,1989,Honey,3510000.0
ARKANSAS,1989,Honey,2074000.0
CALIFORNIA,1989,Honey,21080000.0
COLORADO,1989,Honey,3300000.0
CONNECTICUT,1989,Honey,80000.0
DELAWARE,1989,Honey,10000.0
FLORIDA,1989,Honey,15000000.0
GEORGIA,1989,Honey,3132000.0
HAWAII,1989,Honey,1215000.0
IDAHO,1989,Honey,7560000.0
ILLINOIS,1989,Honey,1102000.0
INDIANA,1989,Honey,980000.0
IOWA,1989,Honey,6030000.0
KANSAS,1989,Honey,1702000.0
KENTUCKY,1989,Honey,348000.0
LOUISIANA,1989,Honey,2975000.0
MAINE,1989,Honey,408000.0
MARYLAND,1989,Honey,144000.0
MASSACHUSETTS,1989,Honey,184000.0
MICHIGAN,1989,Honey,7140000.0
MINNESOTA,1989,Honey,15180000.0
MISSISSIPPI,1989,Honey,792000.0
MISSOURI,1989,Honey,2046000.0
MONTANA,1989,Honey,6300000.0
NEBRASKA,1989,Honey,7378000.0
NEVADA,1989,Honey,810000.0
NEW HAMPSHIRE,1989,Honey,35000.0
NEW JERSEY,1989,Honey,575000.0
NEW MEXICO,1989,Honey,1150000.0
NEW YORK,1989,Honey,5546000.0
NORTH CAROLINA,1989,Honey,950000.0
NORTH DAKOTA,1989,Honey,17360000.0
OHIO,1989,Honey,1060000.0
OKLAHOMA,1989,Honey,585000.0
OREGON,1989,Honey,2457000.0
PENNSYLVANIA,1989,Honey,1599000.0
RHODE ISLAND,1989,Honey,39000.0
SOUTH CAROLINA,1989,Honey,285000.0
SOUTH DAKOTA,1989,Honey,11515000.0
TENNESSEE,1989,Honey,625000.0
TEXAS,1989,Honey,7840000.0
UTAH,1989,Honey,2068000.0
VERMONT,1989,Honey,366000.0
VIRGINIA,1989,Honey,460000.0
WASHINGTON,1989,Honey,3220000.0
WEST VIRGINIA,1989,Honey,1408000.0
WISCONSIN,1989,Honey,7992000.0
WYOMING,1989,Honey,1927000.0
ALABAMA,1989,Milk,527000000.0
ALASKA,1989,Milk,23300000.0
ARIZONA,1989,Milk,1525000000.0
ARKANSAS,1989,Milk,794000000.0
CALIFORNIA,1989,Milk,19420000000.0
COLORADO,1989,Milk,1277000000.0
CONNECTICUT,1989,Milk,524000000.0
DELAWARE,1989,Milk,127600000.0
FLORIDA,1989,Milk,2447000000.0
GEORGIA,1989,Milk,1303000000.0
HAWAII,1989,Milk,154000000.0
IDAHO,1989,Milk,2669000000.0
ILLINOIS,1989,Milk,2650000000.0
INDIANA,1989,Milk,2229000000.0
IOWA,1989,Milk,4202000000.0
KANSAS,1989,Milk,1256000000.0
KENTUCKY,1989,Milk,2265000000.0
LOUISIANA,1989,Milk,950000000.0
MAINE,1989,Milk,609000000.0
MARYLAND,1989,Milk,1377000000.0
MASSACHUSETTS,1989,Milk,448000000.0
MICHIGAN,1989,Milk,5152000000.0
MINNESOTA,1989,Milk,10109000000.0
MISSISSIPPI,1989,Milk,767000000.0
MISSOURI,1989,Milk,2975000000.0
MONTANA,1989,Milk,327000000.0
NEBRASKA,1989,Milk,1360000000.0
NEVADA,1989,Milk,295000000.0
NEW HAMPSHIRE,1989,Milk,292000000.0
NEW JERSEY,1989,Milk,364000000.0
NEW MEXICO,1989,Milk,1243000000.0
NEW YORK,1989,Milk,11071000000.0
NORTH CAROLINA,1989,Milk,1531000000.0
NORTH DAKOTA,1989,Milk,1030000000.0
OHIO,1989,Milk,4535000000.0
OKLAHOMA,1989,Milk,1232000000.0
OREGON,1989,Milk,1509000000.0
PENNSYLVANIA,1989,Milk,9998000000.0
RHODE ISLAND,1989,Milk,34000000.0
SOUTH CAROLINA,1989,Milk,462000000.0
SOUTH DAKOTA,1989,Milk,1724000000.0
TENNESSEE,1989,Milk,2040000000.0
TEXAS,1989,Milk,5170000000.0
UTAH,1989,Milk,1170000000.0
VERMONT,1989,Milk,2337000000.0
VIRGINIA,1989,Milk,1991000000.0
WASHINGTON,1989,Milk,4097000000.0
WEST VIRGINIA,1989,Milk,279000000.0
WISCONSIN,1989,Milk,23898000000.0
WYOMING,1989,Milk,124000000.0
CALIFORNIA,1990,Cheese,698984000.0
IDAHO,1990,Cheese,178474000.0
ILLINOIS,1990,Cheese,110165000.0
IOWA,1990,Cheese,293151000.0
KANSAS,1990,Cheese,55084000.0
KENTUCKY,1990,Cheese,28828000.0
MICHIGAN,1990,Cheese,107890000.0
MINNESOTA,1990,Cheese,654188000.0
MISSOURI,1990,Cheese,189505000.0
NEBRASKA,1990,Cheese,136925000.0
NEW YORK,1990,Cheese,507229000.0
NORTH DAKOTA,1990,Cheese,44628000.0
OHIO,1990,Cheese,98600000.0
OREGON,1990,Cheese,39964000.0
PENNSYLVANIA,1990,Cheese,248597000.0
SOUTH DAKOTA,1990,Cheese,156458000.0
TENNESSEE,1990,Cheese,19058000.0
UTAH,1990,Cheese,70204000.0
VERMONT,1990,Cheese,122793000.0
WASHINGTON,1990,Cheese,71322000.0
WISCONSIN,1990,Cheese,1910230000.0
ALABAMA,1990,Honey,1102000.0
ARIZONA,1990,Honey,3216000.0
ARKANSAS,1990,Honey,3528000.0
CALIFORNIA,1990,Honey,20160000.0
COLORADO,1990,Honey,3520000.0
CONNECTICUT,1990,Honey,104000.0
DELAWARE,1990,Honey,11000.0
FLORIDA,1990,Honey,20900000.0
GEORGIA,1990,Honey,5550000.0
HAWAII,1990,Honey,1570000.0
IDAHO,1990,Honey,5600000.0
ILLINOIS,1990,Honey,920000.0
INDIANA,1990,Honey,1034000.0
IOWA,1990,Honey,3780000.0
KANSAS,1990,Honey,2412000.0
KENTUCKY,1990,Honey,352000.0
LOUISIANA,1990,Honey,3382000.0
MAINE,1990,Honey,480000.0
MARYLAND,1990,Honey,133000.0
MASSACHUSETTS,1990,Honey,195000.0
MICHIGAN,1990,Honey,8000000.0
MINNESOTA,1990,Honey,12580000.0
MISSISSIPPI,1990,Honey,1488000.0
MISSOURI,1990,Honey,1890000.0
MONTANA,1990,Honey,7938000.0
NEBRASKA,1990,Honey,6608000.0
NEVADA,1990,Honey,986000.0
NEW HAMPSHIRE,1990,Honey,54000.0
NEW JERSEY,1990,Honey,315000.0
NEW MEXICO,1990,Honey,2059000.0
NEW YORK,1990,Honey,4374000.0
NORTH CAROLINA,1990,Honey,1000000.0
NORTH DAKOTA,1990,Honey,18040000.0
OHIO,1990,Honey,2142000.0
OKLAHOMA,1990,Honey,450000.0
OREGON,1990,Honey,2562000.0
PENNSYLVANIA,1990,Honey,1148000.0
RHODE ISLAND,1990,Honey,31000.0
SOUTH CAROLINA,1990,Honey,492000.0
SOUTH DAKOTA,1990,Honey,19845000.0
TENNESSEE,1990,Honey,627000.0
TEXAS,1990,Honey,9380000.0
UTAH,1990,Honey,1739000.0
VERMONT,1990,Honey,390000.0
VIRGINIA,1990,Honey,544000.0
WASHINGTON,1990,Honey,4400000.0
WEST VIRGINIA,1990,Honey,900000.0
WISCONSIN,1990,Honey,8400000.0
WYOMING,1990,Honey,2280000.0
ALABAMA,1990,Milk,513000000.0
ALASKA,1990,Milk,16800000.0
ARIZONA,1990,Milk,1645000000.0
ARKANSAS,1990,Milk,817000000.0
CALIFORNIA,1990,Milk,20947000000.0
COLORADO,1990,Milk,1323000000.0
CONNECTICUT,1990,Milk,515000000.0
DELAWARE,1990,Milk,123000000.0
FLORIDA,1990,Milk,2526000000.0
GEORGIA,1990,Milk,1440000000.0
HAWAII,1990,Milk,151000000.0
IDAHO,1990,Milk,2949000000.0
ILLINOIS,1990,Milk,2559000000.0
INDIANA,1990,Milk,2276000000.0
IOWA,1990,Milk,4233000000.0
KANSAS,1990,Milk,1245000000.0
KENTUCKY,1990,Milk,2255000000.0
LOUISIANA,1990,Milk,940000000.0
MAINE,1990,Milk,614000000.0
MARYLAND,1990,Milk,1373000000.0
MASSACHUSETTS,1990,Milk,461000000.0
MICHIGAN,1990,Milk,5234000000.0
MINNESOTA,1990,Milk,10030000000.0
MISSISSIPPI,1990,Milk,749000000.0
MISSOURI,1990,Milk,3040000000.0
MONTANA,1990,Milk,325000000.0
NEBRASKA,1990,Milk,1345000000.0
NEVADA,1990,Milk,328000000.0
NEW HAMPSHIRE,1990,Milk,302000000.0
NEW JERSEY,1990,Milk,352000000.0
NEW MEXICO,1990,Milk,1524000000.0
NEW YORK,1990,Milk,11067000000.0
NORTH CAROLINA,1990,Milk,1522000000.0
NORTH DAKOTA,1990,Milk,1073000000.0
OHIO,1990,Milk,4667000000.0
OKLAHOMA,1990,Milk,1245000000.0
OREGON,1990,Milk,1611000000.0
PENNSYLVANIA,1990,Milk,10014000000.0
RHODE ISLAND,1990,Milk,34200000.0
SOUTH CAROLINA,1990,Milk,447000000.0
SOUTH DAKOTA,1990,Milk,1716000000.0
TENNESSEE,1990,Milk,2022000000.0
TEXAS,1990,Milk,5539000000.0
UTAH,1990,Milk,1267000000.0
VERMONT,1990,Milk,2368000000.0
VIRGINIA,1990,Milk,2004000000.0
WASHINGTON,1990,Milk,4392000000.0
WEST VIRGINIA,1990,Milk,270000000.0
WISCONSIN,1990,Milk,24187000000.0
WYOMING,1990,Milk,124600000.0
CALIFORNIA,1990,Yogurt,233748000.0
ILLINOIS,1990,Yogurt,10900000.0
IOWA,1990,Yogurt,11058000.0
NEW YORK,1990,Yogurt,189012000.0
NORTH CAROLINA,1990,Yogurt,2545000.0
TEXAS,1990,Yogurt,18988000.0
WISCONSIN,1990,Yogurt,10868000.0
CALIFORNIA,1991,Cheese,741733000.0
ILLINOIS,1991,Cheese,110171000.0
IOWA,1991,Cheese,290016000.0
MINNESOTA,1991,Cheese,621428000.0
MISSOURI,1991,Cheese,191087000.0
NEBRASKA,1991,Cheese,130587000.0
NEW JERSEY,1991,Cheese,9145000.0
NEW YORK,1991,Cheese,494945000.0
NORTH DAKOTA,1991,Cheese,40368000.0
OHIO,1991,Cheese,92891000.0
OREGON,1991,Cheese,40096000.0
PENNSYLVANIA,1991,Cheese,263462000.0
SOUTH DAKOTA,1991,Cheese,151489000.0
UTAH,1991,Cheese,71574000.0
VERMONT,1991,Cheese,131558000.0
WASHINGTON,1991,Cheese,70168000.0
WISCONSIN,1991,Cheese,1965888000.0
ALABAMA,1991,Honey,552000.0
ARIZONA,1991,Honey,3750000.0
ARKANSAS,1991,Honey,3713000.0
CALIFORNIA,1991,Honey,34650000.0
COLORADO,1991,Honey,3950000.0
FLORIDA,1991,Honey,18675000.0
GEORGIA,1991,Honey,4284000.0
HAWAII,1991,Honey,1310000.0
IDAHO,1991,Honey,6440000.0
ILLINOIS,1991,Honey,1092000.0
INDIANA,1991,Honey,1050000.0
IOWA,1991,Honey,4130000.0
KANSAS,1991,Honey,1820000.0
KENTUCKY,1991,Honey,175000.0
LOUISIANA,1991,Honey,2800000.0
MAINE,1991,Honey,546000.0
MARYLAND,1991,Honey,175000.0
MICHIGAN,1991,Honey,7665000.0
MINNESOTA,1991,Honey,16380000.0
MISSISSIPPI,1991,Honey,1008000.0
MISSOURI,1991,Honey,1820000.0
MONTANA,1991,Honey,7912000.0
NEBRASKA,1991,Honey,7236000.0
NEVADA,1991,Honey,810000.0
NEW JERSEY,1991,Honey,341000.0
NEW MEXICO,1991,Honey,1540000.0
NEW YORK,1991,Honey,4774000.0
NORTH CAROLINA,1991,Honey,1044000.0
NORTH DAKOTA,1991,Honey,22145000.0
OHIO,1991,Honey,2928000.0
OKLAHOMA,1991,Honey,630000.0
OREGON,1991,Honey,2576000.0
PENNSYLVANIA,1991,Honey,1800000.0
SOUTH CAROLINA,1991,Honey,671000.0
SOUTH DAKOTA,1991,Honey,22725000.0
TENNESSEE,1991,Honey,532000.0
TEXAS,1991,Honey,10920000.0
UTAH,1991,Honey,1530000.0
VERMONT,1991,Honey,450000.0
VIRGINIA,1991,Honey,528000.0
WASHINGTON,1991,Honey,3570000.0
WEST VIRGINIA,1991,Honey,624000.0
WISCONSIN,1991,Honey,7370000.0
WYOMING,1991,Honey,2132000.0
ALABAMA,1991,Milk,521000000.0
ALASKA,1991,Milk,13300000.0
ARIZONA,1991,Milk,1713000000.0
ARKANSAS,1991,Milk,783000000.0
CALIFORNIA,1991,Milk,21407000000.0
COLORADO,1991,Milk,1335000000.0
CONNECTICUT,1991,Milk,523000000.0
DELAWARE,1991,Milk,130000000.0
FLORIDA,1991,Milk,2508000000.0
GEORGIA,1991,Milk,1447000000.0
HAWAII,1991,Milk,141000000.0
IDAHO,1991,Milk,2919000000.0
ILLINOIS,1991,Milk,2554000000.0
INDIANA,1991,Milk,2285000000.0
IOWA,1991,Milk,4151000000.0
KANSAS,1991,Milk,1230000000.0
KENTUCKY,1991,Milk,2190000000.0
LOUISIANA,1991,Milk,934000000.0
MAINE,1991,Milk,621000000.0
MARYLAND,1991,Milk,1419000000.0
MASSACHUSETTS,1991,Milk,465000000.0
MICHIGAN,1991,Milk,5256000000.0
MINNESOTA,1991,Milk,9775000000.0
MISSISSIPPI,1991,Milk,738000000.0
MISSOURI,1991,Milk,2865000000.0
MONTANA,1991,Milk,330000000.0
NEBRASKA,1991,Milk,1280000000.0
NEVADA,1991,Milk,350000000.0
NEW HAMPSHIRE,1991,Milk,318000000.0
NEW JERSEY,1991,Milk,354000000.0
NEW MEXICO,1991,Milk,1917000000.0
NEW YORK,1991,Milk,11179000000.0
NORTH CAROLINA,1991,Milk,1527000000.0
NORTH DAKOTA,1991,Milk,1035000000.0
OHIO,1991,Milk,4695000000.0
OKLAHOMA,1991,Milk,1223000000.0
OREGON,1991,Milk,1659000000.0
PENNSYLVANIA,1991,Milk,10058000000.0
RHODE ISLAND,1991,Milk,34400000.0
SOUTH CAROLINA,1991,Milk,405000000.0
SOUTH DAKOTA,1991,Milk,1674000000.0
TENNESSEE,1991,Milk,1993000000.0
TEXAS,1991,Milk,5418000000.0
UTAH,1991,Milk,1262000000.0
VERMONT,1991,Milk,2408000000.0
VIRGINIA,1991,Milk,2046000000.0
WASHINGTON,1991,Milk,4459000000.0
WEST VIRGINIA,1991,Milk,270000000.0
WISCONSIN,1991,Milk,23770000000.0
WYOMING,1991,Milk,109300000.0
CALIFORNIA,1991,Yogurt,232764000.0
FLORIDA,1991,Yogurt,9500000.0
ILLINOIS,1991,Yogurt,11520000.0
IOWA,1991,Yogurt,7753000.0
NEW YORK,1991,Yogurt,185518000.0
NORTH CAROLINA,1991,Yogurt,3176000.0
PENNSYLVANIA,1991,Yogurt,3859000.0
TEXAS,1991,Yogurt,24829000.0
WISCONSIN,1991,Yogurt,11821000.0
CALIFORNIA,1992,Cheese,789379000.0
COLORADO,1992,Cheese,548000.0
IDAHO,1992,Cheese,214220000.0
ILLINOIS,1992,Cheese,112501000.0
IOWA,1992,Cheese,292808000.0
KANSAS,1992,Cheese,51170000.0
MICHIGAN,1992,Cheese,105439000.0
MINNESOTA,1992,Cheese,662245000.0
MISSISSIPPI,1992,Cheese,6181000.0
MISSOURI,1992,Cheese,239234000.0
NEBRASKA,1992,Cheese,142763000.0
NEW JERSEY,1992,Cheese,11107000.0
NEW YORK,1992,Cheese,529612000.0
NORTH DAKOTA,1992,Cheese,41195000.0
OHIO,1992,Cheese,99528000.0
OREGON,1992,Cheese,43889000.0
PENNSYLVANIA,1992,Cheese,312670000.0
SOUTH DAKOTA,1992,Cheese,142679000.0
UTAH,1992,Cheese,87455000.0
VERMONT,1992,Cheese,133205000.0
WASHINGTON,1992,Cheese,78190000.0
WISCONSIN,1992,Cheese,2052913000.0
ALABAMA,1992,Honey,1025000.0
ARIZONA,1992,Honey,3780000.0
ARKANSAS,1992,Honey,2925000.0
CALIFORNIA,1992,Honey,32830000.0
COLORADO,1992,Honey,3848000.0
FLORIDA,1992,Honey,22880000.0
GEORGIA,1992,Honey,4675000.0
HAWAII,1992,Honey,1242000.0
IDAHO,1992,Honey,6885000.0
ILLINOIS,1992,Honey,848000.0
INDIANA,1992,Honey,465000.0
IOWA,1992,Honey,4030000.0
KANSAS,1992,Honey,1624000.0
KENTUCKY,1992,Honey,120000.0
LOUISIANA,1992,Honey,4815000.0
MAINE,1992,Honey,330000.0
MARYLAND,1992,Honey,138000.0
MICHIGAN,1992,Honey,6460000.0
MINNESOTA,1992,Honey,17100000.0
MISSISSIPPI,1992,Honey,1625000.0
MISSOURI,1992,Honey,1825000.0
MONTANA,1992,Honey,9570000.0
NEBRASKA,1992,Honey,7200000.0
NEVADA,1992,Honey,975000.0
NEW JERSEY,1992,Honey,176000.0
NEW MEXICO,1992,Honey,1224000.0
NEW YORK,1992,Honey,4620000.0
NORTH CAROLINA,1992,Honey,675000.0
NORTH DAKOTA,1992,Honey,21840000.0
OHIO,1992,Honey,1254000.0
OKLAHOMA,1992,Honey,468000.0
OREGON,1992,Honey,2548000.0
PENNSYLVANIA,1992,Honey,1230000.0
SOUTH CAROLINA,1992,Honey,759000.0
SOUTH DAKOTA,1992,Honey,20400000.0
TENNESSEE,1992,Honey,301000.0
TEXAS,1992,Honey,10625000.0
UTAH,1992,Honey,2632000.0
VERMONT,1992,Honey,378000.0
VIRGINIA,1992,Honey,494000.0
WASHINGTON,1992,Honey,3520000.0
WEST VIRGINIA,1992,Honey,1265000.0
WISCONSIN,1992,Honey,6930000.0
WYOMING,1992,Honey,2870000.0
ALABAMA,1992,Milk,503000000.0
ALASKA,1992,Milk,12200000.0
ARIZONA,1992,Milk,1787000000.0
ARKANSAS,1992,Milk,787000000.0
CALIFORNIA,1992,Milk,22092000000.0
COLORADO,1992,Milk,1416000000.0
CONNECTICUT,1992,Milk,541000000.0
DELAWARE,1992,Milk,138200000.0
FLORIDA,1992,Milk,2579000000.0
GEORGIA,1992,Milk,1518000000.0
HAWAII,1992,Milk,145000000.0
IDAHO,1992,Milk,3138000000.0
ILLINOIS,1992,Milk,2525000000.0
INDIANA,1992,Milk,2289000000.0
IOWA,1992,Milk,4006000000.0
KANSAS,1992,Milk,1220000000.0
KENTUCKY,1992,Milk,2150000000.0
LOUISIANA,1992,Milk,960000000.0
MAINE,1992,Milk,642000000.0
MARYLAND,1992,Milk,1444000000.0
MASSACHUSETTS,1992,Milk,479000000.0
MICHIGAN,1992,Milk,5397000000.0
MINNESOTA,1992,Milk,9858000000.0
MISSISSIPPI,1992,Milk,756000000.0
MISSOURI,1992,Milk,2971000000.0
MONTANA,1992,Milk,327000000.0
NEBRASKA,1992,Milk,1230000000.0
NEVADA,1992,Milk,353000000.0
NEW HAMPSHIRE,1992,Milk,332000000.0
NEW JERSEY,1992,Milk,357000000.0
NEW MEXICO,1992,Milk,2174000000.0
NEW YORK,1992,Milk,11557000000.0
NORTH CAROLINA,1992,Milk,1535000000.0
NORTH DAKOTA,1992,Milk,989000000.0
OHIO,1992,Milk,4695000000.0
OKLAHOMA,1992,Milk,1231000000.0
OREGON,1992,Milk,1712000000.0
PENNSYLVANIA,1992,Milk,10368000000.0
RHODE ISLAND,1992,Milk,33300000.0
SOUTH CAROLINA,1992,Milk,416000000.0
SOUTH DAKOTA,1992,Milk,1660000000.0
TENNESSEE,1992,Milk,1968000000.0
TEXAS,1992,Milk,5590000000.0
UTAH,1992,Milk,1345000000.0
VERMONT,1992,Milk,2510000000.0
VIRGINIA,1992,Milk,2049000000.0
WASHINGTON,1992,Milk,4836000000.0
WEST VIRGINIA,1992,Milk,278000000.0
WISCONSIN,1992,Milk,23844000000.0
WYOMING,1992,Milk,104200000.0
CALIFORNIA,1992,Yogurt,237695000.0
COLORADO,1992,Yogurt,27572000.0
FLORIDA,1992,Yogurt,8349000.0
ILLINOIS,1992,Yogurt,15899000.0
MICHIGAN,1992,Yogurt,105402000.0
NEW YORK,1992,Yogurt,200787000.0
NORTH CAROLINA,1992,Yogurt,3969000.0
TEXAS,1992,Yogurt,29239000.0
CALIFORNIA,1993,Cheese,848436000.0
COLORADO,1993,Cheese,607000.0
ILLINOIS,1993,Cheese,98339000.0
IOWA,1993,Cheese,270328000.0
KANSAS,1993,Cheese,44268000.0
MASSACHUSETTS,1993,Cheese,797000.0
MICHIGAN,1993,Cheese,107849000.0
MINNESOTA,1993,Cheese,646974000.0
MISSOURI,1993,Cheese,205944000.0
NEBRASKA,1993,Cheese,130802000.0
NEW JERSEY,1993,Cheese,11886000.0
NEW YORK,1993,Cheese,537667000.0
NORTH DAKOTA,1993,Cheese,33716000.0
OHIO,1993,Cheese,101885000.0
OREGON,1993,Cheese,44732000.0
PENNSYLVANIA,1993,Cheese,325328000.0
SOUTH DAKOTA,1993,Cheese,159202000.0
UTAH,1993,Cheese,78353000.0
VERMONT,1993,Cheese,132851000.0
WASHINGTON,1993,Cheese,76557000.0
WISCONSIN,1993,Cheese,2030021000.0
ALABAMA,1993,Honey,855000.0
ARIZONA,1993,Honey,4235000.0
ARKANSAS,1993,Honey,3650000.0
CALIFORNIA,1993,Honey,45000000.0
COLORADO,1993,Honey,3869000.0
FLORIDA,1993,Honey,22600000.0
GEORGIA,1993,Honey,4480000.0
HAWAII,1993,Honey,1593000.0
IDAHO,1993,Honey,9443000.0
ILLINOIS,1993,Honey,720000.0
INDIANA,1993,Honey,792000.0
IOWA,1993,Honey,2744000.0
KANSAS,1993,Honey,1311000.0
KENTUCKY,1993,Honey,240000.0
LOUISIANA,1993,Honey,4042000.0
MAINE,1993,Honey,650000.0
MARYLAND,1993,Honey,189000.0
MICHIGAN,1993,Honey,6930000.0
MINNESOTA,1993,Honey,14400000.0
MISSISSIPPI,1993,Honey,1037000.0
MISSOURI,1993,Honey,1752000.0
MONTANA,1993,Honey,9310000.0
NEBRASKA,1993,Honey,5810000.0
NEVADA,1993,Honey,728000.0
NEW JERSEY,1993,Honey,308000.0
NEW MEXICO,1993,Honey,1152000.0
NEW YORK,1993,Honey,4030000.0
NORTH CAROLINA,1993,Honey,795000.0
NORTH DAKOTA,1993,Honey,19800000.0
OHIO,1993,Honey,1980000.0
OKLAHOMA,1993,Honey,402000.0
OREGON,1993,Honey,3551000.0
PENNSYLVANIA,1993,Honey,1120000.0
SOUTH CAROLINA,1993,Honey,990000.0
SOUTH DAKOTA,1993,Honey,24010000.0
TENNESSEE,1993,Honey,408000.0
TEXAS,1993,Honey,8610000.0
UTAH,1993,Honey,2226000.0
VERMONT,1993,Honey,492000.0
VIRGINIA,1993,Honey,540000.0
WASHINGTON,1993,Honey,2700000.0
WEST VIRGINIA,1993,Honey,740000.0
WISCONSIN,1993,Honey,8200000.0
WYOMING,1993,Honey,1870000.0
ALABAMA,1993,Milk,515000000.0
ALASKA,1993,Milk,12000000.0
ARIZONA,1993,Milk,1876000000.0
ARKANSAS,1993,Milk,769000000.0
CALIFORNIA,1993,Milk,22924000000.0
COLORADO,1993,Milk,1454000000.0
CONNECTICUT,1993,Milk,543000000.0
DELAWARE,1993,Milk,147000000.0
FLORIDA,1993,Milk,2558000000.0
GEORGIA,1993,Milk,1535000000.0
HAWAII,1993,Milk,142000000.0
IDAHO,1993,Milk,3229000000.0
ILLINOIS,1993,Milk,2514000000.0
INDIANA,1993,Milk,2255000000.0
IOWA,1993,Milk,4054000000.0
KANSAS,1993,Milk,1080000000.0
KENTUCKY,1993,Milk,2120000000.0
LOUISIANA,1993,Milk,935000000.0
MAINE,1993,Milk,663000000.0
MARYLAND,1993,Milk,1400000000.0
MASSACHUSETTS,1993,Milk,478000000.0
MICHIGAN,1993,Milk,5435000000.0
MINNESOTA,1993,Milk,9693000000.0
MISSISSIPPI,1993,Milk,745000000.0
MISSOURI,1993,Milk,2840000000.0
MONTANA,1993,Milk,307000000.0
NEBRASKA,1993,Milk,1125000000.0
NEVADA,1993,Milk,348000000.0
NEW HAMPSHIRE,1993,Milk,325000000.0
NEW JERSEY,1993,Milk,363000000.0
NEW MEXICO,1993,Milk,2766000000.0
NEW YORK,1993,Milk,11415000000.0
NORTH CAROLINA,1993,Milk,1498000000.0
NORTH DAKOTA,1993,Milk,918000000.0
OHIO,1993,Milk,4620000000.0
OKLAHOMA,1993,Milk,1257000000.0
OREGON,1993,Milk,1692000000.0
PENNSYLVANIA,1993,Milk,10181000000.0
RHODE ISLAND,1993,Milk,32000000.0
SOUTH CAROLINA,1993,Milk,418000000.0
SOUTH DAKOTA,1993,Milk,1619000000.0
TENNESSEE,1993,Milk,1897000000.0
TEXAS,1993,Milk,5910000000.0
UTAH,1993,Milk,1332000000.0
VERMONT,1993,Milk,2504000000.0
VIRGINIA,1993,Milk,1995000000.0
WASHINGTON,1993,Milk,4980000000.0
WEST VIRGINIA,1993,Milk,275000000.0
WISCONSIN,1993,Milk,22844000000.0
WYOMING,1993,Milk,100000000.0
CALIFORNIA,1993,Yogurt,284944000.0
COLORADO,1993,Yogurt,27097000.0
ILLINOIS,1993,Yogurt,15267000.0
NEW YORK,1993,Yogurt,207202000.0
NORTH CAROLINA,1993,Yogurt,4697000.0
NORTH DAKOTA,1993,Yogurt,25000.0
TEXAS,1993,Yogurt,31071000.0
WISCONSIN,1993,Yogurt,21246000.0
CALIFORNIA,1994,Cheese,922887000.0
COLORADO,1994,Cheese,46656000.0
ILLINOIS,1994,Cheese,102246000.0
IOWA,1994,Cheese,268828000.0
KANSAS,1994,Cheese,38926000.0
MASSACHUSETTS,1994,Cheese,902000.0
MICHIGAN,1994,Cheese,116276000.0
MINNESOTA,1994,Cheese,658036000.0
MISSOURI,1994,Cheese,198540000.0
NEBRASKA,1994,Cheese,121699000.0
NEW JERSEY,1994,Cheese,13655000.0
NEW YORK,1994,Cheese,559636000.0
NORTH DAKOTA,1994,Cheese,31047000.0
OHIO,1994,Cheese,102655000.0
OREGON,1994,Cheese,45978000.0
PENNSYLVANIA,1994,Cheese,348285000.0
SOUTH DAKOTA,1994,Cheese,148484000.0
UTAH,1994,Cheese,86167000.0
VERMONT,1994,Cheese,122872000.0
WASHINGTON,1994,Cheese,79110000.0
WISCONSIN,1994,Cheese,2024068000.0
ALABAMA,1994,Honey,900000.0
ARIZONA,1994,Honey,3127000.0
ARKANSAS,1994,Honey,3905000.0
CALIFORNIA,1994,Honey,24000000.0
COLORADO,1994,Honey,3420000.0
FLORIDA,1994,Honey,19320000.0
GEORGIA,1994,Honey,5040000.0
HAWAII,1994,Honey,900000.0
IDAHO,1994,Honey,7493000.0
ILLINOIS,1994,Honey,1040000.0
INDIANA,1994,Honey,702000.0
IOWA,1994,Honey,3432000.0
KANSAS,1994,Honey,893000.0
KENTUCKY,1994,Honey,162000.0
LOUISIANA,1994,Honey,3920000.0
MAINE,1994,Honey,440000.0
MARYLAND,1994,Honey,252000.0
MICHIGAN,1994,Honey,7740000.0
MINNESOTA,1994,Honey,13430000.0
MISSISSIPPI,1994,Honey,1007000.0
MISSOURI,1994,Honey,1925000.0
MONTANA,1994,Honey,12495000.0
NEBRASKA,1994,Honey,3960000.0
NEVADA,1994,Honey,756000.0
NEW JERSEY,1994,Honey,363000.0
NEW MEXICO,1994,Honey,1216000.0
NEW YORK,1994,Honey,4624000.0
NORTH CAROLINA,1994,Honey,885000.0
NORTH DAKOTA,1994,Honey,32430000.0
OHIO,1994,Honey,1728000.0
OKLAHOMA,1994,Honey,290000.0
OREGON,1994,Honey,3250000.0
PENNSYLVANIA,1994,Honey,1269000.0
SOUTH CAROLINA,1994,Honey,1000000.0
SOUTH DAKOTA,1994,Honey,26000000.0
TENNESSEE,1994,Honey,306000.0
TEXAS,1994,Honey,7622000.0
UTAH,1994,Honey,2537000.0
VERMONT,1994,Honey,385000.0
VIRGINIA,1994,Honey,572000.0
WASHINGTON,1994,Honey,3720000.0
WEST VIRGINIA,1994,Honey,880000.0
WISCONSIN,1994,Honey,5325000.0
WYOMING,1994,Honey,3174000.0
ALABAMA,1994,Milk,500000000.0
ALASKA,1994,Milk,13000000.0
ARIZONA,1994,Milk,2134000000.0
ARKANSAS,1994,Milk,753000000.0
CALIFORNIA,1994,Milk,25234000000.0
COLORADO,1994,Milk,1553000000.0
CONNECTICUT,1994,Milk,530000000.0
DELAWARE,1994,Milk,143000000.0
FLORIDA,1994,Milk,2623000000.0
GEORGIA,1994,Milk,1595000000.0
HAWAII,1994,Milk,139000000.0
IDAHO,1994,Milk,3754000000.0
ILLINOIS,1994,Milk,2452000000.0
INDIANA,1994,Milk,2257000000.0
IOWA,1994,Milk,3960000000.0
KANSAS,1994,Milk,1125000000.0
KENTUCKY,1994,Milk,2007000000.0
LOUISIANA,1994,Milk,925000000.0
MAINE,1994,Milk,639000000.0
MARYLAND,1994,Milk,1335000000.0
MASSACHUSETTS,1994,Milk,455000000.0
MICHIGAN,1994,Milk,5545000000.0
MINNESOTA,1994,Milk,9342000000.0
MISSISSIPPI,1994,Milk,731000000.0
MISSOURI,1994,Milk,2715000000.0
MONTANA,1994,Milk,307000000.0
NEBRASKA,1994,Milk,1110000000.0
NEVADA,1994,Milk,413000000.0
NEW HAMPSHIRE,1994,Milk,313000000.0
NEW JERSEY,1994,Milk,330000000.0
NEW MEXICO,1994,Milk,3325000000.0
NEW YORK,1994,Milk,11400000000.0
NORTH CAROLINA,1994,Milk,1473000000.0
NORTH DAKOTA,1994,Milk,869000000.0
OHIO,1994,Milk,4513000000.0
OKLAHOMA,1994,Milk,1287000000.0
OREGON,1994,Milk,1714000000.0
PENNSYLVANIA,1994,Milk,10230000000.0
RHODE ISLAND,1994,Milk,32000000.0
SOUTH CAROLINA,1994,Milk,411000000.0
SOUTH DAKOTA,1994,Milk,1589000000.0
TENNESSEE,1994,Milk,1812000000.0
TEXAS,1994,Milk,6225000000.0
UTAH,1994,Milk,1431000000.0
VERMONT,1994,Milk,2457000000.0
VIRGINIA,1994,Milk,1924000000.0
WASHINGTON,1994,Milk,5203000000.0
WEST VIRGINIA,1994,Milk,272000000.0
WISCONSIN,1994,Milk,22412000000.0
WYOMING,1994,Milk,91000000.0
CALIFORNIA,1994,Yogurt,286766000.0
COLORADO,1994,Yogurt,28701000.0
ILLINOIS,1994,Yogurt,18305000.0
NEW YORK,1994,Yogurt,229680000.0
NORTH CAROLINA,1994,Yogurt,4010000.0
NORTH DAKOTA,1994,Yogurt,28000.0
WISCONSIN,1994,Yogurt,21476000.0
CALIFORNIA,1995,Cheese,951677000.0
IDAHO,1995,Cheese,389914000.0
ILLINOIS,1995,Cheese,111577000.0
IOWA,1995,Cheese,240577000.0
KANSAS,1995,Cheese,28884000.0
MASSACHUSETTS,1995,Cheese,1030000.0
MICHIGAN,1995,Cheese,111010000.0
MINNESOTA,1995,Cheese,678405000.0
MISSOURI,1995,Cheese,144378000.0
NEBRASKA,1995,Cheese,116356000.0
NEW JERSEY,1995,Cheese,25622000.0
NEW YORK,1995,Cheese,556999000.0
NORTH DAKOTA,1995,Cheese,29506000.0
OHIO,1995,Cheese,105862000.0
OREGON,1995,Cheese,51281000.0
PENNSYLVANIA,1995,Cheese,347774000.0
SOUTH DAKOTA,1995,Cheese,147746000.0
TENNESSEE,1995,Cheese,17675000.0
UTAH,1995,Cheese,80893000.0
VERMONT,1995,Cheese,137210000.0
WASHINGTON,1995,Cheese,82377000.0
WISCONSIN,1995,Cheese,2090827000.0
ALABAMA,1995,Honey,928000.0
ARIZONA,1995,Honey,4108000.0
ARKANSAS,1995,Honey,3300000.0
CALIFORNIA,1995,Honey,39060000.0
COLORADO,1995,Honey,2700000.0
FLORIDA,1995,Honey,19780000.0
GEORGIA,1995,Honey,4340000.0
HAWAII,1995,Honey,1032000.0
IDAHO,1995,Honey,6000000.0
ILLINOIS,1995,Honey,814000.0
INDIANA,1995,Honey,756000.0
IOWA,1995,Honey,3060000.0
KANSAS,1995,Honey,1139000.0
KENTUCKY,1995,Honey,132000.0
LOUISIANA,1995,Honey,4522000.0
MAINE,1995,Honey,495000.0
MARYLAND,1995,Honey,245000.0
MICHIGAN,1995,Honey,8924000.0
MINNESOTA,1995,Honey,13530000.0
MISSISSIPPI,1995,Honey,1120000.0
MISSOURI,1995,Honey,1541000.0
MONTANA,1995,Honey,8480000.0
NEBRASKA,1995,Honey,4380000.0
NEVADA,1995,Honey,290000.0
NEW JERSEY,1995,Honey,340000.0
NEW MEXICO,1995,Honey,1235000.0
NEW YORK,1995,Honey,5250000.0
NORTH CAROLINA,1995,Honey,624000.0
NORTH DAKOTA,1995,Honey,23760000.0
OHIO,1995,Honey,1550000.0
OKLAHOMA,1995,Honey,304000.0
OREGON,1995,Honey,2704000.0
PENNSYLVANIA,1995,Honey,1075000.0
SOUTH CAROLINA,1995,Honey,810000.0
SOUTH DAKOTA,1995,Honey,20400000.0
TENNESSEE,1995,Honey,265000.0
TEXAS,1995,Honey,8904000.0
UTAH,1995,Honey,1056000.0
VERMONT,1995,Honey,335000.0
VIRGINIA,1995,Honey,405000.0
WASHINGTON,1995,Honey,3540000.0
WEST VIRGINIA,1995,Honey,533000.0
WISCONSIN,1995,Honey,5767000.0
WYOMING,1995,Honey,1368000.0
ALABAMA,1995,Milk,482000000.0
ALASKA,1995,Milk,12000000.0
ARIZONA,1995,Milk,2230000000.0
ARKANSAS,1995,Milk,729000000.0
CALIFORNIA,1995,Milk,25327000000.0
COLORADO,1995,Milk,1551000000.0
CONNECTICUT,1995,Milk,526000000.0
DELAWARE,1995,Milk,145000000.0
FLORIDA,1995,Milk,2381000000.0
GEORGIA,1995,Milk,1555000000.0
HAWAII,1995,Milk,142000000.0
IDAHO,1995,Milk,4210000000.0
ILLINOIS,1995,Milk,2399000000.0
INDIANA,1995,Milk,2214000000.0
IOWA,1995,Milk,4047000000.0
KANSAS,1995,Milk,1180000000.0
KENTUCKY,1995,Milk,2020000000.0
LOUISIANA,1995,Milk,905000000.0
MAINE,1995,Milk,641000000.0
MARYLAND,1995,Milk,1340000000.0
MASSACHUSETTS,1995,Milk,448000000.0
MICHIGAN,1995,Milk,5565000000.0
MINNESOTA,1995,Milk,9409000000.0
MISSISSIPPI,1995,Milk,710000000.0
MISSOURI,1995,Milk,2690000000.0
MONTANA,1995,Milk,315000000.0
NEBRASKA,1995,Milk,1095000000.0
NEVADA,1995,Milk,426000000.0
NEW HAMPSHIRE,1995,Milk,326000000.0
NEW JERSEY,1995,Milk,320000000.0
NEW MEXICO,1995,Milk,3623000000.0
NEW YORK,1995,Milk,11600000000.0
NORTH CAROLINA,1995,Milk,1403000000.0
NORTH DAKOTA,1995,Milk,838000000.0
OHIO,1995,Milk,4600000000.0
OKLAHOMA,1995,Milk,1293000000.0
OREGON,1995,Milk,1677000000.0
PENNSYLVANIA,1995,Milk,10489000000.0
RHODE ISLAND,1995,Milk,33000000.0
SOUTH CAROLINA,1995,Milk,391000000.0
SOUTH DAKOTA,1995,Milk,1581000000.0
TENNESSEE,1995,Milk,1745000000.0
TEXAS,1995,Milk,6113000000.0
UTAH,1995,Milk,1473000000.0
VERMONT,1995,Milk,2545000000.0
VIRGINIA,1995,Milk,1950000000.0
WASHINGTON,1995,Milk,5304000000.0
WEST VIRGINIA,1995,Milk,266000000.0
WISCONSIN,1995,Milk,22942000000.0
WYOMING,1995,Milk,87000000.0
CALIFORNIA,1995,Yogurt,251651000.0
COLORADO,1995,Yogurt,25229000.0
ILLINOIS,1995,Yogurt,18575000.0
NEW YORK,1995,Yogurt,231805000.0
NORTH DAKOTA,1995,Yogurt,26000.0
TENNESSEE,1995,Yogurt,169000.0
WISCONSIN,1995,Yogurt,25855000.0
CALIFORNIA,1996,Cheese,1053979000.0
IDAHO,1996,Cheese,432888000.0
ILLINOIS,1996,Cheese,115248000.0
IOWA,1996,Cheese,225189000.0
KANSAS,1996,Cheese,29328000.0
MASSACHUSETTS,1996,Cheese,934000.0
MICHIGAN,1996,Cheese,106603000.0
MINNESOTA,1996,Cheese,682058000.0
MISSOURI,1996,Cheese,159049000.0
NEBRASKA,1996,Cheese,110876000.0
NEW YORK,1996,Cheese,583689000.0
NORTH DAKOTA,1996,Cheese,24820000.0
OHIO,1996,Cheese,109576000.0
OREGON,1996,Cheese,52157000.0
PENNSYLVANIA,1996,Cheese,340587000.0
SOUTH DAKOTA,1996,Cheese,137897000.0
TENNESSEE,1996,Cheese,10838000.0
UTAH,1996,Cheese,84702000.0
VERMONT,1996,Cheese,134031000.0
WASHINGTON,1996,Cheese,104284000.0
WISCONSIN,1996,Cheese,2095946000.0
ALABAMA,1996,Honey,960000.0
ARIZONA,1996,Honey,1920000.0
ARKANSAS,1996,Honey,4200000.0
CALIFORNIA,1996,Honey,27300000.0
COLORADO,1996,Honey,2220000.0
FLORIDA,1996,Honey,25200000.0
GEORGIA,1996,Honey,5100000.0
HAWAII,1996,Honey,1240000.0
IDAHO,1996,Honey,4950000.0
ILLINOIS,1996,Honey,814000.0
INDIANA,1996,Honey,675000.0
IOWA,1996,Honey,3484000.0
KANSAS,1996,Honey,816000.0
KENTUCKY,1996,Honey,180000.0
LOUISIANA,1996,Honey,4664000.0
MAINE,1996,Honey,207000.0
MARYLAND,1996,Honey,224000.0
MICHIGAN,1996,Honey,8640000.0
MINNESOTA,1996,Honey,11550000.0
MISSISSIPPI,1996,Honey,1360000.0
MISSOURI,1996,Honey,1628000.0
MONTANA,1996,Honey,7020000.0
NEBRASKA,1996,Honey,4875000.0
NEVADA,1996,Honey,854000.0
NEW JERSEY,1996,Honey,315000.0
NEW MEXICO,1996,Honey,1155000.0
NEW YORK,1996,Honey,5440000.0
NORTH CAROLINA,1996,Honey,528000.0
NORTH DAKOTA,1996,Honey,19780000.0
OHIO,1996,Honey,1680000.0
OKLAHOMA,1996,Honey,236000.0
OREGON,1996,Honey,3245000.0
PENNSYLVANIA,1996,Honey,1058000.0
SOUTH CAROLINA,1996,Honey,810000.0
SOUTH DAKOTA,1996,Honey,23280000.0
TENNESSEE,1996,Honey,320000.0
TEXAS,1996,Honey,6806000.0
UTAH,1996,Honey,1564000.0
VERMONT,1996,Honey,332000.0
VIRGINIA,1996,Honey,350000.0
WASHINGTON,1996,Honey,3480000.0
WEST VIRGINIA,1996,Honey,590000.0
WISCONSIN,1996,Honey,5382000.0
WYOMING,1996,Honey,2920000.0
ALABAMA,1996,Milk,434000000.0
ALASKA,1996,Milk,14000000.0
ARIZONA,1996,Milk,2474000000.0
ARKANSAS,1996,Milk,675000000.0
CALIFORNIA,1996,Milk,25848000000.0
COLORADO,1996,Milk,1633000000.0
CONNECTICUT,1996,Milk,499000000.0
DELAWARE,1996,Milk,140000000.0
FLORIDA,1996,Milk,2401000000.0
GEORGIA,1996,Milk,1486000000.0
HAWAII,1996,Milk,129000000.0
IDAHO,1996,Milk,4735000000.0
ILLINOIS,1996,Milk,2247000000.0
INDIANA,1996,Milk,2166000000.0
IOWA,1996,Milk,3784000000.0
KANSAS,1996,Milk,1200000000.0
KENTUCKY,1996,Milk,1860000000.0
LOUISIANA,1996,Milk,838000000.0
MAINE,1996,Milk,648000000.0
MARYLAND,1996,Milk,1312000000.0
MASSACHUSETTS,1996,Milk,440000000.0
MICHIGAN,1996,Milk,5430000000.0
MINNESOTA,1996,Milk,9440000000.0
MISSISSIPPI,1996,Milk,658000000.0
MISSOURI,1996,Milk,2443000000.0
MONTANA,1996,Milk,307000000.0
NEBRASKA,1996,Milk,1050000000.0
NEVADA,1996,Milk,470000000.0
NEW HAMPSHIRE,1996,Milk,324000000.0
NEW JERSEY,1996,Milk,297000000.0
NEW MEXICO,1996,Milk,3753000000.0
NEW YORK,1996,Milk,11510000000.0
NORTH CAROLINA,1996,Milk,1308000000.0
NORTH DAKOTA,1996,Milk,804000000.0
OHIO,1996,Milk,4360000000.0
OKLAHOMA,1996,Milk,1245000000.0
OREGON,1996,Milk,1608000000.0
PENNSYLVANIA,1996,Milk,10484000000.0
RHODE ISLAND,1996,Milk,31000000.0
SOUTH CAROLINA,1996,Milk,381000000.0
SOUTH DAKOTA,1996,Milk,1474000000.0
TENNESSEE,1996,Milk,1630000000.0
TEXAS,1996,Milk,6120000000.0
UTAH,1996,Milk,1547000000.0
VERMONT,1996,Milk,2569000000.0
VIRGINIA,1996,Milk,1805000000.0
WASHINGTON,1996,Milk,5279000000.0
WEST VIRGINIA,1996,Milk,252000000.0
WISCONSIN,1996,Milk,22376000000.0
WYOMING,1996,Milk,88000000.0
CALIFORNIA,1996,Yogurt,196778000.0
ILLINOIS,1996,Yogurt,15349000.0
NEW YORK,1996,Yogurt,208513000.0
NORTH DAKOTA,1996,Yogurt,28000.0
WISCONSIN,1996,Yogurt,31776000.0
CALIFORNIA,1997,Cheese,1174171000.0
IDAHO,1997,Cheese,471928000.0
ILLINOIS,1997,Cheese,120199000.0
IOWA,1997,Cheese,234252000.0
KANSAS,1997,Cheese,27708000.0
MINNESOTA,1997,Cheese,642013000.0
MISSOURI,1997,Cheese,166713000.0
NEBRASKA,1997,Cheese,96151000.0
NEW JERSEY,1997,Cheese,41828000.0
NEW MEXICO,1997,Cheese,189686000.0
NEW YORK,1997,Cheese,616689000.0
NORTH DAKOTA,1997,Cheese,21284000.0
OHIO,1997,Cheese,111542000.0
PENNSYLVANIA,1997,Cheese,342776000.0
SOUTH DAKOTA,1997,Cheese,135690000.0
UTAH,1997,Cheese,63531000.0
VERMONT,1997,Cheese,101880000.0
WASHINGTON,1997,Cheese,121085000.0
WISCONSIN,1997,Cheese,2119317000.0
ALABAMA,1997,Honey,1075826.0
ALASKA,1997,Honey,4910.0
ARIZONA,1997,Honey,3360000.0
ARKANSAS,1997,Honey,4750000.0
CALIFORNIA,1997,Honey,31500000.0
COLORADO,1997,Honey,1652508.0
CONNECTICUT,1997,Honey,57540.0
DELAWARE,1997,Honey,21339.0
FLORIDA,1997,Honey,16080000.0
GEORGIA,1997,Honey,3450000.0
HAWAII,1997,Honey,949769.0
IDAHO,1997,Honey,7680000.0
ILLINOIS,1997,Honey,493456.0
INDIANA,1997,Honey,568000.0
IOWA,1997,Honey,2514850.0
KANSAS,1997,Honey,989522.0
KENTUCKY,1997,Honey,105265.0
LOUISIANA,1997,Honey,2848267.0
MAINE,1997,Honey,177758.0
MARYLAND,1997,Honey,240000.0
MASSACHUSETTS,1997,Honey,371693.0
MICHIGAN,1997,Honey,5587845.0
MINNESOTA,1997,Honey,10585000.0
MISSISSIPPI,1997,Honey,1387000.0
MISSOURI,1997,Honey,1301336.0
MONTANA,1997,Honey,8785295.0
NEBRASKA,1997,Honey,3173038.0
NEVADA,1997,Honey,97220.0
NEW HAMPSHIRE,1997,Honey,58315.0
NEW JERSEY,1997,Honey,490000.0
NEW MEXICO,1997,Honey,900000.0
NEW YORK,1997,Honey,4400363.0
NORTH CAROLINA,1997,Honey,464000.0
NORTH DAKOTA,1997,Honey,12815185.0
OHIO,1997,Honey,1760000.0
OKLAHOMA,1997,Honey,232000.0
OREGON,1997,Honey,3325314.0
PENNSYLVANIA,1997,Honey,1056000.0
RHODE ISLAND,1997,Honey,9726.0
SOUTH CAROLINA,1997,Honey,228493.0
SOUTH DAKOTA,1997,Honey,15600000.0
TENNESSEE,1997,Honey,516413.0
TEXAS,1997,Honey,9964000.0
UTAH,1997,Honey,1663454.0
VERMONT,1997,Honey,377360.0
VIRGINIA,1997,Honey,250279.0
WASHINGTON,1997,Honey,3120000.0
WEST VIRGINIA,1997,Honey,234199.0
WISCONSIN,1997,Honey,4740000.0
WYOMING,1997,Honey,1924624.0
ALABAMA,1997,Milk,418000000.0
ALASKA,1997,Milk,15000000.0
ARIZONA,1997,Milk,2664000000.0
ARKANSAS,1997,Milk,635000000.0
CALIFORNIA,1997,Milk,27582000000.0
COLORADO,1997,Milk,1679000000.0
CONNECTICUT,1997,Milk,509000000.0
DELAWARE,1997,Milk,148000000.0
FLORIDA,1997,Milk,2476000000.0
GEORGIA,1997,Milk,1488000000.0
HAWAII,1997,Milk,123000000.0
IDAHO,1997,Milk,5193000000.0
ILLINOIS,1997,Milk,2203000000.0
INDIANA,1997,Milk,2189000000.0
IOWA,1997,Milk,3693000000.0
KANSAS,1997,Milk,1285000000.0
KENTUCKY,1997,Milk,1815000000.0
LOUISIANA,1997,Milk,794000000.0
MAINE,1997,Milk,662000000.0
MARYLAND,1997,Milk,1326000000.0
MASSACHUSETTS,1997,Milk,434000000.0
MICHIGAN,1997,Milk,5410000000.0
MINNESOTA,1997,Milk,9210000000.0
MISSISSIPPI,1997,Milk,634000000.0
MISSOURI,1997,Milk,2362000000.0
MONTANA,1997,Milk,295000000.0
NEBRASKA,1997,Milk,1040000000.0
NEVADA,1997,Milk,477000000.0
NEW HAMPSHIRE,1997,Milk,328000000.0
NEW JERSEY,1997,Milk,299000000.0
NEW MEXICO,1997,Milk,4011000000.0
NEW YORK,1997,Milk,11530000000.0
NORTH CAROLINA,1997,Milk,1304000000.0
NORTH DAKOTA,1997,Milk,713000000.0
OHIO,1997,Milk,4415000000.0
OKLAHOMA,1997,Milk,1249000000.0
OREGON,1997,Milk,1610000000.0
PENNSYLVANIA,1997,Milk,10662000000.0
RHODE ISLAND,1997,Milk,31900000.0
SOUTH CAROLINA,1997,Milk,397000000.0
SOUTH DAKOTA,1997,Milk,1384000000.0
TENNESSEE,1997,Milk,1609000000.0
TEXAS,1997,Milk,5768000000.0
UTAH,1997,Milk,1540000000.0
VERMONT,1997,Milk,2600000000.0
VIRGINIA,1997,Milk,1858000000.0
WASHINGTON,1997,Milk,5305000000.0
WEST VIRGINIA,1997,Milk,266000000.0
WISCONSIN,1997,Milk,22368000000.0
WYOMING,1997,Milk,83800000.0
CALIFORNIA,1997,Yogurt,189561000.0
ILLINOIS,1997,Yogurt,13903000.0
NEW YORK,1997,Yogurt,203204000.0
NORTH DAKOTA,1997,Yogurt,28000.0
TENNESSEE,1997,Yogurt,405000.0
CALIFORNIA,1998,Cheese,1243062000.0
IDAHO,1998,Cheese,514953000.0
ILLINOIS,1998,Cheese,112307000.0
IOWA,1998,Cheese,245459000.0
MASSACHUSETTS,1998,Cheese,1059000.0
MINNESOTA,1998,Cheese,616933000.0
MISSOURI,1998,Cheese,154700000.0
NEBRASKA,1998,Cheese,100394000.0
NEW YORK,1998,Cheese,630865000.0
NORTH DAKOTA,1998,Cheese,19184000.0
OHIO,1998,Cheese,120448000.0
PENNSYLVANIA,1998,Cheese,360562000.0
SOUTH DAKOTA,1998,Cheese,136889000.0
UTAH,1998,Cheese,63282000.0
WASHINGTON,1998,Cheese,173365000.0
WISCONSIN,1998,Cheese,2118127000.0
ALABAMA,1998,Honey,1136000.0
ARIZONA,1998,Honey,3300000.0
ARKANSAS,1998,Honey,3445000.0
CALIFORNIA,1998,Honey,37350000.0
COLORADO,1998,Honey,1944000.0
FLORIDA,1998,Honey,22540000.0
GEORGIA,1998,Honey,4200000.0
HAWAII,1998,Honey,944000.0
IDAHO,1998,Honey,6000000.0
ILLINOIS,1998,Honey,639000.0
INDIANA,1998,Honey,828000.0
IOWA,1998,Honey,3900000.0
KANSAS,1998,Honey,736000.0
KENTUCKY,1998,Honey,150000.0
LOUISIANA,1998,Honey,4551000.0
MAINE,1998,Honey,260000.0
MARYLAND,1998,Honey,308000.0
MICHIGAN,1998,Honey,6800000.0
MINNESOTA,1998,Honey,11060000.0
MISSISSIPPI,1998,Honey,1548000.0
MISSOURI,1998,Honey,1518000.0
MONTANA,1998,Honey,14030000.0
NEBRASKA,1998,Honey,4480000.0
NEVADA,1998,Honey,460000.0
NEW JERSEY,1998,Honey,539000.0
NEW MEXICO,1998,Honey,770000.0
NEW YORK,1998,Honey,5200000.0
NORTH CAROLINA,1998,Honey,472000.0
NORTH DAKOTA,1998,Honey,29440000.0
OHIO,1998,Honey,1404000.0
OKLAHOMA,1998,Honey,204000.0
OREGON,1998,Honey,2250000.0
PENNSYLVANIA,1998,Honey,1716000.0
SOUTH DAKOTA,1998,Honey,21375000.0
TENNESSEE,1998,Honey,448000.0
TEXAS,1998,Honey,7007000.0
UTAH,1998,Honey,1740000.0
VERMONT,1998,Honey,384000.0
VIRGINIA,1998,Honey,296000.0
WASHINGTON,1998,Honey,2958000.0
WEST VIRGINIA,1998,Honey,330000.0
WISCONSIN,1998,Honey,8099000.0
WYOMING,1998,Honey,2760000.0
ALABAMA,1998,Milk,386000000.0
ALASKA,1998,Milk,14000000.0
ARIZONA,1998,Milk,2680000000.0
ARKANSAS,1998,Milk,540000000.0
CALIFORNIA,1998,Milk,27620000000.0
COLORADO,1998,Milk,1689000000.0
CONNECTICUT,1998,Milk,529000000.0
DELAWARE,1998,Milk,159000000.0
FLORIDA,1998,Milk,2337000000.0
GEORGIA,1998,Milk,1437000000.0
HAWAII,1998,Milk,129000000.0
IDAHO,1998,Milk,5765000000.0
ILLINOIS,1998,Milk,2121000000.0
INDIANA,1998,Milk,2190000000.0
IOWA,1998,Milk,3811000000.0
KANSAS,1998,Milk,1315000000.0
KENTUCKY,1998,Milk,1710000000.0
LOUISIANA,1998,Milk,751000000.0
MAINE,1998,Milk,680000000.0
MARYLAND,1998,Milk,1340000000.0
MASSACHUSETTS,1998,Milk,438000000.0
MICHIGAN,1998,Milk,5365000000.0
MINNESOTA,1998,Milk,9275000000.0
MISSISSIPPI,1998,Milk,579000000.0
MISSOURI,1998,Milk,2367000000.0
MONTANA,1998,Milk,291000000.0
NEBRASKA,1998,Milk,1050000000.0
NEVADA,1998,Milk,502000000.0
NEW HAMPSHIRE,1998,Milk,333000000.0
NEW JERSEY,1998,Milk,292000000.0
NEW MEXICO,1998,Milk,4354000000.0
NEW YORK,1998,Milk,11750000000.0
NORTH CAROLINA,1998,Milk,1251000000.0
NORTH DAKOTA,1998,Milk,706000000.0
OHIO,1998,Milk,4410000000.0
OKLAHOMA,1998,Milk,1236000000.0
OREGON,1998,Milk,1583000000.0
PENNSYLVANIA,1998,Milk,10847000000.0
RHODE ISLAND,1998,Milk,33000000.0
SOUTH CAROLINA,1998,Milk,374000000.0
SOUTH DAKOTA,1998,Milk,1386000000.0
TENNESSEE,1998,Milk,1501000000.0
TEXAS,1998,Milk,5605000000.0
UTAH,1998,Milk,1513000000.0
VERMONT,1998,Milk,2650000000.0
VIRGINIA,1998,Milk,1841000000.0
WASHINGTON,1998,Milk,5326000000.0
WEST VIRGINIA,1998,Milk,278000000.0
WISCONSIN,1998,Milk,22842000000.0
WYOMING,1998,Milk,80000000.0
CALIFORNIA,1998,Yogurt,200363000.0
ILLINOIS,1998,Yogurt,16593000.0
NEW YORK,1998,Yogurt,233126000.0
NORTH DAKOTA,1998,Yogurt,23000.0
WISCONSIN,1998,Yogurt,63274000.0
CALIFORNIA,1999,Cheese,1387582000.0
IDAHO,1999,Cheese,562104000.0
ILLINOIS,1999,Cheese,101436000.0
IOWA,1999,Cheese,259721000.0
MASSACHUSETTS,1999,Cheese,1143000.0
MINNESOTA,1999,Cheese,681656000.0
MISSOURI,1999,Cheese,154293000.0
NEW YORK,1999,Cheese,682279000.0
NORTH DAKOTA,1999,Cheese,22500000.0
OHIO,1999,Cheese,132257000.0
PENNSYLVANIA,1999,Cheese,376734000.0
SOUTH DAKOTA,1999,Cheese,136433000.0
UTAH,1999,Cheese,75628000.0
WASHINGTON,1999,Cheese,145510000.0
WISCONSIN,1999,Cheese,2148054000.0
ALABAMA,1999,Honey,1156000.0
ARIZONA,1999,Honey,3224000.0
ARKANSAS,1999,Honey,4628000.0
CALIFORNIA,1999,Honey,27900000.0
COLORADO,1999,Honey,2052000.0
FLORIDA,1999,Honey,23256000.0
GEORGIA,1999,Honey,3315000.0
HAWAII,1999,Honey,640000.0
IDAHO,1999,Honey,5760000.0
ILLINOIS,1999,Honey,594000.0
INDIANA,1999,Honey,810000.0
IOWA,1999,Honey,2600000.0
KANSAS,1999,Honey,871000.0
KENTUCKY,1999,Honey,150000.0
LOUISIANA,1999,Honey,5472000.0
MAINE,1999,Honey,308000.0
MARYLAND,1999,Honey,276000.0
MICHIGAN,1999,Honey,6205000.0
MINNESOTA,1999,Honey,11890000.0
MISSISSIPPI,1999,Honey,1314000.0
MISSOURI,1999,Honey,1560000.0
MONTANA,1999,Honey,8540000.0
NEBRASKA,1999,Honey,4466000.0
NEVADA,1999,Honey,405000.0
NEW JERSEY,1999,Honey,440000.0
NEW MEXICO,1999,Honey,780000.0
NEW YORK,1999,Honey,4830000.0
NORTH CAROLINA,1999,Honey,414000.0
NORTH DAKOTA,1999,Honey,26775000.0
OHIO,1999,Honey,1480000.0
OKLAHOMA,1999,Honey,270000.0
OREGON,1999,Honey,2565000.0
PENNSYLVANIA,1999,Honey,1680000.0
SOUTH DAKOTA,1999,Honey,23296000.0
TENNESSEE,1999,Honey,408000.0
TEXAS,1999,Honey,8748000.0
UTAH,1999,Honey,1170000.0
VERMONT,1999,Honey,396000.0
VIRGINIA,1999,Honey,245000.0
WASHINGTON,1999,Honey,2600000.0
WEST VIRGINIA,1999,Honey,234000.0
WISCONSIN,1999,Honey,6000000.0
WYOMING,1999,Honey,2664000.0
ALABAMA,1999,Milk,376000000.0
ALASKA,1999,Milk,14000000.0
ARIZONA,1999,Milk,2931000000.0
ARKANSAS,1999,Milk,520000000.0
CALIFORNIA,1999,Milk,30444000000.0
COLORADO,1999,Milk,1728000000.0
CONNECTICUT,1999,Milk,520000000.0
DELAWARE,1999,Milk,145000000.0
FLORIDA,1999,Milk,2398000000.0
GEORGIA,1999,Milk,1449000000.0
HAWAII,1999,Milk,120000000.0
IDAHO,1999,Milk,6453000000.0
ILLINOIS,1999,Milk,2029000000.0
INDIANA,1999,Milk,2185000000.0
IOWA,1999,Milk,3802000000.0
KANSAS,1999,Milk,1405000000.0
KENTUCKY,1999,Milk,1651000000.0
LOUISIANA,1999,Milk,711000000.0
MAINE,1999,Milk,689000000.0
MARYLAND,1999,Milk,1365000000.0
MASSACHUSETTS,1999,Milk,420000000.0
MICHIGAN,1999,Milk,5455000000.0
MINNESOTA,1999,Milk,9478000000.0
MISSISSIPPI,1999,Milk,552000000.0
MISSOURI,1999,Milk,2237000000.0
MONTANA,1999,Milk,303000000.0
NEBRASKA,1999,Milk,1139000000.0
NEVADA,1999,Milk,456000000.0
NEW HAMPSHIRE,1999,Milk,321000000.0
NEW JERSEY,1999,Milk,280000000.0
NEW MEXICO,1999,Milk,4724000000.0
NEW YORK,1999,Milk,12082000000.0
NORTH CAROLINA,1999,Milk,1216000000.0
NORTH DAKOTA,1999,Milk,689000000.0
OHIO,1999,Milk,4440000000.0
OKLAHOMA,1999,Milk,1249000000.0
OREGON,1999,Milk,1665000000.0
PENNSYLVANIA,1999,Milk,10931000000.0
RHODE ISLAND,1999,Milk,31000000.0
SOUTH CAROLINA,1999,Milk,369000000.0
SOUTH DAKOTA,1999,Milk,1419000000.0
TENNESSEE,1999,Milk,1417000000.0
TEXAS,1999,Milk,5620000000.0
UTAH,1999,Milk,1618000000.0
VERMONT,1999,Milk,2710000000.0
VIRGINIA,1999,Milk,1873000000.0
WASHINGTON,1999,Milk,5535000000.0
WEST VIRGINIA,1999,Milk,275000000.0
WISCONSIN,1999,Milk,23071000000.0
WYOMING,1999,Milk,80000000.0
CALIFORNIA,1999,Yogurt,238110000.0
ILLINOIS,1999,Yogurt,10513000.0
NEW YORK,1999,Yogurt,250084000.0
WISCONSIN,1999,Yogurt,66591000.0
CALIFORNIA,2000,Cheese,1496653000.0
IDAHO,2000,Cheese,585228000.0
ILLINOIS,2000,Cheese,99614000.0
IOWA,2000,Cheese,264175000.0
MASSACHUSETTS,2000,Cheese,1389000.0
MINNESOTA,2000,Cheese,693068000.0
MISSOURI,2000,Cheese,123115000.0
NEW YORK,2000,Cheese,728305000.0
OHIO,2000,Cheese,139094000.0
PENNSYLVANIA,2000,Cheese,379671000.0
SOUTH DAKOTA,2000,Cheese,147641000.0
UTAH,2000,Cheese,74795000.0
WASHINGTON,2000,Cheese,159072000.0
WISCONSIN,2000,Cheese,2192171000.0
ALABAMA,2000,Honey,1248000.0
ARIZONA,2000,Honey,2360000.0
ARKANSAS,2000,Honey,4836000.0
CALIFORNIA,2000,Honey,30800000.0
COLORADO,2000,Honey,1740000.0
FLORIDA,2000,Honey,24360000.0
GEORGIA,2000,Honey,3135000.0
HAWAII,2000,Honey,784000.0
IDAHO,2000,Honey,4700000.0
ILLINOIS,2000,Honey,488000.0
INDIANA,2000,Honey,520000.0
IOWA,2000,Honey,2010000.0
KANSAS,2000,Honey,1020000.0
KENTUCKY,2000,Honey,192000.0
LOUISIANA,2000,Honey,4042000.0
MAINE,2000,Honey,231000.0
MARYLAND,2000,Honey,276000.0
MICHIGAN,2000,Honey,5400000.0
MINNESOTA,2000,Honey,13500000.0
MISSISSIPPI,2000,Honey,1224000.0
MISSOURI,2000,Honey,1725000.0
MONTANA,2000,Honey,10912000.0
NEBRASKA,2000,Honey,4350000.0
NEVADA,2000,Honey,350000.0
NEW JERSEY,2000,Honey,385000.0
NEW MEXICO,2000,Honey,960000.0
NEW YORK,2000,Honey,4640000.0
NORTH CAROLINA,2000,Honey,539000.0
NORTH DAKOTA,2000,Honey,34500000.0
OHIO,2000,Honey,1170000.0
OKLAHOMA,2000,Honey,245000.0
OREGON,2000,Honey,2448000.0
PENNSYLVANIA,2000,Honey,1125000.0
SOUTH DAKOTA,2000,Honey,28435000.0
TENNESSEE,2000,Honey,549000.0
TEXAS,2000,Honey,8295000.0
UTAH,2000,Honey,984000.0
VERMONT,2000,Honey,413000.0
VIRGINIA,2000,Honey,294000.0
WASHINGTON,2000,Honey,2808000.0
WEST VIRGINIA,2000,Honey,378000.0
WISCONSIN,2000,Honey,7560000.0
WYOMING,2000,Honey,3627000.0
ALABAMA,2000,Milk,348000000.0
ALASKA,2000,Milk,13000000.0
ARIZONA,2000,Milk,3033000000.0
ARKANSAS,2000,Milk,485000000.0
CALIFORNIA,2000,Milk,32245000000.0
COLORADO,2000,Milk,1924000000.0
CONNECTICUT,2000,Milk,480000000.0
DELAWARE,2000,Milk,146000000.0
FLORIDA,2000,Milk,2463000000.0
GEORGIA,2000,Milk,1433000000.0
HAWAII,2000,Milk,116000000.0
IDAHO,2000,Milk,7223000000.0
ILLINOIS,2000,Milk,2094000000.0
INDIANA,2000,Milk,2419000000.0
IOWA,2000,Milk,3934000000.0
KANSAS,2000,Milk,1540000000.0
KENTUCKY,2000,Milk,1695000000.0
LOUISIANA,2000,Milk,698000000.0
MAINE,2000,Milk,668000000.0
MARYLAND,2000,Milk,1351000000.0
MASSACHUSETTS,2000,Milk,376000000.0
MICHIGAN,2000,Milk,5705000000.0
MINNESOTA,2000,Milk,9493000000.0
MISSISSIPPI,2000,Milk,541000000.0
MISSOURI,2000,Milk,2258000000.0
MONTANA,2000,Milk,338000000.0
NEBRASKA,2000,Milk,1255000000.0
NEVADA,2000,Milk,476000000.0
NEW HAMPSHIRE,2000,Milk,312000000.0
NEW JERSEY,2000,Milk,244000000.0
NEW MEXICO,2000,Milk,5236000000.0
NEW YORK,2000,Milk,11921000000.0
NORTH CAROLINA,2000,Milk,1189000000.0
NORTH DAKOTA,2000,Milk,686000000.0
OHIO,2000,Milk,4461000000.0
OKLAHOMA,2000,Milk,1314000000.0
OREGON,2000,Milk,1640000000.0
PENNSYLVANIA,2000,Milk,11156000000.0
RHODE ISLAND,2000,Milk,28000000.0
SOUTH CAROLINA,2000,Milk,370000000.0
SOUTH DAKOTA,2000,Milk,1474000000.0
TENNESSEE,2000,Milk,1405000000.0
TEXAS,2000,Milk,5743000000.0
UTAH,2000,Milk,1687000000.0
VERMONT,2000,Milk,2683000000.0
VIRGINIA,2000,Milk,1900000000.0
WASHINGTON,2000,Milk,5593000000.0
WEST VIRGINIA,2000,Milk,265000000.0
WISCONSIN,2000,Milk,23259000000.0
WYOMING,2000,Milk,76000000.0
CALIFORNIA,2000,Yogurt,257211000.0
ILLINOIS,2000,Yogurt,11653000.0
NEW YORK,2000,Yogurt,247232000.0
WISCONSIN,2000,Yogurt,77348000.0
CALIFORNIA,2001,Cheese,1643334000.0
IDAHO,2001,Cheese,569419000.0
ILLINOIS,2001,Cheese,102690000.0
IOWA,2001,Cheese,263552000.0
MASSACHUSETTS,2001,Cheese,858000.0
MINNESOTA,2001,Cheese,594085000.0
MISSOURI,2001,Cheese,99104000.0
NEW YORK,2001,Cheese,702754000.0
OHIO,2001,Cheese,146184000.0
PENNSYLVANIA,2001,Cheese,366972000.0
SOUTH DAKOTA,2001,Cheese,146897000.0
UTAH,2001,Cheese,62596000.0
WASHINGTON,2001,Cheese,146715000.0
WISCONSIN,2001,Cheese,2133156000.0
ALABAMA,2001,Honey,1022000.0
ARIZONA,2001,Honey,2537000.0
ARKANSAS,2001,Honey,4900000.0
CALIFORNIA,2001,Honey,28060000.0
COLORADO,2001,Honey,1430000.0
FLORIDA,2001,Honey,22000000.0
GEORGIA,2001,Honey,3135000.0
HAWAII,2001,Honey,696000.0
IDAHO,2001,Honey,4600000.0
ILLINOIS,2001,Honey,456000.0
INDIANA,2001,Honey,532000.0
IOWA,2001,Honey,1683000.0
KANSAS,2001,Honey,663000.0
KENTUCKY,2001,Honey,312000.0
LOUISIANA,2001,Honey,4770000.0
MAINE,2001,Honey,220000.0
MARYLAND,2001,Honey,184000.0
MICHIGAN,2001,Honey,4560000.0
MINNESOTA,2001,Honey,10935000.0
MISSISSIPPI,2001,Honey,1122000.0
MISSOURI,2001,Honey,1342000.0
MONTANA,2001,Honey,13872000.0
NEBRASKA,2001,Honey,2064000.0
NEVADA,2001,Honey,450000.0
NEW JERSEY,2001,Honey,374000.0
NEW MEXICO,2001,Honey,700000.0
NEW YORK,2001,Honey,3710000.0
NORTH CAROLINA,2001,Honey,572000.0
NORTH DAKOTA,2001,Honey,26880000.0
OHIO,2001,Honey,1458000.0
OKLAHOMA,2001,Honey,188000.0
OREGON,2001,Honey,1936000.0
PENNSYLVANIA,2001,Honey,1482000.0
SOUTH CAROLINA,2001,Honey,280000.0
SOUTH DAKOTA,2001,Honey,15275000.0
TENNESSEE,2001,Honey,472000.0
TEXAS,2001,Honey,7663000.0
UTAH,2001,Honey,874000.0
VERMONT,2001,Honey,567000.0
VIRGINIA,2001,Honey,468000.0
WASHINGTON,2001,Honey,2496000.0
WEST VIRGINIA,2001,Honey,455000.0
WISCONSIN,2001,Honey,5427000.0
WYOMING,2001,Honey,2926000.0
ALABAMA,2001,Milk,300000000.0
ALASKA,2001,Milk,14000000.0
ARIZONA,2001,Milk,3085000000.0
ARKANSAS,2001,Milk,432000000.0
CALIFORNIA,2001,Milk,33217000000.0
COLORADO,2001,Milk,1970000000.0
CONNECTICUT,2001,Milk,456000000.0
DELAWARE,2001,Milk,150000000.0
FLORIDA,2001,Milk,2411000000.0
GEORGIA,2001,Milk,1433000000.0
HAWAII,2001,Milk,106000000.0
IDAHO,2001,Milk,7757000000.0
ILLINOIS,2001,Milk,2020000000.0
INDIANA,2001,Milk,2567000000.0
IOWA,2001,Milk,3785000000.0
KANSAS,2001,Milk,1610000000.0
KENTUCKY,2001,Milk,1660000000.0
LOUISIANA,2001,Milk,632000000.0
MAINE,2001,Milk,654000000.0
MARYLAND,2001,Milk,1294000000.0
MASSACHUSETTS,2001,Milk,357000000.0
MICHIGAN,2001,Milk,5870000000.0
MINNESOTA,2001,Milk,8812000000.0
MISSISSIPPI,2001,Milk,497000000.0
MISSOURI,2001,Milk,1949000000.0
MONTANA,2001,Milk,346000000.0
NEBRASKA,2001,Milk,1166000000.0
NEVADA,2001,Milk,485000000.0
NEW HAMPSHIRE,2001,Milk,322000000.0
NEW JERSEY,2001,Milk,233000000.0
NEW MEXICO,2001,Milk,5561000000.0
NEW YORK,2001,Milk,11780000000.0
NORTH CAROLINA,2001,Milk,1154000000.0
NORTH DAKOTA,2001,Milk,644000000.0
OHIO,2001,Milk,4295000000.0
OKLAHOMA,2001,Milk,1325000000.0
OREGON,2001,Milk,1717000000.0
PENNSYLVANIA,2001,Milk,10849000000.0
RHODE ISLAND,2001,Milk,23000000.0
SOUTH CAROLINA,2001,Milk,367000000.0
SOUTH DAKOTA,2001,Milk,1370000000.0
TENNESSEE,2001,Milk,1335000000.0
TEXAS,2001,Milk,5107000000.0
UTAH,2001,Milk,1635000000.0
VERMONT,2001,Milk,2669000000.0
VIRGINIA,2001,Milk,1885000000.0
WASHINGTON,2001,Milk,5514000000.0
WEST VIRGINIA,2001,Milk,249000000.0
WISCONSIN,2001,Milk,22199000000.0
WYOMING,2001,Milk,63000000.0
CALIFORNIA,2001,Yogurt,264304000.0
ILLINOIS,2001,Yogurt,12773000.0
NEW YORK,2001,Yogurt,252631000.0
WISCONSIN,2001,Yogurt,77451000.0
CALIFORNIA,2002,Cheese,1722211000.0
IDAHO,2002,Cheese,619943000.0
ILLINOIS,2002,Cheese,95055000.0
IOWA,2002,Cheese,263005000.0
MASSACHUSETTS,2002,Cheese,841000.0
MINNESOTA,2002,Cheese,597254000.0
MISSOURI,2002,Cheese,98521000.0
NEW YORK,2002,Cheese,716826000.0
OHIO,2002,Cheese,159527000.0
PENNSYLVANIA,2002,Cheese,374051000.0
SOUTH DAKOTA,2002,Cheese,155664000.0
UTAH,2002,Cheese,66296000.0
WASHINGTON,2002,Cheese,153901000.0
WISCONSIN,2002,Cheese,2237127000.0
ALABAMA,2002,Honey,1317942.0
ALASKA,2002,Honey,4667.0
ARIZONA,2002,Honey,1337155.0
ARKANSAS,2002,Honey,3960000.0
CALIFORNIA,2002,Honey,16303281.0
COLORADO,2002,Honey,1440000.0
CONNECTICUT,2002,Honey,131982.0
DELAWARE,2002,Honey,5066.0
FLORIDA,2002,Honey,20460000.0
GEORGIA,2002,Honey,2600000.0
HAWAII,2002,Honey,952000.0
IDAHO,2002,Honey,5700000.0
ILLINOIS,2002,Honey,240991.0
INDIANA,2002,Honey,496000.0
IOWA,2002,Honey,2310000.0
KANSAS,2002,Honey,884000.0
KENTUCKY,2002,Honey,270000.0
LOUISIANA,2002,Honey,2561951.0
MAINE,2002,Honey,422293.0
MARYLAND,2002,Honey,138000.0
MASSACHUSETTS,2002,Honey,167566.0
MICHIGAN,2002,Honey,5544000.0
MINNESOTA,2002,Honey,6839183.0
MISSISSIPPI,2002,Honey,1404000.0
MISSOURI,2002,Honey,900000.0
MONTANA,2002,Honey,8497910.0
NEBRASKA,2002,Honey,2815070.0
NEVADA,2002,Honey,30244.0
NEW HAMPSHIRE,2002,Honey,101548.0
NEW JERSEY,2002,Honey,440000.0
NEW MEXICO,2002,Honey,484000.0
NEW YORK,2002,Honey,4639785.0
NORTH CAROLINA,2002,Honey,672000.0
NORTH DAKOTA,2002,Honey,24000000.0
OHIO,2002,Honey,1451952.0
OKLAHOMA,2002,Honey,309669.0
OREGON,2002,Honey,2107000.0
PENNSYLVANIA,2002,Honey,1653000.0
RHODE ISLAND,2002,Honey,18457.0
SOUTH CAROLINA,2002,Honey,147845.0
SOUTH DAKOTA,2002,Honey,11475000.0
TENNESSEE,2002,Honey,488000.0
TEXAS,2002,Honey,7638000.0
UTAH,2002,Honey,1102903.0
VERMONT,2002,Honey,623000.0
VIRGINIA,2002,Honey,304000.0
WASHINGTON,2002,Honey,2550000.0
WEST VIRGINIA,2002,Honey,459000.0
WISCONSIN,2002,Honey,5583844.0
WYOMING,2002,Honey,1951596.0
ALABAMA,2002,Milk,277000000.0
ALASKA,2002,Milk,18000000.0
ARIZONA,2002,Milk,3430000000.0
ARKANSAS,2002,Milk,393000000.0
CALIFORNIA,2002,Milk,35065000000.0
COLORADO,2002,Milk,2159000000.0
CONNECTICUT,2002,Milk,447000000.0
DELAWARE,2002,Milk,150000000.0
FLORIDA,2002,Milk,2308000000.0
GEORGIA,2002,Milk,1470000000.0
HAWAII,2002,Milk,97000000.0
IDAHO,2002,Milk,8155000000.0
ILLINOIS,2002,Milk,2051000000.0
INDIANA,2002,Milk,2658000000.0
IOWA,2002,Milk,3804000000.0
KANSAS,2002,Milk,2030000000.0
KENTUCKY,2002,Milk,1614000000.0
LOUISIANA,2002,Milk,579000000.0
MAINE,2002,Milk,656000000.0
MARYLAND,2002,Milk,1301000000.0
MASSACHUSETTS,2002,Milk,361000000.0
MICHIGAN,2002,Milk,6120000000.0
MINNESOTA,2002,Milk,8458000000.0
MISSISSIPPI,2002,Milk,478000000.0
MISSOURI,2002,Milk,1946000000.0
MONTANA,2002,Milk,341000000.0
NEBRASKA,2002,Milk,1167000000.0
NEVADA,2002,Milk,501000000.0
NEW HAMPSHIRE,2002,Milk,328000000.0
NEW JERSEY,2002,Milk,236000000.0
NEW MEXICO,2002,Milk,6316000000.0
NEW YORK,2002,Milk,12218000000.0
NORTH CAROLINA,2002,Milk,1137000000.0
NORTH DAKOTA,2002,Milk,593000000.0
OHIO,2002,Milk,4475000000.0
OKLAHOMA,2002,Milk,1307000000.0
OREGON,2002,Milk,2093000000.0
PENNSYLVANIA,2002,Milk,10775000000.0
RHODE ISLAND,2002,Milk,23000000.0
SOUTH CAROLINA,2002,Milk,364000000.0
SOUTH DAKOTA,2002,Milk,1289000000.0
TENNESSEE,2002,Milk,1315000000.0
TEXAS,2002,Milk,5300000000.0
UTAH,2002,Milk,1666000000.0
VERMONT,2002,Milk,2703000000.0
VIRGINIA,2002,Milk,1891000000.0
WASHINGTON,2002,Milk,5620000000.0
WEST VIRGINIA,2002,Milk,243000000.0
WISCONSIN,2002,Milk,22074000000.0
WYOMING,2002,Milk,63000000.0
CALIFORNIA,2002,Yogurt,454483000.0
ILLINOIS,2002,Yogurt,14392000.0
IOWA,2002,Yogurt,12875000.0
NEW YORK,2002,Yogurt,247221000.0
WISCONSIN,2002,Yogurt,71461000.0
CALIFORNIA,2003,Cheese,1830927000.0
ILLINOIS,2003,Cheese,95547000.0
IOWA,2003,Cheese,162712000.0
MASSACHUSETTS,2003,Cheese,860000.0
MINNESOTA,2003,Cheese,616853000.0
MISSOURI,2003,Cheese,97400000.0
NEW YORK,2003,Cheese,706684000.0
OHIO,2003,Cheese,166835000.0
PENNSYLVANIA,2003,Cheese,368945000.0
SOUTH DAKOTA,2003,Cheese,151635000.0
UTAH,2003,Cheese,74055000.0
WISCONSIN,2003,Cheese,2276528000.0
ALABAMA,2003,Honey,1066000.0
ARIZONA,2003,Honey,2520000.0
ARKANSAS,2003,Honey,3000000.0
CALIFORNIA,2003,Honey,32160000.0
COLORADO,2003,Honey,2064000.0
FLORIDA,2003,Honey,14910000.0
GEORGIA,2003,Honey,3380000.0
HAWAII,2003,Honey,798000.0
IDAHO,2003,Honey,4600000.0
ILLINOIS,2003,Honey,420000.0
INDIANA,2003,Honey,280000.0
IOWA,2003,Honey,1888000.0
KANSAS,2003,Honey,912000.0
KENTUCKY,2003,Honey,240000.0
LOUISIANA,2003,Honey,3060000.0
MAINE,2003,Honey,264000.0
MARYLAND,2003,Honey,84000.0
MICHIGAN,2003,Honey,4810000.0
MINNESOTA,2003,Honey,9960000.0
MISSISSIPPI,2003,Honey,1449000.0
MISSOURI,2003,Honey,901000.0
MONTANA,2003,Honey,9570000.0
NEBRASKA,2003,Honey,3330000.0
NEVADA,2003,Honey,384000.0
NEW JERSEY,2003,Honey,190000.0
NEW MEXICO,2003,Honey,246000.0
NEW YORK,2003,Honey,4824000.0
NORTH CAROLINA,2003,Honey,440000.0
NORTH DAKOTA,2003,Honey,29580000.0
OHIO,2003,Honey,750000.0
OKLAHOMA,2003,Honey,141000.0
OREGON,2003,Honey,2142000.0
PENNSYLVANIA,2003,Honey,1350000.0
SOUTH CAROLINA,2003,Honey,280000.0
SOUTH DAKOTA,2003,Honey,15050000.0
TENNESSEE,2003,Honey,240000.0
TEXAS,2003,Honey,9380000.0
UTAH,2003,Honey,1425000.0
VERMONT,2003,Honey,581000.0
VIRGINIA,2003,Honey,222000.0
WASHINGTON,2003,Honey,3248000.0
WEST VIRGINIA,2003,Honey,376000.0
WISCONSIN,2003,Honey,5698000.0
WYOMING,2003,Honey,3159000.0
ALABAMA,2003,Milk,252000000.0
ALASKA,2003,Milk,17000000.0
ARIZONA,2003,Milk,3552000000.0
ARKANSAS,2003,Milk,354000000.0
CALIFORNIA,2003,Milk,35437000000.0
COLORADO,2003,Milk,2153000000.0
CONNECTICUT,2003,Milk,413000000.0
DELAWARE,2003,Milk,130000000.0
FLORIDA,2003,Milk,2161000000.0
GEORGIA,2003,Milk,1444000000.0
HAWAII,2003,Milk,92000000.0
IDAHO,2003,Milk,8774000000.0
ILLINOIS,2003,Milk,2047000000.0
INDIANA,2003,Milk,2939000000.0
IOWA,2003,Milk,3810000000.0
KANSAS,2003,Milk,2130000000.0
KENTUCKY,2003,Milk,1465000000.0
LOUISIANA,2003,Milk,519000000.0
MAINE,2003,Milk,624000000.0
MARYLAND,2003,Milk,1177000000.0
MASSACHUSETTS,2003,Milk,332000000.0
MICHIGAN,2003,Milk,6375000000.0
MINNESOTA,2003,Milk,8258000000.0
MISSISSIPPI,2003,Milk,423000000.0
MISSOURI,2003,Milk,1886000000.0
MONTANA,2003,Milk,345000000.0
NEBRASKA,2003,Milk,1129000000.0
NEVADA,2003,Milk,485000000.0
NEW HAMPSHIRE,2003,Milk,305000000.0
NEW JERSEY,2003,Milk,216000000.0
NEW MEXICO,2003,Milk,6666000000.0
NEW YORK,2003,Milk,11952000000.0
NORTH CAROLINA,2003,Milk,1044000000.0
NORTH DAKOTA,2003,Milk,500000000.0
OHIO,2003,Milk,4490000000.0
OKLAHOMA,2003,Milk,1312000000.0
OREGON,2003,Milk,2191000000.0
PENNSYLVANIA,2003,Milk,10338000000.0
RHODE ISLAND,2003,Milk,22000000.0
SOUTH CAROLINA,2003,Milk,318000000.0
SOUTH DAKOTA,2003,Milk,1330000000.0
TENNESSEE,2003,Milk,1205000000.0
TEXAS,2003,Milk,5630000000.0
UTAH,2003,Milk,1622000000.0
VERMONT,2003,Milk,2637000000.0
VIRGINIA,2003,Milk,1731000000.0
WASHINGTON,2003,Milk,5581000000.0
WEST VIRGINIA,2003,Milk,216000000.0
WISCONSIN,2003,Milk,22266000000.0
WYOMING,2003,Milk,54000000.0
CALIFORNIA,2003,Yogurt,479226000.0
IOWA,2003,Yogurt,13847000.0
NEW YORK,2003,Yogurt,261740000.0
PENNSYLVANIA,2003,Yogurt,687000.0
UTAH,2003,Yogurt,122209000.0
WISCONSIN,2003,Yogurt,81460000.0
CALIFORNIA,2004,Cheese,1992820000.0
IDAHO,2004,Cheese,718245000.0
ILLINOIS,2004,Cheese,93609000.0
IOWA,2004,Cheese,154757000.0
MINNESOTA,2004,Cheese,623968000.0
MISSOURI,2004,Cheese,99645000.0
NEW YORK,2004,Cheese,699465000.0
OHIO,2004,Cheese,182377000.0
PENNSYLVANIA,2004,Cheese,376730000.0
SOUTH DAKOTA,2004,Cheese,159278000.0
UTAH,2004,Cheese,67294000.0
WISCONSIN,2004,Cheese,2356516000.0
ALABAMA,2004,Honey,1044000.0
ARIZONA,2004,Honey,1760000.0
ARKANSAS,2004,Honey,2280000.0
CALIFORNIA,2004,Honey,17550000.0
COLORADO,2004,Honey,1840000.0
FLORIDA,2004,Honey,20090000.0
GEORGIA,2004,Honey,3087000.0
HAWAII,2004,Honey,768000.0
IDAHO,2004,Honey,6300000.0
ILLINOIS,2004,Honey,385000.0
INDIANA,2004,Honey,413000.0
IOWA,2004,Honey,2345000.0
KANSAS,2004,Honey,1120000.0
KENTUCKY,2004,Honey,280000.0
LOUISIANA,2004,Honey,3430000.0
MAINE,2004,Honey,217000.0
MICHIGAN,2004,Honey,4355000.0
MINNESOTA,2004,Honey,10125000.0
MISSISSIPPI,2004,Honey,1170000.0
MISSOURI,2004,Honey,656000.0
MONTANA,2004,Honey,10780000.0
NEBRASKA,2004,Honey,4539000.0
NEVADA,2004,Honey,770000.0
NEW JERSEY,2004,Honey,324000.0
NEW MEXICO,2004,Honey,352000.0
NEW YORK,2004,Honey,4288000.0
NORTH CAROLINA,2004,Honey,360000.0
NORTH DAKOTA,2004,Honey,30420000.0
OHIO,2004,Honey,928000.0
OREGON,2004,Honey,2268000.0
PENNSYLVANIA,2004,Honey,1620000.0
SOUTH DAKOTA,2004,Honey,22575000.0
TENNESSEE,2004,Honey,324000.0
TEXAS,2004,Honey,8816000.0
UTAH,2004,Honey,1680000.0
VERMONT,2004,Honey,408000.0
VIRGINIA,2004,Honey,266000.0
WASHINGTON,2004,Honey,3528000.0
WEST VIRGINIA,2004,Honey,495000.0
WISCONSIN,2004,Honey,5848000.0
WYOMING,2004,Honey,2925000.0
ALABAMA,2004,Milk,245000000.0
ALASKA,2004,Milk,15000000.0
ARIZONA,2004,Milk,3646000000.0
ARKANSAS,2004,Milk,323000000.0
CALIFORNIA,2004,Milk,36465000000.0
COLORADO,2004,Milk,2184000000.0
CONNECTICUT,2004,Milk,392000000.0
DELAWARE,2004,Milk,125000000.0
FLORIDA,2004,Milk,2253000000.0
GEORGIA,2004,Milk,1416000000.0
HAWAII,2004,Milk,81000000.0
IDAHO,2004,Milk,9093000000.0
ILLINOIS,2004,Milk,1978000000.0
INDIANA,2004,Milk,3027000000.0
IOWA,2004,Milk,3851000000.0
KANSAS,2004,Milk,2216000000.0
KENTUCKY,2004,Milk,1422000000.0
LOUISIANA,2004,Milk,479000000.0
MAINE,2004,Milk,612000000.0
MARYLAND,2004,Milk,1116000000.0
MASSACHUSETTS,2004,Milk,296000000.0
MICHIGAN,2004,Milk,6330000000.0
MINNESOTA,2004,Milk,8102000000.0
MISSISSIPPI,2004,Milk,379000000.0
MISSOURI,2004,Milk,1847000000.0
MONTANA,2004,Milk,348000000.0
NEBRASKA,2004,Milk,1049000000.0
NEVADA,2004,Milk,509000000.0
NEW HAMPSHIRE,2004,Milk,303000000.0
NEW JERSEY,2004,Milk,200000000.0
NEW MEXICO,2004,Milk,6737000000.0
NEW YORK,2004,Milk,11650000000.0
NORTH CAROLINA,2004,Milk,1006000000.0
NORTH DAKOTA,2004,Milk,465000000.0
OHIO,2004,Milk,4560000000.0
OKLAHOMA,2004,Milk,1263000000.0
OREGON,2004,Milk,2270000000.0
PENNSYLVANIA,2004,Milk,10062000000.0
RHODE ISLAND,2004,Milk,20000000.0
SOUTH CAROLINA,2004,Milk,287000000.0
SOUTH DAKOTA,2004,Milk,1347000000.0
TENNESSEE,2004,Milk,1155000000.0
TEXAS,2004,Milk,6009000000.0
UTAH,2004,Milk,1616000000.0
VERMONT,2004,Milk,2594000000.0
VIRGINIA,2004,Milk,1731000000.0
WASHINGTON,2004,Milk,5416000000.0
WEST VIRGINIA,2004,Milk,194000000.0
WISCONSIN,2004,Milk,22085000000.0
WYOMING,2004,Milk,63000000.0
CALIFORNIA,2004,Yogurt,454302000.0
IOWA,2004,Yogurt,13984000.0
NEW YORK,2004,Yogurt,227795000.0
PENNSYLVANIA,2004,Yogurt,807000.0
TENNESSEE,2004,Yogurt,38949000.0
UTAH,2004,Yogurt,165503000.0
WISCONSIN,2004,Yogurt,98012000.0
CALIFORNIA,2005,Cheese,2136699000.0
IDAHO,2005,Cheese,769256000.0
ILLINOIS,2005,Cheese,93236000.0
IOWA,2005,Cheese,152627000.0
MINNESOTA,2005,Cheese,629534000.0
NEW YORK,2005,Cheese,666815000.0
OHIO,2005,Cheese,198718000.0
PENNSYLVANIA,2005,Cheese,395003000.0
SOUTH DAKOTA,2005,Cheese,175677000.0
UTAH,2005,Cheese,86414000.0
WISCONSIN,2005,Cheese,2405945000.0
ALABAMA,2005,Honey,858000.0
ARIZONA,2005,Honey,1800000.0
ARKANSAS,2005,Honey,2484000.0
CALIFORNIA,2005,Honey,30000000.0
COLORADO,2005,Honey,1960000.0
FLORIDA,2005,Honey,13760000.0
GEORGIA,2005,Honey,2891000.0
HAWAII,2005,Honey,1179000.0
IDAHO,2005,Honey,3515000.0
ILLINOIS,2005,Honey,680000.0
INDIANA,2005,Honey,512000.0
IOWA,2005,Honey,2464000.0
KANSAS,2005,Honey,800000.0
KENTUCKY,2005,Honey,250000.0
LOUISIANA,2005,Honey,3395000.0
MAINE,2005,Honey,208000.0
MICHIGAN,2005,Honey,4420000.0
MINNESOTA,2005,Honey,8880000.0
MISSISSIPPI,2005,Honey,1280000.0
MISSOURI,2005,Honey,750000.0
MONTANA,2005,Honey,8710000.0
NEBRASKA,2005,Honey,2720000.0
NEVADA,2005,Honey,552000.0
NEW JERSEY,2005,Honey,384000.0
NEW MEXICO,2005,Honey,343000.0
NEW YORK,2005,Honey,4307000.0
NORTH CAROLINA,2005,Honey,540000.0
NORTH DAKOTA,2005,Honey,33670000.0
OHIO,2005,Honey,1035000.0
OREGON,2005,Honey,1638000.0
PENNSYLVANIA,2005,Honey,1568000.0
SOUTH DAKOTA,2005,Honey,17380000.0
TENNESSEE,2005,Honey,385000.0
TEXAS,2005,Honey,5964000.0
UTAH,2005,Honey,1080000.0
VERMONT,2005,Honey,546000.0
VIRGINIA,2005,Honey,296000.0
WASHINGTON,2005,Honey,2805000.0
WEST VIRGINIA,2005,Honey,408000.0
WISCONSIN,2005,Honey,5312000.0
WYOMING,2005,Honey,2240000.0
ALABAMA,2005,Milk,224000000.0
ALASKA,2005,Milk,14000000.0
ARIZONA,2005,Milk,3742000000.0
ARKANSAS,2005,Milk,298000000.0
CALIFORNIA,2005,Milk,37564000000.0
COLORADO,2005,Milk,2348000000.0
CONNECTICUT,2005,Milk,384000000.0
DELAWARE,2005,Milk,123000000.0
FLORIDA,2005,Milk,2273000000.0
GEORGIA,2005,Milk,1398000000.0
HAWAII,2005,Milk,70000000.0
IDAHO,2005,Milk,10161000000.0
ILLINOIS,2005,Milk,1958000000.0
INDIANA,2005,Milk,3166000000.0
IOWA,2005,Milk,4025000000.0
KANSAS,2005,Milk,2276000000.0
KENTUCKY,2005,Milk,1367000000.0
LOUISIANA,2005,Milk,434000000.0
MAINE,2005,Milk,595000000.0
MARYLAND,2005,Milk,1143000000.0
MASSACHUSETTS,2005,Milk,290000000.0
MICHIGAN,2005,Milk,6750000000.0
MINNESOTA,2005,Milk,8195000000.0
MISSISSIPPI,2005,Milk,382000000.0
MISSOURI,2005,Milk,1875000000.0
MONTANA,2005,Milk,372000000.0
NEBRASKA,2005,Milk,1077000000.0
NEVADA,2005,Milk,542000000.0
NEW HAMPSHIRE,2005,Milk,302000000.0
NEW JERSEY,2005,Milk,192000000.0
NEW MEXICO,2005,Milk,6951000000.0
NEW YORK,2005,Milk,12078000000.0
NORTH CAROLINA,2005,Milk,1012000000.0
NORTH DAKOTA,2005,Milk,468000000.0
OHIO,2005,Milk,4743000000.0
OKLAHOMA,2005,Milk,1236000000.0
OREGON,2005,Milk,2284000000.0
PENNSYLVANIA,2005,Milk,10503000000.0
RHODE ISLAND,2005,Milk,19000000.0
SOUTH CAROLINA,2005,Milk,288000000.0
SOUTH DAKOTA,2005,Milk,1437000000.0
TENNESSEE,2005,Milk,1102000000.0
TEXAS,2005,Milk,6444000000.0
UTAH,2005,Milk,1661000000.0
VERMONT,2005,Milk,2641000000.0
VIRGINIA,2005,Milk,1784000000.0
WASHINGTON,2005,Milk,5608000000.0
WEST VIRGINIA,2005,Milk,194000000.0
WISCONSIN,2005,Milk,22866000000.0
WYOMING,2005,Milk,73000000.0
CALIFORNIA,2005,Yogurt,511990000.0
IOWA,2005,Yogurt,17412000.0
NEW YORK,2005,Yogurt,232307000.0
PENNSYLVANIA,2005,Yogurt,931000.0
TENNESSEE,2005,Yogurt,99595000.0
UTAH,2005,Yogurt,171509000.0
WISCONSIN,2005,Yogurt,124974000.0
CALIFORNIA,2006,Cheese,2206598000.0
IDAHO,2006,Cheese,803896000.0
ILLINOIS,2006,Cheese,80380000.0
IOWA,2006,Cheese,148140000.0
MINNESOTA,2006,Cheese,624267000.0
NEW MEXICO,2006,Cheese,579411000.0
NEW YORK,2006,Cheese,699087000.0
OHIO,2006,Cheese,201299000.0
PENNSYLVANIA,2006,Cheese,377540000.0
SOUTH DAKOTA,2006,Cheese,185957000.0
UTAH,2006,Cheese,103445000.0
VERMONT,2006,Cheese,138897000.0
WISCONSIN,2006,Cheese,2452855000.0
ALABAMA,2006,Honey,792000.0
ARIZONA,2006,Honey,1950000.0
ARKANSAS,2006,Honey,2432000.0
CALIFORNIA,2006,Honey,19760000.0
COLORADO,2006,Honey,2700000.0
FLORIDA,2006,Honey,13770000.0
GEORGIA,2006,Honey,4662000.0
HAWAII,2006,Honey,930000.0
IDAHO,2006,Honey,4180000.0
ILLINOIS,2006,Honey,660000.0
INDIANA,2006,Honey,378000.0
IOWA,2006,Honey,2184000.0
KANSAS,2006,Honey,770000.0
KENTUCKY,2006,Honey,280000.0
LOUISIANA,2006,Honey,2700000.0
MAINE,2006,Honey,253000.0
MICHIGAN,2006,Honey,3960000.0
MINNESOTA,2006,Honey,10000000.0
MISSISSIPPI,2006,Honey,1372000.0
MISSOURI,2006,Honey,690000.0
MONTANA,2006,Honey,10428000.0
NEBRASKA,2006,Honey,3431000.0
NEVADA,2006,Honey,333000.0
NEW JERSEY,2006,Honey,324000.0
NEW MEXICO,2006,Honey,336000.0
NEW YORK,2006,Honey,3712000.0
NORTH CAROLINA,2006,Honey,500000.0
NORTH DAKOTA,2006,Honey,25900000.0
OHIO,2006,Honey,784000.0
OREGON,2006,Honey,2208000.0
PENNSYLVANIA,2006,Honey,1120000.0
SOUTH DAKOTA,2006,Honey,10575000.0
TENNESSEE,2006,Honey,385000.0
TEXAS,2006,Honey,5740000.0
UTAH,2006,Honey,1300000.0
VERMONT,2006,Honey,336000.0
VIRGINIA,2006,Honey,336000.0
WASHINGTON,2006,Honey,2548000.0
WEST VIRGINIA,2006,Honey,252000.0
WISCONSIN,2006,Honey,5952000.0
WYOMING,2006,Honey,3315000.0
ALABAMA,2006,Milk,203000000.0
ALASKA,2006,Milk,10000000.0
ARIZONA,2006,Milk,3954000000.0
ARKANSAS,2006,Milk,258000000.0
CALIFORNIA,2006,Milk,38830000000.0
COLORADO,2006,Milk,2547000000.0
CONNECTICUT,2006,Milk,367000000.0
DELAWARE,2006,Milk,114000000.0
FLORIDA,2006,Milk,2171000000.0
GEORGIA,2006,Milk,1404000000.0
HAWAII,2006,Milk,57000000.0
IDAHO,2006,Milk,10905000000.0
ILLINOIS,2006,Milk,1983000000.0
INDIANA,2006,Milk,3277000000.0
IOWA,2006,Milk,4126000000.0
KANSAS,2006,Milk,2345000000.0
KENTUCKY,2006,Milk,1303000000.0
LOUISIANA,2006,Milk,396000000.0
MAINE,2006,Milk,574000000.0
MARYLAND,2006,Milk,1106000000.0
MASSACHUSETTS,2006,Milk,278000000.0
MICHIGAN,2006,Milk,7115000000.0
MINNESOTA,2006,Milk,8369000000.0
MISSISSIPPI,2006,Milk,344000000.0
MISSOURI,2006,Milk,1840000000.0
MONTANA,2006,Milk,354000000.0
NEBRASKA,2006,Milk,1118000000.0
NEVADA,2006,Milk,544000000.0
NEW HAMPSHIRE,2006,Milk,293000000.0
NEW JERSEY,2006,Milk,178000000.0
NEW MEXICO,2006,Milk,7605000000.0
NEW YORK,2006,Milk,12045000000.0
NORTH CAROLINA,2006,Milk,944000000.0
NORTH DAKOTA,2006,Milk,470000000.0
OHIO,2006,Milk,4860000000.0
OKLAHOMA,2006,Milk,1214000000.0
OREGON,2006,Milk,2242000000.0
PENNSYLVANIA,2006,Milk,10742000000.0
RHODE ISLAND,2006,Milk,19000000.0
SOUTH CAROLINA,2006,Milk,277000000.0
SOUTH DAKOTA,2006,Milk,1505000000.0
TENNESSEE,2006,Milk,1049000000.0
TEXAS,2006,Milk,7157000000.0
UTAH,2006,Milk,1747000000.0
VERMONT,2006,Milk,2592000000.0
VIRGINIA,2006,Milk,1771000000.0
WASHINGTON,2006,Milk,5464000000.0
WEST VIRGINIA,2006,Milk,200000000.0
WISCONSIN,2006,Milk,23398000000.0
WYOMING,2006,Milk,118000000.0
CALIFORNIA,2006,Yogurt,543345000.0
IOWA,2006,Yogurt,25520000.0
NEW YORK,2006,Yogurt,236987000.0
TENNESSEE,2006,Yogurt,155331000.0
UTAH,2006,Yogurt,163713000.0
WISCONSIN,2006,Yogurt,144534000.0
CALIFORNIA,2007,Cheese,2287248000.0
IDAHO,2007,Cheese,789085000.0
ILLINOIS,2007,Cheese,76764000.0
IOWA,2007,Cheese,147241000.0
MINNESOTA,2007,Cheese,610339000.0
NEW MEXICO,2007,Cheese,602324000.0
NEW YORK,2007,Cheese,738046000.0
OHIO,2007,Cheese,194466000.0
PENNSYLVANIA,2007,Cheese,393877000.0
SOUTH DAKOTA,2007,Cheese,209249000.0
UTAH,2007,Cheese,104114000.0
VERMONT,2007,Cheese,155562000.0
WISCONSIN,2007,Cheese,2462043000.0
ALABAMA,2007,Honey,616000.0
ALASKA,2007,Honey,12968.0
ARIZONA,2007,Honey,1920000.0
ARKANSAS,2007,Honey,2240000.0
CALIFORNIA,2007,Honey,13600000.0
COLORADO,2007,Honey,1581000.0
CONNECTICUT,2007,Honey,143092.0
DELAWARE,2007,Honey,5414.0
FLORIDA,2007,Honey,10657946.0
GEORGIA,2007,Honey,3480000.0
HAWAII,2007,Honey,920000.0
IDAHO,2007,Honey,3772000.0
ILLINOIS,2007,Honey,480202.0
INDIANA,2007,Honey,420252.0
IOWA,2007,Honey,2106000.0
KANSAS,2007,Honey,409242.0
KENTUCKY,2007,Honey,244000.0
LOUISIANA,2007,Honey,2581000.0
MAINE,2007,Honey,279174.0
MARYLAND,2007,Honey,110721.0
MASSACHUSETTS,2007,Honey,436623.0
MICHIGAN,2007,Honey,4938440.0
MINNESOTA,2007,Honey,9357636.0
MISSISSIPPI,2007,Honey,1380000.0
MISSOURI,2007,Honey,644000.0
MONTANA,2007,Honey,9313462.0
NEBRASKA,2007,Honey,2118433.0
NEVADA,2007,Honey,157245.0
NEW HAMPSHIRE,2007,Honey,52899.0
NEW JERSEY,2007,Honey,474013.0
NEW MEXICO,2007,Honey,354000.0
NEW YORK,2007,Honey,3126202.0
NORTH CAROLINA,2007,Honey,565741.0
NORTH DAKOTA,2007,Honey,30825479.0
OHIO,2007,Honey,1026496.0
OKLAHOMA,2007,Honey,238769.0
OREGON,2007,Honey,1978000.0
PENNSYLVANIA,2007,Honey,1050000.0
RHODE ISLAND,2007,Honey,17110.0
SOUTH CAROLINA,2007,Honey,234332.0
SOUTH DAKOTA,2007,Honey,13383794.0
TENNESSEE,2007,Honey,455000.0
TEXAS,2007,Honey,8554971.0
UTAH,2007,Honey,1176000.0
VERMONT,2007,Honey,361715.0
VIRGINIA,2007,Honey,276000.0
WASHINGTON,2007,Honey,2024000.0
WEST VIRGINIA,2007,Honey,321184.0
WISCONSIN,2007,Honey,5040000.0
WYOMING,2007,Honey,3440000.0
ALABAMA,2007,Milk,197000000.0
ALASKA,2007,Milk,9000000.0
ARIZONA,2007,Milk,4210000000.0
ARKANSAS,2007,Milk,220000000.0
CALIFORNIA,2007,Milk,40683000000.0
COLORADO,2007,Milk,2706000000.0
CONNECTICUT,2007,Milk,365000000.0
DELAWARE,2007,Milk,113000000.0
FLORIDA,2007,Milk,2104000000.0
GEORGIA,2007,Milk,1399000000.0
HAWAII,2007,Milk,36000000.0
IDAHO,2007,Milk,11549000000.0
ILLINOIS,2007,Milk,1917000000.0
INDIANA,2007,Milk,3371000000.0
IOWA,2007,Milk,4278000000.0
KANSAS,2007,Milk,2187000000.0
KENTUCKY,2007,Milk,1250000000.0
LOUISIANA,2007,Milk,349000000.0
MAINE,2007,Milk,587000000.0
MARYLAND,2007,Milk,1051000000.0
MASSACHUSETTS,2007,Milk,255000000.0
MICHIGAN,2007,Milk,7625000000.0
MINNESOTA,2007,Milk,8656000000.0
MISSISSIPPI,2007,Milk,324000000.0
MISSOURI,2007,Milk,1678000000.0
MONTANA,2007,Milk,333000000.0
NEBRASKA,2007,Milk,1075000000.0
NEVADA,2007,Milk,553000000.0
NEW HAMPSHIRE,2007,Milk,290000000.0
NEW JERSEY,2007,Milk,168000000.0
NEW MEXICO,2007,Milk,7290000000.0
NEW YORK,2007,Milk,12103000000.0
NORTH CAROLINA,2007,Milk,921000000.0
NORTH DAKOTA,2007,Milk,444000000.0
OHIO,2007,Milk,4980000000.0
OKLAHOMA,2007,Milk,1144000000.0
OREGON,2007,Milk,2233000000.0
PENNSYLVANIA,2007,Milk,10682000000.0
RHODE ISLAND,2007,Milk,18000000.0
SOUTH CAROLINA,2007,Milk,322000000.0
SOUTH DAKOTA,2007,Milk,1641000000.0
TENNESSEE,2007,Milk,999000000.0
TEXAS,2007,Milk,7384000000.0
UTAH,2007,Milk,1732000000.0
VERMONT,2007,Milk,2531000000.0
VIRGINIA,2007,Milk,1753000000.0
WASHINGTON,2007,Milk,5531000000.0
WEST VIRGINIA,2007,Milk,195000000.0
WISCONSIN,2007,Milk,24080000000.0
WYOMING,2007,Milk,134000000.0
CALIFORNIA,2007,Yogurt,559921000.0
IOWA,2007,Yogurt,21300000.0
NEW YORK,2007,Yogurt,234740000.0
TENNESSEE,2007,Yogurt,193536000.0
UTAH,2007,Yogurt,140948000.0
WISCONSIN,2007,Yogurt,147282000.0
CALIFORNIA,2008,Cheese,2113236000.0
IDAHO,2008,Cheese,829406000.0
ILLINOIS,2008,Cheese,70606000.0
IOWA,2008,Cheese,167450000.0
MINNESOTA,2008,Cheese,641748000.0
NEW JERSEY,2008,Cheese,30455000.0
NEW MEXICO,2008,Cheese,602890000.0
NEW YORK,2008,Cheese,715923000.0
OHIO,2008,Cheese,182147000.0
PENNSYLVANIA,2008,Cheese,402058000.0
SOUTH DAKOTA,2008,Cheese,230189000.0
UTAH,2008,Cheese,108485000.0
VERMONT,2008,Cheese,149267000.0
WISCONSIN,2008,Cheese,2524125000.0
ALABAMA,2008,Honey,594000.0
ARIZONA,2008,Honey,1600000.0
ARKANSAS,2008,Honey,2100000.0
CALIFORNIA,2008,Honey,18360000.0
COLORADO,2008,Honey,1215000.0
FLORIDA,2008,Honey,11850000.0
GEORGIA,2008,Honey,4615000.0
HAWAII,2008,Honey,900000.0
IDAHO,2008,Honey,3600000.0
ILLINOIS,2008,Honey,448000.0
INDIANA,2008,Honey,469000.0
IOWA,2008,Honey,1488000.0
KANSAS,2008,Honey,610000.0
KENTUCKY,2008,Honey,156000.0
LOUISIANA,2008,Honey,3080000.0
MAINE,2008,Honey,294000.0
MICHIGAN,2008,Honey,5183000.0
MINNESOTA,2008,Honey,9516000.0
MISSISSIPPI,2008,Honey,1372000.0
MISSOURI,2008,Honey,583000.0
MONTANA,2008,Honey,9380000.0
NEBRASKA,2008,Honey,2412000.0
NEVADA,2008,Honey,290000.0
NEW JERSEY,2008,Honey,360000.0
NEW MEXICO,2008,Honey,288000.0
NEW YORK,2008,Honey,3500000.0
NORTH CAROLINA,2008,Honey,624000.0
NORTH DAKOTA,2008,Honey,36000000.0
OHIO,2008,Honey,742000.0
OREGON,2008,Honey,2150000.0
PENNSYLVANIA,2008,Honey,1104000.0
SOUTH DAKOTA,2008,Honey,21375000.0
TENNESSEE,2008,Honey,427000.0
TEXAS,2008,Honey,4928000.0
UTAH,2008,Honey,1344000.0
VERMONT,2008,Honey,330000.0
VIRGINIA,2008,Honey,252000.0
WASHINGTON,2008,Honey,2156000.0
WEST VIRGINIA,2008,Honey,258000.0
WISCONSIN,2008,Honey,4640000.0
WYOMING,2008,Honey,2379000.0
ALABAMA,2008,Milk,184000000.0
ALASKA,2008,Milk,7200000.0
ARIZONA,2008,Milk,4351000000.0
ARKANSAS,2008,Milk,186000000.0
CALIFORNIA,2008,Milk,41203000000.0
COLORADO,2008,Milk,2935000000.0
CONNECTICUT,2008,Milk,364000000.0
DELAWARE,2008,Milk,110000000.0
FLORIDA,2008,Milk,2061000000.0
GEORGIA,2008,Milk,1355000000.0
HAWAII,2008,Milk,18500000.0
IDAHO,2008,Milk,12315000000.0
ILLINOIS,2008,Milk,1862000000.0
INDIANA,2008,Milk,3287000000.0
IOWA,2008,Milk,4236000000.0
KANSAS,2008,Milk,2415000000.0
KENTUCKY,2008,Milk,1210000000.0
LOUISIANA,2008,Milk,319000000.0
MAINE,2008,Milk,603000000.0
MARYLAND,2008,Milk,1029000000.0
MASSACHUSETTS,2008,Milk,254000000.0
MICHIGAN,2008,Milk,7763000000.0
MINNESOTA,2008,Milk,8782000000.0
MISSISSIPPI,2008,Milk,291000000.0
MISSOURI,2008,Milk,1615000000.0
MONTANA,2008,Milk,313000000.0
NEBRASKA,2008,Milk,1083000000.0
NEVADA,2008,Milk,653000000.0
NEW HAMPSHIRE,2008,Milk,299000000.0
NEW JERSEY,2008,Milk,169000000.0
NEW MEXICO,2008,Milk,7865000000.0
NEW YORK,2008,Milk,12432000000.0
NORTH CAROLINA,2008,Milk,892000000.0
NORTH DAKOTA,2008,Milk,418000000.0
OHIO,2008,Milk,5135000000.0
OKLAHOMA,2008,Milk,1061000000.0
OREGON,2008,Milk,2254000000.0
PENNSYLVANIA,2008,Milk,10575000000.0
RHODE ISLAND,2008,Milk,19900000.0
SOUTH CAROLINA,2008,Milk,323000000.0
SOUTH DAKOTA,2008,Milk,1796000000.0
TENNESSEE,2008,Milk,948000000.0
TEXAS,2008,Milk,8416000000.0
UTAH,2008,Milk,1784000000.0
VERMONT,2008,Milk,2576000000.0
VIRGINIA,2008,Milk,1726000000.0
WASHINGTON,2008,Milk,5696000000.0
WEST VIRGINIA,2008,Milk,181000000.0
WISCONSIN,2008,Milk,24472000000.0
WYOMING,2008,Milk,135700000.0
CALIFORNIA,2008,Yogurt,581768000.0
NEW YORK,2008,Yogurt,224988000.0
TENNESSEE,2008,Yogurt,258078000.0
UTAH,2008,Yogurt,208897000.0
WISCONSIN,2008,Yogurt,162847000.0
CALIFORNIA,2009,Cheese,2057375000.0
IDAHO,2009,Cheese,831641000.0
ILLINOIS,2009,Cheese,82508000.0
IOWA,2009,Cheese,219913000.0
MINNESOTA,2009,Cheese,649490000.0
NEW JERSEY,2009,Cheese,32371000.0
NEW MEXICO,2009,Cheese,609283000.0
NEW YORK,2009,Cheese,728364000.0
OHIO,2009,Cheese,199148000.0
PENNSYLVANIA,2009,Cheese,402709000.0
SOUTH DAKOTA,2009,Cheese,231413000.0
UTAH,2009,Cheese,106504000.0
VERMONT,2009,Cheese,125734000.0
WISCONSIN,2009,Cheese,2593766000.0
ALABAMA,2009,Honey,450000.0
ARIZONA,2009,Honey,1040000.0
ARKANSAS,2009,Honey,1368000.0
CALIFORNIA,2009,Honey,11715000.0
COLORADO,2009,Honey,1484000.0
FLORIDA,2009,Honey,11560000.0
GEORGIA,2009,Honey,2665000.0
HAWAII,2009,Honey,950000.0
IDAHO,2009,Honey,4738000.0
ILLINOIS,2009,Honey,272000.0
INDIANA,2009,Honey,288000.0
IOWA,2009,Honey,1092000.0
KANSAS,2009,Honey,567000.0
KENTUCKY,2009,Honey,175000.0
LOUISIANA,2009,Honey,3811000.0
MAINE,2009,Honey,300000.0
MICHIGAN,2009,Honey,3960000.0
MINNESOTA,2009,Honey,7930000.0
MISSISSIPPI,2009,Honey,1456000.0
MISSOURI,2009,Honey,517000.0
MONTANA,2009,Honey,10220000.0
NEBRASKA,2009,Honey,2688000.0
NEW JERSEY,2009,Honey,352000.0
NEW MEXICO,2009,Honey,420000.0
NEW YORK,2009,Honey,2925000.0
NORTH CAROLINA,2009,Honey,495000.0
NORTH DAKOTA,2009,Honey,34650000.0
OHIO,2009,Honey,550000.0
OREGON,2009,Honey,1870000.0
PENNSYLVANIA,2009,Honey,840000.0
SOUTH DAKOTA,2009,Honey,17820000.0
TENNESSEE,2009,Honey,357000.0
TEXAS,2009,Honey,5607000.0
UTAH,2009,Honey,988000.0
VERMONT,2009,Honey,245000.0
VIRGINIA,2009,Honey,234000.0
WASHINGTON,2009,Honey,2728000.0
WEST VIRGINIA,2009,Honey,185000.0
WISCONSIN,2009,Honey,3780000.0
WYOMING,2009,Honey,1776000.0
ALABAMA,2009,Milk,164000000.0
ALASKA,2009,Milk,6000000.0
ARIZONA,2009,Milk,4082000000.0
ARKANSAS,2009,Milk,165000000.0
CALIFORNIA,2009,Milk,39512000000.0
COLORADO,2009,Milk,2837000000.0
CONNECTICUT,2009,Milk,353000000.0
DELAWARE,2009,Milk,102000000.0
FLORIDA,2009,Milk,2080000000.0
GEORGIA,2009,Milk,1400000000.0
HAWAII,2009,Milk,21300000.0
IDAHO,2009,Milk,12150000000.0
ILLINOIS,2009,Milk,1862000000.0
INDIANA,2009,Milk,3383000000.0
IOWA,2009,Milk,4301000000.0
KANSAS,2009,Milk,2488000000.0
KENTUCKY,2009,Milk,1192000000.0
LOUISIANA,2009,Milk,271000000.0
MAINE,2009,Milk,596000000.0
MARYLAND,2009,Milk,1004000000.0
MASSACHUSETTS,2009,Milk,246000000.0
MICHIGAN,2009,Milk,7968000000.0
MINNESOTA,2009,Milk,9019000000.0
MISSISSIPPI,2009,Milk,250000000.0
MISSOURI,2009,Milk,1568000000.0
MONTANA,2009,Milk,299000000.0
NEBRASKA,2009,Milk,1198000000.0
NEVADA,2009,Milk,613000000.0
NEW HAMPSHIRE,2009,Milk,293000000.0
NEW JERSEY,2009,Milk,158000000.0
NEW MEXICO,2009,Milk,7904000000.0
NEW YORK,2009,Milk,12424000000.0
NORTH CAROLINA,2009,Milk,884000000.0
NORTH DAKOTA,2009,Milk,387000000.0
OHIO,2009,Milk,5192000000.0
OKLAHOMA,2009,Milk,1002000000.0
OREGON,2009,Milk,2248000000.0
PENNSYLVANIA,2009,Milk,10551000000.0
RHODE ISLAND,2009,Milk,19600000.0
SOUTH CAROLINA,2009,Milk,325000000.0
SOUTH DAKOTA,2009,Milk,1892000000.0
TENNESSEE,2009,Milk,909000000.0
TEXAS,2009,Milk,8840000000.0
UTAH,2009,Milk,1771000000.0
VERMONT,2009,Milk,2469000000.0
VIRGINIA,2009,Milk,1736000000.0
WASHINGTON,2009,Milk,5561000000.0
WEST VIRGINIA,2009,Milk,162000000.0
WISCONSIN,2009,Milk,25239000000.0
WYOMING,2009,Milk,104700000.0
CALIFORNIA,2009,Yogurt,620171000.0
NEW YORK,2009,Yogurt,251604000.0
TENNESSEE,2009,Yogurt,284295000.0
UTAH,2009,Yogurt,244252000.0
WISCONSIN,2009,Yogurt,173178000.0
CALIFORNIA,2010,Cheese,2197462000.0
IDAHO,2010,Cheese,849568000.0
ILLINOIS,2010,Cheese,78456000.0
IOWA,2010,Cheese,240628000.0
MINNESOTA,2010,Cheese,624358000.0
NEW MEXICO,2010,Cheese,725516000.0
NEW YORK,2010,Cheese,742513000.0
OHIO,2010,Cheese,207740000.0
PENNSYLVANIA,2010,Cheese,418576000.0
SOUTH DAKOTA,2010,Cheese,237441000.0
VERMONT,2010,Cheese,112643000.0
WISCONSIN,2010,Cheese,2616042000.0
ALABAMA,2010,Honey,486000.0
ARIZONA,2010,Honey,1848000.0
ARKANSAS,2010,Honey,1500000.0
CALIFORNIA,2010,Honey,27470000.0
COLORADO,2010,Honey,1904000.0
FLORIDA,2010,Honey,13800000.0
GEORGIA,2010,Honey,2530000.0
HAWAII,2010,Honey,770000.0
IDAHO,2010,Honey,2619000.0
ILLINOIS,2010,Honey,369000.0
INDIANA,2010,Honey,430000.0
IOWA,2010,Honey,1323000.0
KANSAS,2010,Honey,468000.0
KENTUCKY,2010,Honey,335000.0
LOUISIANA,2010,Honey,2880000.0
MAINE,2010,Honey,205000.0
MICHIGAN,2010,Honey,4118000.0
MINNESOTA,2010,Honey,8448000.0
MISSISSIPPI,2010,Honey,1568000.0
MISSOURI,2010,Honey,572000.0
MONTANA,2010,Honey,11618000.0
NEBRASKA,2010,Honey,2255000.0
NEW JERSEY,2010,Honey,455000.0
NEW MEXICO,2010,Honey,462000.0
NEW YORK,2010,Honey,2880000.0
NORTH CAROLINA,2010,Honey,598000.0
NORTH DAKOTA,2010,Honey,46410000.0
OHIO,2010,Honey,1116000.0
OREGON,2010,Honey,2301000.0
PENNSYLVANIA,2010,Honey,1110000.0
SOUTH DAKOTA,2010,Honey,15370000.0
TENNESSEE,2010,Honey,504000.0
TEXAS,2010,Honey,7200000.0
UTAH,2010,Honey,780000.0
VERMONT,2010,Honey,260000.0
VIRGINIA,2010,Honey,185000.0
WASHINGTON,2010,Honey,2627000.0
WEST VIRGINIA,2010,Honey,200000.0
WISCONSIN,2010,Honey,4096000.0
WYOMING,2010,Honey,1224000.0
ALABAMA,2010,Milk,156000000.0
ALASKA,2010,Milk,7100000.0
ARIZONA,2010,Milk,4151000000.0
ARKANSAS,2010,Milk,153000000.0
CALIFORNIA,2010,Milk,40385000000.0
COLORADO,2010,Milk,2816000000.0
CONNECTICUT,2010,Milk,364000000.0
DELAWARE,2010,Milk,90000000.0
FLORIDA,2010,Milk,2133000000.0
GEORGIA,2010,Milk,1395000000.0
HAWAII,2010,Milk,25300000.0
IDAHO,2010,Milk,12773000000.0
ILLINOIS,2010,Milk,1840000000.0
INDIANA,2010,Milk,3416000000.0
IOWA,2010,Milk,4342000000.0
KANSAS,2010,Milk,2497000000.0
KENTUCKY,2010,Milk,1152000000.0
LOUISIANA,2010,Milk,235000000.0
MAINE,2010,Milk,587000000.0
MARYLAND,2010,Milk,1001000000.0
MASSACHUSETTS,2010,Milk,242000000.0
MICHIGAN,2010,Milk,8333000000.0
MINNESOTA,2010,Milk,9102000000.0
MISSISSIPPI,2010,Milk,223000000.0
MISSOURI,2010,Milk,1445000000.0
MONTANA,2010,Milk,289000000.0
NEBRASKA,2010,Milk,1168000000.0
NEVADA,2010,Milk,664000000.0
NEW HAMPSHIRE,2010,Milk,294000000.0
NEW JERSEY,2010,Milk,140000000.0
NEW MEXICO,2010,Milk,7881000000.0
NEW YORK,2010,Milk,12713000000.0
NORTH CAROLINA,2010,Milk,866000000.0
NORTH DAKOTA,2010,Milk,384000000.0
OHIO,2010,Milk,5270000000.0
OKLAHOMA,2010,Milk,959000000.0
OREGON,2010,Milk,2399000000.0
PENNSYLVANIA,2010,Milk,10737000000.0
RHODE ISLAND,2010,Milk,19500000.0
SOUTH CAROLINA,2010,Milk,286000000.0
SOUTH DAKOTA,2010,Milk,1884000000.0
TENNESSEE,2010,Milk,850000000.0
TEXAS,2010,Milk,8828000000.0
UTAH,2010,Milk,1927000000.0
VERMONT,2010,Milk,2521000000.0
VIRGINIA,2010,Milk,1719000000.0
WASHINGTON,2010,Milk,5902000000.0
WEST VIRGINIA,2010,Milk,157000000.0
WISCONSIN,2010,Milk,26035000000.0
WYOMING,2010,Milk,120400000.0
CALIFORNIA,2011,Cheese,2245051000.0
IDAHO,2011,Cheese,842160000.0
ILLINOIS,2011,Cheese,65835000.0
IOWA,2011,Cheese,241293000.0
MINNESOTA,2011,Cheese,603114000.0
NEW MEXICO,2011,Cheese,743683000.0
NEW YORK,2011,Cheese,728939000.0
OHIO,2011,Cheese,201577000.0
PENNSYLVANIA,2011,Cheese,411894000.0
SOUTH DAKOTA,2011,Cheese,271945000.0
VERMONT,2011,Cheese,121996000.0
WISCONSIN,2011,Cheese,2635048000.0
ALABAMA,2011,Honey,450000.0
ARIZONA,2011,Honey,1219000.0
ARKANSAS,2011,Honey,1408000.0
CALIFORNIA,2011,Honey,17760000.0
COLORADO,2011,Honey,1705000.0
FLORIDA,2011,Honey,10980000.0
GEORGIA,2011,Honey,2795000.0
HAWAII,2011,Honey,666000.0
IDAHO,2011,Honey,3132000.0
ILLINOIS,2011,Honey,350000.0
INDIANA,2011,Honey,408000.0
IOWA,2011,Honey,1550000.0
KANSAS,2011,Honey,308000.0
KENTUCKY,2011,Honey,156000.0
LOUISIANA,2011,Honey,2772000.0
MAINE,2011,Honey,120000.0
MICHIGAN,2011,Honey,4736000.0
MINNESOTA,2011,Honey,6360000.0
MISSISSIPPI,2011,Honey,2070000.0
MISSOURI,2011,Honey,344000.0
MONTANA,2011,Honey,13340000.0
NEBRASKA,2011,Honey,2419000.0
NEW JERSEY,2011,Honey,451000.0
NEW MEXICO,2011,Honey,392000.0
NEW YORK,2011,Honey,2744000.0
NORTH CAROLINA,2011,Honey,868000.0
NORTH DAKOTA,2011,Honey,32660000.0
OHIO,2011,Honey,990000.0
OREGON,2011,Honey,2040000.0
PENNSYLVANIA,2011,Honey,1056000.0
SOUTH DAKOTA,2011,Honey,16500000.0
TENNESSEE,2011,Honey,308000.0
TEXAS,2011,Honey,4524000.0
UTAH,2011,Honey,897000.0
VERMONT,2011,Honey,172000.0
VIRGINIA,2011,Honey,160000.0
WASHINGTON,2011,Honey,2698000.0
WEST VIRGINIA,2011,Honey,212000.0
WISCONSIN,2011,Honey,3591000.0
WYOMING,2011,Honey,1890000.0
ALABAMA,2011,Milk,143000000.0
ALASKA,2011,Milk,6900000.0
ARIZONA,2011,Milk,4413000000.0
ARKANSAS,2011,Milk,143000000.0
CALIFORNIA,2011,Milk,41462000000.0
COLORADO,2011,Milk,2999000000.0
CONNECTICUT,2011,Milk,361000000.0
DELAWARE,2011,Milk,91500000.0
FLORIDA,2011,Milk,2269000000.0
GEORGIA,2011,Milk,1450000000.0
HAWAII,2011,Milk,27400000.0
IDAHO,2011,Milk,13251000000.0
ILLINOIS,2011,Milk,1814000000.0
INDIANA,2011,Milk,3553000000.0
IOWA,2011,Milk,4323000000.0
KANSAS,2011,Milk,2585000000.0
KENTUCKY,2011,Milk,1090000000.0
LOUISIANA,2011,Milk,232000000.0
MAINE,2011,Milk,598000000.0
MARYLAND,2011,Milk,970000000.0
MASSACHUSETTS,2011,Milk,220000000.0
MICHIGAN,2011,Milk,8478000000.0
MINNESOTA,2011,Milk,8890000000.0
MISSISSIPPI,2011,Milk,204000000.0
MISSOURI,2011,Milk,1388000000.0
MONTANA,2011,Milk,288000000.0
NEBRASKA,2011,Milk,1173000000.0
NEVADA,2011,Milk,666000000.0
NEW HAMPSHIRE,2011,Milk,286000000.0
NEW JERSEY,2011,Milk,135000000.0
NEW MEXICO,2011,Milk,8177000000.0
NEW YORK,2011,Milk,12838000000.0
NORTH CAROLINA,2011,Milk,904000000.0
NORTH DAKOTA,2011,Milk,345000000.0
OHIO,2011,Milk,5144000000.0
OKLAHOMA,2011,Milk,923000000.0
OREGON,2011,Milk,2479000000.0
PENNSYLVANIA,2011,Milk,10547000000.0
RHODE ISLAND,2011,Milk,19700000.0
SOUTH CAROLINA,2011,Milk,279000000.0
SOUTH DAKOTA,2011,Milk,1873000000.0
TENNESSEE,2011,Milk,810000000.0
TEXAS,2011,Milk,9582000000.0
UTAH,2011,Milk,2061000000.0
VERMONT,2011,Milk,2538000000.0
VIRGINIA,2011,Milk,1719000000.0
WASHINGTON,2011,Milk,6169000000.0
WEST VIRGINIA,2011,Milk,157000000.0
WISCONSIN,2011,Milk,26058000000.0
WYOMING,2011,Milk,123100000.0
CALIFORNIA,2012,Cheese,2246740000.0
IDAHO,2012,Cheese,864496000.0
ILLINOIS,2012,Cheese,69114000.0
IOWA,2012,Cheese,256641000.0
MINNESOTA,2012,Cheese,626594000.0
NEW MEXICO,2012,Cheese,747880000.0
NEW YORK,2012,Cheese,750482000.0
OHIO,2012,Cheese,198908000.0
PENNSYLVANIA,2012,Cheese,405376000.0
SOUTH DAKOTA,2012,Cheese,265298000.0
VERMONT,2012,Cheese,127771000.0
WISCONSIN,2012,Cheese,2789965000.0
ALABAMA,2012,Honey,432000.0
ALASKA,2012,Honey,32623.0
ARIZONA,2012,Honey,1012000.0
ARKANSAS,2012,Honey,1575000.0
CALIFORNIA,2012,Honey,11550000.0
COLORADO,2012,Honey,1200000.0
CONNECTICUT,2012,Honey,155991.0
DELAWARE,2012,Honey,7060.0
FLORIDA,2012,Honey,12352000.0
GEORGIA,2012,Honey,3009000.0
HAWAII,2012,Honey,750000.0
IDAHO,2012,Honey,2944000.0
ILLINOIS,2012,Honey,427000.0
INDIANA,2012,Honey,472000.0
IOWA,2012,Honey,2257000.0
KANSAS,2012,Honey,330000.0
KENTUCKY,2012,Honey,255000.0
LOUISIANA,2012,Honey,3526000.0
MAINE,2012,Honey,136000.0
MARYLAND,2012,Honey,114631.0
MASSACHUSETTS,2012,Honey,123434.0
MICHIGAN,2012,Honey,4161000.0
MINNESOTA,2012,Honey,8375000.0
MISSISSIPPI,2012,Honey,2124000.0
MISSOURI,2012,Honey,371000.0
MONTANA,2012,Honey,7540000.0
NEBRASKA,2012,Honey,2795000.0
NEVADA,2012,Honey,363787.0
NEW HAMPSHIRE,2012,Honey,94679.0
NEW JERSEY,2012,Honey,462000.0
NEW MEXICO,2012,Honey,260000.0
NEW YORK,2012,Honey,2601000.0
NORTH CAROLINA,2012,Honey,507000.0
NORTH DAKOTA,2012,Honey,33120000.0
OHIO,2012,Honey,1080000.0
OKLAHOMA,2012,Honey,86894.0
OREGON,2012,Honey,1920000.0
PENNSYLVANIA,2012,Honey,960000.0
RHODE ISLAND,2012,Honey,21379.0
SOUTH CAROLINA,2012,Honey,461123.0
SOUTH DAKOTA,2012,Honey,16380000.0
TENNESSEE,2012,Honey,366000.0
TEXAS,2012,Honey,4784000.0
UTAH,2012,Honey,950000.0
VERMONT,2012,Honey,240000.0
VIRGINIA,2012,Honey,164000.0
WASHINGTON,2012,Honey,2542000.0
WEST VIRGINIA,2012,Honey,288000.0
WISCONSIN,2012,Honey,4140000.0
WYOMING,2012,Honey,2550000.0
ALABAMA,2012,Milk,130000000.0
ALASKA,2012,Milk,5700000.0
ARIZONA,2012,Milk,4508000000.0
ARKANSAS,2012,Milk,133000000.0
CALIFORNIA,2012,Milk,41801000000.0
COLORADO,2012,Milk,3213000000.0
CONNECTICUT,2012,Milk,358000000.0
DELAWARE,2012,Milk,93800000.0
FLORIDA,2012,Milk,2340000000.0
GEORGIA,2012,Milk,1531000000.0
HAWAII,2012,Milk,28400000.0
IDAHO,2012,Milk,13558000000.0
ILLINOIS,2012,Milk,1868000000.0
INDIANA,2012,Milk,3752000000.0
IOWA,2012,Milk,4513000000.0
KANSAS,2012,Milk,2732000000.0
KENTUCKY,2012,Milk,1120000000.0
LOUISIANA,2012,Milk,222000000.0
MAINE,2012,Milk,613000000.0
MARYLAND,2012,Milk,979000000.0
MASSACHUSETTS,2012,Milk,219000000.0
MICHIGAN,2012,Milk,8991000000.0
MINNESOTA,2012,Milk,9073000000.0
MISSISSIPPI,2012,Milk,199000000.0
MISSOURI,2012,Milk,1408000000.0
MONTANA,2012,Milk,299000000.0
NEBRASKA,2012,Milk,1186000000.0
NEVADA,2012,Milk,665000000.0
NEW HAMPSHIRE,2012,Milk,275000000.0
NEW JERSEY,2012,Milk,130000000.0
NEW MEXICO,2012,Milk,8149000000.0
NEW YORK,2012,Milk,13190000000.0
NORTH CAROLINA,2012,Milk,940000000.0
NORTH DAKOTA,2012,Milk,347000000.0
OHIO,2012,Milk,5355000000.0
OKLAHOMA,2012,Milk,859000000.0
OREGON,2012,Milk,2513000000.0
PENNSYLVANIA,2012,Milk,10478000000.0
RHODE ISLAND,2012,Milk,18300000.0
SOUTH CAROLINA,2012,Milk,276000000.0
SOUTH DAKOTA,2012,Milk,1968000000.0
TENNESSEE,2012,Milk,805000000.0
TEXAS,2012,Milk,9596000000.0
UTAH,2012,Milk,2172000000.0
VERMONT,2012,Milk,2569000000.0
VIRGINIA,2012,Milk,1727000000.0
WASHINGTON,2012,Milk,6234000000.0
WEST VIRGINIA,2012,Milk,154000000.0
WISCONSIN,2012,Milk,27224000000.0
WYOMING,2012,Milk,123900000.0
CALIFORNIA,2013,Cheese,2312895000.0
IDAHO,2013,Cheese,871640000.0
ILLINOIS,2013,Cheese,65134000.0
IOWA,2013,Cheese,267249000.0
MINNESOTA,2013,Cheese,661293000.0
NEW MEXICO,2013,Cheese,751280000.0
NEW YORK,2013,Cheese,777355000.0
OHIO,2013,Cheese,196415000.0
PENNSYLVANIA,2013,Cheese,426985000.0
SOUTH DAKOTA,2013,Cheese,264899000.0
VERMONT,2013,Cheese,127346000.0
WISCONSIN,2013,Cheese,2855881000.0
ALABAMA,2013,Honey,364000.0
ARIZONA,2013,Honey,1044000.0
ARKANSAS,2013,Honey,1320000.0
CALIFORNIA,2013,Honey,10890000.0
COLORADO,2013,Honey,1118000.0
FLORIDA,2013,Honey,13420000.0
GEORGIA,2013,Honey,3350000.0
HAWAII,2013,Honey,1079000.0
IDAHO,2013,Honey,2656000.0
ILLINOIS,2013,Honey,336000.0
INDIANA,2013,Honey,282000.0
IOWA,2013,Honey,1872000.0
KANSAS,2013,Honey,276000.0
KENTUCKY,2013,Honey,123000.0
LOUISIANA,2013,Honey,4900000.0
MAINE,2013,Honey,301000.0
MICHIGAN,2013,Honey,4675000.0
MINNESOTA,2013,Honey,7540000.0
MISSISSIPPI,2013,Honey,1972000.0
MISSOURI,2013,Honey,470000.0
MONTANA,2013,Honey,14946000.0
NEBRASKA,2013,Honey,2760000.0
NEW JERSEY,2013,Honey,484000.0
NEW YORK,2013,Honey,2640000.0
NORTH CAROLINA,2013,Honey,380000.0
NORTH DAKOTA,2013,Honey,33120000.0
OHIO,2013,Honey,765000.0
OREGON,2013,Honey,2170000.0
PENNSYLVANIA,2013,Honey,585000.0
SOUTH DAKOTA,2013,Honey,14840000.0
TENNESSEE,2013,Honey,315000.0
TEXAS,2013,Honey,6254000.0
UTAH,2013,Honey,1020000.0
VERMONT,2013,Honey,204000.0
VIRGINIA,2013,Honey,175000.0
WASHINGTON,2013,Honey,2691000.0
WEST VIRGINIA,2013,Honey,276000.0
WISCONSIN,2013,Honey,3540000.0
WYOMING,2013,Honey,3102000.0
ALABAMA,2013,Milk,117000000.0
ALASKA,2013,Milk,3200000.0
ARIZONA,2013,Milk,4489000000.0
ARKANSAS,2013,Milk,107000000.0
CALIFORNIA,2013,Milk,41256000000.0
COLORADO,2013,Milk,3328000000.0
CONNECTICUT,2013,Milk,370000000.0
DELAWARE,2013,Milk,93800000.0
FLORIDA,2013,Milk,2383000000.0
GEORGIA,2013,Milk,1568000000.0
HAWAII,2013,Milk,29500000.0
IDAHO,2013,Milk,13431000000.0
ILLINOIS,2013,Milk,1830000000.0
INDIANA,2013,Milk,3830000000.0
IOWA,2013,Milk,4607000000.0
KANSAS,2013,Milk,2933000000.0
KENTUCKY,2013,Milk,1070000000.0
LOUISIANA,2013,Milk,206000000.0
MAINE,2013,Milk,607000000.0
MARYLAND,2013,Milk,976000000.0
MASSACHUSETTS,2013,Milk,232000000.0
MICHIGAN,2013,Milk,9164000000.0
MINNESOTA,2013,Milk,9138000000.0
MISSISSIPPI,2013,Milk,186000000.0
MISSOURI,2013,Milk,1359000000.0
MONTANA,2013,Milk,298000000.0
NEBRASKA,2013,Milk,1165000000.0
NEVADA,2013,Milk,639000000.0
NEW HAMPSHIRE,2013,Milk,272000000.0
NEW JERSEY,2013,Milk,127000000.0
NEW MEXICO,2013,Milk,8057000000.0
NEW YORK,2013,Milk,13472000000.0
NORTH CAROLINA,2013,Milk,935000000.0
NORTH DAKOTA,2013,Milk,341000000.0
OHIO,2013,Milk,5448000000.0
OKLAHOMA,2013,Milk,779000000.0
OREGON,2013,Milk,2514000000.0
PENNSYLVANIA,2013,Milk,10552000000.0
RHODE ISLAND,2013,Milk,17100000.0
SOUTH CAROLINA,2013,Milk,264000000.0
SOUTH DAKOTA,2013,Milk,2023000000.0
TENNESSEE,2013,Milk,765000000.0
TEXAS,2013,Milk,9610000000.0
UTAH,2013,Milk,2131000000.0
VERMONT,2013,Milk,2606000000.0
VIRGINIA,2013,Milk,1742000000.0
WASHINGTON,2013,Milk,6336000000.0
WEST VIRGINIA,2013,Milk,152000000.0
WISCONSIN,2013,Milk,27572000000.0
WYOMING,2013,Milk,128200000.0
CALIFORNIA,2014,Cheese,2444260000.0
IDAHO,2014,Cheese,895189000.0
ILLINOIS,2014,Cheese,75157000.0
IOWA,2014,Cheese,263627000.0
MINNESOTA,2014,Cheese,666537000.0
NEW JERSEY,2014,Cheese,54239000.0
NEW MEXICO,2014,Cheese,757990000.0
NEW YORK,2014,Cheese,784663000.0
OHIO,2014,Cheese,202350000.0
PENNSYLVANIA,2014,Cheese,415246000.0
SOUTH DAKOTA,2014,Cheese,263618000.0
VERMONT,2014,Cheese,123534000.0
WISCONSIN,2014,Cheese,2912144000.0
HAWAII,2014,Coffee,36816000.0
ALABAMA,2014,Honey,371000.0
ARIZONA,2014,Honey,1014000.0
ARKANSAS,2014,Honey,1365000.0
CALIFORNIA,2014,Honey,12480000.0
COLORADO,2014,Honey,999000.0
FLORIDA,2014,Honey,14700000.0
GEORGIA,2014,Honey,4526000.0
HAWAII,2014,Honey,1395000.0
IDAHO,2014,Honey,3400000.0
ILLINOIS,2014,Honey,392000.0
INDIANA,2014,Honey,310000.0
IOWA,2014,Honey,1505000.0
KANSAS,2014,Honey,525000.0
KENTUCKY,2014,Honey,235000.0
LOUISIANA,2014,Honey,4032000.0
MAINE,2014,Honey,376000.0
MICHIGAN,2014,Honey,5733000.0
MINNESOTA,2014,Honey,7920000.0
MISSISSIPPI,2014,Honey,2240000.0
MISSOURI,2014,Honey,564000.0
MONTANA,2014,Honey,14256000.0
NEBRASKA,2014,Honey,3750000.0
NEW JERSEY,2014,Honey,360000.0
NEW YORK,2014,Honey,3300000.0
NORTH CAROLINA,2014,Honey,516000.0
NORTH DAKOTA,2014,Honey,42140000.0
OHIO,2014,Honey,915000.0
OREGON,2014,Honey,2840000.0
PENNSYLVANIA,2014,Honey,782000.0
SOUTH CAROLINA,2014,Honey,486000.0
SOUTH DAKOTA,2014,Honey,24360000.0
TENNESSEE,2014,Honey,441000.0
TEXAS,2014,Honey,9048000.0
UTAH,2014,Honey,812000.0
VERMONT,2014,Honey,232000.0
VIRGINIA,2014,Honey,228000.0
WASHINGTON,2014,Honey,2992000.0
WEST VIRGINIA,2014,Honey,186000.0
WISCONSIN,2014,Honey,2862000.0
WYOMING,2014,Honey,2318000.0
ALABAMA,2014,Milk,109000000.0
ALASKA,2014,Milk,3500000.0
ARIZONA,2014,Milk,4704000000.0
ARKANSAS,2014,Milk,97000000.0
CALIFORNIA,2014,Milk,42339000000.0
COLORADO,2014,Milk,3593000000.0
CONNECTICUT,2014,Milk,383000000.0
DELAWARE,2014,Milk,96500000.0
FLORIDA,2014,Milk,2508000000.0
GEORGIA,2014,Milk,1691000000.0
HAWAII,2014,Milk,29900000.0
IDAHO,2014,Milk,13873000000.0
ILLINOIS,2014,Milk,1850000000.0
INDIANA,2014,Milk,3857000000.0
IOWA,2014,Milk,4647000000.0
KANSAS,2014,Milk,3114000000.0
KENTUCKY,2014,Milk,1002000000.0
LOUISIANA,2014,Milk,204000000.0
MAINE,2014,Milk,599000000.0
MARYLAND,2014,Milk,991000000.0
MASSACHUSETTS,2014,Milk,233000000.0
MICHIGAN,2014,Milk,9609000000.0
MINNESOTA,2014,Milk,9127000000.0
MISSISSIPPI,2014,Milk,188000000.0
MISSOURI,2014,Milk,1393000000.0
MONTANA,2014,Milk,301000000.0
NEBRASKA,2014,Milk,1195000000.0
NEVADA,2014,Milk,691000000.0
NEW HAMPSHIRE,2014,Milk,282000000.0
NEW JERSEY,2014,Milk,127000000.0
NEW MEXICO,2014,Milk,8105000000.0
NEW YORK,2014,Milk,13739000000.0
NORTH CAROLINA,2014,Milk,961000000.0
NORTH DAKOTA,2014,Milk,324000000.0
OHIO,2014,Milk,5425000000.0
OKLAHOMA,2014,Milk,726000000.0
OREGON,2014,Milk,2550000000.0
PENNSYLVANIA,2014,Milk,10664000000.0
RHODE ISLAND,2014,Milk,17100000.0
SOUTH CAROLINA,2014,Milk,264000000.0
SOUTH DAKOTA,2014,Milk,2110000000.0
TENNESSEE,2014,Milk,745000000.0
TEXAS,2014,Milk,10310000000.0
UTAH,2014,Milk,2184000000.0
VERMONT,2014,Milk,2666000000.0
VIRGINIA,2014,Milk,1781000000.0
WASHINGTON,2014,Milk,6576000000.0
WEST VIRGINIA,2014,Milk,140000000.0
WISCONSIN,2014,Milk,27795000000.0
WYOMING,2014,Milk,129500000.0
NEW YORK,2014,Yogurt,663917000.0
OREGON,2014,Yogurt,59208000.0
CALIFORNIA,2015,Cheese,2435632000.0
IDAHO,2015,Cheese,941683000.0
ILLINOIS,2015,Cheese,77773000.0
IOWA,2015,Cheese,244487000.0
MINNESOTA,2015,Cheese,679467000.0
NEW JERSEY,2015,Cheese,58778000.0
NEW MEXICO,2015,Cheese,769534000.0
NEW YORK,2015,Cheese,801262000.0
OHIO,2015,Cheese,211382000.0
PENNSYLVANIA,2015,Cheese,408409000.0
SOUTH DAKOTA,2015,Cheese,278343000.0
VERMONT,2015,Cheese,130842000.0
WISCONSIN,2015,Cheese,3069641000.0
HAWAII,2015,Coffee,31740000.0
ALABAMA,2015,Honey,329000.0
ARIZONA,2015,Honey,1274000.0
ARKANSAS,2015,Honey,1728000.0
CALIFORNIA,2015,Honey,8250000.0
COLORADO,2015,Honey,1479000.0
FLORIDA,2015,Honey,11880000.0
GEORGIA,2015,Honey,2760000.0
HAWAII,2015,Honey,1632000.0
IDAHO,2015,Honey,2848000.0
ILLINOIS,2015,Honey,408000.0
INDIANA,2015,Honey,318000.0
IOWA,2015,Honey,1800000.0
KANSAS,2015,Honey,288000.0
KENTUCKY,2015,Honey,230000.0
LOUISIANA,2015,Honey,4356000.0
MAINE,2015,Honey,470000.0
MICHIGAN,2015,Honey,5220000.0
MINNESOTA,2015,Honey,8296000.0
MISSISSIPPI,2015,Honey,1245000.0
MISSOURI,2015,Honey,520000.0
MONTANA,2015,Honey,12118000.0
NEBRASKA,2015,Honey,2736000.0
NEW JERSEY,2015,Honey,324000.0
NEW YORK,2015,Honey,3596000.0
NORTH CAROLINA,2015,Honey,540000.0
NORTH DAKOTA,2015,Honey,36260000.0
OHIO,2015,Honey,850000.0
OREGON,2015,Honey,2698000.0
PENNSYLVANIA,2015,Honey,901000.0
SOUTH CAROLINA,2015,Honey,938000.0
SOUTH DAKOTA,2015,Honey,19140000.0
TENNESSEE,2015,Honey,413000.0
TEXAS,2015,Honey,8316000.0
UTAH,2015,Honey,1134000.0
VERMONT,2015,Honey,260000.0
VIRGINIA,2015,Honey,185000.0
WASHINGTON,2015,Honey,3212000.0
WEST VIRGINIA,2015,Honey,175000.0
WISCONSIN,2015,Honey,3484000.0
WYOMING,2015,Honey,2926000.0
ALABAMA,2015,Milk,101000000.0
ALASKA,2015,Milk,3500000.0
ARIZONA,2015,Milk,4735000000.0
ARKANSAS,2015,Milk,91000000.0
CALIFORNIA,2015,Milk,40897000000.0
COLORADO,2015,Milk,3757000000.0
CONNECTICUT,2015,Milk,396000000.0
DELAWARE,2015,Milk,98900000.0
FLORIDA,2015,Milk,2583000000.0
GEORGIA,2015,Milk,1791000000.0
HAWAII,2015,Milk,35000000.0
IDAHO,2015,Milk,14114000000.0
ILLINOIS,2015,Milk,1894000000.0
INDIANA,2015,Milk,3965000000.0
IOWA,2015,Milk,4838000000.0
KANSAS,2015,Milk,3176000000.0
KENTUCKY,2015,Milk,1077000000.0
LOUISIANA,2015,Milk,189000000.0
MAINE,2015,Milk,594000000.0
MARYLAND,2015,Milk,987000000.0
MASSACHUSETTS,2015,Milk,217000000.0
MICHIGAN,2015,Milk,10261000000.0
MINNESOTA,2015,Milk,9462000000.0
MISSISSIPPI,2015,Milk,165000000.0
MISSOURI,2015,Milk,1328000000.0
MONTANA,2015,Milk,299000000.0
NEBRASKA,2015,Milk,1307000000.0
NEVADA,2015,Milk,669000000.0
NEW HAMPSHIRE,2015,Milk,282000000.0
NEW JERSEY,2015,Milk,128000000.0
NEW MEXICO,2015,Milk,7831000000.0
NEW YORK,2015,Milk,14083000000.0
NORTH CAROLINA,2015,Milk,985000000.0
NORTH DAKOTA,2015,Milk,332000000.0
OHIO,2015,Milk,5504000000.0
OKLAHOMA,2015,Milk,730000000.0
OREGON,2015,Milk,2551000000.0
PENNSYLVANIA,2015,Milk,10800000000.0
RHODE ISLAND,2015,Milk,15900000.0
SOUTH CAROLINA,2015,Milk,262000000.0
SOUTH DAKOTA,2015,Milk,2360000000.0
TENNESSEE,2015,Milk,742000000.0
TEXAS,2015,Milk,10301000000.0
UTAH,2015,Milk,2220000000.0
VERMONT,2015,Milk,2666000000.0
VIRGINIA,2015,Milk,1772000000.0
WASHINGTON,2015,Milk,6606000000.0
WEST VIRGINIA,2015,Milk,141000000.0
WISCONSIN,2015,Milk,29030000000.0
WYOMING,2015,Milk,135400000.0
CALIFORNIA,2015,Yogurt,465665000.0
NEW YORK,2015,Yogurt,669254000.0
OREGON,2015,Yogurt,55346000.0
TEXAS,2015,Yogurt,94126000.0
CALIFORNIA,2016,Cheese,2514861000.0
IDAHO,2016,Cheese,954987000.0
ILLINOIS,2016,Cheese,81511000.0
IOWA,2016,Cheese,254212000.0
MINNESOTA,2016,Cheese,657379000.0
NEW JERSEY,2016,Cheese,58082000.0
NEW MEXICO,2016,Cheese,776114000.0
NEW YORK,2016,Cheese,826412000.0
OHIO,2016,Cheese,215222000.0
OREGON,2016,Cheese,201478000.0
PENNSYLVANIA,2016,Cheese,403618000.0
SOUTH DAKOTA,2016,Cheese,275634000.0
VERMONT,2016,Cheese,131936000.0
WISCONSIN,2016,Cheese,3248440000.0
HAWAII,2016,Coffee,29260000.0
ALABAMA,2016,Honey,364000.0
ARIZONA,2016,Honey,1242000.0
ARKANSAS,2016,Honey,1656000.0
CALIFORNIA,2016,Honey,11160000.0
COLORADO,2016,Honey,1280000.0
FLORIDA,2016,Honey,10750000.0
GEORGIA,2016,Honey,3744000.0
HAWAII,2016,Honey,2034000.0
IDAHO,2016,Honey,3298000.0
ILLINOIS,2016,Honey,480000.0
INDIANA,2016,Honey,496000.0
IOWA,2016,Honey,1776000.0
KANSAS,2016,Honey,336000.0
KENTUCKY,2016,Honey,230000.0
LOUISIANA,2016,Honey,4300000.0
MAINE,2016,Honey,408000.0
MICHIGAN,2016,Honey,5340000.0
MINNESOTA,2016,Honey,7316000.0
MISSISSIPPI,2016,Honey,1615000.0
MISSOURI,2016,Honey,496000.0
MONTANA,2016,Honey,12243000.0
NEBRASKA,2016,Honey,2208000.0
NEW JERSEY,2016,Honey,324000.0
NEW YORK,2016,Honey,3648000.0
NORTH CAROLINA,2016,Honey,444000.0
NORTH DAKOTA,2016,Honey,37830000.0
OHIO,2016,Honey,1185000.0
OREGON,2016,Honey,2590000.0
PENNSYLVANIA,2016,Honey,950000.0
SOUTH CAROLINA,2016,Honey,720000.0
SOUTH DAKOTA,2016,Honey,19880000.0
TENNESSEE,2016,Honey,330000.0
TEXAS,2016,Honey,9310000.0
UTAH,2016,Honey,992000.0
VERMONT,2016,Honey,312000.0
VIRGINIA,2016,Honey,190000.0
WASHINGTON,2016,Honey,2940000.0
WEST VIRGINIA,2016,Honey,160000.0
WISCONSIN,2016,Honey,3348000.0
WYOMING,2016,Honey,2720000.0
ALABAMA,2016,Milk,94000000.0
ALASKA,2016,Milk,3500000.0
ARIZONA,2016,Milk,4837000000.0
ARKANSAS,2016,Milk,82000000.0
CALIFORNIA,2016,Milk,40469000000.0
COLORADO,2016,Milk,3925000000.0
CONNECTICUT,2016,Milk,409000000.0
DELAWARE,2016,Milk,95500000.0
FLORIDA,2016,Milk,2496000000.0
GEORGIA,2016,Milk,1830000000.0
HAWAII,2016,Milk,34900000.0
IDAHO,2016,Milk,14665000000.0
ILLINOIS,2016,Milk,1912000000.0
INDIANA,2016,Milk,4145000000.0
IOWA,2016,Milk,5034000000.0
KANSAS,2016,Milk,3329000000.0
KENTUCKY,2016,Milk,1047000000.0
LOUISIANA,2016,Milk,170000000.0
MAINE,2016,Milk,630000000.0
MARYLAND,2016,Milk,961000000.0
MASSACHUSETTS,2016,Milk,221000000.0
MICHIGAN,2016,Milk,10876000000.0
MINNESOTA,2016,Milk,9666000000.0
MISSISSIPPI,2016,Milk,143000000.0
MISSOURI,2016,Milk,1262000000.0
MONTANA,2016,Milk,295000000.0
NEBRASKA,2016,Milk,1399000000.0
NEVADA,2016,Milk,660000000.0
NEW HAMPSHIRE,2016,Milk,287000000.0
NEW JERSEY,2016,Milk,122000000.0
NEW MEXICO,2016,Milk,7711000000.0
NEW YORK,2016,Milk,14777000000.0
NORTH CAROLINA,2016,Milk,965000000.0
NORTH DAKOTA,2016,Milk,344000000.0
OHIO,2016,Milk,5602000000.0
OKLAHOMA,2016,Milk,692000000.0
OREGON,2016,Milk,2593000000.0
PENNSYLVANIA,2016,Milk,10812000000.0
RHODE ISLAND,2016,Milk,14100000.0
SOUTH CAROLINA,2016,Milk,250000000.0
SOUTH DAKOTA,2016,Milk,2546000000.0
TENNESSEE,2016,Milk,696000000.0
TEXAS,2016,Milk,10773000000.0
UTAH,2016,Milk,2092000000.0
VERMONT,2016,Milk,2727000000.0
VIRGINIA,2016,Milk,1723000000.0
WASHINGTON,2016,Milk,6650000000.0
WEST VIRGINIA,2016,Milk,134000000.0
WISCONSIN,2016,Milk,30110000000.0
WYOMING,2016,Milk,139800000.0
CALIFORNIA,2016,Yogurt,394899000.0
NEW YORK,2016,Yogurt,676792000.0
OREGON,2016,Yogurt,52438000.0
TEXAS,2016,Yogurt,50792000.0
CALIFORNIA,2017,Cheese,2513336000.0
IDAHO,2017,Cheese,958687000.0
ILLINOIS,2017,Cheese,82389000.0
IOWA,2017,Cheese,256737000.0
MINNESOTA,2017,Cheese,712988000.0
NEW JERSEY,2017,Cheese,57727000.0
NEW MEXICO,2017,Cheese,766804000.0
NEW YORK,2017,Cheese,829410000.0
OHIO,2017,Cheese,222044000.0
OREGON,2017,Cheese,206679000.0
PENNSYLVANIA,2017,Cheese,411552000.0
SOUTH DAKOTA,2017,Cheese,282304000.0
VERMONT,2017,Cheese,142941000.0
WISCONSIN,2017,Cheese,3376769000.0
HAWAII,2017,Coffee,25416000.0
ALABAMA,2017,Honey,315000.0
ALASKA,2017,Honey,31070.0
ARIZONA,2017,Honey,880000.0
ARKANSAS,2017,Honey,1972000.0
CALIFORNIA,2017,Honey,13735000.0
COLORADO,2017,Honey,1419000.0
CONNECTICUT,2017,Honey,199631.0
DELAWARE,2017,Honey,4359.0
FLORIDA,2017,Honey,8815000.0
GEORGIA,2017,Honey,3168000.0
HAWAII,2017,Honey,2489000.0
IDAHO,2017,Honey,4180000.0
ILLINOIS,2017,Honey,506000.0
INDIANA,2017,Honey,416000.0
IOWA,2017,Honey,2030000.0
KANSAS,2017,Honey,553000.0
KENTUCKY,2017,Honey,190000.0
LOUISIANA,2017,Honey,3483000.0
MAINE,2017,Honey,396000.0
MARYLAND,2017,Honey,167130.0
MASSACHUSETTS,2017,Honey,258263.0
MICHIGAN,2017,Honey,3915000.0
MINNESOTA,2017,Honey,7812000.0
MISSISSIPPI,2017,Honey,1548000.0
MISSOURI,2017,Honey,520000.0
MONTANA,2017,Honey,10440000.0
NEBRASKA,2017,Honey,2646000.0
NEVADA,2017,Honey,123516.0
NEW HAMPSHIRE,2017,Honey,81538.0
NEW JERSEY,2017,Honey,364000.0
NEW MEXICO,2017,Honey,311818.0
NEW YORK,2017,Honey,3192000.0
NORTH CAROLINA,2017,Honey,451000.0
NORTH DAKOTA,2017,Honey,33670000.0
OHIO,2017,Honey,1095000.0
OKLAHOMA,2017,Honey,149116.0
OREGON,2017,Honey,3120000.0
PENNSYLVANIA,2017,Honey,736000.0
RHODE ISLAND,2017,Honey,54173.0
SOUTH CAROLINA,2017,Honey,544000.0
SOUTH DAKOTA,2017,Honey,14535000.0
TENNESSEE,2017,Honey,287000.0
TEXAS,2017,Honey,7920000.0
UTAH,2017,Honey,837000.0
VERMONT,2017,Honey,378000.0
VIRGINIA,2017,Honey,210000.0
WASHINGTON,2017,Honey,3465000.0
WEST VIRGINIA,2017,Honey,240000.0
WISCONSIN,2017,Honey,2968000.0
WYOMING,2017,Honey,2067000.0
ALABAMA,2017,Milk,90000000.0
ALASKA,2017,Milk,2900000.0
ARIZONA,2017,Milk,5033000000.0
ARKANSAS,2017,Milk,80000000.0
CALIFORNIA,2017,Milk,39798000000.0
COLORADO,2017,Milk,4189000000.0
CONNECTICUT,2017,Milk,420000000.0
DELAWARE,2017,Milk,92800000.0
FLORIDA,2017,Milk,2496000000.0
GEORGIA,2017,Milk,1840000000.0
HAWAII,2017,Milk,38900000.0
IDAHO,2017,Milk,14633000000.0
ILLINOIS,2017,Milk,1929000000.0
INDIANA,2017,Milk,4255000000.0
IOWA,2017,Milk,5179000000.0
KANSAS,2017,Milk,3499000000.0
KENTUCKY,2017,Milk,1042000000.0
LOUISIANA,2017,Milk,161000000.0
MAINE,2017,Milk,630000000.0
MARYLAND,2017,Milk,956000000.0
MASSACHUSETTS,2017,Milk,211000000.0
MICHIGAN,2017,Milk,11231000000.0
MINNESOTA,2017,Milk,9867000000.0
MISSISSIPPI,2017,Milk,137000000.0
MISSOURI,2017,Milk,1241000000.0
MONTANA,2017,Milk,288000000.0
NEBRASKA,2017,Milk,1444000000.0
NEVADA,2017,Milk,709000000.0
NEW HAMPSHIRE,2017,Milk,273000000.0
NEW JERSEY,2017,Milk,119000000.0
NEW MEXICO,2017,Milk,8212000000.0
NEW YORK,2017,Milk,14929000000.0
NORTH CAROLINA,2017,Milk,952000000.0
NORTH DAKOTA,2017,Milk,345000000.0
OHIO,2017,Milk,5619000000.0
OKLAHOMA,2017,Milk,728000000.0
OREGON,2017,Milk,2529000000.0
PENNSYLVANIA,2017,Milk,10893000000.0
RHODE ISLAND,2017,Milk,13000000.0
SOUTH CAROLINA,2017,Milk,248000000.0
SOUTH DAKOTA,2017,Milk,2618000000.0
TENNESSEE,2017,Milk,693000000.0
TEXAS,2017,Milk,12054000000.0
UTAH,2017,Milk,2215000000.0
VERMONT,2017,Milk,2729000000.0
VIRGINIA,2017,Milk,1736000000.0
WASHINGTON,2017,Milk,6531000000.0
WEST VIRGINIA,2017,Milk,127000000.0
WISCONSIN,2017,Milk,30333000000.0
WYOMING,2017,Milk,138200000.0
CALIFORNIA,2017,Yogurt,442423000.0
NEW YORK,2017,Yogurt,706923000.0
OREGON,2017,Yogurt,49157000.0
TEXAS,2017,Yogurt,34323000.0
CALIFORNIA,2018,Cheese,2543368000.0
IDAHO,2018,Cheese,991239000.0
ILLINOIS,2018,Cheese,82288000.0
IOWA,2018,Cheese,296396000.0
MINNESOTA,2018,Cheese,740601000.0
NEW JERSEY,2018,Cheese,71675000.0
NEW MEXICO,2018,Cheese,895781000.0
NEW YORK,2018,Cheese,802275000.0
OHIO,2018,Cheese,239267000.0
OREGON,2018,Cheese,209829000.0
PENNSYLVANIA,2018,Cheese,433748000.0
SOUTH DAKOTA,2018,Cheese,293455000.0
VERMONT,2018,Cheese,146942000.0
WISCONSIN,2018,Cheese,3422961000.0
HAWAII,2018,Coffee,27300000.0
ALABAMA,2018,Honey,270000.0
ARIZONA,2018,Honey,912000.0
ARKANSAS,2018,Honey,1400000.0
CALIFORNIA,2018,Honey,13735000.0
COLORADO,2018,Honey,1488000.0
FLORIDA,2018,Honey,10535000.0
GEORGIA,2018,Honey,3332000.0
HAWAII,2018,Honey,1751000.0
IDAHO,2018,Honey,2976000.0
ILLINOIS,2018,Honey,451000.0
INDIANA,2018,Honey,322000.0
IOWA,2018,Honey,1862000.0
KANSAS,2018,Honey,365000.0
KENTUCKY,2018,Honey,164000.0
LOUISIANA,2018,Honey,3735000.0
MAINE,2018,Honey,384000.0
MICHIGAN,2018,Honey,4268000.0
MINNESOTA,2018,Honey,7259000.0
MISSISSIPPI,2018,Honey,1740000.0
MISSOURI,2018,Honey,405000.0
MONTANA,2018,Honey,14720000.0
NEBRASKA,2018,Honey,2360000.0
NEW JERSEY,2018,Honey,403000.0
NEW YORK,2018,Honey,2688000.0
NORTH CAROLINA,2018,Honey,330000.0
NORTH DAKOTA,2018,Honey,39600000.0
OHIO,2018,Honey,1022000.0
OREGON,2018,Honey,3255000.0
PENNSYLVANIA,2018,Honey,836000.0
SOUTH CAROLINA,2018,Honey,768000.0
SOUTH DAKOTA,2018,Honey,11985000.0
TENNESSEE,2018,Honey,322000.0
TEXAS,2018,Honey,7392000.0
UTAH,2018,Honey,1066000.0
VERMONT,2018,Honey,336000.0
VIRGINIA,2018,Honey,160000.0
WASHINGTON,2018,Honey,3311000.0
WEST VIRGINIA,2018,Honey,222000.0
WISCONSIN,2018,Honey,2295000.0
WYOMING,2018,Honey,2184000.0
ALABAMA,2018,Milk,73000000.0
ALASKA,2018,Milk,2800000.0
ARIZONA,2018,Milk,4973000000.0
ARKANSAS,2018,Milk,75000000.0
CALIFORNIA,2018,Milk,40420000000.0
COLORADO,2018,Milk,4557000000.0
CONNECTICUT,2018,Milk,427000000.0
DELAWARE,2018,Milk,91500000.0
FLORIDA,2018,Milk,2380000000.0
GEORGIA,2018,Milk,1766000000.0
HAWAII,2018,Milk,33900000.0
IDAHO,2018,Milk,15149000000.0
ILLINOIS,2018,Milk,1887000000.0
INDIANA,2018,Milk,4164000000.0
IOWA,2018,Milk,5270000000.0
KANSAS,2018,Milk,3708000000.0
KENTUCKY,2018,Milk,1009000000.0
LOUISIANA,2018,Milk,152000000.0
MAINE,2018,Milk,618000000.0
MARYLAND,2018,Milk,925000000.0
MASSACHUSETTS,2018,Milk,202000000.0
MICHIGAN,2018,Milk,11166000000.0
MINNESOTA,2018,Milk,9868000000.0
MISSISSIPPI,2018,Milk,129000000.0
MISSOURI,2018,Milk,1191000000.0
MONTANA,2018,Milk,274000000.0
NEBRASKA,2018,Milk,1440000000.0
NEVADA,2018,Milk,734000000.0
NEW HAMPSHIRE,2018,Milk,249000000.0
NEW JERSEY,2018,Milk,110000000.0
NEW MEXICO,2018,Milk,8285000000.0
NEW YORK,2018,Milk,14882000000.0
NORTH CAROLINA,2018,Milk,938000000.0
NORTH DAKOTA,2018,Milk,335000000.0
OHIO,2018,Milk,5532000000.0
OKLAHOMA,2018,Milk,718000000.0
OREGON,2018,Milk,2531000000.0
PENNSYLVANIA,2018,Milk,10657000000.0
RHODE ISLAND,2018,Milk,11500000.0
SOUTH CAROLINA,2018,Milk,242000000.0
SOUTH DAKOTA,2018,Milk,2706000000.0
TENNESSEE,2018,Milk,634000000.0
TEXAS,2018,Milk,12860000000.0
UTAH,2018,Milk,2322000000.0
VERMONT,2018,Milk,2683000000.0
VIRGINIA,2018,Milk,1635000000.0
WASHINGTON,2018,Milk,6736000000.0
WEST VIRGINIA,2018,Milk,111000000.0
WISCONSIN,2018,Milk,30579000000.0
WYOMING,2018,Milk,142200000.0
CALIFORNIA,2018,Yogurt,415150000.0
NEW YORK,2018,Yogurt,691044000.0
OREGON,2018,Yogurt,41753000.0
TEXAS,2018,Yogurt,31569000.0
CALIFORNIA,2019,Cheese,2542827000.0
IDAHO,2019,Cheese,1008066000.0
ILLINOIS,2019,Cheese,80444000.0
IOWA,2019,Cheese,333932000.0
MINNESOTA,2019,Cheese,730412000.0
NEW JERSEY,2019,Cheese,57805000.0
NEW MEXICO,2019,Cheese,956501000.0
NEW YORK,2019,Cheese,831951000.0
OHIO,2019,Cheese,226811000.0
OREGON,2019,Cheese,211143000.0
PENNSYLVANIA,2019,Cheese,432187000.0
SOUTH DAKOTA,2019,Cheese,347675000.0
VERMONT,2019,Cheese,145151000.0
WISCONSIN,2019,Cheese,3362487000.0
HAWAII,2019,Coffee,27270000.0
ALABAMA,2019,Honey,294000.0
ARIZONA,2019,Honey,1058000.0
ARKANSAS,2019,Honey,1100000.0
CALIFORNIA,2019,Honey,16080000.0
COLORADO,2019,Honey,1472000.0
FLORIDA,2019,Honey,9225000.0
GEORGIA,2019,Honey,3366000.0
HAWAII,2019,Honey,1280000.0
IDAHO,2019,Honey,2944000.0
ILLINOIS,2019,Honey,429000.0
INDIANA,2019,Honey,495000.0
IOWA,2019,Honey,2090000.0
KANSAS,2019,Honey,553000.0
KENTUCKY,2019,Honey,246000.0
LOUISIANA,2019,Honey,3888000.0
MAINE,2019,Honey,525000.0
MICHIGAN,2019,Honey,4700000.0
MINNESOTA,2019,Honey,6962000.0
MISSISSIPPI,2019,Honey,1760000.0
MISSOURI,2019,Honey,430000.0
MONTANA,2019,Honey,14878000.0
NEBRASKA,2019,Honey,2028000.0
NEW JERSEY,2019,Honey,420000.0
NEW YORK,2019,Honey,3422000.0
NORTH CAROLINA,2019,Honey,588000.0
NORTH DAKOTA,2019,Honey,33800000.0
OHIO,2019,Honey,1005000.0
OREGON,2019,Honey,2784000.0
PENNSYLVANIA,2019,Honey,950000.0
SOUTH CAROLINA,2019,Honey,752000.0
SOUTH DAKOTA,2019,Honey,19440000.0
TENNESSEE,2019,Honey,456000.0
TEXAS,2019,Honey,7560000.0
UTAH,2019,Honey,638000.0
VERMONT,2019,Honey,288000.0
VIRGINIA,2019,Honey,195000.0
WASHINGTON,2019,Honey,2835000.0
WEST VIRGINIA,2019,Honey,222000.0
WISCONSIN,2019,Honey,2162000.0
WYOMING,2019,Honey,2184000.0
ALABAMA,2019,Milk,60000000.0
ARIZONA,2019,Milk,4771000000.0
ARKANSAS,2019,Milk,67000000.0
CALIFORNIA,2019,Milk,40605000000.0
COLORADO,2019,Milk,4807000000.0
CONNECTICUT,2019,Milk,428000000.0
DELAWARE,2019,Milk,73700000.0
FLORIDA,2019,Milk,2346000000.0
GEORGIA,2019,Milk,1771000000.0
IDAHO,2019,Milk,15635000000.0
ILLINOIS,2019,Milk,1748000000.0
INDIANA,2019,Milk,4076000000.0
IOWA,2019,Milk,5291000000.0
KANSAS,2019,Milk,3818000000.0
KENTUCKY,2019,Milk,942000000.0
LOUISIANA,2019,Milk,136000000.0
MAINE,2019,Milk,621000000.0
MARYLAND,2019,Milk,840000000.0
MASSACHUSETTS,2019,Milk,193000000.0
MICHIGAN,2019,Milk,11383000000.0
MINNESOTA,2019,Milk,9922000000.0
MISSISSIPPI,2019,Milk,126000000.0
MISSOURI,2019,Milk,1101000000.0
MONTANA,2019,Milk,259000000.0
NEBRASKA,2019,Milk,1409000000.0
NEVADA,2019,Milk,765000000.0
NEW HAMPSHIRE,2019,Milk,239000000.0
NEW JERSEY,2019,Milk,100000000.0
NEW MEXICO,2019,Milk,8187000000.0
NEW YORK,2019,Milk,15122000000.0
NORTH CAROLINA,2019,Milk,902000000.0
NORTH DAKOTA,2019,Milk,326000000.0
OHIO,2019,Milk,5425000000.0
OKLAHOMA,2019,Milk,723000000.0
OREGON,2019,Milk,2633000000.0
PENNSYLVANIA,2019,Milk,10105000000.0
RHODE ISLAND,2019,Milk,10600000.0
SOUTH CAROLINA,2019,Milk,207000000.0
SOUTH DAKOTA,2019,Milk,2810000000.0
TENNESSEE,2019,Milk,551000000.0
TEXAS,2019,Milk,13850000000.0
UTAH,2019,Milk,2260000000.0
VERMONT,2019,Milk,2697000000.0
VIRGINIA,2019,Milk,1490000000.0
WASHINGTON,2019,Milk,6783000000.0
WEST VIRGINIA,2019,Milk,90000000.0
WISCONSIN,2019,Milk,30588000000.0
WYOMING,2019,Milk,146600000.0
CALIFORNIA,2019,Yogurt,373760000.0
NEW YORK,2019,Yogurt,679190000.0
TEXAS,2019,Yogurt,37769000.0
CALIFORNIA,2020,Cheese,2434870000.0
IDAHO,2020,Cheese,1014224000.0
ILLINOIS,2020,Cheese,62355000.0
IOWA,2020,Cheese,355222000.0
MINNESOTA,2020,Cheese,741743000.0
NEW JERSEY,2020,Cheese,61189000.0
NEW MEXICO,2020,Cheese,962449000.0
NEW YORK,2020,Cheese,858884000.0
OHIO,2020,Cheese,245118000.0
PENNSYLVANIA,2020,Cheese,435837000.0
VERMONT,2020,Cheese,144462000.0
WISCONSIN,2020,Cheese,3389620000.0
HAWAII,2020,Coffee,25272000.0
ALABAMA,2020,Honey,273000.0
ARIZONA,2020,Honey,900000.0
ARKANSAS,2020,Honey,980000.0
CALIFORNIA,2020,Honey,13760000.0
COLORADO,2020,Honey,1230000.0
FLORIDA,2020,Honey,8832000.0
GEORGIA,2020,Honey,3434000.0
HAWAII,2020,Honey,1575000.0
IDAHO,2020,Honey,3745000.0
ILLINOIS,2020,Honey,520000.0
INDIANA,2020,Honey,495000.0
IOWA,2020,Honey,2030000.0
KANSAS,2020,Honey,496000.0
KENTUCKY,2020,Honey,231000.0
LOUISIANA,2020,Honey,2277000.0
MAINE,2020,Honey,300000.0
MICHIGAN,2020,Honey,4465000.0
MINNESOTA,2020,Honey,5940000.0
MISSISSIPPI,2020,Honey,1825000.0
MISSOURI,2020,Honey,369000.0
MONTANA,2020,Honey,8910000.0
NEBRASKA,2020,Honey,1924000.0
NEW JERSEY,2020,Honey,434000.0
NEW YORK,2020,Honey,3248000.0
NORTH CAROLINA,2020,Honey,456000.0
NORTH DAKOTA,2020,Honey,38610000.0
OHIO,2020,Honey,1200000.0
OREGON,2020,Honey,2755000.0
PENNSYLVANIA,2020,Honey,912000.0
SOUTH CAROLINA,2020,Honey,736000.0
SOUTH DAKOTA,2020,Honey,14945000.0
TENNESSEE,2020,Honey,357000.0
TEXAS,2020,Honey,8949000.0
UTAH,2020,Honey,952000.0
VERMONT,2020,Honey,282000.0
VIRGINIA,2020,Honey,200000.0
WASHINGTON,2020,Honey,3626000.0
WEST VIRGINIA,2020,Honey,276000.0
WISCONSIN,2020,Honey,2250000.0
WYOMING,2020,Honey,1520000.0
ALABAMA,2020,Milk,44000000.0
ARIZONA,2020,Milk,4889000000.0
ARKANSAS,2020,Milk,64000000.0
CALIFORNIA,2020,Milk,41311000000.0
COLORADO,2020,Milk,5150000000.0
CONNECTICUT,2020,Milk,438000000.0
DELAWARE,2020,Milk,70500000.0
FLORIDA,2020,Milk,2286000000.0
GEORGIA,2020,Milk,1770000000.0
IDAHO,2020,Milk,16240000000.0
ILLINOIS,2020,Milk,1791000000.0
INDIANA,2020,Milk,4334000000.0
IOWA,2020,Milk,5374000000.0
KANSAS,2020,Milk,4026000000.0
KENTUCKY,2020,Milk,939000000.0
LOUISIANA,2020,Milk,134000000.0
MAINE,2020,Milk,591000000.0
MARYLAND,2020,Milk,881000000.0
MASSACHUSETTS,2020,Milk,200000000.0
MICHIGAN,2020,Milk,11667000000.0
MINNESOTA,2020,Milk,10166000000.0
MISSISSIPPI,2020,Milk,131000000.0
MISSOURI,2020,Milk,1087000000.0
MONTANA,2020,Milk,254000000.0
NEBRASKA,2020,Milk,1460000000.0
NEVADA,2020,Milk,785000000.0
NEW HAMPSHIRE,2020,Milk,236000000.0
NEW JERSEY,2020,Milk,101000000.0
NEW MEXICO,2020,Milk,8169000000.0
NEW YORK,2020,Milk,15296000000.0
NORTH CAROLINA,2020,Milk,895000000.0
NORTH DAKOTA,2020,Milk,328000000.0
OHIO,2020,Milk,5609000000.0
OKLAHOMA,2020,Milk,731000000.0
OREGON,2020,Milk,2637000000.0
PENNSYLVANIA,2020,Milk,10279000000.0
RHODE ISLAND,2020,Milk,10900000.0
SOUTH CAROLINA,2020,Milk,187000000.0
SOUTH DAKOTA,2020,Milk,3120000000.0
TENNESSEE,2020,Milk,542000000.0
TEXAS,2020,Milk,14855000000.0
UTAH,2020,Milk,2230000000.0
VERMONT,2020,Milk,2603000000.0
VIRGINIA,2020,Milk,1522000000.0
WASHINGTON,2020,Milk,6817000000.0
WEST VIRGINIA,2020,Milk,89000000.0
WISCONSIN,2020,Milk,30749000000.0
WYOMING,2020,Milk,188800000.0
CALIFORNIA,2020,Yogurt,354906000.0
NEW YORK,2020,Yogurt,722922000.0
CALIFORNIA,2021,Cheese,2438397000.0
IDAHO,2021,Cheese,1004673000.0
ILLINOIS,2021,Cheese,65211000.0
IOWA,2021,Cheese,343703000.0
MINNESOTA,2021,Cheese,772106000.0
NEW JERSEY,2021,Cheese,60884000.0
NEW MEXICO,2021,Cheese,957829000.0
NEW YORK,2021,Cheese,846161000.0
OHIO,2021,Cheese,249341000.0
PENNSYLVANIA,2021,Cheese,427990000.0
SOUTH DAKOTA,2021,Cheese,518901000.0
VERMONT,2021,Cheese,143420000.0
WISCONSIN,2021,Cheese,3492789000.0
HAWAII,2021,Coffee,29230000.0
ALABAMA,2021,Honey,320000.0
ARIZONA,2021,Honey,1040000.0
ARKANSAS,2021,Honey,850000.0
CALIFORNIA,2021,Honey,9570000.0
COLORADO,2021,Honey,1160000.0
FLORIDA,2021,Honey,8492000.0
GEORGIA,2021,Honey,3264000.0
HAWAII,2021,Honey,1860000.0
IDAHO,2021,Honey,3000000.0
ILLINOIS,2021,Honey,460000.0
INDIANA,2021,Honey,520000.0
IOWA,2021,Honey,2090000.0
KANSAS,2021,Honey,294000.0
KENTUCKY,2021,Honey,259000.0
LOUISIANA,2021,Honey,2146000.0
MAINE,2021,Honey,374000.0
MICHIGAN,2021,Honey,5100000.0
MINNESOTA,2021,Honey,7125000.0
MISSISSIPPI,2021,Honey,1775000.0
MISSOURI,2021,Honey,280000.0
MONTANA,2021,Honey,6669000.0
NEBRASKA,2021,Honey,1786000.0
NEW JERSEY,2021,Honey,525000.0
NEW YORK,2021,Honey,3021000.0
NORTH CAROLINA,2021,Honey,507000.0
NORTH DAKOTA,2021,Honey,28325000.0
OHIO,2021,Honey,1024000.0
OREGON,2021,Honey,2666000.0
PENNSYLVANIA,2021,Honey,840000.0
SOUTH CAROLINA,2021,Honey,630000.0
SOUTH DAKOTA,2021,Honey,12250000.0
TENNESSEE,2021,Honey,448000.0
TEXAS,2021,Honey,7672000.0
UTAH,2021,Honey,1023000.0
VERMONT,2021,Honey,282000.0
VIRGINIA,2021,Honey,240000.0
WASHINGTON,2021,Honey,3072000.0
WEST VIRGINIA,2021,Honey,258000.0
WISCONSIN,2021,Honey,1974000.0
WYOMING,2021,Honey,2204000.0
ALABAMA,2021,Milk,39000000.0
ARIZONA,2021,Milk,4818000000.0
ARKANSAS,2021,Milk,61000000.0
CALIFORNIA,2021,Milk,41861000000.0
COLORADO,2021,Milk,5275000000.0
CONNECTICUT,2021,Milk,435000000.0
DELAWARE,2021,Milk,52000000.0
FLORIDA,2021,Milk,2170000000.0
GEORGIA,2021,Milk,1798000000.0
IDAHO,2021,Milk,16412000000.0
ILLINOIS,2021,Milk,1771000000.0
INDIANA,2021,Milk,4539000000.0
IOWA,2021,Milk,5538000000.0
KANSAS,2021,Milk,4099000000.0
KENTUCKY,2021,Milk,908000000.0
LOUISIANA,2021,Milk,126000000.0
MAINE,2021,Milk,571000000.0
MARYLAND,2021,Milk,876000000.0
MASSACHUSETTS,2021,Milk,195000000.0
MICHIGAN,2021,Milk,11911000000.0
MINNESOTA,2021,Milk,10537000000.0
MISSISSIPPI,2021,Milk,106000000.0
MISSOURI,2021,Milk,1010000000.0
MONTANA,2021,Milk,243000000.0
NEBRASKA,2021,Milk,1424000000.0
NEVADA,2021,Milk,829000000.0
NEW HAMPSHIRE,2021,Milk,227000000.0
NEW JERSEY,2021,Milk,90000000.0
NEW MEXICO,2021,Milk,7781000000.0
NEW YORK,2021,Milk,15540000000.0
NORTH CAROLINA,2021,Milk,917000000.0
NORTH DAKOTA,2021,Milk,335000000.0
OHIO,2021,Milk,5644000000.0
OKLAHOMA,2021,Milk,709000000.0
OREGON,2021,Milk,2622000000.0
PENNSYLVANIA,2021,Milk,10114000000.0
RHODE ISLAND,2021,Milk,10100000.0
SOUTH CAROLINA,2021,Milk,161000000.0
SOUTH DAKOTA,2021,Milk,3602000000.0
TENNESSEE,2021,Milk,508000000.0
TEXAS,2021,Milk,15599000000.0
UTAH,2021,Milk,2224000000.0
VERMONT,2021,Milk,2567000000.0
VIRGINIA,2021,Milk,1471000000.0
WASHINGTON,2021,Milk,6504000000.0
WEST VIRGINIA,2021,Milk,75000000.0
WISCONSIN,2021,Milk,31708000000.0
WYOMING,2021,Milk,220300000.0
CALIFORNIA,2021,Yogurt,374637000.0
NEW YORK,2021,Yogurt,774881000.0
CALIFORNIA,2022,Cheese,2461201000.0
IDAHO,2022,Cheese,989539000.0
ILLINOIS,2022,Cheese,68977000.0
IOWA,2022,Cheese,389996000.0
MINNESOTA,2022,Cheese,811518000.0
NEW JERSEY,2022,Cheese,61779000.0
NEW MEXICO,2022,Cheese,970738000.0
NEW YORK,2022,Cheese,843648000.0
OHIO,2022,Cheese,255338000.0
PENNSYLVANIA,2022,Cheese,450316000.0
SOUTH DAKOTA,2022,Cheese,533229000.0
VERMONT,2022,Cheese,147811000.0
WISCONSIN,2022,Cheese,3520640000.0
HAWAII,2022,Coffee,23625000.0
ALABAMA,2022,Honey,535501.0
ALASKA,2022,Honey,28491.0
ARIZONA,2022,Honey,1525002.0
ARKANSAS,2022,Honey,1029923.0
CALIFORNIA,2022,Honey,28502379.0
COLORADO,2022,Honey,1276922.0
CONNECTICUT,2022,Honey,240332.0
DELAWARE,2022,Honey,14726.0
FLORIDA,2022,Honey,14526000.0
GEORGIA,2022,Honey,4994913.0
HAWAII,2022,Honey,2170545.0
IDAHO,2022,Honey,5762856.0
ILLINOIS,2022,Honey,803845.0
INDIANA,2022,Honey,908140.0
IOWA,2022,Honey,2104054.0
KANSAS,2022,Honey,845894.0
KENTUCKY,2022,Honey,482601.0
LOUISIANA,2022,Honey,3989186.0
MAINE,2022,Honey,292411.0
MARYLAND,2022,Honey,222384.0
MASSACHUSETTS,2022,Honey,495799.0
MICHIGAN,2022,Honey,6168358.0
MINNESOTA,2022,Honey,8865510.0
MISSISSIPPI,2022,Honey,3256416.0
MISSOURI,2022,Honey,720693.0
MONTANA,2022,Honey,8822137.0
NEBRASKA,2022,Honey,2400761.0
NEVADA,2022,Honey,121005.0
NEW HAMPSHIRE,2022,Honey,158122.0
NEW JERSEY,2022,Honey,636431.0
NEW MEXICO,2022,Honey,342073.0
NEW YORK,2022,Honey,2847841.0
NORTH CAROLINA,2022,Honey,1026513.0
NORTH DAKOTA,2022,Honey,40873481.0
OHIO,2022,Honey,1825233.0
OKLAHOMA,2022,Honey,234008.0
OREGON,2022,Honey,4373045.0
PENNSYLVANIA,2022,Honey,1767195.0
RHODE ISLAND,2022,Honey,68208.0
SOUTH CAROLINA,2022,Honey,541974.0
SOUTH DAKOTA,2022,Honey,7799314.0
TENNESSEE,2022,Honey,708241.0
TEXAS,2022,Honey,8497622.0
UTAH,2022,Honey,1027235.0
VERMONT,2022,Honey,565491.0
VIRGINIA,2022,Honey,500797.0
WASHINGTON,2022,Honey,3388225.0
WEST VIRGINIA,2022,Honey,365410.0
WISCONSIN,2022,Honey,2660990.0
WYOMING,2022,Honey,1224763.0
ALABAMA,2022,Milk,32000000.0
ARIZONA,2022,Milk,4772000000.0
ARKANSAS,2022,Milk,45000000.0
CALIFORNIA,2022,Milk,41800000000.0
COLORADO,2022,Milk,5314000000.0
CONNECTICUT,2022,Milk,430000000.0
DELAWARE,2022,Milk,48100000.0
FLORIDA,2022,Milk,1927000000.0
GEORGIA,2022,Milk,2028000000.0
IDAHO,2022,Milk,16628000000.0
ILLINOIS,2022,Milk,1714000000.0
INDIANA,2022,Milk,4371000000.0
IOWA,2022,Milk,5770000000.0
KANSAS,2022,Milk,4142000000.0
KENTUCKY,2022,Milk,926000000.0
LOUISIANA,2022,Milk,112000000.0
MAINE,2022,Milk,554000000.0
MARYLAND,2022,Milk,842000000.0
MASSACHUSETTS,2022,Milk,188000000.0
MICHIGAN,2022,Milk,11737000000.0
MINNESOTA,2022,Milk,10472000000.0
MISSISSIPPI,2022,Milk,90000000.0
MISSOURI,2022,Milk,941000000.0
MONTANA,2022,Milk,223000000.0
NEBRASKA,2022,Milk,1416000000.0
NEVADA,2022,Milk,794000000.0
NEW HAMPSHIRE,2022,Milk,219000000.0
NEW JERSEY,2022,Milk,88000000.0
NEW MEXICO,2022,Milk,7145000000.0
NEW YORK,2022,Milk,15646000000.0
NORTH CAROLINA,2022,Milk,912000000.0
NORTH DAKOTA,2022,Milk,319000000.0
OHIO,2022,Milk,5526000000.0
OKLAHOMA,2022,Milk,716000000.0
OREGON,2022,Milk,2635000000.0
PENNSYLVANIA,2022,Milk,9949000000.0
RHODE ISLAND,2022,Milk,10000000.0
SOUTH CAROLINA,2022,Milk,161000000.0
SOUTH DAKOTA,2022,Milk,4161000000.0
TENNESSEE,2022,Milk,493000000.0
TEXAS,2022,Milk,16531000000.0
UTAH,2022,Milk,2170000000.0
VERMONT,2022,Milk,2554000000.0
VIRGINIA,2022,Milk,1424000000.0
WASHINGTON,2022,Milk,6239000000.0
WEST VIRGINIA,2022,Milk,75000000.0
WISCONSIN,2022,Milk,31882000000.0
WYOMING,2022,Milk,239600000.0
CALIFORNIA,2022,Yogurt,221139000.0
NEW YORK,2022,Yogurt,793256000.0
CALIFORNIA,2023,Cheese,2493238000.0
IDAHO,2023,Cheese,1012143000.0
ILLINOIS,2023,Cheese,70205000.0
IOWA,2023,Cheese,395804000.0
MASSACHUSETTS,2023,Cheese,1111000.0
MINNESOTA,2023,Cheese,819400000.0
NEW JERSEY,2023,Cheese,72042000.0
NEW MEXICO,2023,Cheese,995572000.0
NEW YORK,2023,Cheese,828433000.0
OHIO,2023,Cheese,254705000.0
PENNSYLVANIA,2023,Cheese,521050000.0
VERMONT,2023,Cheese,141930000.0
WISCONSIN,2023,Cheese,3517903000.0
HAWAII,2023,Coffee,23310000.0
ALABAMA,2023,Honey,400000.0
ARIZONA,2023,Honey,1428000.0
ARKANSAS,2023,Honey,874000.0
CALIFORNIA,2023,Honey,13650000.0
COLORADO,2023,Honey,1025000.0
FLORIDA,2023,Honey,4704000.0
GEORGIA,2023,Honey,2541000.0
IDAHO,2023,Honey,2944000.0
ILLINOIS,2023,Honey,441000.0
INDIANA,2023,Honey,477000.0
IOWA,2023,Honey,2640000.0
KANSAS,2023,Honey,260000.0
KENTUCKY,2023,Honey,300000.0
LOUISIANA,2023,Honey,2295000.0
MAINE,2023,Honey,216000.0
MICHIGAN,2023,Honey,3850000.0
MINNESOTA,2023,Honey,6148000.0
MISSISSIPPI,2023,Honey,1050000.0
MISSOURI,2023,Honey,387000.0
MONTANA,2023,Honey,9690000.0
NEBRASKA,2023,Honey,1584000.0
NEW JERSEY,2023,Honey,540000.0
NEW YORK,2023,Honey,2378000.0
NORTH CAROLINA,2023,Honey,484000.0
NORTH DAKOTA,2023,Honey,38250000.0
OHIO,2023,Honey,1300000.0
OREGON,2023,Honey,3330000.0
PENNSYLVANIA,2023,Honey,1100000.0
SOUTH CAROLINA,2023,Honey,572000.0
SOUTH DAKOTA,2023,Honey,18270000.0
TENNESSEE,2023,Honey,480000.0
TEXAS,2023,Honey,3885000.0
UTAH,2023,Honey,1008000.0
VERMONT,2023,Honey,294000.0
VIRGINIA,2023,Honey,195000.0
WASHINGTON,2023,Honey,2241000.0
WEST VIRGINIA,2023,Honey,306000.0
WISCONSIN,2023,Honey,2790000.0
WYOMING,2023,Honey,2106000.0
ALABAMA,2023,Milk,27000000.0
ARIZONA,2023,Milk,4821000000.0
ARKANSAS,2023,Milk,33000000.0
CALIFORNIA,2023,Milk,40900000000.0
COLORADO,2023,Milk,5212000000.0
CONNECTICUT,2023,Milk,427000000.0
DELAWARE,2023,Milk,48100000.0
FLORIDA,2023,Milk,2046000000.0
GEORGIA,2023,Milk,1934000000.0
IDAHO,2023,Milk,16827000000.0
ILLINOIS,2023,Milk,1708000000.0
INDIANA,2023,Milk,4513000000.0
IOWA,2023,Milk,5923000000.0
KANSAS,2023,Milk,4175000000.0
KENTUCKY,2023,Milk,915000000.0
LOUISIANA,2023,Milk,101000000.0
MAINE,2023,Milk,542000000.0
MARYLAND,2023,Milk,846000000.0
MASSACHUSETTS,2023,Milk,180000000.0
MICHIGAN,2023,Milk,12055000000.0
MINNESOTA,2023,Milk,10498000000.0
MISSISSIPPI,2023,Milk,74000000.0
MISSOURI,2023,Milk,867000000.0
MONTANA,2023,Milk,210000000.0
NEBRASKA,2023,Milk,1340000000.0
NEVADA,2023,Milk,761000000.0
NEW HAMPSHIRE,2023,Milk,207000000.0
NEW JERSEY,2023,Milk,86000000.0
NEW MEXICO,2023,Milk,6663000000.0
NEW YORK,2023,Milk,16060000000.0
NORTH CAROLINA,2023,Milk,894000000.0
NORTH DAKOTA,2023,Milk,270000000.0
OHIO,2023,Milk,5658000000.0
OKLAHOMA,2023,Milk,690000000.0
OREGON,2023,Milk,2554000000.0
PENNSYLVANIA,2023,Milk,9859000000.0
RHODE ISLAND,2023,Milk,9600000.0
SOUTH CAROLINA,2023,Milk,148000000.0
SOUTH DAKOTA,2023,Milk,4488000000.0
TENNESSEE,2023,Milk,467000000.0
TEXAS,2023,Milk,16565000000.0
UTAH,2023,Milk,2086000000.0
VERMONT,2023,Milk,2536000000.0
VIRGINIA,2023,Milk,1420000000.0
WASHINGTON,2023,Milk,6227000000.0
WEST VIRGINIA,2023,Milk,67000000.0
WISCONSIN,2023,Milk,32123000000.0
WYOMING,2023,Milk,243900000.0
CALIFORNIA,2023,Yogurt,223178000.0
NEW YORK,2023,Yogurt,891534000.0
